1      -0.758283
2       1.282855
3      -0.307734
4       0.702370
5       0.113196
6      -0.101559
7       0.122883
8      -0.831973
9       0.205355
10      1.014720
11     -0.691935
12     -1.317172
13     -1.805704
14      1.023151
15      0.915192
16     -0.592855
17      0.138986
18     -1.255517
19      0.578812
20      0.035097
21     -0.375457
22      0.667098
23      0.045544
24      0.000781
25      0.803997
26     -0.334097
27     -0.064569
28      0.641784
29      0.029699
30     -0.369898
31      0.409120
32     -2.791047
33      3.462588
34      1.100153
35     -0.173054
36     -0.198702
37      0.245239
38      1.072031
39     -0.147231
40      1.218306
41     -1.249561
42     -0.496574
43     -1.632224
44      0.730105
45     -0.495598
46      0.954173
47     -0.229957
48      0.268452
49      0.503074
50      0.764613
51     -0.126302
52     -3.356397
53      0.391657
54      0.006715
55      0.826938
56      0.289476
57      0.670500
58     -1.643206
59      0.385216
60     -0.273271
61      0.359599
62      0.366561
63      0.781817
64     -0.904737
65     -1.006663
66     -1.597767
67      0.025622
68     -0.488624
69      0.896840
70      1.145203
71     -0.991141
72     -0.416926
73     -1.482494
74      3.120046
75      0.724032
76      0.713575
77     -0.305245
78     -0.032153
79     -1.067006
80     -0.951353
81     -1.894109
82      1.720775
83     -0.424216
84      1.161700
85     -0.888809
86     -0.839733
87     -1.494289
88     -1.047906
89     -0.892031
90     -1.819574
91      1.226213
92     -0.375433
93      0.939797
94      1.136634
95     -0.436809
96      0.648501
97      0.586109
98      0.715009
99      0.811542
100     1.465384
101    -0.437629
102     0.331153
103    -1.060105
104     0.042407
105     0.514730
106    -0.819983
107    -0.798753
108    -1.586849
109     0.607722
110     0.209191
111     0.699416
112    -0.786834
113     1.538050
114     0.744060
115    -0.352184
116     1.564526
117    -0.271422
118    -0.576780
119     0.391838
120     0.859502
121    -0.380333
122     0.806242
123    -0.600147
124     0.032850
125    -2.103461
126    -0.393883
127    -0.422461
128     1.021943
129     0.111440
130     0.774996
131    -0.337044
132    -1.054554
133    -1.471962
134     2.501957
135     1.565127
136     0.397590
137     0.447655
138    -0.166840
139    -0.202350
140    -1.973105
141    -0.696960
142     1.241314
143    -0.278024
144    -0.068750
145    -0.122347
146    -2.154814
147    -0.450398
148    -0.072692
149    -1.940778
150    -0.594706
151     0.829834
152     0.901771
153    -0.054838
154     0.567523
155    -0.428408
156    -0.713980
157    -0.055045
158     0.555192
159    -0.394000
160     0.989588
161    -0.359456
162    -0.338308
163    -1.278481
164     1.354440
165     1.021624
166     0.324544
167    -2.018555
168    -0.327608
169     0.001676
170     0.536478
171    -0.250565
172     0.092005
173     1.420156
174     2.528233
175     0.176637
176     1.631079
177     0.980907
178    -1.422885
179     0.416731
180    -0.101794
181    -0.207012
182     0.668528
183     0.185260
184    -0.543919
185    -1.916840
186    -1.199448
187    -0.719458
188     1.344862
189     0.866573
190    -0.099522
191    -0.055409
192    -1.630326
193     1.467317
194     1.145424
195     0.349869
196     0.777459
197    -0.152550
198     0.051690
199    -0.733239
200    -1.829806
201    -1.453709
202     0.673741
203     0.146821
204     0.575235
205    -1.109509
206    -1.346096
207    -2.189198
208    -1.174976
209    -1.113700
210    -1.654073
211     0.129624
212     1.436417
213     0.623521
214    -0.002696
215     0.389403
216     0.251461
217    -0.084324
218     0.571207
219     0.318722
220     0.616948
221    -0.361294
222    -0.172027
223    -0.680136
224     1.154406
225     1.917056
226    -0.235610
227    -1.796865
228    -1.241422
229     0.098180
230     0.459222
231     0.327805
232     1.328735
233     0.547245
234     2.622940
235     1.273186
236     0.608499
237     0.802074
238    -0.774789
239     0.100526
240     0.647996
241     0.495049
242    -0.240597
243    -1.666924
244    -0.919686
245    -0.950937
246     1.844078
247     0.442516
248     0.512080
249    -1.079374
250    -0.536047
251     0.458715
252     0.326288
253     0.451531
254     2.550207
255     0.995690
256     0.233239
257     0.187942
258    -1.579277
259    -1.102067
260    -0.918943
261     1.537621
262     0.760387
263    -0.158837
264    -1.132957
265    -1.080053
266    -0.780833
267     0.760444
268    -1.097071
269    -0.016449
270     1.736283
271     0.789697
272     0.684795
273    -0.587951
274     0.037500
275    -0.289022
276    -1.395588
277    -0.194571
278    -0.033110
279    -1.167491
280    -0.121132
281    -0.160783
282    -1.454579
283     0.888772
284     0.537891
285    -0.440973
286    -0.784067
287    -1.801974
288     0.799117
289    -0.332159
290     0.108669
291    -0.634141
292     1.282172
293     0.382769
294     2.238506
295     0.775362
296     1.071691
297     2.092699
298     0.010628
299    -1.143275
300    -1.191471
301    -0.283558
302     0.100437
303    -1.029668
304    -0.924255
305    -0.620871
306    -0.259781
307    -0.402207
308     0.798936
309    -1.413722
310     0.428084
311    -0.817676
312     0.123546
313     0.595962
314     1.464931
315    -1.303454
316     0.658196
317    -0.790981
318    -0.528119
319    -1.024887
320    -0.780001
321    -0.327735
322    -0.000225
323    -0.024917
324    -0.600323
325    -1.081220
326    -0.739235
327    -0.319622
328    -1.118419
329    -0.052822
330     0.112348
331    -0.072494
332     0.692878
333    -0.805219
334    -0.430948
335     0.034411
336    -0.199711
337     1.246515
338     0.912469
339     2.205645
340     0.427867
341    -1.014958
342    -0.230375
343     0.077347
344     0.480191
345    -1.318797
346    -1.323497
347    -0.567862
348    -0.265684
349     0.941516
350     0.931714
351     2.442060
352     2.009042
353     0.160237
354     3.866960
355     1.149481
356    -0.262528
357     1.154867
358    -0.872303
359     0.095648
360    -1.303216
361     0.135021
362    -0.266607
363    -0.712091
364    -1.872296
365    -0.443929
366    -0.213473
367     0.736529
368    -0.008880
369    -1.815259
370    -0.169613
371    -0.980968
372    -0.515504
373    -0.143904
374     2.434470
375    -1.829083
376     0.309755
377    -0.613220
378    -0.384168
379    -0.261857
380    -0.681368
381     1.281359
382     0.506730
383    -0.441843
384    -0.137904
385    -2.143445
386    -0.338661
387    -0.096686
388    -2.343658
389     0.336740
390    -0.081512
391     0.585779
392     1.091888
393     0.143073
394    -0.453076
395    -0.465860
396    -0.106066
397     1.266067
398     0.493416
399     0.355606
400     0.912166
401    -1.000816
402     0.819622
403    -0.519211
404     1.407141
405    -0.933763
406    -1.788141
407    -0.138513
408     0.715733
409     0.931615
410     0.697621
411     0.204145
412     1.747870
413     0.169110
414     2.148152
415     2.010873
416    -1.049850
417     1.516094
418     0.552798
419    -0.199871
420    -0.358273
421    -0.773865
422     0.466110
423    -0.180560
424    -1.897291
425     0.216482
426    -0.287143
427    -1.052992
428     0.982872
429    -0.873799
430    -0.219044
431    -0.884755
432     0.224199
433     0.882052
434     0.839470
435    -0.792807
436     0.681528
437    -0.703048
438     0.466943
439    -0.799911
440    -0.634396
441    -0.200444
442     1.322540
443    -0.830316
444     0.041800
445    -2.097831
446     0.381356
447    -0.151069
448    -2.246716
449     0.539966
450    -0.598175
451     0.870685
452     0.060071
453     0.247279
454    -1.303113
455     0.365686
456    -0.267159
457     1.909577
458    -0.057446
459     0.857995
460     1.449888
461    -1.076512
462     0.822233
463     1.119501
464     0.628301
465    -0.572817
466    -2.305689
467     0.355055
468    -0.671403
469     1.313788
470     0.049042
471     0.751416
472     2.023260
473    -0.554187
474     1.118130
475     2.438294
476    -1.239019
477     0.383371
478    -1.314662
479     1.095269
480    -0.317989
481    -0.081251
482     0.027420
483    -0.600540
484    -1.046052
485    -0.032930
486     0.848037
487    -0.219275
488     0.830489
489     0.096163
490     0.833956
491    -1.210590
492    -1.286137
493    -0.696690
494     1.613890
495    -0.484590
496     1.731743
497    -1.116730
498    -0.721500
499     1.050054
500    -0.944800
501    -0.785420
502     1.369006
503    -1.253659
504    -0.987029
505    -1.732796
506     0.301173
507     1.360285
508    -1.801809
509     0.387331
510     0.610674
511    -1.034219
512     1.165560
513    -0.237407
514    -0.462138
515     0.019493
516     0.592278
517     1.491461
518    -0.091346
519    -0.184994
520     1.511144
521    -1.371939
522    -0.534496
523    -0.344983
524     1.280117
525    -0.247708
526    -2.218228
527     0.339705
528     0.827817
529     1.234123
530    -0.137519
531    -0.249540
532     0.446458
533     0.247274
534     1.588263
535     1.738378
536    -1.267709
537    -0.596479
538    -1.768880
539     1.214768
540     0.992321
541     0.294309
542    -1.689858
543    -1.063138
544    -0.161291
545    -1.876217
546    -0.617571
547    -0.556995
548     0.558267
549    -1.706478
550    -0.144203
551    -1.047909
552     0.711345
553     0.619702
554     1.624771
555    -0.154208
556     1.143644
557    -1.180977
558    -0.023597
559    -0.686694
560     0.114477
561     0.710469
562     0.098110
563    -0.689753
564     0.049352
565    -0.415902
566    -0.336923
567    -0.847217
568    -0.184769
569    -0.932757
570    -0.576707
571    -1.074348
572     0.713870
573    -0.412344
574     0.728501
575    -1.881682
576    -0.405180
577     0.053650
578     2.001788
579     1.213668
580    -0.177647
581    -0.508462
582    -0.163031
583     0.257769
584     1.011477
585    -0.103855
586    -0.282573
587    -0.693686
588    -0.483020
589    -0.331940
590     1.940827
591     1.730189
592     1.005766
593    -0.985396
594     2.835767
595    -0.015751
596     2.707093
597    -0.256497
598    -0.169338
599     1.151051
600    -0.437946
601     0.024757
602    -1.554529
603    -0.440156
604    -0.680951
605    -1.425727
606    -0.492555
607    -0.604495
608     0.254648
609    -0.138996
610     0.081917
611    -1.353041
612     0.039218
613     0.894844
614     1.066411
615    -0.455824
616     0.501171
617    -0.241356
618    -0.317418
619    -0.412589
620    -0.186045
621    -0.147011
622     0.060571
623    -0.632463
624    -0.382442
625    -0.621218
626    -0.318634
627     0.188553
628    -0.644590
629    -0.580097
630    -0.250282
631    -0.520226
632    -0.094758
633    -0.607114
634     0.046145
635    -0.944624
636    -0.645501
637     0.393728
638     1.558710
639     0.181047
640    -0.009318
641    -0.844376
642    -0.203467
643     0.185874
644     0.869398
645    -0.308152
646     0.185629
647    -1.418491
648    -1.300159
649     0.169842
650     1.597426
651     0.027341
652    -0.227107
653     2.713328
654     5.203958
655     0.865688
656     1.309571
657     0.445197
658     0.310328
659     0.224650
660    -0.396236
661     1.029722
662     0.251567
663    -0.430312
664    -0.830682
665    -0.353106
666    -0.818564
667     0.411710
668     0.180785
669     2.852672
670    -0.149248
671    -0.747674
672    -0.507567
673     1.054207
674     1.889796
675    -0.126810
676     0.504934
677     0.714110
678    -0.455414
679    -1.034695
680    -0.193429
681    -0.257759
682     0.323769
683     0.295462
684    -0.101092
685    -1.419869
686    -0.207835
687    -0.330961
688    -1.251459
689    -0.872529
690     0.377222
691    -1.091762
692    -1.105853
693     0.115405
694     0.966596
695     0.402007
696     0.057512
697     0.311712
698     0.933274
699     1.630106
700    -0.012992
701    -0.003562
702    -0.426286
703     0.414983
704     2.453941
705    -0.221795
706    -0.593813
707    -2.802085
708    -1.382653
709    -0.500025
710     0.392977
711     0.642592
712     1.251658
713    -2.802793
714    -1.070833
715     0.199070
716     0.214660
717     0.809131
718     0.416184
719     1.360289
720    -0.354595
721     1.045282
722    -0.524669
723     0.236336
724    -1.322237
725     0.252597
726     0.300215
727     0.211928
728     2.148318
729     2.074845
730    -0.574944
731    -0.687826
732     0.459428
733     0.884027
734     1.318157
735     0.654733
736     0.656048
737    -0.262685
738     0.460035
739    -0.630433
740     0.673238
741    -2.235718
742     0.351822
743     0.033399
744    -0.039677
745    -1.309024
746     0.529549
747    -1.439447
748    -0.700075
749    -1.291001
750    -1.155802
751    -0.768867
752    -0.854181
753    -1.222269
754     0.741968
755     0.358217
756     0.395052
757     0.622988
758     0.690663
759     0.748644
760    -0.201697
761    -0.071056
762     0.468644
763     0.631245
764     1.269946
765     1.794173
766    -1.074954
767    -1.887269
768    -1.334447
769    -0.642497
770     0.149673
771     0.590656
772     1.050789
773    -2.172936
774    -1.937527
775     0.595480
776    -0.186955
777    -0.441357
778     0.433151
779     0.514819
780     1.623483
781     1.116564
782    -0.395349
783     0.859696
784    -1.496637
785     0.513887
786    -1.546889
787    -0.526811
788     1.703023
789    -0.249051
790    -0.659306
791    -0.773970
792     0.598693
793     0.233480
794     0.871641
795    -0.219035
796     0.254574
797    -0.711698
798     0.572738
799     0.360305
800     1.780122
801    -1.922019
802     0.373302
803    -0.677232
804     1.044037
805     0.095922
806     2.386819
807    -2.212295
808    -0.460594
809    -0.462107
810    -1.387005
811    -0.238073
812     0.298614
813    -1.091018
814     1.143565
815     0.317147
816     1.457463
817    -0.144421
818    -0.680559
819     0.774433
820    -0.068174
821     0.074473
822     0.712357
823     0.175597
824     0.280683
825     1.842720
826    -0.959728
827    -1.485616
828    -0.880471
829    -0.336026
830     0.021987
831     1.041891
832     1.029490
833    -2.264772
834    -0.608847
835    -0.249948
836    -1.266670
837    -0.535675
838     0.356920
839     0.469576
840     1.748276
841     0.438153
842    -0.670553
843     0.353156
844    -1.110583
845     0.702536
846    -1.020738
847     0.027465
848    -0.487882
849    -1.158219
850    -0.565449
851    -0.297389
852     0.416784
853    -0.139041
854     0.547980
855    -0.567924
856    -0.008845
857    -0.600215
858     0.462365
859     0.228126
860     3.371610
861    -1.333204
862     0.019531
863    -0.424751
864     0.744685
865     0.011402
866     3.305373
867    -1.172157
868    -0.556421
869     0.943763
870    -1.280369
871    -0.207144
872    -0.458438
873    -0.965183
874     0.313752
875     1.053470
876     0.818830
877     1.394502
878    -2.405669
879     1.281817
880    -0.240302
881     0.228258
882     0.735665
883     0.255516
884    -0.915194
885     0.970448
886    -0.812962
887    -0.490711
888    -0.569151
889    -0.385257
890     0.716203
891     0.783367
892     0.445109
893    -1.455161
894    -0.327520
895     0.596321
896    -2.064172
897     0.610802
898     0.296127
899    -0.599060
900     1.216546
901     0.734347
902     0.264488
903     0.786015
904    -0.339905
905     1.380767
906    -1.427856
907    -0.222951
908     0.627860
909    -0.336527
910     0.244083
911     0.397994
912     0.305985
913    -0.701400
914     0.133604
915    -0.835105
916     0.685304
917     0.418191
918     0.762309
919    -0.469071
920     0.998240
921    -1.702775
922     0.786280
923     0.441973
924     0.899874
925    -0.390992
926     1.602378
927    -1.861193
928    -0.540886
929     1.096504
930    -1.714663
931    -0.104843
932     0.159770
933    -0.951292
934     0.255724
935     0.735901
936     0.480407
937     0.191956
938    -3.722694
939     1.779081
940     0.337769
941     0.724192
942     0.535362
943     0.127732
944    -0.585764
945     1.177894
946     0.457883
947     0.840603
948    -0.229430
949    -0.569437
950    -0.523745
951     0.187920
952    -0.339675
953    -1.793735
954    -0.125401
955    -0.508149
956    -2.860853
957     1.024331
958     0.366232
959    -0.335673
960     1.245066
961     0.545448
962     0.938932
963     0.314046
964    -0.079796
965     1.255347
966    -1.423558
967    -0.430694
968     1.738179
969    -1.069175
970    -0.255980
971    -0.237700
972     0.167838
973    -0.328804
974     0.830556
975    -1.123403
976     0.563366
977     0.287931
978     0.820781
979     0.189593
980     0.720648
981    -1.358492
982     0.495131
983     0.087630
984     1.028598
985     0.156162
986     0.995379
987    -1.259500
988    -0.208722
989     0.734474
990    -1.640545
991    -0.151760
992    -0.357628
993    -1.116165
994     0.583071
995     0.271311
996     1.231123
997     0.198990
998    -2.230130
999     1.883545
1000    -0.607284
1001     0.185984
1002     0.273249
1003     0.412842
1004    -0.129659
1005     1.336775
1006    -0.303535
1007     0.742588
1008    -1.026159
1009     0.433850
1010    -0.413514
1011     1.387058
1012    -0.214717
1013    -1.612106
1014    -0.417268
1015    -1.606453
1016    -3.722543
1017     0.548442
1018     0.609293
1019    -0.085676
1020     1.442808
1021     0.457226
1022     1.002317
1023     0.250848
1024     0.018968
1025     1.870039
1026     0.026423
1027    -0.621562
1028     3.121837
1029    -2.027401
1030    -0.272034
1031    -0.435496
1032     0.094926
1033    -0.058500
1034     1.440733
1035     0.053420
1036    -0.285952
1037    -0.191863
1038    -0.043268
1039     0.495646
1040     1.037041
1041     0.144320
1042     0.008323
1043    -0.205568
1044     0.167478
1045    -0.523315
1046     0.753267
1047    -0.425578
1048    -0.557845
1049     0.678721
1050    -0.413985
1051     0.041217
1052    -0.569693
1053    -0.540303
1054     0.644643
1055     0.348857
1056     0.718518
1057     1.532975
1058    -2.155011
1059     1.266262
1060    -0.195895
1061     0.780347
1062     0.164630
1063     0.317882
1064    -0.274815
1065     0.539167
1066    -0.554812
1067     0.668439
1068    -0.254025
1069    -0.219517
1070    -1.022819
1071     0.553152
1072     0.307670
1073    -2.475558
1074    -0.211615
1075    -0.691204
1076    -3.928665
1077    -0.494687
1078     0.156085
1079    -0.442111
1080     0.431717
1081    -0.812213
1082    -0.923819
1083    -1.263454
1084    -0.833227
1085    -0.992507
1086    -0.510194
1087     1.277104
1088     1.965738
1089    -0.063465
1090    -0.083065
1091    -0.185046
1092     0.014448
1093    -0.846836
1094    -1.958924
1095    -0.439124
1096    -0.016189
1097    -0.478644
1098    -0.226224
1099    -0.240939
1100    -0.835460
1101    -1.029389
1102     0.033215
1103    -0.286764
1104    -0.206914
1105     0.425226
1106    -0.317599
1107     0.236650
1108     0.117288
1109     0.157952
1110    -0.137746
1111     0.761917
1112     2.105299
1113    -0.182262
1114    -0.822743
1115    -1.586502
1116    -0.725866
1117     0.397452
1118     2.773999
1119     1.557974
1120    -0.199295
1121    -0.123777
1122    -0.349302
1123     0.898049
1124    -1.571323
1125     0.657359
1126    -0.443479
1127     0.448246
1128    -0.516263
1129    -0.434409
1130     2.364490
1131     1.168208
1132     0.707532
1133     1.846443
1134     0.819898
1135    -0.318895
1136    -0.998408
1137     0.937984
1138     0.433507
1139    -1.403392
1140     0.257681
1141    -0.357591
1142    -0.172359
1143    -1.371978
1144    -0.224084
1145     0.501818
1146    -1.116415
1147     0.021606
1148    -0.470433
1149     1.326392
1150    -0.145741
1151     0.507405
1152    -0.977755
1153    -0.265584
1154    -1.932009
1155     1.186205
1156    -0.321477
1157     0.365724
1158    -1.651534
1159     0.250738
1160     0.338328
1161    -1.017275
1162     0.307837
1163     0.553283
1164    -0.782824
1165     0.013792
1166     0.006777
1167    -1.111317
1168    -0.206925
1169     0.384753
1170    -1.223988
1171    -0.272337
1172    -0.351902
1173     1.112124
1174     0.258232
1175     0.718033
1176    -0.945256
1177    -0.530909
1178     0.452104
1179     1.805351
1180    -0.098599
1181     0.052870
1182    -0.901805
1183     0.155179
1184    -2.276663
1185     0.761085
1186    -0.311886
1187     0.794495
1188    -1.295010
1189    -0.836162
1190     0.434189
1191     1.395340
1192     1.373434
1193     1.107302
1194     2.446518
1195     1.471068
1196     0.985430
1197     2.281551
1198    -0.280590
1199    -1.999144
1200     0.080592
1201     1.194276
1202     0.543889
1203     0.399260
1204     1.248174
1205     0.378297
1206     0.184273
1207    -1.157990
1208    -1.265118
1209    -0.186822
1210    -0.318607
1211     1.784743
1212    -0.607221
1213    -1.458196
1214    -1.073377
1215    -0.170210
1216     1.432638
1217     0.471084
1218     0.246198
1219     1.686153
1220     0.789293
1221     0.534321
1222     1.418473
1223     0.634772
1224     0.259906
1225     1.425409
1226     0.366151
1227     0.308083
1228     0.051782
1229     1.944076
1230    -0.317880
1231    -1.447313
1232    -1.371225
1233    -0.481218
1234     1.234755
1235     0.653846
1236    -0.127867
1237    -1.883025
1238    -0.530923
1239    -0.044944
1240     1.341035
1241     0.518366
1242     0.440186
1243    -1.784071
1244    -1.722463
1245    -0.853993
1246     1.455922
1247     0.613315
1248     0.526080
1249    -1.685494
1250    -0.799657
1251     0.007378
1252    -1.405776
1253     0.062091
1254     0.021847
1255    -1.520580
1256    -0.316383
1257    -0.260762
1258     0.172434
1259    -1.680779
1260     0.123385
1261     0.997500
1262     0.510265
1263     0.175323
1264     2.323412
1265     0.919031
1266     0.245202
1267    -1.772444
1268    -1.106350
1269    -0.631945
1270    -0.346167
1271     0.709734
1272     0.287391
1273    -1.252828
1274    -0.930858
1275    -0.301856
1276     0.601481
1277     0.454884
1278    -0.377470
1279     1.262360
1280     1.066712
1281    -0.042754
1282     0.958150
1283     0.615116
1284    -0.011140
1285     2.129488
1286     0.912352
1287     0.041422
1288    -0.327263
1289     1.264986
1290    -0.170335
1291    -1.616021
1292    -1.106180
1293    -0.800631
1294     1.683837
1295     0.510884
1296     0.240117
1297    -1.579023
1298    -0.509426
1299     0.018589
1300     1.015068
1301     0.475093
1302     0.096408
1303    -0.859943
1304    -0.545070
1305    -1.654041
1306     0.909831
1307     0.466433
1308     0.339510
1309    -1.266864
1310    -0.579133
1311    -0.038749
1312    -1.827689
1313    -1.148028
1314     1.740473
1315    -1.442779
1316    -1.313531
1317     1.648843
1318     0.409892
1319    -0.666913
1320    -0.804357
1321     0.376282
1322     0.728253
1323    -0.254617
1324    -0.757465
1325     0.706037
1326    -0.544106
1327     0.191445
1328     0.030970
1329     0.385678
1330     0.024578
1331     0.408106
1332     0.150479
1333     0.026862
1334     0.332903
1335     0.212110
1336     0.886278
1337     0.843437
1338    -0.477295
1339     0.224353
1340     0.332475
1341    -0.510412
1342     0.501831
1343     0.239004
1344    -0.346105
1345    -0.552193
1346     0.576248
1347    -0.678269
1348     0.165832
1349     0.056995
1350    -0.191603
1351     0.155648
1352     0.039222
1353     0.064921
1354    -0.083542
1355     0.501062
1356    -0.427914
1357    -0.468004
1358     0.381940
1359     0.366333
1360     0.498543
1361     0.709203
1362    -0.295632
1363     0.123689
1364    -0.006359
1365    -1.501260
1366     0.417631
1367     0.676225
1368     0.044564
1369    -0.132421
1370     0.325638
1371     0.341644
1372    -1.509956
1373    -4.191704
1374     2.001469
1375    -1.545729
1376    -4.126483
1377     1.673280
1378     1.456338
1379     1.436828
1380    -0.013265
1381    -0.079333
1382     0.666577
1383    -0.656879
1384    -0.681338
1385     0.432999
1386    -0.591936
1387     1.564577
1388     1.998146
1389    -1.311673
1390    -0.544077
1391     0.112627
1392     0.167105
1393    -0.202259
1394    -0.205631
1395     0.287670
1396    -0.650476
1397     0.651193
1398    -0.338279
1399    -0.643378
1400     0.443566
1401    -0.417380
1402    -0.690107
1403     0.685208
1404    -0.538669
1405    -0.555642
1406     0.340073
1407    -0.618788
1408    -0.602254
1409    -0.242666
1410     0.194953
1411    -0.046806
1412    -0.151980
1413    -0.021385
1414    -0.549386
1415    -0.229084
1416     0.278851
1417     0.507927
1418    -0.581325
1419     0.658487
1420    -0.659069
1421    -0.065857
1422     0.448418
1423     0.745855
1424    -0.127185
1425    -1.184304
1426     0.055391
1427     1.105473
1428    -0.834783
1429     0.639321
1430    -0.495463
1431     0.453010
1432     0.772294
1433    -3.142278
1434     2.243203
1435     1.366817
1436    -3.190345
1437     2.868862
1438     0.251940
1439     1.995952
1440    -1.086484
1441    -0.415655
1442     1.429704
1443    -0.570032
1444    -0.460626
1445     0.719097
1446    -0.558814
1447     0.472022
1448    -1.413860
1449    -0.162798
1450    -0.396127
1451     0.672358
1452     0.039384
1453    -0.393757
1454     0.797131
1455     0.154775
1456    -0.749014
1457     1.258738
1458    -0.442848
1459    -0.155668
1460     0.207014
1461    -0.342058
1462    -0.344559
1463     0.602391
1464    -0.589862
1465    -0.302973
1466     0.719735
1467    -0.551186
1468    -1.489202
1469    -0.052856
1470    -0.432761
1471     0.351743
1472    -0.142651
1473    -0.073683
1474    -0.829503
1475    -0.155417
1476    -0.266161
1477     0.873360
1478    -2.156007
1479     0.928315
1480    -1.105664
1481     1.100733
1482     0.129511
1483     0.337443
1484     1.423413
1485    -0.404259
1486     0.142293
1487     0.803101
1488    -0.799090
1489     0.583137
1490    -0.521477
1491     0.143584
1492     1.534570
1493    -3.243818
1494     2.237601
1495     1.488239
1496    -2.941499
1497     2.104735
1498     0.859941
1499     0.894171
1500    -0.544353
1501    -1.012917
1502     0.823237
1503    -0.396867
1504    -0.535278
1505     0.396731
1506    -0.761117
1507     0.911764
1508    -1.902159
1509     0.865503
1510    -0.609480
1511     1.197184
1512    -0.027282
1513     0.101803
1514     1.204769
1515    -0.220141
1516    -1.053822
1517     0.486169
1518    -0.470062
1519    -0.269283
1520     0.628001
1521    -0.576133
1522    -0.748438
1523     0.679411
1524    -0.546464
1525    -0.409189
1526     0.260691
1527    -0.796222
1528    -0.326692
1529    -0.318635
1530    -0.793942
1531    -0.048713
1532     0.489437
1533    -0.457187
1534    -1.062070
1535    -0.217460
1536    -0.418198
1537     0.985146
1538    -2.283376
1539     1.224684
1540    -0.945732
1541     1.222303
1542    -0.131576
1543     0.038041
1544     1.393034
1545    -0.504717
1546    -0.567958
1547    -0.027194
1548    -0.644498
1549     1.553409
1550    -1.039341
1551     0.902967
1552     1.955743
1553    -2.226319
1554     2.078937
1555     1.982542
1556    -1.988832
1557     2.092136
1558     0.061126
1559     1.222347
1560    -0.419822
1561    -0.925062
1562     0.772936
1563    -0.552459
1564    -0.169620
1565     0.838268
1566    -0.360893
1567     1.232587
1568    -1.835052
1569     0.691594
1570    -0.284021
1571     1.365073
1572     0.049747
1573    -0.784566
1574     0.275533
1575    -0.223178
1576    -1.678353
1577     0.867949
1578    -0.200462
1579    -0.105985
1580     0.695686
1581    -0.617074
1582    -0.550258
1583     0.653822
1584    -0.634365
1585    -0.164328
1586     0.542371
1587    -0.663770
1588    -0.583189
1589     0.131124
1590    -0.716850
1591     0.112219
1592     0.204365
1593    -0.616676
1594    -1.267926
1595     0.077099
1596    -0.472875
1597     1.662354
1598    -2.659022
1599     1.535390
1600    -0.376349
1601     1.602001
1602     0.506664
1603    -0.679603
1604     0.581529
1605    -0.620210
1606    -0.418116
1607     0.226467
1608    -0.632136
1609     1.658014
1610    -1.372086
1611     0.626945
1612     2.013790
1613    -1.909886
1614     1.718949
1615     1.935439
1616    -1.554438
1617     1.737945
1618    -0.627028
1619     0.496261
1620    -0.556286
1621    -1.001352
1622     0.892927
1623    -0.541637
1624    -0.538074
1625     0.867628
1626    -0.025543
1627     1.473423
1628    -1.268148
1629     0.638596
1630    -0.532173
1631     1.210342
1632    -0.371559
1633    -0.425079
1634     0.483196
1635    -0.413001
1636    -0.692578
1637     0.783306
1638    -0.067646
1639    -0.461234
1640     0.792648
1641    -0.394115
1642    -0.742038
1643     0.784068
1644    -0.517576
1645    -0.104569
1646     0.724231
1647    -0.177954
1648    -0.700286
1649     0.365057
1650    -0.229944
1651     0.009781
1652     0.451378
1653    -0.684184
1654    -1.005536
1655     0.321950
1656     0.031763
1657     1.613191
1658    -2.071585
1659     0.689444
1660    -0.666031
1661     1.064157
1662    -0.265770
1663    -1.061883
1664     0.601767
1665    -0.290258
1666    -0.783639
1667     0.232008
1668     0.026597
1669     2.250043
1670    -2.002717
1671     0.622399
1672     1.900750
1673    -2.573766
1674     0.660244
1675     2.395280
1676    -2.264938
1677     1.724007
1678    -0.927996
1679     0.606492
1680    -0.413862
1681    -0.765314
1682     0.936570
1683    -0.505721
1684    -0.744369
1685     1.037324
1686     0.016689
1687     0.768425
1688    -1.170773
1689     0.215914
1690    -0.444649
1691     1.350689
1692     0.005223
1693    -0.409068
1694     0.170743
1695    -0.746420
1696    -0.772201
1697     0.940825
1698    -0.088379
1699    -0.354805
1700     0.996429
1701    -0.072684
1702    -0.763801
1703     0.921606
1704    -0.468727
1705    -0.194076
1706     0.854664
1707    -0.215258
1708    -0.806608
1709     0.643536
1710    -0.107233
1711     0.092163
1712     0.342737
1713    -0.856597
1714    -1.263394
1715     0.579470
1716     0.109861
1717     1.898920
1718    -2.315893
1719     0.719424
1720    -0.721774
1721     1.240148
1722    -0.082015
1723    -0.404883
1724     0.421299
1725     0.067420
1726    -0.572724
1727     0.498125
1728     0.289279
1729     1.993902
1730    -2.170354
1731     0.165611
1732     2.113214
1733    -2.735606
1734     0.677901
1735     1.652494
1736    -2.794727
1737     1.191694
1738    -0.301453
1739     0.253189
1740    -0.315982
1741    -0.929452
1742     1.095412
1743     0.163580
1744    -0.644179
1745     1.026492
1746     0.181386
1747     0.827949
1748    -0.918206
1749     0.051329
1750    -0.301046
1751     1.264095
1752     0.069312
1753    -0.530166
1754     0.540393
1755    -0.320640
1756    -0.672279
1757     0.856541
1758    -0.066124
1759    -0.170332
1760     0.955648
1761     0.032488
1762    -0.707795
1763     1.216789
1764    -0.355661
1765     0.030776
1766     0.837539
1767    -0.053320
1768    -0.720845
1769     0.706757
1770     0.110711
1771     0.186403
1772     0.525230
1773    -0.424595
1774    -1.318100
1775     0.854282
1776     0.261599
1777     1.636203
1778    -2.181112
1779     0.432319
1780    -0.622413
1781     1.182351
1782     0.050747
1783    -0.410762
1784     0.000704
1785    -0.284357
1786    -0.699729
1787     0.805593
1788    -0.007227
1789     1.946864
1790    -2.309058
1791    -0.474390
1792     1.877127
1793    -2.641508
1794     0.466618
1795     1.837837
1796    -3.203732
1797     0.861622
1798    -0.616060
1799    -0.614211
1800    -0.695396
1801    -1.749359
1802     1.002904
1803     0.874750
1804    -0.720301
1805     0.805711
1806    -0.077069
1807    -0.073191
1808     0.131670
1809    -0.577119
1810    -0.643888
1811     1.026370
1812    -0.198693
1813    -0.316829
1814     0.352895
1815    -0.079128
1816    -0.907281
1817     0.522125
1818    -0.056138
1819    -0.062282
1820     0.696117
1821    -0.085693
1822    -0.804068
1823     1.408356
1824     0.195574
1825     0.500262
1826     0.692484
1827    -0.400971
1828    -0.862273
1829     0.461996
1830     0.595919
1831     0.482651
1832     0.092702
1833    -0.508384
1834    -1.107382
1835     1.029055
1836     0.161946
1837     2.674245
1838    -1.374003
1839     0.569794
1840    -0.595294
1841     1.054239
1842    -0.068874
1843    -0.656738
1844    -0.752599
1845    -0.692800
1846    -0.763834
1847     0.493897
1848    -0.232938
1849     1.585170
1850    -1.729573
1851    -0.408441
1852     2.995582
1853    -2.016741
1854     0.579936
1855     1.229120
1856    -3.308837
1857     0.662024
1858    -0.204310
1859    -0.588769
1860    -0.253694
1861    -1.815815
1862     0.628735
1863    -0.125945
1864    -0.231373
1865     0.804786
1866     0.074756
1867    -1.437135
1868     1.005558
1869    -0.068942
1870    -0.630118
1871     1.172954
1872     0.270351
1873    -0.615772
1874    -0.627786
1875    -0.161079
1876    -0.343285
1877     0.421641
1878    -0.082887
1879    -0.356608
1880     0.759164
1881     0.639846
1882    -1.044928
1883     0.920573
1884    -0.513845
1885     0.543349
1886     0.858226
1887     0.226786
1888     0.181999
1889     0.590959
1890     0.290307
1891    -0.185573
1892    -0.547689
1893    -0.396151
1894    -1.907757
1895     0.460611
1896     0.293253
1897     2.124250
1898    -0.480409
1899    -1.032871
1900    -0.718194
1901     1.042506
1902     0.409473
1903     0.000166
1904    -0.304143
1905    -0.553690
1906    -0.575399
1907     0.711103
1908     0.320764
1909     1.771449
1910    -1.465149
1911     0.309182
1912     2.749474
1913    -1.210779
1914    -0.600510
1915     2.642968
1916    -2.921420
1917     0.796010
1918    -0.151696
1919    -1.819440
1920    -0.094808
1921    -0.794523
1922     1.320283
1923    -0.119805
1924    -0.161203
1925    -1.270541
1926     0.032563
1927    -0.946785
1928     1.638957
1929     0.718447
1930     0.056155
1931    -0.365963
1932    -0.544055
1933     0.097282
1934     2.267115
1935     0.779836
1936    -0.685220
1937    -2.155511
1938    -0.325134
1939    -0.067914
1940    -1.495702
1941     0.386290
1942    -0.586366
1943     1.035627
1944     0.021106
1945     0.020027
1946    -1.326907
1947     0.242943
1948     0.366055
1949    -2.122034
1950    -0.372916
1951     0.058770
1952     1.658914
1953     1.056089
1954    -0.833610
1955     1.626719
1956     0.678765
1957     0.364934
1958    -0.403023
1959    -0.958207
1960     0.316032
1961    -0.393032
1962    -0.546282
1963    -0.582426
1964     2.243163
1965     0.909828
1966     0.251177
1967    -1.350363
1968    -0.433477
1969    -0.210777
1970     1.437682
1971    -0.538279
1972     1.106560
1973    -1.706093
1974    -0.721602
1975     2.053230
1976    -1.575199
1977    -0.494938
1978     0.178603
1979     0.935909
1980     0.228828
1981    -0.768306
1982     0.618596
1983     0.049198
1984    -0.102474
1985     0.107087
1986     0.224838
1987    -2.070728
1988    -0.036448
1989     1.258758
1990     0.493378
1991    -0.748706
1992    -0.651604
1993    -0.061619
1994     0.677932
1995     1.261019
1996     0.979741
1997    -1.497603
1998    -0.905315
1999    -0.055553
2000     0.182044
2001     0.697075
2002    -0.975199
2003     0.978155
2004     0.403527
2005     0.346282
2006     0.600253
2007     0.375661
2008     0.974486
2009    -1.095373
2010    -0.917283
2011    -0.872599
2012     0.895213
2013     2.200897
2014    -1.336636
2015    -0.876698
2016     1.111703
2017     0.322731
2018     0.036710
2019    -1.622032
2020     1.024965
2021    -0.884448
2022    -0.667675
2023    -0.452315
2024     1.159006
2025     1.840675
2026     1.543358
2027    -0.857419
2028    -0.653672
2029    -0.744750
2030     0.489356
2031    -0.820224
2032     0.684014
2033    -0.073288
2034    -2.113209
2035     2.303794
2036     0.154805
2037    -1.794071
2038    -1.232571
2039     0.170827
2040     0.721734
2041    -0.321144
2042     0.722492
2043     0.335163
2044    -0.182224
2045    -0.037867
2046     0.345102
2047    -0.205626
2048    -0.143404
2049     1.233218
2050     0.072892
2051     0.336023
2052     0.662356
2053    -0.228584
2054    -0.587874
2055     0.294613
2056    -0.003646
2057    -0.128935
2058     0.754146
2059     0.429636
2060     0.015408
2061     0.878934
2062    -0.143838
2063     0.999841
2064     0.400496
2065    -0.058316
2066     0.632275
2067     0.319156
2068    -0.249767
2069    -0.169141
2070     0.136297
2071     0.006324
2072    -0.675394
2073     0.881636
2074     0.017451
2075    -2.271685
2076     0.899081
2077    -1.200149
2078     0.827079
2079    -1.304412
2080    -0.263211
2081     0.203995
2082     0.614283
2083    -0.117705
2084    -0.285613
2085     0.091078
2086    -0.512329
2087    -0.228755
2088     0.273040
2089    -1.359157
2090     0.059267
2091    -1.948777
2092     0.097245
2093    -0.086304
2094    -3.363694
2095     3.399206
2096     0.339088
2097    -2.697448
2098     0.822939
2099     0.479504
2100     1.195733
2101    -0.722374
2102    -0.046773
2103     0.224741
2104    -0.152491
2105     0.132810
2106     0.341990
2107    -0.073861
2108    -1.044803
2109     0.939461
2110    -0.265232
2111     0.019798
2112     0.550979
2113     0.141410
2114     0.444903
2115     0.765560
2116     0.236185
2117     0.913745
2118     1.062282
2119     0.088017
2120     0.408421
2121     0.698818
2122     0.271280
2123     0.116802
2124     0.540994
2125    -0.173966
2126     0.790426
2127     0.254946
2128    -0.193292
2129     0.570630
2130     0.264249
2131     0.774859
2132    -0.064307
2133     1.358118
2134    -0.166858
2135     0.051490
2136     1.000791
2137    -0.455885
2138    -0.759559
2139    -0.964768
2140     0.457432
2141     1.468667
2142     1.212804
2143    -0.214134
2144    -0.570847
2145     0.075805
2146    -0.947915
2147    -0.274926
2148     0.195995
2149    -0.370008
2150    -0.364958
2151    -1.527372
2152     0.159081
2153    -0.310034
2154    -3.599671
2155     1.313419
2156    -1.026593
2157    -4.255544
2158     0.294334
2159    -0.454892
2160     0.859822
2161    -2.415168
2162     0.182092
2163     1.278899
2164    -0.154980
2165     0.977797
2166     1.187059
2167     0.915965
2168     0.427609
2169     1.102480
2170    -0.030668
2171     0.496876
2172     0.972815
2173    -0.252671
2174    -0.633893
2175    -0.339711
2176    -0.566517
2177    -0.511660
2178    -0.117713
2179    -0.248672
2180     0.734221
2181     1.360117
2182     0.415075
2183     0.325736
2184     0.573373
2185     0.673126
2186     1.199625
2187     0.385168
2188    -0.123265
2189     0.313176
2190     0.082768
2191     0.484568
2192    -0.926108
2193     0.141439
2194     0.080093
2195    -0.333335
2196     0.171711
2197    -0.025702
2198    -1.005665
2199    -0.857838
2200    -0.662215
2201    -0.183162
2202     0.192175
2203     0.531433
2204    -0.160508
2205    -0.015356
2206    -0.536660
2207    -0.490594
2208    -0.348058
2209     0.081006
2210     0.256265
2211    -0.814469
2212    -0.020447
2213     1.542265
2214    -0.991094
2215     2.243182
2216    -1.579027
2217    -4.708493
2218    -0.387483
2219    -0.631709
2220     0.744727
2221    -2.249513
2222    -0.082606
2223    -0.137968
2224    -0.889841
2225     1.370589
2226     0.615507
2227     1.754378
2228    -1.154779
2229     0.498107
2230    -1.649095
2231     2.210399
2232     0.090709
2233     1.510879
2234    -0.705372
2235     0.401344
2236     0.665565
2237    -0.783606
2238     0.322655
2239    -1.841357
2240     2.230859
2241     0.146639
2242    -0.386764
2243    -0.221240
2244    -0.112082
2245     1.125148
2246    -0.544253
2247     0.094507
2248    -0.452928
2249     0.694615
2250     0.147261
2251     1.658855
2252    -0.632747
2253     0.717469
2254     0.895436
2255    -0.819418
2256     0.274685
2257     1.227460
2258    -0.821402
2259     0.210363
2260    -0.548304
2261     0.240482
2262     0.245483
2263     0.493384
2264     0.323449
2265     0.453047
2266     0.826653
2267    -0.053374
2268     0.506911
2269     1.046944
2270    -1.047953
2271    -0.301050
2272    -1.557172
2273     0.694831
2274    -1.415502
2275    -0.261722
2276    -0.934154
2277    -2.737759
2278    -1.368006
2279     0.035678
2280    -0.020324
2281    -1.082048
2282    -2.767086
2283     0.105887
2284     0.073285
2285     0.568548
2286     0.664719
2287     1.142876
2288     1.036861
2289    -0.269681
2290    -1.621433
2291    -0.732154
2292     0.964193
2293     1.062175
2294     0.486017
2295     0.251779
2296    -0.219878
2297     0.930886
2298     0.085449
2299    -1.199320
2300    -0.898273
2301     0.671891
2302     0.881847
2303    -1.411385
2304    -0.311517
2305     0.769721
2306     1.111194
2307    -0.337687
2308    -0.324705
2309     1.044913
2310     0.276165
2311     1.455354
2312     0.927366
2313     0.106106
2314     0.548730
2315     0.337314
2316     0.168163
2317     0.461573
2318     1.486973
2319    -0.575378
2320     0.489452
2321     0.357436
2322    -0.165948
2323     0.364779
2324     1.291605
2325     0.303286
2326     1.053611
2327     1.198254
2328    -0.078118
2329     0.036298
2330     0.768351
2331    -0.356270
2332    -2.988809
2333    -1.645274
2334     0.180312
2335    -1.205874
2336    -2.028013
2337    -1.279679
2338     0.302367
2339    -2.063532
2340    -0.403671
2341    -0.023592
2342    -2.227449
2343    -0.552144
2344     0.136937
2345     1.133713
2346    -0.227697
2347    -0.421335
2348     0.008404
2349     0.084851
2350     1.167668
2351    -0.041928
2352     0.845405
2353     0.681393
2354     0.354578
2355     0.366826
2356    -1.326049
2357     0.196828
2358     0.663183
2359     1.930848
2360    -0.212665
2361     0.526795
2362     0.592601
2363    -1.645085
2364     0.096273
2365     0.006533
2366     0.832681
2367    -0.095238
2368    -0.487989
2369     1.116945
2370     0.240756
2371     0.595134
2372     0.594962
2373     0.247243
2374     0.491721
2375     0.356744
2376     0.305544
2377    -0.828944
2378     1.095892
2379    -0.629362
2380     0.410835
2381     0.292635
2382     0.374662
2383     0.497240
2384     1.804292
2385     0.097307
2386     1.504714
2387     1.175145
2388     0.813002
2389    -1.119923
2390     0.563052
2391    -0.496412
2392    -2.750576
2393    -1.063804
2394    -1.235669
2395    -2.089823
2396    -2.365105
2397    -1.549046
2398     1.032608
2399    -1.969834
2400     0.123720
2401    -0.786946
2402    -0.518745
2403     0.575769
2404    -0.116269
2405     0.188143
2406    -0.695067
2407    -1.371780
2408     0.492930
2409     0.079796
2410     1.259743
2411     0.431854
2412     1.847690
2413     0.596367
2414    -0.475294
2415     0.340883
2416     0.580283
2417    -0.028377
2418     0.565559
2419     1.637765
2420     0.622801
2421     1.821911
2422     0.481075
2423    -0.965529
2424     0.549130
2425     0.031905
2426     0.302314
2427    -0.685140
2428    -0.057141
2429     0.254618
2430    -0.369332
2431     1.048734
2432    -0.643491
2433    -0.016341
2434     0.393183
2435     0.004030
2436     0.268145
2437    -1.218875
2438     0.842801
2439    -1.715840
2440     0.264701
2441    -0.116362
2442     0.349172
2443    -0.212616
2444     0.272710
2445    -0.052359
2446     0.768194
2447     0.762325
2448     1.674747
2449    -1.073879
2450     0.265430
2451    -1.436471
2452    -0.330733
2453     1.334462
2454    -1.301298
2455    -2.729594
2456    -2.255204
2457    -2.890101
2458     0.835885
2459    -0.771417
2460     1.089148
2461    -1.684042
2462     0.000584
2463     0.401671
2464     0.480978
2465     0.298484
2466     0.148026
2467    -1.708564
2468    -0.077842
2469     0.267470
2470     1.258626
2471    -0.054972
2472     0.882025
2473     0.838817
2474     0.227704
2475     0.462060
2476     0.544088
2477    -0.756637
2478    -0.123126
2479     1.414210
2480    -0.088920
2481     0.125814
2482     0.687055
2483    -0.166268
2484     0.842183
2485     0.611667
2486    -0.233621
2487    -0.116954
2488     0.502358
2489     0.131094
2490     0.548461
2491     1.700040
2492     0.025174
2493     0.725542
2494     0.752303
2495    -0.146359
2496     0.299900
2497    -1.493576
2498     0.359507
2499    -1.622988
2500     0.637849
2501     0.568542
2502     0.793104
2503     0.150595
2504    -0.333693
2505     0.308942
2506     0.433065
2507    -0.208210
2508     0.594973
2509    -1.774758
2510     0.238762
2511    -2.393048
2512    -0.035887
2513     0.548791
2514    -1.413406
2515    -4.125396
2516     0.000987
2517    -1.310550
2518     0.810570
2519    -0.333108
2520     0.579901
2521    -0.661502
2522    -0.047820
2523     0.622006
2524    -0.490246
2525     0.036549
2526     0.178565
2527     0.272083
2528    -0.581075
2529     0.017267
2530     0.475922
2531     0.258121
2532     1.315123
2533     0.606333
2534    -0.598521
2535     0.266311
2536     0.201677
2537    -0.067299
2538     0.733123
2539     0.811974
2540     0.237353
2541     0.384513
2542     0.481265
2543    -0.054643
2544     1.130680
2545     0.623083
2546     0.947151
2547     0.707176
2548     0.181879
2549    -0.053291
2550     0.524471
2551     0.533426
2552    -0.433986
2553     0.943894
2554     0.077398
2555    -0.592173
2556     0.331434
2557    -1.229791
2558    -0.121578
2559    -2.735457
2560     0.728525
2561     0.254238
2562     0.611004
2563    -0.125284
2564    -0.203744
2565     0.373584
2566    -0.056266
2567    -0.602866
2568     0.655874
2569    -0.543886
2570     0.483901
2571    -3.179406
2572     0.027772
2573     0.598141
2574    -1.978913
2575    -2.801058
2576     0.106784
2577    -2.032473
2578     0.886696
2579     0.434758
2580     1.131223
2581     0.186099
2582    -0.394051
2583     1.838908
2584    -1.073905
2585    -0.651978
2586    -0.467780
2587     0.488835
2588     0.816045
2589     0.192204
2590    -0.320191
2591     0.964742
2592     0.570729
2593     0.527874
2594     0.236120
2595    -0.004588
2596     0.473553
2597    -0.150315
2598     1.133639
2599     0.492368
2600    -0.113272
2601     0.030923
2602    -0.077396
2603     0.124450
2604     0.583055
2605    -0.590169
2606    -0.027702
2607    -0.531007
2608     0.338594
2609     0.481747
2610     0.778794
2611     0.383223
2612    -0.513331
2613     0.622522
2614     0.829280
2615     1.526533
2616     1.347329
2617    -1.037748
2618    -0.160146
2619    -2.650098
2620     0.840880
2621     1.047761
2622     0.848574
2623     0.037711
2624    -0.201422
2625     0.565773
2626    -0.615083
2627    -0.735078
2628     0.246816
2629    -0.424504
2630    -0.991896
2631    -3.206820
2632     0.578767
2633    -1.198627
2634    -1.442409
2635    -1.442953
2636    -0.458354
2637    -1.055413
2638     0.404765
2639     0.398774
2640     0.598849
2641    -0.403441
2642    -0.363566
2643     1.495164
2644     0.804369
2645     1.536750
2646     1.152105
2647     0.542117
2648     1.079260
2649     0.726882
2650    -1.626683
2651     0.484836
2652     0.192012
2653    -0.483450
2654     0.267786
2655     0.014157
2656     1.369597
2657    -0.670303
2658     0.259060
2659    -1.364854
2660    -0.941871
2661    -0.086916
2662     1.130368
2663     2.167205
2664     1.668522
2665     0.862281
2666    -0.053703
2667    -0.773372
2668     0.140109
2669    -0.006763
2670     0.436885
2671    -0.220671
2672    -0.332289
2673     0.390282
2674    -0.158644
2675    -0.897227
2676    -0.314591
2677    -0.450481
2678    -0.977785
2679    -2.807940
2680    -1.140239
2681     0.719490
2682     0.985887
2683    -0.180316
2684     0.289604
2685     0.757539
2686     0.932448
2687    -0.235854
2688     0.435981
2689    -0.111725
2690    -0.647583
2691    -2.466171
2692     0.560274
2693    -0.965988
2694    -1.332329
2695     0.183325
2696    -0.638054
2697    -1.224419
2698    -0.384385
2699     0.186054
2700     0.491262
2701     0.320586
2702     0.071758
2703     1.581000
2704    -2.499528
2705    -1.550179
2706    -0.507199
2707     1.578893
2708     0.777145
2709     1.055378
2710     0.834182
2711     0.243817
2712     1.268519
2713     0.398084
2714     0.359054
2715     0.067711
2716    -0.585386
2717     1.930880
2718     0.131968
2719    -1.051381
2720    -0.336075
2721    -0.365065
2722    -0.666096
2723    -2.302574
2724    -0.098184
2725    -0.484480
2726     1.597685
2727    -0.803403
2728    -0.071922
2729     0.670516
2730     0.468428
2731     0.064146
2732    -0.079371
2733     0.035958
2734    -0.043208
2735     1.500879
2736     0.450715
2737     2.014591
2738    -1.489673
2739    -1.054283
2740    -0.016010
2741    -0.180631
2742     0.849358
2743    -0.431390
2744     0.898801
2745     0.439710
2746    -0.322450
2747     0.577898
2748    -0.186808
2749     1.507604
2750    -0.938819
2751    -0.972936
2752    -0.696421
2753     0.496578
2754    -1.218225
2755    -0.096361
2756     0.047140
2757    -1.004593
2758     0.246548
2759    -2.294829
2760    -0.138050
2761     0.021569
2762    -0.798899
2763    -0.304441
2764     0.185337
2765    -0.282039
2766    -0.611146
2767    -0.074691
2768     2.772642
2769     2.067532
2770     0.066799
2771    -0.567239
2772    -0.520624
2773     0.087337
2774    -0.677268
2775    -0.689699
2776    -0.043331
2777    -1.446743
2778    -0.003514
2779    -0.144006
2780    -0.956539
2781    -0.696992
2782     0.658847
2783     0.149495
2784    -0.463381
2785    -0.093118
2786    -1.096789
2787    -0.473785
2788     0.111953
2789    -0.995855
2790    -0.388387
2791     0.042865
2792    -1.061309
2793    -0.558551
2794     0.090939
2795    -1.093647
2796    -0.319152
2797    -0.090921
2798     2.451331
2799     1.531510
2800     0.025321
2801    -0.761013
2802    -0.470411
2803    -0.044925
2804    -0.701385
2805    -0.511159
2806     0.085653
2807    -1.417007
2808    -0.256585
2809     0.048911
2810     2.518394
2811     1.320875
2812    -0.286680
2813     2.725268
2814     1.212337
2815    -0.681788
2816     2.528336
2817     0.786914
2818     0.033931
2819    -1.289735
2820    -0.651344
2821    -0.014498
2822    -0.924514
2823    -0.558386
2824    -0.254722
2825    -0.046829
2826     0.014240
2827     0.274090
2828     3.790936
2829     2.116317
2830    -0.396101
2831    -0.796565
2832    -0.406590
2833     0.206415
2834    -0.089002
2835    -0.012111
2836    -0.515207
2837    -2.154728
2838    -0.277869
2839    -0.112846
2840    -0.462122
2841    -0.051656
2842    -0.258329
2843    -2.047820
2844    -0.936665
2845     0.503642
2846    -0.414247
2847     0.369874
2848     0.770913
2849    -0.338990
2850     0.167577
2851     0.028446
2852    -0.670798
2853     0.039653
2854     0.041306
2855    -1.041933
2856    -0.193443
2857     0.221227
2858     2.015538
2859     0.566454
2860    -0.057998
2861    -0.755267
2862    -0.639036
2863     0.107674
2864    -0.432512
2865    -0.690673
2866     0.211650
2867    -1.347536
2868    -0.111812
2869     0.349096
2870     2.417460
2871     0.366898
2872    -0.566803
2873     3.211843
2874     0.858802
2875    -0.498324
2876     1.124585
2877    -0.612086
2878    -0.039634
2879    -1.037501
2880    -0.009486
2881     0.709161
2882     0.256540
2883     0.176287
2884     0.579557
2885     0.994727
2886     1.385993
2887    -0.957585
2888     0.700093
2889    -0.727894
2890     0.773320
2891     0.408768
2892     0.543735
2893     0.606719
2894     1.044963
2895     1.072755
2896    -0.334358
2897    -0.469079
2898    -0.669159
2899     0.722744
2900     0.922626
2901     1.068799
2902    -0.270704
2903    -1.520610
2904    -0.675811
2905     0.460806
2906     0.460141
2907     1.371852
2908     0.368560
2909     1.174515
2910     0.393993
2911     0.532244
2912     0.799426
2913     0.925631
2914     0.701590
2915     0.318390
2916     0.535902
2917    -1.789438
2918    -1.228582
2919    -2.879076
2920     0.786089
2921     0.199263
2922     0.317379
2923     0.262921
2924     0.137713
2925     0.330950
2926     0.879062
2927     0.071802
2928     0.441127
2929    -0.754465
2930    -1.335213
2931    -1.467055
2932    -1.679703
2933    -0.661646
2934    -1.388274
2935    -2.323283
2936    -2.390564
2937    -1.748238
2938     0.726762
2939     0.116725
2940     0.991106
2941     0.248637
2942    -0.199033
2943    -1.582821
2944    -0.245714
2945     1.229575
2946     0.611954
2947    -1.077846
2948     1.536311
2949     0.880957
2950     0.162184
2951     0.611075
2952    -1.123987
2953     0.279385
2954     0.639954
2955     0.193115
2956    -1.176520
2957    -1.875064
2958    -0.870155
2959     0.125510
2960     1.457861
2961     0.183085
2962    -0.739962
2963    -1.590779
2964     0.207558
2965    -0.760359
2966     0.730299
2967     0.036304
2968     1.036098
2969     0.288527
2970     0.018170
2971     0.040441
2972     0.613426
2973     0.564097
2974     0.543353
2975    -1.027487
2976    -0.201675
2977     2.053335
2978    -2.043131
2979    -1.651747
2980     0.787624
2981     1.119652
2982     0.511678
2983    -0.962123
2984     0.637759
2985    -0.869729
2986     0.284480
2987     0.797923
2988    -0.848454
2989     0.610762
2990    -2.111307
2991     0.163760
2992    -0.982540
2993     0.445197
2994     1.635175
2995    -0.152847
2996    -1.610453
2997     1.865629
2998    -0.073896
2999     0.349697
3000     0.277085
3001     0.182908
3002     1.083840
3003    -0.830145
3004    -0.651444
3005     0.129525
3006    -0.015857
3007     0.200704
3008    -1.349802
3009    -0.605357
3010    -0.193741
3011     1.375114
3012    -0.773088
3013    -0.460639
3014     0.489231
3015    -0.115070
3016     0.258513
3017     0.191150
3018     0.677869
3019    -0.097253
3020     0.657514
3021    -0.383399
3022    -0.042425
3023    -0.177782
3024     1.230803
3025     0.096481
3026     0.669944
3027     0.002084
3028     0.618766
3029     0.754833
3030     0.171719
3031    -0.406667
3032    -0.116190
3033     0.161908
3034     0.183838
3035     0.740211
3036     0.633797
3037    -0.596740
3038    -2.174470
3039    -3.830406
3040     0.213604
3041     0.569969
3042     0.019736
3043    -1.030845
3044     0.915628
3045    -0.733512
3046     0.211343
3047     0.417134
3048    -0.927738
3049     0.236498
3050    -1.386221
3051     0.599867
3052     1.064278
3053    -1.154105
3054     2.024497
3055    -0.118949
3056    -1.836493
3057     2.238075
3058     0.331771
3059     0.200967
3060     0.454214
3061     0.313333
3062    -0.187783
3063    -0.863183
3064    -0.850739
3065     0.156052
3066    -0.654260
3067    -0.065774
3068    -0.184237
3069    -0.631712
3070    -0.120320
3071     0.596138
3072    -0.085587
3073    -0.337753
3074    -0.387628
3075     0.012173
3076    -0.012669
3077     0.767203
3078     0.208938
3079    -0.261160
3080     0.396015
3081    -0.546471
3082    -0.112566
3083     0.323783
3084    -0.077035
3085     0.056105
3086     1.679514
3087    -0.305432
3088     0.586606
3089     0.545084
3090    -0.164606
3091    -0.410696
3092    -0.559111
3093    -0.353820
3094     0.248633
3095     0.402216
3096     0.134964
3097    -0.766049
3098     1.433404
3099    -0.580455
3100     0.167575
3101     0.832324
3102     0.473986
3103    -1.017657
3104    -0.075136
3105     0.029337
3106    -0.010064
3107     0.411350
3108    -0.465617
3109     0.003326
3110    -0.370165
3111     0.365145
3112     2.416718
3113    -4.772580
3114     1.986876
3115    -0.441209
3116    -0.580461
3117     1.657143
3118     0.614360
3119    -0.425981
3120    -0.140383
3121     1.298762
3122     0.108759
3123    -0.890815
3124    -0.248923
3125     0.930330
3126    -0.444852
3127     0.219728
3128    -0.426416
3129    -0.673792
3130     0.681380
3131     0.361199
3132     0.220272
3133    -0.093655
3134    -0.714276
3135     0.159810
3136     0.847439
3137     0.222472
3138     0.487845
3139     0.002374
3140     2.343911
3141    -0.647425
3142     0.665800
3143     0.038207
3144     0.159010
3145     0.871131
3146    -0.876779
3147    -0.001241
3148     0.784246
3149     0.312355
3150    -0.125718
3151     0.111186
3152    -0.121848
3153    -0.384776
3154     0.786840
3155    -0.272245
3156     0.214286
3157    -0.303534
3158    -0.121685
3159    -0.247056
3160     0.218408
3161     1.037418
3162     0.599055
3163    -1.633017
3164    -1.250168
3165     0.162226
3166     0.291023
3167     0.486952
3168    -0.245216
3169     0.286520
3170     0.091497
3171     0.369072
3172    -1.599581
3173    -1.177112
3174     0.295018
3175    -3.406431
3176    -1.071789
3177     1.339944
3178     0.220304
3179     0.099218
3180    -0.345645
3181     0.784394
3182     0.555470
3183    -0.081167
3184    -0.052730
3185     0.617831
3186    -0.053664
3187     0.379907
3188    -0.646715
3189    -0.010336
3190     0.178860
3191     1.256035
3192     0.213546
3193     0.024292
3194    -0.642906
3195     0.219427
3196     0.167070
3197     1.082780
3198     0.128651
3199     0.833476
3200     0.140420
3201    -0.105305
3202     0.343870
3203     0.300135
3204    -0.415934
3205    -0.015199
3206     1.340731
3207    -0.056208
3208     0.416172
3209     0.822673
3210    -0.025205
3211     0.118493
3212    -0.024324
3213    -0.792556
3214    -0.034375
3215     1.287688
3216    -0.160068
3217    -0.493167
3218     0.531136
3219     0.329338
3220     0.304549
3221     0.313518
3222    -0.225121
3223    -0.114592
3224    -3.760387
3225    -0.514790
3226     0.540730
3227    -0.501262
3228    -0.450740
3229     0.366312
3230     0.312189
3231     1.025633
3232    -2.588030
3233     1.121331
3234     0.660224
3235    -1.832196
3236    -3.492040
3237     0.034064
3238     0.672166
3239    -0.614303
3240     0.280209
3241    -0.277786
3242    -0.995361
3243    -0.457565
3244    -0.339028
3245     0.328451
3246    -0.145052
3247     0.649376
3248    -0.564240
3249     0.137916
3250    -0.364547
3251    -0.315604
3252     0.392185
3253     0.144495
3254    -0.463264
3255     0.464682
3256    -0.356249
3257    -0.075996
3258     0.145836
3259     0.578158
3260    -0.068583
3261    -0.279645
3262    -0.261089
3263     0.351520
3264    -1.100716
3265    -0.586609
3266     1.234537
3267    -0.335745
3268    -0.462304
3269    -0.163009
3270    -0.468803
3271     0.665081
3272    -0.531193
3273    -0.334744
3274    -0.626754
3275    -0.664061
3276     0.030004
3277    -0.529869
3278    -1.086722
3279     1.047966
3280    -0.212892
3281    -0.923826
3282    -0.284108
3283     1.729629
3284    -0.822010
3285     0.605869
3286     0.385627
3287    -0.105014
3288    -0.875934
3289    -0.578588
3290    -0.529900
3291     0.380004
3292    -0.873679
3293     5.118564
3294     0.590162
3295     1.591415
3296     0.849449
3297     1.290146
3298    -0.274385
3299    -0.573736
3300    -0.802458
3301     0.323031
3302    -1.429583
3303    -0.724149
3304    -0.028199
3305    -0.122810
3306    -0.104697
3307     0.244206
3308     0.366928
3309     0.984980
3310    -0.246130
3311    -0.812378
3312    -1.273677
3313    -1.003414
3314     1.098878
3315     0.535309
3316     0.119850
3317    -0.713965
3318    -0.210951
3319    -0.052361
3320     0.131071
3321    -0.460416
3322     0.169506
3323    -0.078306
3324    -0.353226
3325     0.078317
3326     0.019801
3327    -0.708838
3328     0.261753
3329    -0.681134
3330    -0.246080
3331    -0.304951
3332     0.533928
3333    -0.445688
3334    -0.086805
3335    -0.839534
3336     0.047005
3337    -0.507685
3338    -0.511296
3339     0.951515
3340     0.391512
3341    -1.025197
3342     0.301377
3343     0.689763
3344    -0.965389
3345    -0.805811
3346     0.252042
3347    -0.521651
3348    -1.030335
3349     0.311808
3350    -0.977136
3351     0.297115
3352    -0.382956
3353     4.203447
3354     2.631186
3355    -0.188662
3356     2.988732
3357     1.916921
3358    -0.040626
3359    -0.664406
3360    -1.301540
3361    -0.200706
3362    -2.176023
3363    -0.271312
3364    -0.256132
3365    -0.236308
3366    -0.042803
3367     0.885208
3368     1.813593
3369     0.499696
3370     0.099516
3371    -1.455437
3372     0.023952
3373    -0.041879
3374     2.566907
3375     0.044826
3376    -0.250058
3377    -0.248183
3378    -0.661666
3379    -0.135254
3380    -0.702050
3381     0.318995
3382     0.493962
3383     1.183816
3384    -0.583344
3385     0.079321
3386    -1.130393
3387     0.392334
3388    -0.095077
3389    -0.534771
3390    -0.273185
3391     0.278265
3392     0.389267
3393     0.444656
3394    -0.175874
3395    -0.074395
3396    -0.333877
3397     0.127135
3398     0.792394
3399     0.649348
3400     0.106688
3401    -0.517285
3402    -0.052000
3403     0.666254
3404    -1.361133
3405     0.077150
3406     0.328863
3407    -0.785599
3408    -0.040011
3409     0.288882
3410    -0.559886
3411     0.433350
3412    -1.835727
3413     3.934835
3414    -1.701958
3415    -0.671770
3416     1.642345
3417     0.796993
3418     0.308383
3419    -2.541692
3420     0.278858
3421     0.445946
3422    -1.131136
3423     0.900054
3424     0.336940
3425    -0.911415
3426    -0.237346
3427     1.007058
3428     0.482269
3429     0.240385
3430    -0.932189
3431    -0.377244
3432    -0.722986
3433     0.243684
3434     1.286198
3435     0.273772
3436     0.329770
3437    -0.721557
3438    -0.272578
3439     0.682776
3440    -1.454524
3441    -0.123466
3442     0.538145
3443     0.611634
3444     0.011673
3445    -0.732161
3446    -1.257346
3447    -1.607722
3448     0.624967
3449    -1.271568
3450    -0.388582
3451     0.325269
3452     0.353955
3453     0.940126
3454    -0.651799
3455     0.915511
3456     0.404066
3457     0.433573
3458     1.338290
3459     1.896266
3460    -1.067131
3461     1.100640
3462    -0.015846
3463     0.694648
3464    -0.993476
3465     0.474727
3466     0.639905
3467    -1.226034
3468    -0.347977
3469     0.076019
3470     0.431484
3471     1.171830
3472    -1.888618
3473     3.554296
3474    -0.939115
3475    -1.442988
3476     0.455938
3477    -2.461572
3478     0.336187
3479    -1.185912
3480     0.804291
3481     0.074873
3482    -0.094443
3483     0.444710
3484    -0.248810
3485    -1.391041
3486    -0.251726
3487     0.573761
3488    -0.664577
3489     0.736352
3490    -0.839128
3491    -1.121260
3492    -0.302918
3493     0.086494
3494     0.513899
3495     0.758805
3496    -0.256305
3497    -0.608451
3498    -0.339438
3499    -0.050824
3500    -1.852409
3501    -0.215547
3502    -0.282033
3503    -0.881554
3504    -0.697615
3505    -0.503962
3506    -1.439357
3507    -0.336160
3508    -0.123865
3509    -1.896134
3510    -0.570667
3511    -0.022700
3512     0.922152
3513     0.556773
3514    -1.020908
3515     0.207372
3516    -0.438412
3517     0.072811
3518     1.413876
3519     1.192045
3520    -0.972478
3521     1.089543
3522    -0.145242
3523     2.668437
3524     2.541074
3525     0.211478
3526    -0.011676
3527    -1.791444
3528    -0.331780
3529    -0.241907
3530     0.912135
3531     0.560777
3532    -1.427327
3533     0.680834
3534    -0.513319
3535    -0.240607
3536     0.810080
3537    -0.334934
3538     2.766155
3539     2.649706
3540     0.016816
3541     0.571179
3542     0.167844
3543    -0.600209
3544     0.702972
3545    -1.074600
3546     0.089312
3547     0.810103
3548    -0.487793
3549    -0.327408
3550    -1.064584
3551    -0.862897
3552    -0.147588
3553     0.833319
3554     0.507875
3555    -0.649834
3556     0.736563
3557    -0.371192
3558     0.012956
3559     0.816572
3560    -1.452419
3561     0.001330
3562    -0.025759
3563    -0.685636
3564     0.271485
3565     0.594484
3566    -1.112445
3567     0.057875
3568     0.417661
3569    -1.590759
3570     0.197633
3571    -1.322766
3572     0.758375
3573    -0.626255
3574    -0.507226
3575    -0.025324
3576     1.207737
3577     0.178083
3578     1.290297
3579     2.392090
3580    -2.173592
3581     0.569892
3582    -1.957051
3583     1.040457
3584     2.088401
3585    -0.797330
3586     0.489817
3587    -1.335642
3588    -0.202800
3589     1.205506
3590     0.964437
3591     0.098884
3592    -2.051035
3593     0.219835
3594     1.193747
3595    -2.203141
3596     0.237796
3597     0.155787
3598     0.951388
3599     2.193953
3600    -0.370360
3601     0.135966
3602    -0.063862
3603     0.561493
3604    -0.548648
3605    -0.909721
3606     0.302768
3607    -0.002894
3608    -0.447737
3609    -0.894391
3610    -1.729090
3611    -0.631631
3612    -0.311720
3613    -0.362800
3614     0.373405
3615    -0.362333
3616    -0.113028
3617    -0.164011
3618    -0.308546
3619    -0.587989
3620    -1.296535
3621     0.381919
3622     0.067361
3623    -0.179798
3624    -0.381457
3625    -0.623254
3626    -0.884866
3627     0.503740
3628    -0.591928
3629    -1.249328
3630    -0.002213
3631    -1.231096
3632     0.551358
3633    -0.426682
3634    -0.732275
3635     0.420124
3636     1.396008
3637     0.370533
3638     1.444460
3639     1.088089
3640    -0.704493
3641     0.457676
3642     0.851437
3643     3.439511
3644     1.588807
3645    -1.522882
3646    -1.047145
3647    -1.324083
3648     0.087137
3649     0.301166
3650     1.111358
3651     0.581514
3652    -0.152305
3653    -0.752318
3654    -1.372337
3655     0.951475
3656     0.207962
3657     1.209332
3658     3.160933
3659     1.748739
3660    -1.380874
3661     0.765048
3662     0.467010
3663     1.509020
3664    -0.699432
3665    -0.858269
3666     0.276146
3667     1.335629
3668    -0.860175
3669    -1.264954
3670    -2.297742
3671    -0.966984
3672    -1.133947
3673     0.013981
3674     1.164736
3675    -0.258806
3676     0.575251
3677    -0.182833
3678    -0.765026
3679    -0.710205
3680    -1.364041
3681     0.584139
3682     1.365859
3683    -0.051832
3684     0.110793
3685    -0.664257
3686    -0.896390
3687     0.584131
3688    -0.477640
3689    -1.228885
3690     0.590757
3691     0.242238
3692     0.401863
3693     0.314930
3694    -1.368738
3695    -0.518804
3696     0.137334
3697     1.852243
3698    -0.014029
3699     0.012631
3700     0.064213
3701     0.297557
3702     0.620129
3703    -0.236312
3704     2.775368
3705    -0.841053
3706    -1.100397
3707    -1.161764
3708     1.081463
3709     0.416422
3710     1.578900
3711    -0.478082
3712     0.269964
3713    -0.219317
3714    -0.430238
3715     1.667695
3716    -1.270077
3717    -0.237555
3718    -1.013820
3719     2.907965
3720    -0.411811
3721     0.530287
3722     0.647225
3723     0.394013
3724    -0.080126
3725    -0.107641
3726     1.117695
3727     0.468691
3728    -0.380334
3729     0.342850
3730     0.119675
3731    -0.562205
3732     0.937820
3733     0.406420
3734     1.326522
3735     0.682536
3736     0.133687
3737     0.272787
3738     0.047215
3739     0.058574
3740    -0.459902
3741     1.021388
3742     0.006776
3743     0.134845
3744     0.932069
3745     0.291045
3746    -0.116144
3747     0.782783
3748     0.066158
3749    -0.372428
3750     0.841607
3751     0.413365
3752     0.423831
3753     2.257785
3754     0.959332
3755    -0.088291
3756     0.438318
3757     0.710637
3758    -1.344947
3759    -2.414963
3760     0.253195
3761     0.561616
3762    -0.237546
3763    -0.528228
3764     0.742548
3765    -3.407215
3766    -0.231151
3767    -0.389730
3768     1.660335
3769    -1.259164
3770     0.351377
3771    -1.904605
3772    -0.846793
3773    -0.254219
3774     0.977959
3775    -0.337476
3776    -1.180917
3777    -1.311647
3778    -1.134904
3779     0.796007
3780    -3.158396
3781     0.103853
3782     0.563638
3783    -0.690220
3784    -0.394030
3785    -1.372919
3786     0.373028
3787    -0.161518
3788     1.002534
3789     1.090500
3790    -0.462099
3791    -0.416682
3792     0.869968
3793     0.584807
3794     0.613056
3795    -0.288631
3796    -0.097120
3797     0.805894
3798    -0.523292
3799    -0.282300
3800    -0.637003
3801     0.824796
3802    -0.215471
3803    -0.376296
3804     0.322777
3805     0.484866
3806    -1.017001
3807     0.184252
3808     0.009340
3809    -1.060755
3810     0.369227
3811    -0.171687
3812     0.533357
3813     2.474333
3814    -0.455402
3815    -0.292863
3816    -0.730456
3817     0.789959
3818     0.274949
3819    -1.025764
3820    -0.127037
3821     0.674046
3822    -1.407671
3823     0.336258
3824     2.620798
3825    -1.293343
3826    -0.299381
3827    -0.426306
3828     2.317119
3829     0.143027
3830    -0.948395
3831    -2.236438
3832     0.117169
3833    -0.822604
3834     2.118326
3835     0.261880
3836    -1.877584
3837    -2.188451
3838    -0.165113
3839     2.160137
3840    -0.560061
3841     0.387056
3842     1.431551
3843    -0.582737
3844     0.170380
3845    -0.140537
3846    -0.883641
3847    -0.383569
3848     0.756321
3849     1.298340
3850    -0.088616
3851    -0.152849
3852    -0.823772
3853    -0.241948
3854    -1.142075
3855     1.269602
3856    -0.272666
3857     0.276635
3858    -0.747503
3859     0.245994
3860    -0.192559
3861    -0.051269
3862     0.085185
3863    -0.038141
3864     0.142055
3865     1.101380
3866    -2.078018
3867     0.158172
3868     0.457917
3869    -1.803053
3870    -0.958930
3871    -0.138564
3872     0.702927
3873     1.545322
3874    -0.303736
3875     1.111718
3876    -0.010602
3877     0.642774
3878    -0.478304
3879    -0.401636
3880    -0.313411
3881     1.581551
3882    -0.724456
3883    -0.758492
3884     2.591190
3885    -0.592520
3886     0.305082
3887     0.523037
3888     1.309023
3889    -0.222561
3890    -0.423676
3891    -0.942537
3892     0.260887
3893    -2.166898
3894     1.829822
3895    -0.121377
3896    -2.686520
3897    -0.502146
3898    -0.811715
3899     2.327700
3900    -0.330587
3901     0.747702
3902     1.594963
3903    -1.152834
3904    -0.121342
3905     1.168624
3906    -0.982834
3907    -0.224267
3908     0.307352
3909     1.723220
3910     0.097483
3911    -0.035031
3912    -0.965837
3913    -0.742665
3914    -0.237392
3915     1.127182
3916    -0.063698
3917     0.122608
3918    -0.763410
3919     0.525083
3920     0.185797
3921    -0.296652
3922    -0.051846
3923    -0.085966
3924    -0.661887
3925    -0.005759
3926     0.652409
3927    -0.086137
3928     0.003455
3929    -0.366349
3930    -0.453853
3931     0.033905
3932     0.514285
3933     1.720799
3934    -0.144776
3935     0.118060
3936    -1.449026
3937     1.307963
3938    -1.233867
3939     2.170209
3940    -0.002532
3941     0.546347
3942    -1.943665
3943    -0.246809
3944    -0.016452
3945    -1.758238
3946    -0.226493
3947     1.670095
3948    -0.785565
3949    -0.360581
3950    -0.190594
3951     0.659005
3952    -0.075904
3953    -2.334451
3954     1.877431
3955    -0.205197
3956    -2.805018
3957     0.628266
3958    -0.243722
3959     0.424581
3960     1.393826
3961     0.250445
3962     1.287089
3963    -0.987443
3964    -0.054507
3965     1.512255
3966    -0.064811
3967    -1.223593
3968    -0.386787
3969    -0.463520
3970     0.646606
3971     0.719441
3972     0.530442
3973    -1.872460
3974    -1.428004
3975     0.150624
3976     0.356399
3977     0.927660
3978     0.371499
3979     0.823731
3980    -0.276632
3981    -0.006298
3982     0.384350
3983     0.621477
3984    -0.429510
3985    -0.135125
3986     0.538740
3987     1.746534
3988     0.713984
3989     0.438042
3990     0.716054
3991    -1.057412
3992    -0.370230
3993    -0.093729
3994     0.335224
3995     0.841554
3996     0.061513
3997     1.270815
3998    -2.684673
3999     0.083240
4000    -0.056017
4001     0.822822
4002     0.061758
4003    -0.612609
4004    -0.296095
4005    -0.427428
4006    -0.458679
4007     1.891142
4008    -0.092540
4009    -0.071982
4010     0.414424
4011    -1.373273
4012     1.082937
4013    -1.665809
4014     0.778938
4015     0.285004
4016    -3.258906
4017    -0.416523
4018    -0.607109
4019     0.352488
4020    -0.145526
4021     0.130988
4022     0.281911
4023     0.430575
4024     0.213636
4025     0.489951
4026     0.457900
4027    -0.198050
4028    -2.265040
4029    -1.316773
4030     0.216763
4031     0.761906
4032     1.150092
4033    -0.553726
4034    -2.425189
4035    -2.265629
4036     0.244865
4037     0.901434
4038     0.619553
4039    -0.257008
4040     1.805110
4041     1.511428
4042     0.074671
4043     0.665054
4044     0.386999
4045     0.272248
4046     0.273501
4047     0.413481
4048     0.612482
4049     0.537162
4050     0.694839
4051    -0.078671
4052    -2.020299
4053    -2.129196
4054     0.195238
4055     0.699599
4056     0.550004
4057    -0.246079
4058     1.284921
4059     0.832072
4060    -0.018523
4061     0.331017
4062     0.634801
4063    -0.340366
4064    -0.463038
4065     0.118300
4066    -0.348750
4067     0.849067
4068     0.698586
4069     0.422676
4070    -1.229047
4071    -2.164850
4072    -0.007134
4073     0.839300
4074     0.930566
4075     0.026217
4076    -1.144991
4077    -2.039571
4078    -0.361475
4079    -0.172329
4080     0.486823
4081     0.216990
4082     0.340072
4083    -0.304896
4084     0.107384
4085     0.232711
4086    -0.206036
4087     0.674220
4088    -1.002921
4089    -0.703447
4090    -0.402846
4091     0.186563
4092     0.085562
4093     0.252405
4094    -1.536179
4095    -1.096773
4096    -0.278473
4097     0.430477
4098    -0.353383
4099    -0.966538
4100     0.516405
4101     3.581176
4102    -0.108471
4103     0.828011
4104    -0.736210
4105     0.103782
4106    -0.005258
4107    -0.091146
4108     0.443324
4109     0.049069
4110    -0.317540
4111     0.643575
4112    -1.305883
4113    -1.026108
4114    -0.340874
4115     0.066200
4116    -0.143472
4117    -0.646704
4118     0.635624
4119     0.369330
4120    -0.277029
4121     0.077159
4122    -0.202379
4123    -0.397063
4124    -0.619410
4125    -0.461921
4126    -0.668813
4127     0.275181
4128     3.830229
4129     1.415264
4130    -0.201184
4131    -0.902737
4132    -0.198486
4133     0.945241
4134     0.508284
4135     0.926896
4136     0.263938
4137    -1.406691
4138    -0.498543
4139    -0.175816
4140    -0.421842
4141     1.069507
4142    -0.658514
4143    -0.696234
4144     0.443238
4145     0.367249
4146    -0.717217
4147     0.151293
4148    -1.631374
4149     0.361257
4150    -0.481444
4151     0.483149
4152    -0.114890
4153     0.359310
4154    -1.643691
4155    -0.967636
4156    -0.084357
4157    -0.387968
4158    -0.269005
4159    -0.393369
4160     0.321646
4161     3.603277
4162    -1.223549
4163     0.789699
4164     0.427263
4165     0.054586
4166    -0.462166
4167     0.096850
4168    -0.084224
4169     0.586962
4170    -0.036819
4171     0.850842
4172    -0.936767
4173    -1.442002
4174    -0.724807
4175    -0.136052
4176     0.284060
4177     0.838351
4178     0.557679
4179    -0.604708
4180    -1.050212
4181     0.025043
4182     0.719063
4183    -0.267318
4184    -0.866409
4185    -0.633203
4186    -0.406253
4187     1.713465
4188     2.307400
4189     0.694413
4190     1.057318
4191    -0.853289
4192     0.423578
4193     0.193638
4194     0.034172
4195    -0.073645
4196     0.943891
4197    -0.565763
4198    -0.095939
4199    -0.316795
4200    -0.932575
4201     1.221813
4202    -0.499247
4203     0.644379
4204    -0.194878
4205    -0.969417
4206     0.460716
4207     0.689957
4208     0.197528
4209    -1.408568
4210    -0.667085
4211    -0.452971
4212     0.182671
4213     0.959642
4214    -0.021761
4215     0.258712
4216    -0.379476
4217    -1.033242
4218     0.281305
4219    -1.061678
4220     0.077959
4221    -1.906638
4222    -1.433111
4223     0.169697
4224    -0.506834
4225    -0.345004
4226    -1.104317
4227     0.302092
4228    -0.566639
4229    -0.767906
4230     0.732333
4231     1.143839
4232    -0.159140
4233     0.142501
4234    -0.879089
4235    -0.568776
4236    -0.069205
4237     0.863981
4238    -0.583130
4239    -1.022851
4240    -1.236690
4241    -0.375362
4242     0.034899
4243     0.082631
4244    -0.265202
4245     0.279597
4246    -0.764408
4247     0.294227
4248     0.593506
4249     1.242220
4250     2.840964
4251     2.581978
4252     0.520818
4253     0.079203
4254    -0.695341
4255     0.570292
4256     3.301248
4257    -0.877005
4258     0.232866
4259    -0.160356
4260    -0.008246
4261     0.820249
4262     0.911504
4263     0.668316
4264    -0.815124
4265    -1.930045
4266     0.399861
4267     0.905795
4268     0.650280
4269    -0.879754
4270    -1.322836
4271    -0.766972
4272     0.521764
4273     0.430875
4274     0.945145
4275     0.620868
4276    -1.138311
4277    -1.192502
4278     0.503624
4279    -0.443712
4280    -0.392186
4281    -1.237900
4282    -0.768050
4283    -1.035373
4284    -0.692995
4285    -1.030385
4286    -1.199657
4287     0.533972
4288    -1.065633
4289    -1.470827
4290     0.690426
4291     0.464426
4292     0.855768
4293     0.514679
4294    -1.688812
4295     0.577306
4296     0.601272
4297     0.877276
4298     2.184086
4299    -0.216204
4300    -0.405778
4301    -1.764543
4302    -0.629365
4303     1.611797
4304     0.683365
4305    -0.585749
4306    -0.810587
4307    -0.981686
4308     0.388501
4309     0.553391
4310     1.095760
4311     1.472003
4312     1.516721
4313     0.810768
4314    -1.050185
4315     0.975087
4316     1.631126
4317    -1.131307
4318     1.333612
4319     0.388685
4320    -0.491827
4321     0.623194
4322     0.978423
4323    -1.086028
4324    -0.620676
4325    -1.299572
4326    -0.043058
4327     0.904200
4328     1.574845
4329    -0.964486
4330    -1.301028
4331    -1.241925
4332    -0.537672
4333     0.385167
4334     3.095286
4335     0.275340
4336    -0.972620
4337    -0.572519
4338    -0.599046
4339    -0.451312
4340    -1.572760
4341    -0.311093
4342    -0.812468
4343    -0.837327
4344     0.501021
4345    -0.844298
4346    -1.854985
4347     0.276080
4348    -0.853331
4349    -0.950753
4350    -0.006933
4351     0.418171
4352     1.612476
4353    -0.412852
4354    -1.530856
4355     0.176643
4356     1.088922
4357     0.884154
4358     1.039840
4359     0.780621
4360    -0.420976
4361    -1.129346
4362     0.013134
4363     1.417029
4364     1.379408
4365    -1.084419
4366    -0.550887
4367    -1.193116
4368    -0.203394
4369     0.460040
4370     1.172710
4371    -0.182925
4372     1.271615
4373    -0.684850
4374     0.751363
4375     0.625578
4376    -0.540724
4377     0.692786
4378     1.369305
4379     0.848246
4380     1.052639
4381     1.005012
4382     1.238827
4383    -0.065422
4384    -0.102083
4385    -0.074778
4386     0.636254
4387     1.961492
4388     1.612057
4389    -0.996880
4390    -0.949195
4391    -0.925444
4392     0.067619
4393     0.700325
4394     1.784065
4395     0.139908
4396     1.068986
4397     0.706505
4398    -0.888219
4399    -0.212138
4400    -0.041861
4401     0.858866
4402    -0.838264
4403    -1.275874
4404    -0.064344
4405    -0.395543
4406     0.056020
4407     1.299102
4408    -0.463373
4409     0.343582
4410     0.988044
4411     1.207752
4412     1.567255
4413    -0.217533
4414    -2.157824
4415     0.380348
4416     1.983712
4417    -0.783793
4418    -0.847657
4419    -0.078293
4420     1.162167
4421    -0.761726
4422    -1.419541
4423     1.092390
4424     0.256068
4425    -1.358791
4426    -0.229224
4427     0.090767
4428     0.786624
4429     0.299982
4430     0.377745
4431    -0.143805
4432    -1.152387
4433    -1.999948
4434    -0.491948
4435    -2.052312
4436    -1.677210
4437     0.264843
4438     0.838032
4439    -0.808741
4440    -1.300195
4441    -0.406417
4442    -0.349803
4443     0.649258
4444    -0.621268
4445     0.819421
4446     0.258263
4447    -0.290847
4448    -0.905028
4449     0.052588
4450    -0.902974
4451     0.350232
4452     0.091647
4453     2.912645
4454    -0.637455
4455    -0.689346
4456    -0.412790
4457     0.541968
4458    -0.052136
4459    -1.234658
4460     0.948081
4461    -0.198708
4462    -1.020192
4463    -0.982003
4464     0.614679
4465    -0.743774
4466     0.927858
4467     0.468838
4468    -0.740964
4469     1.051974
4470     0.338124
4471    -0.199653
4472    -0.662437
4473     0.564177
4474    -1.240042
4475     0.545097
4476     1.286865
4477    -0.704135
4478     0.471614
4479     0.048530
4480    -0.132434
4481    -0.807352
4482     0.016845
4483     3.123316
4484    -1.430825
4485    -1.559451
4486    -0.333269
4487     0.914979
4488     0.396435
4489    -0.801653
4490     0.869506
4491    -0.111593
4492     0.488227
4493    -0.225984
4494    -0.075567
4495     0.001630
4496    -0.029938
4497     0.286795
4498     3.259252
4499    -1.409906
4500    -2.386240
4501     0.961238
4502    -0.108007
4503     0.152582
4504     0.143840
4505     0.774292
4506     0.271255
4507     0.921698
4508    -1.493699
4509    -0.413991
4510     0.102726
4511     0.526468
4512    -0.365244
4513     0.319190
4514     0.403460
4515    -0.728705
4516     0.406795
4517     0.672623
4518    -0.130312
4519    -1.487148
4520     1.830561
4521     0.135366
4522    -0.628116
4523    -0.935067
4524     0.921104
4525     0.251370
4526     1.037179
4527     0.278047
4528     0.005141
4529     0.877214
4530     0.284046
4531     0.422837
4532    -0.122531
4533     0.885626
4534    -0.455276
4535    -0.205098
4536     1.120190
4537    -2.262007
4538    -1.050651
4539     0.557617
4540     0.321021
4541    -1.080673
4542     0.319558
4543     1.076554
4544    -0.251798
4545    -1.890774
4546     0.970091
4547     1.064477
4548    -0.068540
4549    -2.656524
4550     1.077108
4551     0.822050
4552     0.127355
4553    -0.668807
4554     0.659147
4555    -0.522147
4556    -2.489623
4557     0.150690
4558     1.981362
4559     0.142569
4560    -2.959713
4561    -0.412628
4562     1.252075
4563     0.201887
4564     0.699299
4565     0.581178
4566    -0.223442
4567    -0.145625
4568     0.430307
4569     0.093485
4570     0.280704
4571     0.736829
4572    -0.769586
4573    -3.442733
4574    -0.408769
4575     0.425570
4576     0.593110
4577     1.004189
4578    -0.334194
4579    -0.092241
4580     0.802272
4581    -0.102985
4582    -0.608528
4583     0.018981
4584     0.031890
4585     0.693334
4586     1.101842
4587    -0.001774
4588     0.429802
4589     0.551288
4590    -0.489878
4591    -0.431460
4592     1.047535
4593     0.313155
4594    -0.409065
4595     0.143710
4596    -0.081745
4597    -0.411398
4598    -2.335788
4599     0.812152
4600     0.235554
4601    -0.041455
4602    -0.221630
4603     0.984190
4604     0.969191
4605    -0.320137
4606     1.092863
4607     0.918797
4608    -0.532047
4609    -0.803437
4610    -1.357018
4611     1.122069
4612     0.412888
4613    -3.164986
4614     0.587000
4615     0.116060
4616    -3.445350
4617    -0.550041
4618     1.219310
4619     1.195170
4620     0.040252
4621    -0.816886
4622     1.030368
4623    -0.183772
4624     0.322610
4625     0.448735
4626    -0.607797
4627    -1.284985
4628    -0.029725
4629     0.683981
4630    -0.268110
4631     0.638411
4632    -0.907187
4633    -2.638914
4634     0.360142
4635     0.875024
4636    -0.155096
4637     0.912806
4638    -0.109799
4639     0.131740
4640     0.701000
4641    -0.818428
4642    -1.107014
4643     0.107261
4644     0.127539
4645     0.180831
4646     0.545552
4647    -0.539515
4648     0.126321
4649     0.650986
4650    -0.642538
4651    -1.702158
4652     0.337027
4653     0.860298
4654    -0.502230
4655     0.467033
4656    -0.081261
4657     1.276550
4658    -1.774922
4659     1.200653
4660    -0.112232
4661    -0.184992
4662    -0.546371
4663     0.228418
4664     0.831046
4665    -0.120647
4666     0.630024
4667     0.816715
4668    -0.696530
4669     1.013344
4670    -0.933915
4671     1.185792
4672     2.316437
4673    -3.011531
4674     0.329160
4675     1.870754
4676    -2.931185
4677    -0.192152
4678     0.490596
4679     1.019189
4680     0.183549
4681    -0.228325
4682     0.989177
4683    -0.158551
4684     0.706691
4685     0.227505
4686    -1.358405
4687    -2.053435
4688     0.067823
4689     1.847987
4690     0.295500
4691     0.587736
4692    -0.832217
4693    -1.173277
4694    -0.597549
4695    -0.186633
4696     0.299163
4697     0.824164
4698    -0.475651
4699     0.563277
4700     0.359699
4701    -1.544722
4702    -0.069925
4703    -0.111475
4704    -0.173267
4705     0.632149
4706     0.260547
4707    -1.252888
4708     0.537657
4709     0.376596
4710    -1.411404
4711    -2.234825
4712     0.357723
4713     1.945406
4714     0.194806
4715     0.319087
4716    -0.426959
4717    -0.505572
4718    -1.237362
4719     1.982270
4720     0.329293
4721     0.070064
4722    -0.416153
4723     0.322285
4724     0.937160
4725    -0.355591
4726     0.882642
4727     0.246863
4728    -1.760708
4729    -0.799644
4730    -0.812902
4731     2.267702
4732     1.022780
4733    -1.932302
4734     1.182983
4735     0.789164
4736    -2.074239
4737     1.116226
4738     0.489597
4739     1.141685
4740     0.010574
4741     0.487685
4742     0.482361
4743     0.247390
4744     0.895072
4745    -0.599966
4746    -1.524573
4747    -2.053470
4748     1.765797
4749     1.522211
4750     0.810130
4751    -0.081613
4752    -0.719311
4753    -0.341743
4754    -0.554496
4755     1.145665
4756     0.834111
4757     0.174446
4758    -0.371743
4759     0.887786
4760    -0.423474
4761    -1.529752
4762     0.510898
4763    -0.792357
4764     0.166207
4765     0.724023
4766    -0.724501
4767    -1.337785
4768     0.818461
4769    -0.390500
4770    -1.538785
4771    -1.776885
4772     1.338604
4773     1.511412
4774     0.687623
4775    -0.566206
4776     0.105023
4777    -2.135434
4778     0.231899
4779     1.189392
4780     1.024905
4781    -0.346388
4782    -0.287652
4783     1.035047
4784     0.665636
4785    -0.341366
4786     0.963181
4787    -0.800662
4788    -1.766402
4789    -1.746270
4790     0.588470
4791     1.301771
4792    -1.398369
4793    -0.307216
4794     1.201581
4795    -1.428491
4796    -0.424496
4797     0.852676
4798     1.201738
4799     0.764660
4800     0.174038
4801     0.143815
4802     0.221418
4803     0.216093
4804    -0.388785
4805    -1.211321
4806    -1.329781
4807    -1.329218
4808     2.276142
4809     1.916843
4810     0.416256
4811    -0.967712
4812    -0.919855
4813     0.502683
4814    -0.551339
4815     0.889359
4816     0.181215
4817    -0.202918
4818    -0.290050
4819    -0.135197
4820    -1.058163
4821    -1.722700
4822     0.101209
4823    -0.902011
4824    -0.146324
4825    -0.361706
4826    -1.266835
4827    -1.552420
4828    -0.310470
4829    -1.174357
4830    -1.467872
4831    -1.200329
4832     1.487766
4833     1.762187
4834     0.513876
4835    -0.866137
4836    -0.226678
4837    -0.249136
4838     1.311048
4839     1.691191
4840     0.874607
4841    -0.005074
4842    -0.853607
4843     1.095138
4844    -0.206003
4845    -0.209232
4846    -0.315098
4847    -1.356276
4848    -1.643155
4849    -0.227192
4850     1.256034
4851     1.525873
4852    -0.723241
4853     1.727645
4854     1.303453
4855     0.189388
4856     0.941335
4857     0.844433
4858     1.222183
4859     0.546757
4860     0.212240
4861     0.069387
4862     0.692999
4863     0.463363
4864     0.256174
4865    -1.321955
4866    -2.363073
4867    -1.269624
4868     1.435734
4869     0.982698
4870     0.458850
4871    -0.982851
4872    -0.848745
4873     1.451515
4874    -0.136796
4875     1.199799
4876     0.059576
4877     0.262603
4878     0.345372
4879    -0.525579
4880    -1.062107
4881    -1.851120
4882     1.003881
4883    -0.289914
4884     0.313185
4885    -0.428796
4886    -1.177214
4887    -1.529722
4888    -0.676011
4889    -1.226021
4890    -1.730380
4891    -1.000063
4892     0.468764
4893     0.652675
4894     0.610243
4895    -0.491803
4896     0.679558
4897    -0.181998
4898     0.694912
4899     1.008272
4900     1.078390
4901     0.460338
4902    -0.389701
4903     1.206224
4904    -0.098297
4905     0.158826
4906    -0.295840
4907    -1.131613
4908    -1.595926
4909    -0.121492
4910     0.618366
4911     0.877847
4912    -2.218913
4913     2.017319
4914     2.145230
4915     0.008425
4916     1.383082
4917     1.005147
4918     0.515653
4919    -0.115546
4920     0.476694
4921    -1.158326
4922    -0.503493
4923     0.984780
4924    -0.359011
4925     1.300848
4926    -1.143088
4927    -0.556351
4928    -0.023362
4929     0.523058
4930     0.632100
4931     1.110958
4932    -0.423762
4933     1.754919
4934    -0.732533
4935     1.186595
4936     0.218892
4937    -0.615038
4938    -0.170812
4939    -0.118611
4940     1.078475
4941    -1.969887
4942     1.140687
4943    -0.697214
4944     0.045451
4945     0.533309
4946     1.101671
4947    -1.602794
4948     0.355580
4949     1.133555
4950    -1.926337
4951    -1.057818
4952    -1.507898
4953     0.312307
4954    -0.142892
4955    -0.730622
4956     1.071350
4957     0.210588
4958     0.203910
4959     0.569311
4960     1.121455
4961    -0.747111
4962    -0.861580
4963     0.073871
4964    -0.771547
4965     0.784600
4966     0.220429
4967     1.102550
4968    -1.659181
4969     0.077977
4970     0.163015
4971     0.519488
4972    -2.987255
4973     0.321959
4974     2.391663
4975     0.180669
4976     0.550502
4977     0.696473
4978    -0.140211
4979    -1.738624
4980     0.672364
4981    -1.466567
4982    -0.549411
4983     0.574876
4984     0.932196
4985     2.253327
4986    -0.033287
4987     0.234836
4988    -0.527636
4989    -0.478976
4990     1.102278
4991     1.346125
4992    -0.646379
4993    -0.842357
4994    -1.897987
4995     0.935061
4996    -0.224947
4997    -0.454509
4998    -0.277785
4999     0.811154
5000     1.876165
5001    -1.110096
5002    -0.228137
5003    -0.933261
5004     0.110494
5005    -0.409359
5006     1.894669
5007    -0.165911
5008    -0.388351
5009     1.925166
5010    -0.748921
5011     1.329880
5012    -2.466119
5013    -0.792896
5014     0.603386
5015    -0.589260
5016     0.896650
5017    -0.311177
5018     0.215374
5019     0.294479
5020     0.940254
5021    -0.251918
5022    -0.280854
5023    -0.655041
5024    -0.727647
5025     0.714992
5026     0.545137
5027     2.194212
5028     0.001780
5029    -0.200127
5030     0.318804
5031     0.352649
5032    -0.972431
5033    -2.448577
5034    -0.211141
5035    -0.033084
5036     0.541428
5037     0.178827
5038    -0.767541
5039    -1.718945
5040     0.686437
5041    -1.237372
5042    -0.673602
5043     0.419945
5044     2.754049
5045     0.345211
5046     0.922398
5047    -1.139654
5048     0.706765
5049    -0.718298
5050     1.418624
5051     1.826495
5052    -0.833244
5053    -0.699322
5054    -0.429496
5055     0.579433
5056    -1.025965
5057     0.410202
5058    -0.587206
5059     0.879061
5060     0.536543
5061    -1.005281
5062    -2.379491
5063    -0.696310
5064     0.071844
5065     1.013180
5066     0.841530
5067     0.066845
5068     1.112751
5069     0.383548
5070    -0.388496
5071    -0.605398
5072    -0.639621
5073    -0.947642
5074    -0.294070
5075    -0.222985
5076     0.645925
5077     0.153931
5078     0.532448
5079     0.113558
5080    -0.370356
5081     1.759640
5082    -0.483182
5083    -0.803055
5084    -0.322697
5085     0.385474
5086    -0.043058
5087     0.293231
5088     0.510365
5089    -0.032571
5090     0.307778
5091     0.230997
5092     0.918269
5093    -4.148012
5094     0.466724
5095     0.888578
5096     0.547540
5097     0.105323
5098    -0.508132
5099    -1.358210
5100     0.444517
5101    -1.287608
5102    -0.984670
5103    -0.213208
5104     2.583610
5105     0.010344
5106    -0.144739
5107    -0.208169
5108     2.406869
5109     0.036736
5110    -0.210451
5111     0.183179
5112     0.562436
5113     0.155025
5114     0.969716
5115     1.151345
5116    -0.711378
5117     0.606797
5118    -1.037146
5119    -0.037674
5120    -0.758327
5121     0.405780
5122    -2.189392
5123    -0.816185
5124    -0.484859
5125     0.514755
5126    -0.045974
5127    -0.104956
5128     0.037429
5129    -1.078646
5130    -0.697731
5131     0.478782
5132     1.129642
5133    -0.569288
5134    -1.041398
5135    -1.190337
5136    -0.040520
5137     0.111107
5138     0.111285
5139     0.440537
5140    -0.797169
5141     1.180668
5142    -0.151864
5143    -0.223113
5144     0.288651
5145     1.203411
5146    -1.419763
5147    -1.261976
5148     0.826542
5149     0.711364
5150     1.058577
5151     0.589179
5152     1.860388
5153    -2.447654
5154    -1.385013
5155     1.832876
5156     1.801211
5157    -0.084194
5158    -0.159223
5159    -1.163171
5160    -0.302448
5161    -1.531462
5162     0.105213
5163    -0.694660
5164     0.765580
5165    -0.808480
5166    -1.305094
5167     0.159552
5168     1.899148
5169     0.256333
5170    -0.404420
5171    -1.946068
5172     0.164388
5173     1.024579
5174     1.059350
5175     1.953699
5176    -0.210648
5177     0.046008
5178    -0.658182
5179     0.695508
5180    -1.510300
5181     0.765708
5182    -1.761987
5183    -0.917210
5184    -0.835175
5185     0.309591
5186    -0.936342
5187    -0.496721
5188     0.154494
5189    -1.790040
5190    -0.800044
5191     0.747268
5192     1.956597
5193     0.029279
5194    -1.004139
5195    -0.591656
5196    -0.499840
5197     0.228244
5198     0.283222
5199     0.142737
5200    -0.677889
5201    -0.567413
5202    -0.366441
5203     0.108756
5204     0.368600
5205     1.038315
5206    -1.102514
5207    -1.988048
5208     0.291552
5209     0.572772
5210     1.815513
5211     0.564228
5212    -0.364380
5213     1.968113
5214    -0.040613
5215     1.804400
5216     2.024656
5217     0.299798
5218     0.486693
5219    -0.470862
5220     0.190734
5221    -1.815941
5222     0.719810
5223    -0.713245
5224    -0.633219
5225    -0.254514
5226    -0.808919
5227     0.782153
5228     0.990081
5229     0.316347
5230    -0.867690
5231    -1.661654
5232     0.257145
5233     1.653692
5234     0.658475
5235     1.358143
5236    -0.834065
5237    -0.793005
5238     0.129939
5239     0.925478
5240    -1.281121
5241     0.465229
5242    -1.478106
5243    -0.769511
5244    -0.700239
5245    -0.562233
5246    -0.975656
5247    -0.118230
5248    -0.482613
5249    -1.464031
5250    -0.499192
5251     1.155618
5252     1.735341
5253    -0.263686
5254    -1.517130
5255    -0.781892
5256    -0.118995
5257     0.043070
5258     0.513366
5259    -0.093136
5260    -0.917648
5261    -1.117631
5262     0.131643
5263     0.515333
5264     0.633955
5265     0.521536
5266    -1.619490
5267    -1.477094
5268     0.375281
5269     0.596537
5270     1.868029
5271     0.114192
5272     1.078145
5273     1.934529
5274    -0.320473
5275     2.855051
5276     1.279236
5277     0.240882
5278     1.123059
5279     0.243288
5280    -0.274222
5281    -2.476185
5282     0.381455
5283     0.724283
5284    -0.277754
5285    -0.104011
5286     0.723223
5287     0.467330
5288     0.771769
5289    -0.201909
5290    -0.309523
5291    -0.432533
5292     0.229561
5293     1.645676
5294     0.511111
5295     0.816239
5296    -1.124439
5297    -0.464264
5298     0.186527
5299     0.914117
5300    -1.601965
5301     0.190519
5302    -2.310760
5303    -1.559528
5304    -0.643422
5305    -0.055055
5306     0.108896
5307     0.313352
5308     0.342333
5309    -0.111855
5310    -0.713119
5311     0.818958
5312     0.473195
5313    -0.529021
5314    -2.379722
5315    -1.370743
5316    -0.063265
5317     0.349141
5318     1.520848
5319     0.264504
5320    -0.683952
5321     0.009458
5322    -0.285336
5323     0.306085
5324     0.731637
5325     0.644513
5326    -0.969982
5327     0.067417
5328     0.561205
5329     0.427404
5330     1.728946
5331     0.567524
5332     0.969903
5333    -1.633526
5334    -1.397325
5335     3.181109
5336     0.703186
5337    -0.937967
5338     1.165315
5339     0.270507
5340    -0.450089
5341    -2.066257
5342     0.415056
5343     1.056927
5344     0.568831
5345    -0.134675
5346     0.092352
5347    -0.006532
5348     0.993039
5349    -1.173440
5350     1.481145
5351    -1.206484
5352    -1.204038
5353     1.649379
5354     0.427648
5355     1.031466
5356    -1.265142
5357    -0.062047
5358    -0.822111
5359     0.866335
5360    -1.085362
5361    -0.222290
5362    -1.648715
5363    -1.166972
5364    -0.765354
5365     1.563758
5366    -0.674476
5367    -0.379826
5368     1.467863
5369    -0.449857
5370    -0.473058
5371     0.091065
5372     0.732632
5373     0.314085
5374    -1.463649
5375    -1.082162
5376    -0.334806
5377     0.617392
5378     1.220566
5379     0.998417
5380    -0.237100
5381     0.116960
5382    -0.950468
5383    -0.094321
5384     0.854655
5385     1.129143
5386     0.300577
5387    -0.252314
5388     0.328956
5389    -0.664664
5390     1.743941
5391     1.316793
5392    -2.858578
5393    -1.349334
5394    -0.550316
5395     0.735794
5396     1.026763
5397    -0.764159
5398     0.962818
5399    -0.067576
5400     1.371726
5401    -1.706503
5402     1.779179
5403     0.732437
5404    -0.174468
5405    -0.344369
5406    -0.377416
5407     0.465831
5408    -0.011367
5409    -0.609131
5410     0.003718
5411    -2.390420
5412    -1.058816
5413     2.347143
5414     0.669352
5415     1.646805
5416    -0.709809
5417    -0.743358
5418    -0.559314
5419     0.823299
5420    -1.223346
5421    -0.231185
5422    -1.269461
5423    -1.246701
5424    -0.771138
5425     0.711207
5426    -0.788944
5427    -0.660141
5428     0.622634
5429    -0.955117
5430    -0.631859
5431     0.512805
5432     1.438577
5433     0.413413
5434    -1.909419
5435    -0.564809
5436    -0.792866
5437     0.302620
5438     0.752906
5439     0.477420
5440    -0.280122
5441    -1.164214
5442    -0.613060
5443     0.625904
5444     0.811683
5445     1.116280
5446    -0.254138
5447    -1.183092
5448    -0.021580
5449    -0.297893
5450     2.344850
5451     1.015173
5452    -1.772334
5453     1.091368
5454     0.273505
5455     1.107592
5456     0.975243
5457    -0.344905
5458     0.851395
5459     0.752579
5460     0.996377
5461    -1.755988
5462     1.467192
5463     0.696109
5464    -0.721860
5465     0.654685
5466     0.286711
5467     0.495411
5468    -0.689372
5469    -0.496871
5470    -0.516289
5471    -1.560589
5472    -0.439795
5473     2.652731
5474     0.733487
5475     0.844181
5476    -0.534050
5477    -1.473308
5478    -0.651416
5479     0.718525
5480    -1.578697
5481    -0.222998
5482    -1.423951
5483    -1.528277
5484    -0.601799
5485     0.047763
5486     0.336030
5487     0.338196
5488     0.168324
5489    -0.436914
5490    -0.312509
5491     0.579725
5492     2.114971
5493    -0.203753
5494    -1.730772
5495    -1.652369
5496    -0.310426
5497    -0.064920
5498     1.792460
5499     0.637608
5500    -0.573482
5501    -0.904376
5502    -0.469200
5503     0.860000
5504     0.704485
5505     0.471038
5506    -0.556060
5507    -0.892785
5508     0.170173
5509    -0.053151
5510     1.828886
5511     0.678997
5512    -0.411143
5513     0.109095
5514    -0.745746
5515     2.241764
5516    -0.713766
5517    -0.572265
5518     0.577422
5519     1.689162
5520     0.903766
5521    -2.041969
5522     0.584696
5523     0.334542
5524     0.650236
5525     1.574564
5526     0.625024
5527     0.887532
5528     0.306181
5529    -0.664068
5530    -0.642186
5531    -1.110309
5532    -0.491496
5533     1.818320
5534     0.609319
5535    -0.148442
5536    -0.345843
5537    -0.587684
5538    -0.943142
5539     1.343267
5540    -0.189658
5541    -0.654663
5542    -1.234190
5543    -1.099576
5544    -0.254032
5545     0.034926
5546     0.326125
5547     0.754826
5548     1.229431
5549     0.656947
5550     0.117086
5551     0.264662
5552     1.444687
5553     0.368751
5554    -1.772935
5555    -1.299067
5556    -0.419457
5557    -0.527706
5558     0.799412
5559     0.833260
5560    -0.910579
5561    -0.911573
5562    -0.622314
5563     1.187482
5564     1.371715
5565     0.406976
5566    -1.055092
5567    -1.151466
5568    -0.365320
5569    -0.301488
5570     1.325226
5571     0.946895
5572    -0.604796
5573    -3.054164
5574    -0.543251
5575     1.241965
5576    -0.827928
5577    -1.164261
5578     0.778964
5579     1.232552
5580     1.883089
5581    -0.964170
5582    -0.150076
5583    -0.245744
5584     3.439532
5585     3.315817
5586     0.519628
5587     0.255003
5588     0.017641
5589     0.075010
5590    -0.752518
5591    -0.990482
5592    -0.441618
5593     0.515513
5594     1.334273
5595     0.794943
5596    -0.533311
5597    -0.614218
5598    -0.894870
5599     0.176583
5600     0.300219
5601    -0.004842
5602    -1.169504
5603    -0.982953
5604    -0.215375
5605    -0.854017
5606     1.632895
5607     1.173787
5608     0.136618
5609     0.822985
5610     0.175180
5611     0.391548
5612     0.323059
5613     0.340716
5614    -1.085879
5615    -1.363063
5616    -0.789496
5617    -0.382737
5618     0.228669
5619     0.191286
5620    -0.822019
5621    -1.043960
5622    -0.253468
5623     0.403391
5624     0.891232
5625     0.365690
5626    -0.769004
5627    -1.266184
5628    -0.338219
5629     0.133322
5630     0.620207
5631    -0.104210
5632     0.619781
5633    -2.826611
5634    -0.975767
5635     1.194902
5636    -1.332303
5637    -0.410777
5638     0.066966
5639     1.082854
5640     1.038144
5641    -1.063192
5642    -0.663376
5643    -0.656322
5644     3.316284
5645     3.064163
5646     1.270085
5647     0.246819
5648     0.263711
5649     0.639889
5650    -0.859896
5651    -0.575303
5652    -0.745012
5653     0.530992
5654    -0.534621
5655     0.142794
5656    -0.779595
5657    -0.785346
5658    -0.853653
5659     1.214637
5660     1.153591
5661     0.542129
5662    -0.996507
5663    -0.660986
5664     0.266513
5665     1.017507
5666     2.257304
5667     1.145671
5668     0.440061
5669     0.883964
5670     0.986005
5671    -0.006238
5672     0.145713
5673     0.462498
5674    -1.161693
5675    -1.034560
5676    -1.035494
5677    -0.664542
5678    -0.397244
5679    -0.170246
5680    -0.890653
5681    -0.628568
5682    -0.739381
5683     0.291197
5684     0.611052
5685     0.930275
5686    -0.894010
5687    -0.923125
5688    -0.636622
5689    -0.255032
5690     0.194118
5691    -0.573617
5692     0.118505
5693    -2.368351
5694    -1.040931
5695     0.553307
5696    -1.123346
5697    -0.598514
5698    -0.157951
5699     1.121212
5700     0.663931
5701    -0.795884
5702    -0.890135
5703    -0.546078
5704     3.027639
5705     3.158606
5706     1.391416
5707     0.023089
5708     0.273403
5709    -0.092538
5710    -0.905104
5711    -0.660601
5712    -0.579518
5713     0.143654
5714    -0.408106
5715    -0.301033
5716    -0.903597
5717    -0.728756
5718    -0.620389
5719     1.933907
5720     1.643153
5721     1.028400
5722    -1.108708
5723    -0.506660
5724     0.060933
5725     2.005171
5726     2.082042
5727     1.056985
5728     0.827828
5729     1.849599
5730     1.247572
5731    -0.042523
5732    -0.027275
5733    -0.203459
5734    -1.182811
5735    -0.843762
5736    -0.754838
5737    -0.754978
5738    -0.625988
5739    -0.104749
5740    -0.934480
5741    -0.656038
5742    -0.587466
5743     0.289229
5744    -0.221624
5745     0.630921
5746    -0.913536
5747    -0.789875
5748    -0.601651
5749    -0.129413
5750    -0.493705
5751    -0.297249
5752    -0.338927
5753    -1.595247
5754    -0.840603
5755    -0.182381
5756    -0.636360
5757    -0.445276
5758    -0.058175
5759     0.077327
5760     0.558619
5761    -0.831180
5762    -0.721604
5763    -0.465691
5764     3.185758
5765     2.719949
5766     1.865687
5767    -0.142510
5768    -0.347335
5769    -0.075997
5770    -0.971380
5771    -0.659203
5772    -0.462388
5773    -0.128628
5774    -0.696039
5775    -0.442513
5776    -0.938432
5777    -0.726150
5778    -0.418411
5779     1.919522
5780     1.933333
5781     0.697427
5782    -1.193086
5783    -0.550928
5784     0.024291
5785     2.576012
5786     1.894422
5787     1.521558
5788     0.933502
5789     2.076600
5790     1.110156
5791    -0.258691
5792    -0.200526
5793    -0.252911
5794    -0.855564
5795    -0.520688
5796    -0.357223
5797    -0.761732
5798    -0.368815
5799    -0.221148
5800    -0.945457
5801    -0.538575
5802    -0.455866
5803     0.020935
5804    -0.474723
5805     0.153675
5806    -0.629524
5807    -0.267050
5808    -0.619602
5809    -0.375209
5810    -0.729955
5811    -0.554000
5812    -0.070128
5813    -0.959424
5814    -0.805438
5815    -0.250434
5816    -0.392146
5817    -0.478728
5818    -0.283774
5819    -0.471142
5820     0.237121
5821    -0.514642
5822    -0.734224
5823    -0.465582
5824     2.716969
5825     2.361737
5826     1.279482
5827    -0.534614
5828    -0.321963
5829    -0.039470
5830    -0.678369
5831    -0.889914
5832    -0.423595
5833    -0.334356
5834    -0.828629
5835    -0.350756
5836    -0.673820
5837    -0.525679
5838    -0.498561
5839     1.819957
5840     2.353305
5841     0.815853
5842    -1.022470
5843    -0.362448
5844     0.037445
5845     2.551184
5846     2.090350
5847     1.824178
5848     1.905341
5849     2.389429
5850     1.014955
5851    -0.600932
5852    -0.390939
5853    -0.166774
5854    -0.667013
5855    -0.687750
5856    -0.266628
5857    -0.526910
5858    -0.549363
5859    -0.122038
5860    -0.523758
5861    -0.659033
5862    -0.482549
5863    -0.432126
5864    -0.180014
5865     0.020301
5866    -0.548930
5867    -0.515288
5868    -0.516895
5869    -0.477546
5870    -0.924613
5871    -0.461389
5872    -0.342321
5873    -0.941561
5874    -0.846137
5875    -0.372217
5876    -0.640698
5877    -0.363912
5878    -0.743427
5879    -0.042705
5880     0.012072
5881    -0.665003
5882    -0.558273
5883    -0.588971
5884     2.818151
5885     1.777492
5886     2.180950
5887    -0.457693
5888    -0.078958
5889    -0.045137
5890    -0.536481
5891    -0.830037
5892    -0.539840
5893    -0.620466
5894    -0.843883
5895    -0.169602
5896    -0.436580
5897    -0.276439
5898    -0.993564
5899     2.985313
5900     1.426625
5901     1.162347
5902    -1.881253
5903    -0.283217
5904     0.213680
5905     1.828860
5906     1.881233
5907     1.403161
5908     1.427623
5909     1.873940
5910     1.658340
5911    -0.487459
5912    -0.179049
5913    -0.178876
5914    -0.843330
5915    -0.774532
5916     0.031965
5917    -0.241985
5918    -0.440133
5919    -0.182462
5920    -0.204371
5921    -0.435617
5922    -1.092071
5923    -0.388741
5924     0.192692
5925    -0.129599
5926    -0.418878
5927    -0.193779
5928    -1.016085
5929    -0.584809
5930    -0.980141
5931    -0.299020
5932    -0.415617
5933    -0.868829
5934    -0.955230
5935    -0.534336
5936    -0.657303
5937    -0.125146
5938    -0.342945
5939     0.248208
5940    -0.334841
5941    -0.498432
5942    -0.323472
5943    -0.538528
5944     2.935938
5945     1.304587
5946     1.630114
5947    -0.163937
5948    -0.243973
5949     0.179666
5950    -0.329644
5951    -1.030818
5952    -0.455734
5953    -0.137836
5954    -0.460738
5955    -0.531201
5956    -1.006910
5957    -0.238697
5958    -0.485272
5959     3.219546
5960     1.081209
5961     0.695119
5962    -2.444138
5963     0.394766
5964     0.796576
5965     1.002246
5966     1.795683
5967     1.323173
5968     0.656710
5969     1.844893
5970     1.976295
5971    -0.612020
5972    -0.374149
5973     0.388175
5974    -0.423216
5975    -0.546841
5976    -0.342480
5977     0.342149
5978    -0.475522
5979    -0.316908
5980    -0.896391
5981    -0.307683
5982    -0.625483
5983    -0.434378
5984     0.014605
5985     0.405973
5986    -0.828175
5987    -0.067971
5988    -0.574211
5989    -0.111907
5990    -0.561839
5991    -0.764361
5992     0.197477
5993    -1.372845
5994    -1.954237
5995     0.072361
5996    -0.781970
5997    -1.149808
5998    -0.539441
5999     0.350774
6000     0.343129
6001    -0.967378
6002     0.081117
6003    -0.307241
6004     0.216617
6005     0.895022
6006     1.090426
6007     0.239859
6008     0.385632
6009     0.743848
6010    -0.507502
6011    -0.343645
6012    -0.033258
6013    -0.251906
6014    -0.724217
6015    -0.202073
6016    -1.207987
6017     0.487622
6018    -0.257953
6019     1.413307
6020     0.747369
6021     0.676302
6022    -3.850352
6023    -1.643698
6024    -0.276816
6025     3.025756
6026     1.232427
6027     1.276225
6028     2.278799
6029     0.709270
6030     1.290098
6031     0.372076
6032    -0.815515
6033     0.877764
6034    -0.606099
6035    -0.351309
6036    -0.424402
6037     0.754623
6038     0.248103
6039     0.018313
6040    -0.887616
6041     0.294615
6042    -0.810052
6043     0.667748
6044     0.180677
6045     0.577291
6046    -0.290179
6047     0.195903
6048    -1.199336
6049    -0.689468
6050     0.081591
6051    -0.686630
6052    -0.301898
6053    -1.294535
6054    -2.261636
6055     0.016669
6056    -0.553855
6057    -0.554255
6058     0.574932
6059     0.187426
6060     0.463386
6061    -0.738015
6062    -0.380944
6063    -1.134903
6064    -0.319687
6065     0.392335
6066    -0.341257
6067    -0.205342
6068     0.303772
6069     2.035910
6070     0.429282
6071    -0.786206
6072    -0.668096
6073     0.215712
6074    -0.160410
6075     1.698847
6076    -1.385221
6077     0.004288
6078    -1.962975
6079     0.284972
6080    -0.101465
6081     0.208840
6082    -2.743526
6083    -0.387315
6084    -0.205960
6085     1.127066
6086     0.926344
6087    -1.535941
6088     0.023060
6089     0.227674
6090    -1.907440
6091     1.285489
6092    -0.669706
6093     2.843286
6094     0.370229
6095    -0.053338
6096     0.137826
6097     0.751835
6098    -0.270710
6099    -0.255725
6100    -0.171417
6101     0.236499
6102    -1.745146
6103     0.418388
6104     0.249875
6105     2.231456
6106    -0.081261
6107    -0.016361
6108    -1.646029
6109    -0.210059
6110     0.479622
6111    -0.078958
6112    -0.294298
6113    -0.496230
6114    -0.665566
6115     1.045082
6116     0.242517
6117     0.875615
6118     0.197710
6119     0.259759
6120     2.116216
6121    -0.863459
6122    -0.420493
6123    -1.404813
6124    -0.094352
6125     0.752029
6126    -1.156601
6127    -0.252916
6128     0.163323
6129     2.228817
6130     0.818088
6131    -0.519732
6132    -1.618333
6133    -0.587946
6134    -0.254154
6135     2.366813
6136    -0.192054
6137    -0.306883
6138    -1.628661
6139    -1.042125
6140     0.824175
6141    -0.982957
6142    -0.455428
6143     0.066726
6144    -0.885383
6145     1.920619
6146     0.683108
6147    -1.424546
6148     0.768005
6149     0.011989
6150    -1.778631
6151    -0.225229
6152     0.104463
6153     1.988229
6154     0.474810
6155    -0.091223
6156    -0.122953
6157     0.146816
6158    -0.369103
6159     0.119303
6160     0.590928
6161    -0.072996
6162    -1.447647
6163    -0.065346
6164     0.188856
6165     2.439820
6166     0.369433
6167    -0.241868
6168    -1.356060
6169     0.242501
6170    -0.067829
6171     1.010395
6172    -1.583823
6173    -0.638455
6174     0.046284
6175     0.233873
6176     0.098132
6177     1.132989
6178    -0.202395
6179     0.089934
6180     2.473934
6181     0.418843
6182    -0.204232
6183    -1.450792
6184     0.449335
6185     1.619645
6186    -0.893343
6187    -0.795937
6188    -0.392659
6189     1.788029
6190     0.490335
6191    -0.392879
6192    -1.192768
6193     0.111048
6194    -0.892894
6195     2.208127
6196     0.455770
6197    -0.115720
6198    -1.394996
6199    -0.869393
6200     1.396397
6201    -1.887507
6202    -1.296913
6203     0.912226
6204     0.161167
6205     0.291622
6206     1.349852
6207    -1.289255
6208    -0.576389
6209     0.284780
6210    -1.680460
6211    -0.530037
6212    -0.505350
6213     1.379490
6214     0.136882
6215    -0.204694
6216     0.695377
6217    -0.184049
6218    -0.434899
6219     1.417497
6220     0.036158
6221    -0.060894
6222    -1.436745
6223    -0.278413
6224    -0.337427
6225     2.488550
6226     0.236961
6227    -0.215505
6228    -1.115015
6229     0.582224
6230    -0.587508
6231     0.607281
6232     0.940287
6233    -0.205189
6234    -1.181269
6235     0.663704
6236    -0.506341
6237     0.299906
6238    -0.282038
6239    -0.506710
6240     2.476725
6241    -0.126262
6242     0.121897
6243     0.005679
6244     0.707413
6245     2.485241
6246    -2.563083
6247    -0.660207
6248    -1.223838
6249     0.134052
6250     0.497920
6251    -0.500582
6252    -0.128276
6253     0.297793
6254    -0.383654
6255    -0.182751
6256     0.511235
6257    -0.417463
6258    -0.081660
6259    -1.124518
6260     1.487819
6261    -0.061889
6262    -0.770841
6263    -0.778703
6264     0.468420
6265     0.604530
6266     1.723634
6267    -2.446050
6268    -0.975481
6269     1.332849
6270     1.209022
6271    -0.897281
6272    -1.058090
6273     0.153093
6274     0.186337
6275    -0.141215
6276     0.353710
6277    -0.799215
6278    -0.897735
6279     3.175066
6280    -0.207629
6281    -0.725273
6282     0.262123
6283     0.070082
6284    -0.153751
6285     0.384567
6286     0.198475
6287    -0.616296
6288     0.636703
6289     0.782618
6290    -0.718546
6291     0.564059
6292     0.600657
6293     1.424476
6294    -1.616159
6295     0.681112
6296    -0.541887
6297    -0.111032
6298     0.423262
6299    -0.418885
6300    -0.155590
6301     0.318326
6302    -0.371221
6303    -0.563101
6304    -1.961993
6305     0.879487
6306    -1.072166
6307     0.332807
6308     0.898637
6309     0.277059
6310     0.702238
6311     0.051628
6312    -0.069232
6313    -0.074198
6314    -1.045914
6315    -0.375031
6316     0.893943
6317     0.006546
6318    -0.012103
6319    -1.709106
6320     1.368097
6321    -0.004562
6322     1.017160
6323     0.426997
6324    -0.296364
6325    -2.962421
6326    -0.152114
6327    -0.431433
6328    -2.876367
6329    -0.150623
6330     2.159729
6331     0.513377
6332     0.355437
6333    -0.376209
6334     0.686544
6335    -0.042116
6336    -0.015374
6337     1.312556
6338    -0.009975
6339     1.984611
6340     0.909417
6341     0.624611
6342    -0.131405
6343    -0.049373
6344    -0.296786
6345     0.193908
6346     0.640082
6347    -0.775345
6348     0.141242
6349     0.457174
6350    -0.532933
6351     1.265788
6352     0.707992
6353    -0.006792
6354    -2.020740
6355     1.130308
6356    -1.127878
6357    -0.837188
6358     0.011534
6359    -0.099743
6360     0.182572
6361     0.499167
6362    -0.539084
6363    -0.257913
6364    -0.746467
6365    -0.495824
6366    -1.734673
6367     0.742643
6368    -0.501931
6369     0.432969
6370     0.412235
6371     0.973221
6372     0.178737
6373    -0.696828
6374     0.054631
6375    -0.322358
6376     0.734456
6377     0.699453
6378     0.477135
6379    -1.050816
6380     0.212266
6381    -0.773980
6382     1.013564
6383     0.158850
6384     0.300341
6385    -2.552196
6386    -2.032401
6387    -0.358090
6388    -2.409446
6389    -2.141126
6390     2.243341
6391     0.408857
6392    -0.095707
6393    -0.010025
6394     0.281865
6395     1.187653
6396     0.434230
6397     0.999007
6398     0.262538
6399     0.592970
6400     0.933967
6401     0.399641
6402     0.543300
6403    -0.369646
6404     0.243065
6405     0.409790
6406     0.222273
6407     0.976892
6408     0.921558
6409     0.160785
6410     0.171394
6411     0.066790
6412     0.588182
6413     0.507033
6414    -3.077673
6415     1.031356
6416    -0.406701
6417    -0.112576
6418    -0.202959
6419     0.366135
6420     0.046129
6421    -0.045326
6422     1.679578
6423     0.289575
6424    -1.649718
6425    -1.804851
6426    -0.608397
6427    -0.561767
6428     1.853202
6429     0.946766
6430     0.446854
6431    -1.102983
6432     0.293196
6433    -0.264355
6434     0.049763
6435    -0.284039
6436     0.208603
6437     0.902537
6438     0.507000
6439     0.653904
6440    -1.940739
6441    -1.716543
6442    -0.028073
6443     1.778074
6444     0.585987
6445    -2.102910
6446     0.756909
6447    -0.672383
6448    -0.196078
6449    -2.053066
6450     1.086974
6451    -0.131867
6452     0.192032
6453    -0.104766
6454     0.489011
6455     1.977336
6456     0.186801
6457     0.751350
6458    -0.343794
6459     0.361054
6460     0.845997
6461    -0.944609
6462     0.382139
6463    -0.043849
6464     0.640984
6465     0.386821
6466     0.912029
6467    -1.452472
6468     0.845224
6469     0.196169
6470    -0.228892
6471    -0.156944
6472     0.533769
6473    -0.545919
6474    -2.672435
6475    -0.053389
6476     0.555812
6477     0.366151
6478     0.039644
6479     0.031099
6480    -0.022184
6481     0.517234
6482    -0.265465
6483    -0.289289
6484    -1.939905
6485    -0.507975
6486     1.295982
6487     1.711950
6488    -0.437554
6489    -1.202261
6490     0.017525
6491    -0.841937
6492     0.222258
6493     0.748556
6494     0.052484
6495    -1.367772
6496    -0.572796
6497     0.706131
6498     0.759303
6499    -0.741941
6500     0.256976
6501     0.199645
6502    -0.516996
6503     1.653960
6504     0.494714
6505     0.531349
6506    -1.997572
6507    -1.142036
6508     1.258647
6509    -1.459748
6510    -1.102765
6511    -1.074472
6512     0.401314
6513     1.041340
6514    -0.063296
6515     0.256533
6516     0.526672
6517    -0.186443
6518     2.208354
6519    -0.003267
6520     0.178346
6521    -1.523256
6522     0.799781
6523     0.489908
6524     1.568601
6525    -0.943746
6526     0.646240
6527    -1.250392
6528     0.086484
6529    -0.810321
6530     0.657681
6531     0.569764
6532    -0.880483
6533     1.474469
6534    -0.308966
6535     1.422653
6536    -2.475492
6537     0.001417
6538    -0.735755
6539     1.522887
6540     0.362743
6541     0.178131
6542    -0.211881
6543     0.000553
6544    -0.755153
6545    -0.901378
6546     1.001774
6547    -0.339324
6548     0.989864
6549    -1.119032
6550     0.835244
6551    -1.343533
6552    -0.212717
6553     0.519782
6554     0.027739
6555    -1.221526
6556    -0.593475
6557     0.508500
6558     0.371326
6559     1.406733
6560    -0.808149
6561    -0.117992
6562     0.172059
6563     0.813778
6564    -0.645222
6565     0.969605
6566    -1.832122
6567     0.348685
6568     0.200963
6569    -0.386647
6570     0.552640
6571    -0.722086
6572    -0.026304
6573     0.038848
6574     0.478567
6575    -0.254683
6576     0.863569
6577     0.792513
6578     1.000653
6579    -0.275080
6580     0.997298
6581    -1.816474
6582     1.507472
6583    -0.268765
6584     1.621350
6585    -2.302151
6586     0.925674
6587    -1.333815
6588     0.196794
6589    -0.721413
6590     0.439712
6591     0.886381
6592    -2.449600
6593     2.618265
6594     0.415480
6595    -0.278749
6596    -0.725192
6597     1.138339
6598    -1.348003
6599     1.620317
6600    -1.428142
6601     0.221231
6602     0.236271
6603    -0.200985
6604    -1.135044
6605    -0.811180
6606     0.984503
6607     0.624310
6608     1.504476
6609    -1.177094
6610     0.777488
6611    -1.430795
6612    -0.164449
6613     0.161322
6614     0.626041
6615    -1.880168
6616    -0.628044
6617     0.341638
6618     0.761163
6619     0.669288
6620    -1.200209
6621    -0.185431
6622     0.377161
6623     0.342902
6624    -0.325397
6625     0.461511
6626    -1.035152
6627    -0.582465
6628    -0.487605
6629    -1.095908
6630     0.814349
6631    -1.004831
6632    -1.251677
6633     0.851603
6634     0.218303
6635     0.318328
6636     0.273182
6637     0.520398
6638     0.076330
6639     0.044368
6640     0.773851
6641    -1.338503
6642     1.192650
6643     0.161001
6644     0.871151
6645    -1.783987
6646     0.817448
6647    -0.667148
6648    -0.446982
6649    -0.198854
6650    -0.005652
6651     1.645353
6652    -1.987390
6653     4.139652
6654    -0.253506
6655     0.875890
6656    -0.094373
6657     1.058944
6658    -1.217435
6659     0.473805
6660    -0.625652
6661    -0.408550
6662     0.287185
6663     0.384912
6664    -0.289843
6665    -0.852237
6666     0.779294
6667    -0.843366
6668     1.624179
6669    -1.055694
6670    -0.171305
6671    -1.648882
6672     0.679467
6673     0.038610
6674     0.651758
6675    -1.811152
6676    -0.380085
6677     0.522217
6678     0.788129
6679    -0.675376
6680    -1.377744
6681     0.865176
6682     0.842626
6683     0.386531
6684    -0.760181
6685    -0.052528
6686    -1.256834
6687     0.289415
6688    -0.114291
6689    -1.078248
6690     0.932154
6691     1.582470
6692    -1.811564
6693     0.588742
6694     0.605511
6695     0.469148
6696    -0.376928
6697     0.398251
6698     0.238336
6699    -0.618871
6700     0.539397
6701    -1.449939
6702     0.569932
6703    -0.081493
6704     0.793189
6705    -0.756098
6706    -0.350337
6707    -0.966281
6708     0.541022
6709     0.374929
6710     0.081771
6711     0.633233
6712    -0.663461
6713     4.641293
6714    -1.136568
6715     0.579778
6716     0.004259
6717     0.127060
6718    -0.930936
6719     0.741863
6720    -0.663047
6721    -0.476669
6722     0.870077
6723     0.307837
6724     0.001485
6725    -1.319525
6726     0.904463
6727    -0.153431
6728    -0.532085
6729    -0.949411
6730    -0.592410
6731    -0.888859
6732     0.028202
6733     0.293538
6734     0.079491
6735    -2.291267
6736    -0.238970
6737     0.591086
6738     1.271894
6739    -0.595492
6740    -1.182558
6741     0.056177
6742     0.168544
6743     0.348357
6744     1.136006
6745    -0.249046
6746    -0.731934
6747     0.002125
6748     0.203366
6749    -1.524531
6750     0.921117
6751     0.903119
6752     0.328945
6753    -1.997410
6754     0.324075
6755     1.040152
6756     0.551927
6757     0.060498
6758     0.717443
6759     0.370573
6760     0.109170
6761    -1.392780
6762     1.390154
6763     0.312771
6764     0.541310
6765    -1.783158
6766    -0.507665
6767    -1.621406
6768     1.628563
6769     0.246641
6770     1.012242
6771     0.442563
6772     0.217698
6773     3.592185
6774    -1.301473
6775     0.456284
6776    -0.017622
6777     0.740001
6778    -0.483506
6779     0.090012
6780    -1.428883
6781     0.035845
6782     1.029052
6783     0.058735
6784     0.641270
6785    -0.744760
6786     0.140099
6787    -0.494076
6788    -1.484189
6789     0.259673
6790     0.377677
6791    -1.140362
6792     0.172753
6793    -0.310872
6794    -1.809988
6795    -0.168191
6796     0.382839
6797     1.436189
6798     0.042769
6799    -0.106168
6800    -1.395639
6801     0.464877
6802    -0.144018
6803     1.351834
6804     0.075355
6805     0.025430
6806    -1.012373
6807     0.428784
6808     0.067362
6809    -0.693856
6810     0.259362
6811    -0.028530
6812    -1.503497
6813     0.129947
6814     0.054429
6815     1.276568
6816     0.570943
6817     0.155107
6818     1.432748
6819    -0.375309
6820     0.074736
6821    -0.554942
6822     0.416931
6823    -0.459355
6824    -1.501758
6825     0.465349
6826    -0.046176
6827    -0.112755
6828    -0.265865
6829     0.009120
6830     2.268948
6831    -0.658737
6832    -1.702756
6833     3.101699
6834    -0.052159
6835     2.002472
6836     1.570164
6837    -2.311406
6838    -0.534336
6839    -1.513084
6840     0.346089
6841     0.148422
6842    -0.277460
6843     0.337869
6844     0.347820
6845    -0.626394
6846     0.882458
6847    -0.872964
6848    -0.614168
6849     0.763074
6850     0.282057
6851    -0.246534
6852     0.197327
6853    -0.387803
6854    -1.122193
6855     0.122957
6856     0.509040
6857    -0.481200
6858     0.342647
6859     0.001558
6860    -0.750431
6861     0.165997
6862     0.069445
6863    -0.469616
6864     0.176951
6865     0.903458
6866    -0.344882
6867    -1.913996
6868     0.989730
6869    -0.468253
6870    -2.185450
6871    -0.273457
6872    -0.875529
6873     0.707716
6874     0.116849
6875    -0.362791
6876     0.919841
6877     0.325679
6878     1.942179
6879    -0.527921
6880     0.106263
6881    -0.091478
6882     0.415139
6883    -0.600984
6884    -0.489921
6885     0.696857
6886     0.735289
6887    -0.883060
6888    -1.787879
6889    -1.572394
6890     1.844671
6891     1.915964
6892    -1.457391
6893     3.808026
6894    -0.751917
6895     1.136485
6896     1.085942
6897    -0.741686
6898    -0.507099
6899    -0.576909
6900     0.264051
6901    -1.999568
6902    -0.749827
6903     0.292386
6904     0.894791
6905    -1.449953
6906     1.413346
6907     0.173632
6908     0.792025
6909     0.010842
6910    -0.979807
6911    -1.177849
6912     0.737156
6913     0.300895
6914     0.254666
6915    -0.455532
6916    -0.777781
6917    -1.265237
6918     0.663444
6919    -1.103837
6920    -1.121049
6921     0.279362
6922    -0.479472
6923    -0.684144
6924     0.316898
6925     1.650756
6926    -0.964759
6927    -1.380424
6928     1.358358
6929    -0.525769
6930    -1.939019
6931    -0.064141
6932     0.676353
6933    -0.167261
6934    -0.898185
6935    -0.366695
6936     0.771517
6937    -0.599417
6938     1.205513
6939    -0.146789
6940    -0.427000
6941     0.795560
6942    -0.053624
6943     0.126137
6944     0.263144
6945     0.336931
6946     1.024431
6947    -0.350814
6948    -2.009650
6949    -1.466068
6950     1.252046
6951     2.088498
6952     1.658898
6953     2.035197
6954    -0.115804
6955     1.519505
6956     1.130290
6957    -0.622384
6958     0.087873
6959     0.251304
6960    -0.019893
6961    -2.523189
6962     0.441658
6963     1.370912
6964     1.221830
6965    -2.412179
6966     1.210687
6967     0.650595
6968     0.296860
6969    -0.851457
6970    -1.790488
6971     0.622762
6972     1.415414
6973     0.778718
6974     0.310360
6975    -1.765727
6976    -1.416616
6977     1.013834
6978    -0.128912
6979    -0.604377
6980    -1.345601
6981     0.394867
6982    -0.295937
6983     0.015232
6984     0.152271
6985     1.248060
6986    -1.283103
6987    -0.154904
6988     0.891190
6989    -0.775635
6990    -0.354228
6991     0.277173
6992     0.624447
6993    -1.629471
6994    -0.394853
6995     0.283403
6996    -0.392581
6997    -0.027366
6998     0.439309
6999    -0.167605
7000     0.230928
7001    -0.123017
7002    -0.619990
7003     0.318752
7004     0.490919
7005    -1.247486
7006     0.558381
7007    -1.269912
7008    -0.133945
7009    -1.078921
7010     1.133577
7011     1.664344
7012     0.664344
7013     0.254344
7014     2.457577
7015     1.059455
7016     0.856431
7017    -0.010883
7018     0.232322
7019     0.426312
7020    -1.208883
7021    -0.677604
7022     0.889662
7023     0.546079
7024     0.140842
7025    -1.904804
7026     1.227433
7027     1.709189
7028     0.902356
7029    -1.223062
7030    -0.831404
7031    -0.251997
7032     1.364144
7033     1.724736
7034     0.598040
7035    -1.555610
7036     0.612265
7037     0.859243
7038    -0.549339
7039    -1.910573
7040    -2.023460
7041     0.847199
7042     0.576468
7043     0.824535
7044    -0.415323
7045    -1.282741
7046    -0.105329
7047    -0.250975
7048    -1.259718
7049    -0.036376
7050    -0.205471
7051     0.951960
7052     0.874056
7053    -1.454745
7054     0.960102
7055     0.452556
7056    -0.548082
7057    -0.442750
7058    -0.383400
7059     0.354774
7060    -0.811476
7061    -0.250931
7062    -0.136826
7063     1.167833
7064     0.568804
7065    -1.103849
7066    -0.794199
7067    -0.125571
7068    -0.170773
7069    -0.063656
7070    -0.050941
7071     1.573301
7072    -0.217161
7073    -2.121923
7074     2.554117
7075    -0.617852
7076     0.505829
7077     0.366094
7078     1.065741
7079     0.779649
7080    -1.219086
7081    -0.193780
7082     0.307973
7083    -0.393552
7084     0.307316
7085    -2.111382
7086     1.889445
7087     1.774371
7088     0.279642
7089    -1.123653
7090    -0.873191
7091     0.308202
7092     0.546128
7093     1.664079
7094     0.312535
7095    -1.406480
7096     1.145716
7097    -0.450956
7098    -0.973542
7099    -1.650386
7100    -1.513621
7101    -0.402004
7102     0.847794
7103     0.290293
7104    -0.680163
7105    -1.909128
7106     0.889710
7107     0.693559
7108    -1.315212
7109     0.184309
7110     0.800477
7111     1.088170
7112     0.410639
7113    -1.295928
7114     1.045371
7115     0.179282
7116    -0.681414
7117    -0.503903
7118     0.089025
7119    -0.003484
7120    -0.570304
7121    -1.161026
7122     1.368285
7123     1.062514
7124     0.462262
7125    -0.877043
7126    -0.811718
7127     0.344781
7128    -0.560954
7129     0.036979
7130     0.139517
7131     0.583388
7132    -1.644015
7133    -0.199954
7134     3.006199
7135    -0.527822
7136     0.680063
7137     0.579718
7138     1.027150
7139     0.558706
7140    -1.068982
7141     0.683995
7142     0.441720
7143    -0.518335
7144     0.600269
7145    -2.297989
7146     1.894657
7147     1.045217
7148     0.514195
7149    -1.112683
7150    -0.527268
7151     0.152508
7152     0.658593
7153     0.958100
7154     0.704956
7155    -1.492844
7156     1.351950
7157     0.271882
7158    -1.176135
7159    -1.569162
7160    -0.856608
7161    -0.558605
7162     0.254651
7163     0.683543
7164    -0.789514
7165    -0.263763
7166     0.363326
7167     0.519233
7168    -1.959897
7169    -0.378852
7170     0.937803
7171     0.732569
7172     0.512743
7173    -1.223892
7174     0.452578
7175     0.308634
7176    -0.616548
7177    -0.330056
7178     0.036824
7179     0.125562
7180    -1.260217
7181    -1.321359
7182     1.408957
7183     0.379114
7184     0.593464
7185    -0.837613
7186    -1.304676
7187     1.036388
7188    -0.791821
7189     1.399341
7190    -0.125080
7191     0.490997
7192    -1.083543
7193    -1.528294
7194     3.304817
7195    -0.287435
7196     0.445154
7197     0.719958
7198     0.728232
7199     0.442843
7200    -0.942587
7201    -0.761720
7202     0.276179
7203    -0.085243
7204     2.840973
7205    -3.037675
7206     0.108148
7207     0.331402
7208     0.246728
7209    -1.397888
7210     0.591592
7211     0.209263
7212     0.316654
7213    -1.188800
7214     0.715405
7215    -1.380363
7216     0.928662
7217     0.368074
7218    -0.381382
7219    -0.183079
7220    -0.745937
7221    -0.730823
7222    -1.155046
7223     0.811426
7224     0.012437
7225     0.636336
7226     0.847196
7227     1.451134
7228     0.731981
7229     0.650253
7230    -0.355690
7231    -0.235027
7232     0.403058
7233    -1.120597
7234    -0.336912
7235     0.139575
7236    -0.296231
7237     0.415698
7238     0.097913
7239     0.452063
7240     1.300590
7241    -0.910383
7242     0.654440
7243    -1.486165
7244     0.396235
7245    -0.830332
7246    -1.504830
7247     1.568333
7248    -0.047507
7249     0.858249
7250    -0.629429
7251     0.915280
7252     0.370869
7253    -2.021535
7254     2.093881
7255    -0.822858
7256     0.318613
7257     1.500320
7258    -1.331914
7259     0.296709
7260    -0.878301
7261    -1.590102
7262    -0.097290
7263     0.000861
7264     1.639753
7265    -3.036671
7266    -0.876018
7267     1.159584
7268    -0.467635
7269    -1.732467
7270    -0.392006
7271     1.710334
7272    -0.635422
7273    -0.569818
7274     0.114134
7275    -1.338544
7276     0.412545
7277    -0.757352
7278     0.225174
7279    -0.390675
7280    -1.834595
7281    -0.866421
7282    -0.684381
7283    -0.234715
7284     1.282088
7285    -0.769892
7286     1.331685
7287     1.721192
7288     0.951225
7289     1.178946
7290    -0.718314
7291     0.894200
7292    -0.204379
7293    -1.007722
7294    -0.241476
7295    -0.199042
7296    -0.254653
7297     0.359413
7298     0.241461
7299     0.442592
7300     1.689323
7301    -0.791602
7302     0.409087
7303    -0.652427
7304     0.053165
7305    -0.557442
7306    -0.420112
7307     1.998285
7308     0.505030
7309     0.118054
7310     0.006414
7311     0.462148
7312    -0.362864
7313     0.441018
7314     1.265081
7315    -0.828241
7316     0.736065
7317     2.227746
7318    -0.322103
7319    -0.188225
7320    -0.553997
7321    -1.791715
7322     0.172510
7323     0.908402
7324     1.042947
7325    -2.812123
7326     0.640815
7327    -0.012664
7328     0.604665
7329    -1.585820
7330     0.319655
7331     0.359145
7332     0.084110
7333    -0.388021
7334     0.426249
7335    -2.039109
7336    -0.977711
7337     0.742194
7338     1.076253
7339     0.261130
7340    -2.656259
7341     1.146165
7342    -1.193706
7343     0.601982
7344     0.688327
7345     0.327342
7346    -0.061983
7347     0.778625
7348     0.465954
7349     0.743971
7350     1.099275
7351     0.389485
7352     0.783299
7353    -2.242573
7354    -0.335298
7355     0.116513
7356    -0.725914
7357    -0.175723
7358     0.892079
7359    -0.095618
7360     0.539349
7361     0.395318
7362     0.392675
7363    -0.583716
7364     0.394210
7365    -1.197611
7366     0.381778
7367     0.518549
7368     1.092346
7369    -0.248267
7370     0.422050
7371     0.131451
7372     2.139040
7373    -1.364253
7374    -0.678011
7375     0.086638
7376    -0.489942
7377     1.881364
7378    -0.246498
7379     0.211827
7380    -1.355150
7381    -0.866513
7382    -0.578198
7383     0.926086
7384     0.443545
7385    -2.025069
7386     0.054363
7387    -0.356476
7388    -0.715591
7389    -1.073468
7390    -0.790039
7391     1.282879
7392     0.090977
7393    -0.160079
7394    -1.435995
7395    -1.303176
7396    -0.557696
7397    -0.917362
7398     2.128375
7399     0.282448
7400    -1.901197
7401     0.626282
7402     0.952816
7403    -0.411015
7404     0.844642
7405     0.455119
7406    -0.129360
7407     0.353712
7408     0.675000
7409     1.739702
7410     0.752192
7411    -0.353001
7412    -0.970292
7413    -1.380826
7414     0.159199
7415    -0.495513
7416    -0.755159
7417    -0.876090
7418     1.620274
7419    -0.210639
7420    -1.138591
7421     1.439144
7422     0.700526
7423    -0.099596
7424    -0.708140
7425    -0.975145
7426     1.020382
7427    -0.173482
7428     1.301206
7429    -0.662062
7430     1.391249
7431    -0.229903
7432     0.352143
7433     1.366657
7434    -1.231224
7435     1.807888
7436     1.949291
7437     0.676314
7438    -0.288396
7439    -0.327983
7440    -1.295135
7441    -0.903036
7442    -1.075903
7443     0.849612
7444    -0.010170
7445    -1.107328
7446     0.962578
7447    -0.616649
7448    -1.041652
7449     0.620865
7450    -0.618558
7451     1.073924
7452     0.307919
7453    -0.734018
7454    -0.941542
7455    -0.237938
7456    -0.536727
7457    -1.009696
7458     0.771548
7459    -0.222525
7460    -0.691786
7461     1.044961
7462     1.557589
7463    -0.693448
7464    -0.910112
7465     0.134742
7466     0.472325
7467     0.170659
7468     1.616097
7469     0.978193
7470    -0.962099
7471    -0.785676
7472    -1.061342
7473     0.707482
7474     0.083329
7475    -0.991962
7476     0.509449
7477    -0.785589
7478     1.458070
7479    -0.328139
7480    -0.879525
7481     0.741180
7482     0.838389
7483    -0.409602
7484    -0.805239
7485     0.442793
7486     1.572758
7487     0.710153
7488    -1.978877
7489    -0.642815
7490     1.140254
7491     0.022951
7492     0.127135
7493     1.702928
7494    -1.596175
7495     2.432925
7496     2.063703
7497    -1.666002
7498    -0.379686
7499    -0.920832
7500     0.430134
7501     0.855443
7502    -0.581849
7503     0.264955
7504     0.538113
7505    -0.826887
7506     0.757716
7507    -0.935821
7508    -0.244429
7509     0.305000
7510     0.466656
7511     0.030393
7512     0.538182
7513    -1.299655
7514    -1.554861
7515    -0.535399
7516     0.697875
7517    -0.111301
7518     0.156770
7519     0.250222
7520    -0.882715
7521     1.654392
7522     0.279898
7523     0.067976
7524    -0.810132
7525    -0.140746
7526    -0.038993
7527     0.351978
7528     1.076521
7529    -0.057374
7530    -0.395443
7531    -0.361759
7532    -0.511619
7533     0.120078
7534     0.069192
7535    -0.069168
7536     0.250544
7537     0.624174
7538     0.221326
7539    -0.431326
7540     0.412828
7541     0.588403
7542     0.824429
7543    -0.500572
7544    -0.703821
7545     0.228493
7546    -0.008010
7547    -0.835886
7548    -0.543490
7549     0.367139
7550     0.545934
7551    -0.280040
7552    -2.982408
7553     3.238638
7554    -1.375072
7555     0.842869
7556     2.964111
7557    -1.305724
7558    -0.251960
7559    -1.237878
7560     0.224089
7561     0.896052
7562     0.068650
7563    -0.012174
7564     0.468953
7565    -0.426637
7566     0.551895
7567    -0.661834
7568    -1.082486
7569     1.008822
7570     0.554369
7571    -0.090400
7572    -0.356159
7573    -1.519916
7574    -0.685389
7575    -0.850201
7576     0.793501
7577     0.052308
7578     0.270442
7579     0.338691
7580    -0.878126
7581     0.210787
7582     0.189962
7583     0.359453
7584    -0.422470
7585    -0.417067
7586    -0.040497
7587     0.422206
7588     0.929463
7589    -0.756916
7590     0.334429
7591    -0.580765
7592    -0.909777
7593     0.566552
7594    -0.023183
7595    -0.184557
7596     0.073208
7597     0.659011
7598    -0.567481
7599    -0.475972
7600     0.500084
7601    -1.357985
7602     0.688193
7603    -0.318963
7604    -0.698499
7605    -0.081774
7606    -0.009902
7607     0.638353
7608     0.639423
7609     0.460205
7610     0.252224
7611    -1.472343
7612    -2.907052
7613     2.600167
7614    -0.072875
7615     0.860552
7616     3.982450
7617    -1.223231
7618    -0.212161
7619    -0.274855
7620     0.201243
7621     0.465697
7622     1.932086
7623    -0.859649
7624     1.150120
7625    -0.755599
7626    -0.188265
7627    -0.694884
7628     1.134976
7629    -0.350227
7630     0.780968
7631    -0.885976
7632     0.120149
7633    -1.365833
7634    -0.780910
7635    -1.104464
7636     0.885509
7637    -0.185838
7638     0.261257
7639    -0.154851
7640    -0.645072
7641     0.243319
7642     0.224126
7643    -0.724479
7644     0.447549
7645     0.750778
7646    -0.735244
7647    -0.308312
7648     0.717327
7649    -0.923805
7650     0.364960
7651    -0.578569
7652     0.628638
7653    -0.867384
7654     0.977837
7655    -1.461854
7656    -0.177999
7657     0.203656
7658    -0.882849
7659     0.031017
7660     0.667245
7661    -0.718146
7662    -0.226221
7663    -0.490084
7664     0.611959
7665    -0.644803
7666     0.788130
7667     0.342687
7668    -0.060086
7669     0.085715
7670    -1.429497
7671     0.384193
7672    -2.392109
7673     1.385415
7674     0.526050
7675    -1.326060
7676     2.944226
7677     2.598239
7678    -0.694720
7679     1.149283
7680    -0.189322
7681     0.242536
7682     2.039551
7683    -0.813867
7684     0.262958
7685    -1.604931
7686    -0.009082
7687    -0.840626
7688     0.782125
7689     0.026048
7690     0.410745
7691    -0.224209
7692     0.378243
7693     0.387300
7694     0.470253
7695     0.301796
7696     0.340052
7697    -0.616555
7698    -0.625152
7699    -0.287921
7700     0.371614
7701     0.396108
7702    -0.194862
7703    -0.947571
7704    -1.058817
7705     1.529119
7706    -0.205096
7707     0.246984
7708     0.517264
7709     0.380442
7710     0.131442
7711     1.290505
7712     1.529118
7713     2.180040
7714     0.271321
7715    -2.298527
7716    -2.394978
7717    -0.251087
7718    -0.678221
7719    -0.569227
7720     0.351375
7721    -0.137709
7722    -0.951604
7723    -0.190555
7724     1.587488
7725     0.467202
7726    -0.045630
7727    -0.881431
7728     0.350619
7729    -0.204287
7730    -0.593430
7731    -1.109339
7732    -2.798482
7733    -1.060240
7734     1.571408
7735    -0.131953
7736     0.666201
7737     1.310453
7738    -0.657775
7739     1.421127
7740     0.171724
7741    -0.645248
7742     1.792946
7743    -0.011997
7744    -0.130598
7745    -0.557538
7746    -0.163955
7747    -1.209593
7748     0.927049
7749     0.180212
7750     0.130463
7751    -0.066323
7752    -0.113434
7753     1.179361
7754    -1.109991
7755     0.072786
7756    -0.647656
7757     0.494184
7758     0.986755
7759     0.545481
7760    -0.702949
7761    -1.181310
7762    -0.775062
7763     0.134091
7764     1.113686
7765    -0.311987
7766     0.880535
7767     0.929497
7768    -0.292584
7769     0.809025
7770    -0.804026
7771     1.398682
7772    -0.085082
7773     0.669181
7774    -1.148258
7775    -0.073696
7776    -1.310887
7777     1.161927
7778    -1.792153
7779     0.622502
7780    -0.167346
7781     0.405837
7782     0.429984
7783    -1.388153
7784     2.791676
7785    -0.809735
7786     0.012965
7787    -0.600175
7788    -0.240832
7789     1.500396
7790    -1.979996
7791     0.064081
7792     1.639023
7793    -2.902244
7794     0.475718
7795     0.332919
7796    -0.007599
7797    -0.689614
7798    -1.184733
7799     1.642402
7800    -0.218614
7801    -0.643052
7802     2.038538
7803     0.281261
7804    -0.209730
7805    -1.222045
7806     0.997951
7807    -0.982066
7808     1.311387
7809     0.357201
7810    -0.127151
7811    -1.017515
7812     0.922363
7813     0.447905
7814     0.913098
7815    -0.310400
7816    -0.112823
7817    -1.064506
7818     0.153596
7819    -0.028005
7820    -0.621515
7821     0.552077
7822    -0.098509
7823    -1.650430
7824     0.408448
7825     0.191847
7826    -1.365894
7827     0.397456
7828     0.067424
7829    -1.352389
7830     1.231782
7831     0.959093
7832     0.210480
7833    -1.082059
7834    -0.583642
7835     1.770985
7836    -1.127548
7837     0.664442
7838     0.407766
7839    -0.658153
7840    -0.179077
7841    -0.966496
7842     0.628455
7843    -0.843126
7844     2.125820
7845    -0.807777
7846    -0.230354
7847    -0.961968
7848     1.009948
7849     0.732675
7850     0.228911
7851    -0.898916
7852     1.219735
7853    -2.387229
7854    -1.038353
7855     0.703318
7856     1.707312
7857    -1.961418
7858    -0.948906
7859     1.895689
7860     0.944086
7861    -0.766946
7862     1.095112
7863    -0.219208
7864     0.727731
7865    -1.116927
7866     1.083112
7867    -0.981398
7868     1.864499
7869     1.559442
7870     0.761258
7871    -1.033880
7872     1.002899
7873     0.080531
7874     0.251630
7875    -1.008842
7876    -0.557403
7877    -0.291136
7878     0.627643
7879     0.534225
7880    -0.814905
7881     0.537285
7882    -0.203879
7883    -0.972169
7884     0.885655
7885     0.581367
7886    -0.984833
7887     1.095079
7888     0.819508
7889    -1.293932
7890     1.008424
7891    -0.028149
7892     0.200322
7893    -1.092889
7894    -0.745448
7895     0.954998
7896    -0.908863
7897    -0.543587
7898     0.642833
7899    -0.465480
7900     0.288464
7901    -0.973321
7902     0.761589
7903    -1.626671
7904     2.907629
7905     0.022257
7906     0.753021
7907    -0.994089
7908     1.047565
7909     0.489132
7910    -0.257009
7911    -1.731411
7912     0.435779
7913    -1.268882
7914    -0.008626
7915     0.631728
7916     0.694261
7917    -2.751229
7918    -0.649263
7919     1.389799
7920    -1.444401
7921    -2.159262
7922     2.942078
7923     1.390712
7924     0.331171
7925    -1.380603
7926    -0.260986
7927    -0.824640
7928     0.892128
7929     1.544304
7930     0.069396
7931    -0.954278
7932    -0.430421
7933    -0.216438
7934     0.742474
7935     1.235228
7936     0.108309
7937    -0.941942
7938    -0.991228
7939    -0.142203
7940    -0.611943
7941    -1.006623
7942    -0.059470
7943    -0.344667
7944    -0.864532
7945     0.616866
7946    -0.846271
7947    -0.340834
7948     0.253100
7949    -0.532416
7950    -0.412391
7951     1.527386
7952    -0.514249
7953     0.537855
7954    -1.025842
7955     1.548175
7956     1.400922
7957     1.661210
7958     0.171819
7959     1.093558
7960    -0.171320
7961    -0.283076
7962    -0.743092
7963    -1.518456
7964     1.969322
7965    -0.254192
7966    -0.093202
7967    -0.915462
7968    -0.169379
7969     0.943373
7970    -0.662714
7971     0.339213
7972     0.213993
7973    -1.797301
7974    -1.390180
7975     1.685652
7976     0.535535
7977    -0.517700
7978    -1.199624
7979     0.983390
7980    -0.160236
7981     0.366806
7982     2.423906
7983     1.878962
7984    -0.482375
7985    -1.212273
7986    -0.400828
7987    -1.214879
7988     0.941449
7989     1.860521
7990    -0.791428
7991    -0.703519
7992    -0.500688
7993    -0.253951
7994     0.051587
7995    -0.708992
7996    -0.266383
7997    -1.205873
7998    -1.031193
7999    -0.278344
8000    -0.962864
8001    -0.800357
8002    -0.495702
8003    -0.652758
8004    -0.861233
8005    -0.583143
8006    -0.300239
8007    -0.474331
8008    -0.778232
8009    -0.167158
8010    -0.370046
8011     0.746872
8012    -0.771448
8013    -0.890893
8014     1.968851
8015     1.226271
8016     0.930885
8017     1.867584
8018     0.062460
8019     1.888885
8020    -0.728485
8021    -0.009551
8022    -0.064905
8023     0.501397
8024     2.162646
8025     1.121379
8026    -0.632084
8027    -0.952481
8028    -0.056134
8029    -0.438848
8030    -0.072030
8031    -0.515653
8032     0.102024
8033    -1.957232
8034    -0.998043
8035     0.698118
8036     0.241303
8037    -1.345229
8038     0.692202
8039     1.857805
8040     1.337893
8041     2.067645
8042     2.640203
8043    -0.055671
8044    -0.542702
8045    -0.540200
8046     0.670288
8047    -1.019202
8048    -0.383711
8049     0.356862
8050    -0.935910
8051    -0.979415
8052     0.264145
8053    -1.043705
8054     0.175486
8055     0.246202
8056    -0.153442
8057    -0.083094
8058     0.020613
8059    -0.425593
8060    -0.913189
8061     0.112247
8062    -0.614864
8063    -0.254437
8064     0.164903
8065    -0.512853
8066    -0.541895
8067     0.245873
8068    -0.870778
8069    -0.865830
8070     0.076635
8071    -0.483628
8072    -0.274274
8073     0.096828
8074     0.751867
8075     0.164227
8076     0.770102
8077    -0.872612
8078    -0.090258
8079     0.842282
8080    -0.432524
8081    -1.335134
8082    -0.990658
8083     2.076795
8084     2.480353
8085    -1.242966
8086    -0.641619
8087    -1.150135
8088     0.771132
8089    -0.395661
8090    -0.283926
8091     0.268783
8092     1.714973
8093    -1.581091
8094    -1.313195
8095    -0.061985
8096     1.369960
8097    -0.234328
8098     2.395798
8099     2.446359
8100    -1.070078
8101     0.828852
8102     2.284367
8103    -1.254017
8104    -0.778827
8105    -0.667512
8106     0.573112
8107    -0.431957
8108    -0.264001
8109     1.091094
8110    -0.549094
8111    -0.938566
8112     0.498166
8113    -0.239969
8114     0.106837
8115     0.677027
8116    -0.485610
8117    -0.194655
8118     0.614564
8119    -0.080697
8120    -0.782282
8121     0.702689
8122    -0.311359
8123    -0.390300
8124     0.459982
8125    -0.388377
8126    -0.664113
8127     0.086092
8128    -0.422307
8129    -0.871174
8130     0.049882
8131    -0.411537
8132    -0.453136
8133     0.143556
8134    -0.179113
8135     0.036787
8136     0.346030
8137    -0.587616
8138    -0.145722
8139    -0.096221
8140    -0.362830
8141    -0.666534
8142     0.594143
8143     1.635679
8144     2.721082
8145    -2.758119
8146    -0.555176
8147    -1.166043
8148     0.379255
8149    -0.103848
8150    -0.399998
8151     0.531067
8152     2.071032
8153    -1.099537
8154    -0.260188
8155    -0.835949
8156     0.951358
8157     0.141699
8158     2.188701
8159     2.603144
8160    -2.519812
8161     1.582081
8162     3.017844
8163    -1.785492
8164    -0.846229
8165    -0.625507
8166     0.284877
8167    -0.454938
8168     0.587621
8169     0.775113
8170    -0.321769
8171    -0.862894
8172     0.674188
8173     0.074978
8174     0.321146
8175     0.878429
8176    -0.825519
8177    -0.578728
8178     0.053347
8179     0.002692
8180    -0.911387
8181     0.242956
8182    -0.147062
8183    -0.663105
8184     0.472255
8185    -0.354211
8186    -1.068047
8187    -0.298257
8188    -0.055547
8189    -0.951834
8190     0.613084
8191    -0.031374
8192    -0.573329
8193     0.800539
8194    -0.265837
8195    -0.558585
8196     0.207636
8197    -0.240146
8198     0.919093
8199     0.649197
8200     0.032550
8201    -0.530626
8202     0.947956
8203     0.782251
8204     2.542197
8205    -1.763560
8206    -0.448235
8207    -0.906681
8208     0.072772
8209     0.162643
8210    -0.668043
8211     0.501185
8212     1.323426
8213    -2.182365
8214    -2.232922
8215    -0.946294
8216     1.138751
8217     0.043151
8218     0.976539
8219     2.554478
8220    -1.136454
8221     0.235993
8222    -1.154669
8223    -1.685762
8224    -0.273349
8225    -0.053656
8226     0.609694
8227    -0.154021
8228     0.543055
8229     0.108780
8230    -0.488123
8231    -0.058519
8232     0.752885
8233    -0.175870
8234     1.402155
8235     0.873781
8236    -0.408719
8237     0.124899
8238     0.338840
8239    -0.260638
8240     0.328213
8241     0.691883
8242    -0.261963
8243     0.299087
8244     0.567078
8245    -0.219860
8246     0.132187
8247     0.630251
8248     0.213069
8249    -0.630832
8250     0.393489
8251    -0.282418
8252     0.500157
8253     1.036271
8254    -0.335817
8255     0.125914
8256     0.016958
8257    -0.513885
8258     1.161706
8259    -0.191378
8260    -0.338637
8261     0.337778
8262     0.877297
8263    -0.122924
8264    -0.960839
8265    -2.855604
8266    -0.034975
8267    -0.039146
8268     0.618301
8269     0.248565
8270     0.111957
8271     0.550163
8272     3.246808
8273    -3.113524
8274    -2.583434
8275    -0.344929
8276     2.327879
8277     0.841323
8278     0.271693
8279    -1.383800
8280    -1.590817
8281     2.088846
8282    -1.789459
8283    -1.779513
8284    -0.856575
8285    -0.538886
8286    -0.442327
8287     0.669441
8288    -0.169780
8289     0.527368
8290    -0.459414
8291     0.702160
8292     1.839931
8293    -0.630241
8294     0.740155
8295     1.071198
8296    -0.476351
8297    -0.339330
8298     0.038764
8299    -0.573865
8300    -0.003521
8301    -0.001862
8302    -0.517278
8303    -0.358106
8304    -0.065947
8305    -0.415216
8306    -0.184907
8307     0.073901
8308     1.145385
8309    -0.722821
8310     0.334342
8311    -0.426195
8312     0.760829
8313     1.299715
8314    -0.260744
8315    -0.640297
8316    -0.419401
8317    -0.633746
8318     0.695748
8319    -0.214527
8320    -0.316585
8321     0.010339
8322     1.657838
8323     0.987968
8324    -0.591259
8325    -2.976503
8326    -0.457234
8327    -0.173819
8328    -0.693991
8329     0.743401
8330    -1.021950
8331     0.018548
8332    -0.020408
8333     0.400545
8334     0.428411
8335    -0.726430
8336     3.170540
8337     1.605057
8338     1.135239
8339     0.053820
8340    -2.301003
8341    -0.342441
8342    -1.013469
8343    -0.524369
8344    -0.357351
8345    -1.081828
8346     0.748899
8347     2.230604
8348    -1.433151
8349    -1.063216
8350    -0.239251
8351     0.173518
8352     0.593869
8353     0.769844
8354     0.450013
8355     1.172920
8356    -0.349564
8357    -0.400507
8358     0.618599
8359    -0.241473
8360    -0.049108
8361     0.030085
8362    -0.366349
8363    -0.657052
8364    -0.255253
8365    -0.320965
8366    -0.137717
8367     0.131165
8368    -0.116715
8369    -0.127567
8370     0.262855
8371    -0.323094
8372     1.018903
8373     0.170533
8374    -0.317399
8375    -0.693423
8376     0.307784
8377     1.373957
8378    -0.333143
8379    -1.027275
8380    -0.147278
8381    -1.314468
8382    -0.093217
8383    -0.239555
8384     0.439814
8385     0.405677
8386    -0.356380
8387    -0.050582
8388    -0.215319
8389     0.102373
8390    -1.041723
8391     0.256812
8392    -0.196121
8393    -0.150210
8394    -2.672229
8395    -0.509640
8396     4.771702
8397     0.515128
8398    -0.053200
8399     1.629996
8400     0.636554
8401     0.021877
8402    -0.419044
8403     0.437462
8404    -0.898928
8405     0.350366
8406     0.142727
8407     1.639387
8408     0.491823
8409    -3.282047
8410    -0.318070
8411     0.250021
8412     0.505291
8413    -0.032195
8414     1.921090
8415     0.228759
8416    -0.206167
8417    -0.208882
8418     1.203093
8419     0.285915
8420    -0.032599
8421     0.600528
8422    -0.313716
8423    -0.256720
8424    -0.301751
8425     0.035040
8426     0.451311
8427     0.814068
8428    -0.221636
8429     0.083067
8430     0.194479
8431    -0.189288
8432     2.333079
8433     0.261378
8434    -0.503807
8435     0.000749
8436     0.286117
8437     0.706304
8438    -0.109476
8439    -3.440885
8440    -0.208952
8441    -0.904156
8442    -0.210915
8443    -0.146698
8444    -1.422466
8445     0.334187
8446     0.068010
8447     0.334916
8448     0.828489
8449     0.253064
8450    -1.017140
8451     0.689952
8452     1.041627
8453    -1.078832
8454    -0.728216
8455    -0.973928
8456     0.039465
8457     0.718438
8458    -0.037840
8459    -0.806572
8460     0.718844
8461     0.019113
8462    -0.350901
8463    -0.352883
8464    -0.290971
8465    -0.162777
8466    -0.130859
8467    -0.340620
8468     1.788906
8469    -0.228485
8470     0.210155
8471    -0.190409
8472     0.329162
8473    -0.634645
8474     2.587828
8475    -0.562089
8476     0.364864
8477    -0.387213
8478     0.144182
8479    -0.257079
8480     0.682374
8481    -0.554218
8482     0.124917
8483    -0.649539
8484    -0.072534
8485     0.757868
8486     0.220317
8487     1.004461
8488    -0.082163
8489    -0.002268
8490    -0.069364
8491    -0.656808
8492     3.126769
8493    -0.282703
8494    -0.108900
8495    -0.272328
8496     0.362997
8497    -0.312241
8498    -0.407447
8499     0.046619
8500     0.244493
8501    -1.395470
8502     0.239619
8503    -0.053031
8504    -1.397060
8505    -0.293080
8506     0.472866
8507     0.074848
8508     0.858028
8509    -0.068628
8510    -0.771559
8511     0.963083
8512     0.514520
8513    -0.230008
8514    -3.118814
8515     0.252364
8516    -1.591689
8517     2.104694
8518    -0.156074
8519    -0.672375
8520    -0.387819
8521    -0.094680
8522     0.246714
8523    -0.441062
8524    -0.024122
8525     0.764996
8526     0.285833
8527    -0.614448
8528     3.042244
8529    -0.227818
8530     0.599517
8531    -0.148401
8532     0.700995
8533    -0.182525
8534     1.644493
8535     0.045950
8536    -0.106378
8537     0.406678
8538    -0.380194
8539     0.703737
8540     0.129776
8541     0.519418
8542    -0.002861
8543    -0.034995
8544    -0.122397
8545    -0.531179
8546    -0.106039
8547    -1.221722
8548     0.368740
8549     0.187332
8550     0.569630
8551    -0.746446
8552     3.017247
8553    -0.495656
8554    -0.031892
8555    -0.065928
8556     0.279608
8557    -0.469551
8558    -1.332573
8559    -0.443255
8560    -0.245484
8561    -0.184137
8562    -0.171228
8563     0.228286
8564    -0.989973
8565     0.284313
8566    -0.398620
8567     0.152954
8568    -0.821326
8569    -0.421799
8570    -1.629934
8571    -0.041895
8572     1.768030
8573    -2.071335
8574    -0.751564
8575     0.221648
8576    -1.748808
8577     2.539094
8578    -0.019974
8579    -1.280310
8580    -0.106723
8581     0.684056
8582    -0.673368
8583    -0.736862
8584    -1.248303
8585    -0.568143
8586     3.901527
8587    -0.502270
8588    -0.705744
8589     1.744060
8590     0.639705
8591     1.305888
8592    -1.438826
8593    -0.239009
8594     0.248105
8595     1.128613
8596     0.737832
8597    -0.026300
8598    -1.212205
8599     0.179843
8600    -0.299538
8601     2.287409
8602     0.637604
8603    -0.472655
8604    -0.616948
8605    -0.793037
8606    -0.217492
8607     0.262602
8608     0.231458
8609    -0.518317
8610     1.897415
8611    -0.490448
8612    -0.891133
8613     1.343816
8614     0.247814
8615     0.638827
8616    -0.922868
8617    -0.366108
8618     0.146245
8619    -1.975175
8620     0.135664
8621     0.700866
8622    -1.462428
8623     0.004937
8624     0.226404
8625    -0.453161
8626    -0.130007
8627     0.068705
8628    -0.589637
8629    -0.376989
8630    -0.237211
8631    -0.820883
8632     0.550769
8633     0.735255
8634    -0.728337
8635     0.049362
8636     0.233204
8637    -0.193343
8638     0.047129
8639     0.306402
8640    -1.414767
8641    -1.090325
8642     0.270052
8643    -2.331591
8644    -2.172083
8645    -0.185214
8646     2.171633
8647    -0.494917
8648    -0.214730
8649     1.539341
8650     0.463316
8651     0.354317
8652    -2.402682
8653    -0.122880
8654    -0.570246
8655     0.540605
8656     0.616628
8657     0.202214
8658    -1.655179
8659    -0.485078
8660     0.969449
8661     1.656387
8662     0.421259
8663    -0.293851
8664    -1.281677
8665    -0.925179
8666     0.483762
8667     1.023894
8668    -1.403475
8669     0.785608
8670     0.337166
8671    -0.079787
8672    -0.696379
8673     1.800678
8674     0.594732
8675     0.083999
8676    -0.743006
8677     0.922037
8678     0.338378
8679     1.432395
8680     0.250066
8681     0.219792
8682    -1.599723
8683     0.891866
8684     0.377229
8685     0.829949
8686     0.208344
8687    -0.448479
8688    -0.679598
8689     0.055884
8690    -0.221119
8691     0.369111
8692     1.154579
8693    -1.082534
8694    -1.053203
8695     0.161923
8696    -0.805028
8697    -0.201816
8698     1.033090
8699     0.432780
8700     0.247316
8701    -0.230366
8702    -0.740840
8703    -2.243004
8704    -0.533383
8705    -0.841820
8706     0.110781
8707    -0.329612
8708     1.249802
8709     0.418253
8710    -0.149792
8711    -1.459572
8712    -1.107829
8713    -0.701113
8714     1.740742
8715     0.479327
8716    -0.231661
8717    -1.354122
8718     0.254833
8719    -0.039865
8720     0.661154
8721     1.393834
8722    -0.448818
8723    -1.623300
8724     0.555164
8725    -0.455437
8726    -1.173091
8727     0.676268
8728    -0.726773
8729    -0.613352
8730     0.637617
8731     0.631690
8732     1.663253
8733    -0.772747
8734    -0.510865
8735    -0.563771
8736     0.815484
8737     0.909277
8738     0.825157
8739     0.862738
8740     0.154926
8741    -0.418422
8742    -1.508888
8743     0.477960
8744     1.917426
8745     1.379326
8746     0.250686
8747    -1.428384
8748    -0.864279
8749     1.006997
8750     1.126291
8751    -1.694595
8752     0.003552
8753    -0.967227
8754     1.282724
8755     0.146046
8756     0.280406
8757    -1.316233
8758     0.776554
8759     1.719669
8760     0.641227
8761    -1.276989
8762     1.229003
8763    -2.230948
8764    -0.491109
8765     0.379116
8766     0.291685
8767    -0.208645
8768     0.852944
8769     1.040217
8770    -0.035836
8771    -0.589426
8772    -0.011506
8773     0.237542
8774     0.284680
8775     1.198467
8776     0.469424
8777    -1.394239
8778     0.707193
8779    -0.013382
8780     0.174270
8781     0.290472
8782     0.330145
8783    -2.405721
8784     0.480501
8785     0.107729
8786    -1.400117
8787     0.162536
8788    -0.006947
8789    -1.190130
8790    -0.037349
8791    -0.185851
8792     2.030406
8793    -0.666909
8794     0.296835
8795    -2.722652
8796    -0.066883
8797     0.111867
8798     1.596116
8799     0.208682
8800     0.433095
8801    -0.756447
8802    -0.462209
8803    -0.708431
8804     1.892161
8805    -1.254281
8806     0.405279
8807    -1.019611
8808     0.127792
8809     0.125109
8810     1.526408
8811    -1.039699
8812     0.431258
8813    -0.445335
8814     1.179160
8815     0.509006
8816     0.178555
8817     1.666911
8818    -0.530099
8819     1.780019
8820    -1.583833
8821    -0.311017
8822     0.334775
8823    -2.735307
8824    -0.220428
8825     0.398305
8826     0.085527
8827     0.273897
8828     1.720362
8829     0.247517
8830     0.410086
8831    -0.987523
8832    -1.157218
8833    -0.151382
8834     1.555821
8835     1.642431
8836    -0.046373
8837    -1.228364
8838     1.220487
8839     0.121569
8840    -1.182772
8841    -0.470764
8842     0.286155
8843    -2.045055
8844     0.336970
8845     0.696515
8846    -1.382840
8847    -0.913497
8848     0.117495
8849    -1.025011
8850    -0.179561
8851    -0.451615
8852     1.669744
8853    -0.006342
8854     0.402757
8855    -2.106705
8856    -0.465026
8857    -0.689618
8858     0.601658
8859     1.170334
8860     0.195460
8861    -0.832280
8862    -0.227001
8863    -0.885685
8864     1.668986
8865    -0.253703
8866     0.286025
8867    -1.029531
8868     0.107091
8869     0.108323
8870     1.499482
8871    -0.556133
8872    -0.413087
8873    -0.726537
8874     2.105171
8875     0.784272
8876     1.393396
8877     0.747662
8878    -0.513348
8879     1.704088
8880    -0.698637
8881    -0.423929
8882    -0.659210
8883    -1.303382
8884    -0.122183
8885     0.442774
8886     0.185060
8887     0.902712
8888     2.708653
8889    -0.192226
8890     0.394156
8891    -1.383071
8892    -0.014530
8893    -0.385894
8894     0.632957
8895     1.860285
8896     0.230363
8897    -0.258003
8898     0.474274
8899    -0.046579
8900    -1.660540
8901    -0.004576
8902     0.079493
8903    -1.917522
8904     0.135192
8905     0.060030
8906    -1.428547
8907    -1.608879
8908    -1.217686
8909    -2.327421
8910    -0.257398
8911    -0.002079
8912     1.765420
8913     0.190343
8914     0.483785
8915    -1.628463
8916    -0.360529
8917    -0.305021
8918     0.483313
8919     1.297945
8920    -0.082617
8921    -0.964824
8922    -0.474266
8923    -0.083664
8924     2.074812
8925    -0.026696
8926    -0.486059
8927    -1.129729
8928    -0.961097
8929     0.896104
8930     1.548873
8931     0.793591
8932    -0.540543
8933     0.460074
8934     0.388900
8935     0.140704
8936     0.949705
8937     0.074879
8938     0.508908
8939     2.290748
8940    -0.196891
8941     0.351901
8942     0.252355
8943    -1.666938
8944     0.095893
8945    -0.014261
8946    -0.693858
8947     1.139654
8948     2.484612
8949    -0.341390
8950    -0.555072
8951    -1.756683
8952     0.965354
8953    -0.279009
8954     0.691499
8955     1.819387
8956     1.008385
8957     0.628033
8958     0.251768
8959     0.355698
8960    -1.042526
8961     0.143391
8962     1.323220
8963    -0.289432
8964    -1.823087
8965    -0.566616
8966    -1.794549
8967    -0.612168
8968    -1.280858
8969    -1.194837
8970     1.060848
8971     0.046600
8972     0.908403
8973    -0.507558
8974     1.386116
8975    -0.773891
8976    -1.437089
8977    -0.270019
8978    -0.103363
8979     0.976401
8980    -0.457159
8981    -1.059208
8982     0.202228
8983    -0.232086
8984     0.945121
8985    -0.717410
8986    -0.391249
8987    -0.723333
8988    -0.225854
8989     0.075195
8990     0.564185
8991     1.231647
8992    -2.325305
8993     0.073130
8994     2.382628
8995     0.729916
8996     1.093576
8997    -0.991369
8998    -0.155206
8999     1.111171
9000    -0.016933
9001    -0.054544
9002     0.637746
9003    -1.587161
9004     0.660428
9005    -0.398102
9006     0.434600
9007     0.546889
9008     1.868292
9009     0.394098
9010    -0.263813
9011    -0.924726
9012     0.202664
9013     0.521280
9014     0.003163
9015     1.283188
9016    -0.216447
9017     1.146949
9018    -0.350301
9019     0.464496
9020    -0.637092
9021     0.986400
9022     0.272284
9023     0.293833
9024    -2.066218
9025    -0.364188
9026    -0.961880
9027    -1.060107
9028     0.071798
9029    -1.398015
9030     0.361683
9031    -0.150756
9032     1.009702
9033    -0.187731
9034    -0.492794
9035     0.476554
9036    -1.629618
9037    -0.188404
9038     0.164044
9039    -0.025624
9040    -0.920430
9041     0.017438
9042    -0.553074
9043     0.123077
9044     0.611906
9045    -0.387235
9046     0.259420
9047    -0.633344
9048     0.250884
9049     0.322146
9050     0.181809
9051    -0.191028
9052    -1.601729
9053    -2.578146
9054     4.581956
9055     0.732006
9056     0.545149
9057    -1.285076
9058     0.279280
9059     0.574719
9060     0.827700
9061    -0.995774
9062     0.218103
9063    -2.231844
9064     0.538458
9065    -0.494479
9066     0.361729
9067    -0.208247
9068     1.518651
9069     0.814701
9070    -0.262589
9071    -1.092473
9072     0.515301
9073     0.530681
9074     0.693443
9075     0.518191
9076    -0.991192
9077     0.771349
9078     0.277130
9079    -0.222304
9080    -1.111749
9081     0.133688
9082     0.023328
9083    -0.751359
9084    -1.955202
9085     0.047332
9086    -1.527164
9087    -0.313324
9088    -0.024276
9089    -1.396468
9090    -0.537392
9091    -0.424214
9092     1.618788
9093    -0.001238
9094    -0.869188
9095     0.058278
9096    -1.263983
9097    -0.323632
9098     0.373288
9099     0.352134
9100    -1.232036
9101    -0.162338
9102     0.194235
9103     0.732471
9104     0.914482
9105     0.587194
9106    -0.038986
9107    -0.955070
9108     0.282556
9109     0.898867
9110     1.362842
9111    -1.013455
9112     1.473116
9113    -1.929147
9114     3.485660
9115     0.938820
9116     0.685065
9117    -1.452054
9118     0.409365
9119     1.205959
9120     1.245973
9121    -1.136805
9122     0.184275
9123    -1.098888
9124    -0.206042
9125    -1.250661
9126     0.017462
9127    -0.396695
9128     0.439972
9129     0.662854
9130    -1.030322
9131    -1.372610
9132     0.323244
9133     0.103944
9134     0.659706
9135     1.048227
9136    -0.228384
9137    -0.078834
9138     0.310828
9139    -0.184407
9140    -1.383308
9141     0.262341
9142     0.243232
9143    -0.011752
9144    -0.471284
9145    -0.306625
9146    -1.843001
9147    -0.246779
9148    -1.199440
9149    -0.609641
9150     0.108097
9151    -0.511095
9152     0.714591
9153     0.117869
9154     1.016828
9155    -0.447219
9156    -0.869741
9157     0.194022
9158     0.019001
9159     0.788103
9160    -0.177324
9161    -0.728982
9162     0.244113
9163     0.126957
9164    -0.042803
9165     0.355504
9166    -1.206015
9167    -0.993511
9168     0.121254
9169     0.581726
9170     1.409227
9171     0.049873
9172     3.443841
9173     4.025629
9174    -2.371052
9175     0.692373
9176     1.255118
9177    -0.107004
9178     0.180231
9179     0.054805
9180     0.754979
9181    -0.633425
9182    -0.279302
9183    -0.826657
9184    -0.124509
9185    -1.597925
9186     0.306114
9187     0.168207
9188     0.951477
9189    -0.136532
9190    -0.497597
9191    -1.742569
9192    -0.095276
9193     0.072903
9194    -0.136226
9195     1.135176
9196     0.129421
9197    -0.110268
9198     0.253164
9199     0.015608
9200    -1.357413
9201     0.480969
9202     0.397133
9203     0.185199
9204    -0.060704
9205    -0.163235
9206    -1.869997
9207     0.109632
9208    -0.568075
9209    -0.872389
9210    -0.273747
9211    -0.085360
9212     0.324207
9213    -0.053119
9214     1.198971
9215     0.122638
9216    -0.994751
9217     0.720343
9218     0.406231
9219    -0.659178
9220     0.103633
9221    -0.823151
9222     0.247801
9223     0.201395
9224    -0.514181
9225     0.529865
9226    -0.435898
9227    -0.704805
9228    -0.596187
9229     0.624223
9230     0.415458
9231    -0.083914
9232    -1.605270
9233     5.310527
9234    -0.734319
9235     0.361974
9236     2.618965
9237     0.353284
9238     0.119559
9239    -0.326477
9240     1.098381
9241    -0.324443
9242    -0.160544
9243    -1.502404
9244     0.395795
9245    -1.555232
9246     0.001181
9247     0.154800
9248     1.232461
9249     0.319892
9250     0.443620
9251    -1.914528
9252    -0.087229
9253     0.664013
9254    -0.101194
9255     0.451454
9256    -0.172657
9257     0.204378
9258     0.068851
9259     0.352453
9260    -1.254242
9261    -0.025653
9262     0.863107
9263     0.078749
9264     1.125570
9265    -0.344152
9266    -1.749788
9267    -0.748896
9268     0.516776
9269    -1.113713
9270     0.120096
9271    -0.025197
9272     0.525953
9273    -0.834409
9274     0.227990
9275     0.413719
9276    -0.616598
9277    -0.099691
9278     0.778706
9279    -1.040251
9280    -0.005146
9281    -0.576041
9282     0.286979
9283     0.676159
9284    -0.439609
9285     0.008207
9286     0.292168
9287    -0.701147
9288    -0.558348
9289     0.795240
9290     0.654887
9291     0.067660
9292    -3.075989
9293     3.082567
9294     2.473847
9295    -1.748237
9296     2.740226
9297    -0.178745
9298     0.413389
9299    -0.145607
9300     0.668798
9301     0.012708
9302     0.054638
9303    -1.592741
9304     0.391256
9305    -1.267682
9306    -0.017067
9307    -0.112061
9308     1.523294
9309     0.394843
9310     0.436638
9311    -1.896272
9312    -0.253821
9313     0.908317
9314     1.462316
9315     0.616422
9316     0.112177
9317    -0.179829
9318     0.713788
9319     0.401181
9320    -1.096633
9321     0.096967
9322     0.320619
9323    -0.310217
9324     0.599858
9325    -0.198828
9326    -1.824669
9327    -0.519001
9328     0.236988
9329    -0.541604
9330    -0.459195
9331     0.320955
9332     1.613978
9333    -0.758878
9334     0.196299
9335    -0.511859
9336    -1.046379
9337     0.920611
9338     0.842153
9339    -0.486718
9340    -0.504116
9341    -0.756497
9342     0.276694
9343     1.007479
9344     0.031325
9345     0.222118
9346     0.525334
9347    -1.152644
9348    -0.474365
9349     1.118728
9350     0.481626
9351     0.258303
9352    -4.135143
9353     0.673972
9354     1.893746
9355    -1.761895
9356     2.288665
9357     0.343417
9358    -0.197246
9359     0.565939
9360     0.192008
9361     0.349326
9362     0.562428
9363    -0.938070
9364    -0.604930
9365    -1.346436
9366    -0.011817
9367     0.846382
9368     1.521767
9369     0.533925
9370    -0.606897
9371    -2.213959
9372    -0.486741
9373     0.809828
9374     2.000768
9375     1.368568
9376     0.098814
9377    -0.817151
9378     0.040521
9379    -0.527510
9380    -1.151886
9381     0.163071
9382    -0.538154
9383    -0.617606
9384     0.406193
9385    -0.623580
9386    -1.708232
9387    -0.166045
9388    -0.936860
9389    -0.480920
9390    -0.279518
9391     0.847885
9392     2.308498
9393     0.175298
9394     0.143271
9395    -0.836032
9396    -1.125647
9397     1.373910
9398     0.498606
9399    -0.705279
9400    -1.149581
9401    -1.088638
9402     0.125824
9403     1.421851
9404     0.574881
9405     0.796288
9406    -0.436483
9407    -1.622502
9408    -0.993324
9409     0.342617
9410    -0.342641
9411    -0.598973
9412    -1.308476
9413     1.223621
9414     1.489265
9415     1.029285
9416     2.421834
9417    -0.761062
9418    -0.530700
9419     1.113600
9420     0.967524
9421     0.345877
9422    -0.193976
9423    -0.767444
9424    -1.133287
9425     0.070020
9426    -0.711949
9427     2.096510
9428    -0.594386
9429     0.707481
9430    -1.423859
9431    -0.209682
9432    -0.481538
9433     0.159244
9434     1.174587
9435     0.953146
9436    -0.903869
9437     0.265272
9438     0.193667
9439    -1.035849
9440     0.150139
9441    -0.713576
9442    -0.586278
9443    -0.241861
9444    -0.514899
9445    -1.369090
9446     0.433366
9447    -0.636868
9448    -1.415188
9449     0.805629
9450    -0.863129
9451     2.113535
9452    -0.095822
9453     0.685797
9454    -0.774640
9455    -0.179471
9456    -0.429986
9457     1.799816
9458    -0.909512
9459    -0.579461
9460    -1.310375
9461     0.092265
9462    -0.725420
9463     0.445095
9464     0.260370
9465     1.259107
9466    -1.336607
9467     0.212165
9468    -0.645688
9469     1.592103
9470    -1.087099
9471    -1.575389
9472     1.827135
9473    -1.000027
9474     2.112968
9475     1.953373
9476     0.205533
9477     1.806080
9478    -1.043647
9479     0.842489
9480     0.927101
9481    -0.577825
9482     0.044113
9483    -1.577595
9484    -0.249507
9485    -1.183506
9486    -0.799199
9487    -0.014552
9488     1.563597
9489     1.750442
9490    -0.216953
9491    -1.209807
9492    -1.269131
9493     0.518711
9494     0.295064
9495    -0.095200
9496     0.328499
9497    -0.832082
9498    -0.462222
9499     0.188857
9500    -1.170076
9501    -0.950032
9502    -0.362820
9503    -0.875426
9504    -1.470360
9505    -0.495978
9506    -0.859895
9507    -0.568746
9508    -0.661755
9509    -0.558838
9510    -0.789971
9511     0.038073
9512     2.199956
9513     1.386399
9514    -0.159974
9515    -1.508667
9516     0.204625
9517    -0.060010
9518     1.504170
9519     1.346195
9520     0.280473
9521    -1.177787
9522    -0.996799
9523     0.337537
9524    -0.759540
9525     2.241558
9526    -0.077379
9527    -0.965533
9528    -1.029883
9529    -0.015896
9530     1.428849
9531     0.901945
9532     0.040273
9533     1.468251
9534     1.358780
9535     0.349958
9536     2.871608
9537     0.695848
9538     0.810265
9539    -0.274450
9540     0.123348
9541     0.548291
9542     5.997318
9543    -0.405586
9544     0.074128
9545    -0.727464
9546    -0.854596
9547    -0.105679
9548     0.014727
9549    -0.009753
9550    -0.150871
9551    -1.069415
9552     0.540759
9553    -0.126742
9554    -0.688333
9555     0.267330
9556    -0.300123
9557    -0.229552
9558     0.564380
9559    -0.019402
9560    -0.369713
9561     0.222857
9562    -0.265107
9563    -0.972195
9564     0.215621
9565    -0.208795
9566    -0.785766
9567    -0.128800
9568     0.054270
9569    -0.348210
9570    -0.036360
9571     0.667556
9572     1.052209
9573     1.325796
9574    -0.759631
9575    -0.785540
9576    -0.216236
9577    -0.402910
9578    -0.182650
9579     0.291380
9580    -0.163138
9581    -1.121108
9582    -0.190594
9583    -0.835527
9584    -0.179715
9585     0.073400
9586    -0.083503
9587    -0.084849
9588     0.729103
9589    -0.341514
9590    -0.217089
9591     0.012938
9592     0.777906
9593    -0.786526
9594    -0.571338
9595     1.745061
9596     2.046446
9597    -1.612294
9598    -0.104268
9599    -0.562576
9600    -0.218006
9601    -0.231380
9602    -2.697881
9603     1.230406
9604     0.925816
9605     0.200569
9606    -0.384333
9607    -0.972217
9608     0.159447
9609    -1.091114
9610     0.607500
9611    -0.091184
9612     0.477619
9613    -0.104306
9614     0.042847
9615    -0.070665
9616    -0.742345
9617     0.160240
9618    -0.253092
9619     0.210364
9620     0.621265
9621    -1.134124
9622     0.146043
9623    -0.066522
9624     0.130083
9625     0.579283
9626     0.498615
9627     0.387831
9628     0.206754
9629     0.441186
9630    -0.051483
9631     0.016700
9632     0.265396
9633    -0.825575
9634    -0.642935
9635     1.630856
9636    -0.061211
9637    -0.862776
9638     0.886184
9639     0.377285
9640     0.330555
9641    -0.576008
9642    -1.030322
9643    -1.425985
9644     2.042254
9645     0.553745
9646    -0.289143
9647     0.093266
9648     0.356104
9649    -0.572211
9650     0.539292
9651     1.259696
9652     0.641377
9653    -2.967098
9654    -0.022456
9655     2.385005
9656    -1.197584
9657     1.571503
9658    -0.206098
9659     0.014860
9660    -1.419895
9661    -1.656108
9662    -1.239937
9663     1.908447
9664     0.857942
9665     0.235143
9666    -0.848168
9667     0.276163
9668    -0.256592
9669     0.500954
9670     0.113845
9671    -0.209621
9672    -1.210117
9673    -0.124177
9674     0.269984
9675     0.281074
9676    -0.456902
9677    -0.772943
9678    -0.279608
9679     0.342259
9680     0.276571
9681    -1.425434
9682    -0.111626
9683    -0.166533
9684    -0.221657
9685     0.465109
9686     0.319321
9687     0.008516
9688     0.384163
9689     0.055318
9690     0.229756
9691     0.246669
9692     0.543288
9693    -0.759808
9694     0.675885
9695    -0.618116
9696     1.138007
9697    -0.385875
9698     0.194026
9699     0.867051
9700     0.261441
9701     0.627389
9702    -0.678497
9703     0.624386
9704    -2.285786
9705     0.284188
9706    -0.694266
9707     0.923502
9708     0.258792
9709    -0.335921
9710    -0.649952
9711     0.846622
9712    -1.269093
9713    -0.160848
9714    -1.633601
9715     0.718347
9716     2.163536
9717     1.790747
9718     0.067760
9719     0.752250
9720    -1.057263
9721     0.151408
9722     0.921127
9723     0.301477
9724     0.334897
9725    -1.135712
9726    -0.566046
9727     0.403561
9728    -0.462249
9729    -0.136091
9730    -0.288369
9731     0.006566
9732    -0.233024
9733    -0.016451
9734    -0.150198
9735    -0.418269
9736    -0.487299
9737    -0.767848
9738    -0.451738
9739     0.443832
9740     1.175144
9741    -1.648037
9742    -0.383366
9743    -0.726766
9744     0.197603
9745    -0.062937
9746    -1.263476
9747     0.812954
9748    -0.112388
9749    -1.188641
9750     0.367530
9751    -0.249578
9752    -1.174484
9753    -0.706347
9754     0.897514
9755     0.235767
9756     0.008248
9757    -0.019070
9758     0.830181
9759     0.146559
9760    -0.652988
9761    -0.587458
9762     0.401635
9763     1.284048
9764     0.462295
9765     0.348374
9766     0.097607
9767     0.989066
9768    -0.021832
9769    -0.014249
9770     0.759201
9771     1.347203
9772    -1.145981
9773     1.220493
9774    -1.747771
9775     0.328831
9776     0.543190
9777     1.688200
9778    -0.509023
9779     0.313802
9780     0.309373
9781     0.100110
9782     0.132543
9783     0.497265
9784     0.874432
9785     0.547124
9786    -0.143604
9787    -0.355425
9788    -2.154261
9789    -1.051063
9790    -0.050984
9791    -0.314203
9792     0.174046
9793     0.488615
9794     0.198702
9795     0.340827
9796     0.140239
9797     0.226507
9798     0.114234
9799     0.910523
9800    -2.033378
9801    -0.855777
9802     0.245315
9803     1.372427
9804     0.327248
9805     0.421220
9806     0.865040
9807     0.919264
9808     0.168509
9809     1.068412
9810     0.137326
9811    -0.234049
9812    -0.300575
9813    -0.823308
9814     0.046832
9815    -0.618168
9816    -0.216509
9817    -0.038404
9818     0.306519
9819     0.218199
9820    -0.269652
9821    -0.331405
9822     1.005638
9823     0.178876
9824    -0.771554
9825    -0.380204
9826     0.065476
9827    -0.121839
9828     0.203988
9829    -0.911609
9830     0.605435
9831    -0.051729
9832    -0.112717
9833     2.080234
9834     0.305461
9835    -0.787255
9836     0.841812
9837    -0.243868
9838    -0.880053
9839    -1.599372
9840    -0.477434
9841    -0.127354
9842     0.362877
9843     0.501153
9844     0.220265
9845     0.997393
9846     0.467592
9847     0.242340
9848    -2.311264
9849    -1.783871
9850     0.048656
9851     1.441754
9852     0.420972
9853    -0.156472
9854    -0.381211
9855     0.750969
9856    -0.238689
9857     0.977346
9858     0.798615
9859     0.163194
9860     1.249389
9861     0.824119
9862    -0.246706
9863     0.761802
9864     0.964029
9865    -0.376852
9866     0.170725
9867     1.336953
9868    -0.144158
9869     0.816016
9870     0.789447
9871     0.428188
9872    -2.419432
9873    -2.002080
9874    -0.169452
9875     0.900676
9876     0.339501
9877     0.467506
9878    -1.286363
9879    -1.562503
9880    -0.188230
9881     1.092151
9882     0.820872
9883    -0.173273
9884     0.246207
9885     0.524702
9886    -0.338242
9887     0.608252
9888     1.135974
9889     0.373682
9890    -1.309267
9891    -1.954445
9892     0.319662
9893    -1.750364
9894    -0.972321
9895     0.449516
9896    -0.899855
9897    -1.955083
9898    -0.553582
9899     0.733168
9900     0.555406
9901    -0.101082
9902     0.455732
9903     0.395743
9904     0.206739
9905     1.035286
9906     0.435397
9907     0.324761
9908    -2.406580
9909    -1.578081
9910    -0.086403
9911     0.550585
9912     0.924782
9913     0.085486
9914     0.659447
9915     0.132318
9916    -0.441577
9917     0.881994
9918     0.533829
9919    -0.070623
9920     0.403631
9921     1.291859
9922    -0.310177
9923     1.245085
9924     0.330960
9925     0.169515
9926     1.272390
9927     0.891495
9928     0.275847
9929     1.299557
9930     0.767220
9931     0.177377
9932    -2.790199
9933    -1.766106
9934    -0.216417
9935     0.586686
9936     0.668959
9937     0.655405
9938    -1.669912
9939    -0.865159
9940    -0.508204
9941     0.664909
9942     0.712088
9943    -0.318904
9944     0.528142
9945     0.179169
9946    -0.005830
9947     1.284955
9948     0.863697
9949     0.413492
9950    -1.493793
9951    -1.722026
9952    -0.032949
9953    -1.822113
9954    -1.239238
9955     0.191742
9956    -1.169460
9957    -1.957493
9958    -0.408197
9959     0.483658
9960     1.000588
9961     0.171066
9962     0.859130
9963    -0.392910
9964     0.629566
9965     0.883372
9966    -0.995076
9967    -0.006487
9968    -2.677022
9969    -0.171020
9970     0.291321
9971    -0.036071
9972    -0.402767
9973    -0.373249
9974     0.025472
9975     1.853627
9976    -0.296058
9977     1.237895
9978    -0.074916
9979     0.440351
9980     0.207540
9981    -0.446043
9982    -0.342533
9983     0.882835
9984     0.015636
9985     0.327879
9986     0.493204
9987    -0.036685
9988     0.309927
9989     0.863322
9990     0.227839
9991    -0.171105
9992    -2.501214
9993    -0.298659
9994     0.035556
9995     0.941889
9996    -0.425177
9997     0.457299
9998    -1.488744
9999    -0.174637
10000    -0.193843
10001    -0.020511
10002    -0.634701
10003    -0.683559
10004     2.338179
10005     1.567313
10006     0.306438
10007     0.982380
10008    -0.322584
10009     0.141660
10010    -1.695164
10011    -0.634160
10012    -0.394442
10013    -1.870384
10014    -0.103732
10015    -0.167119
10016    -1.839766
10017    -0.437868
10018    -0.482668
10019     2.413658
10020     1.886522
10021     1.457833
10022     1.201427
10023     0.293241
10024    -0.061968
10025     0.156374
10026    -0.626109
10027     1.569777
10028    -1.373860
10029     0.630164
10030    -0.006928
10031    -0.076491
10032    -0.567242
10033    -0.927310
10034    -0.278995
10035     0.885909
10036    -0.405903
10037     1.424911
10038    -1.247845
10039     0.130411
10040    -0.119460
10041    -0.188227
10042    -0.577656
10043     1.016126
10044    -1.027152
10045    -0.057094
10046     0.302026
10047    -0.357524
10048     1.650620
10049     1.273696
10050     0.684048
10051     1.192337
10052    -1.491821
10053     0.823612
10054    -0.029638
10055     1.197492
10056    -1.333780
10057    -0.427854
10058    -1.923924
10059     0.994436
10060    -0.600106
10061    -0.087329
10062    -1.233973
10063    -1.165942
10064     1.851715
10065    -0.071502
10066    -0.435673
10067     0.557186
10068    -0.928360
10069     0.861496
10070    -0.910512
10071    -0.023697
10072    -0.766288
10073    -2.317142
10074     1.382408
10075    -0.575218
10076    -1.760027
10077     0.317285
10078    -0.824897
10079     1.358608
10080     1.594309
10081     0.688786
10082     0.437648
10083     0.320560
10084     0.135587
10085     1.060819
10086    -0.987364
10087     1.160904
10088     0.198724
10089     1.348164
10090     0.136113
10091     0.836591
10092    -0.977394
10093    -0.560838
10094    -0.075291
10095     1.550442
10096    -0.215838
10097     1.274160
10098    -1.058940
10099     0.335920
10100     1.136376
10101    -0.781225
10102    -0.502456
10103    -1.035433
10104    -1.166502
10105     0.078670
10106     0.941906
10107     0.739880
10108     1.285647
10109     1.728779
10110    -1.150577
10111     0.533643
10112    -1.413939
10113     0.880707
10114    -0.159315
10115     0.463456
10116    -0.458129
10117    -0.421784
10118    -2.399271
10119     0.052066
10120    -0.097902
10121     1.267556
10122    -1.347993
10123    -0.872455
10124     0.670076
10125     0.378152
10126    -0.294473
10127     0.604275
10128     0.388624
10129     0.250007
10130    -0.575112
10131    -0.172398
10132    -0.523794
10133    -3.593632
10134     1.506564
10135    -0.491010
10136    -2.016703
10137     1.137658
10138    -0.465413
10139     0.489015
10140    -0.202294
10141     0.521354
10142     0.498595
10143    -0.059472
10144     0.465117
10145     0.800295
10146    -1.403864
10147     1.050619
10148     0.355739
10149     0.583023
10150    -0.031660
10151     0.621331
10152    -0.931977
10153    -0.052794
10154     0.150167
10155     1.877881
10156     0.766335
10157     1.177741
10158    -0.493202
10159     0.392104
10160     0.880079
10161    -1.015111
10162     1.045750
10163    -0.236230
10164     0.372956
10165    -0.295870
10166     0.625715
10167     0.636774
10168    -0.000858
10169     0.757724
10170    -0.811602
10171     0.911491
10172    -0.457996
10173     0.844143
10174     0.271655
10175     0.582955
10176    -0.698782
10177    -1.819537
10178    -2.409088
10179    -0.586220
10180     0.412571
10181     0.924717
10182    -1.840129
10183    -0.646826
10184     0.506648
10185    -0.373551
10186     1.384520
10187     0.890010
10188     0.413507
10189     0.451886
10190    -0.129552
10191     0.764700
10192    -1.491823
10193    -2.771003
10194     1.880766
10195    -0.899671
10196    -1.262210
10197     0.472682
10198    -2.434362
10199    -1.505636
10200     0.367478
10201    -0.331829
10202     0.037213
10203    -0.044947
10204    -0.261528
10205     0.544870
10206    -0.763805
10207     0.475550
10208     1.003733
10209     0.581974
10210    -0.548613
10211     0.408343
10212    -0.413382
10213     0.981565
10214     1.576605
10215     1.398130
10216    -0.624057
10217     0.202158
10218    -0.779909
10219    -0.310302
10220     0.090091
10221    -0.608344
10222     3.227388
10223     0.970071
10224    -0.065470
10225    -0.839651
10226    -0.184971
10227     0.404755
10228    -0.385959
10229    -0.236246
10230    -0.421876
10231    -0.133949
10232    -0.095773
10233     0.552273
10234    -0.628465
10235     0.488756
10236    -0.479426
10237    -0.476220
10238    -0.304277
10239    -0.102779
10240     0.125280
10241     0.803013
10242    -0.869463
10243     0.429030
10244     0.912313
10245     0.239994
10246    -0.176378
10247     0.336945
10248    -0.100669
10249     3.064068
10250     0.883409
10251     0.062100
10252    -1.204748
10253    -3.393468
10254     0.893533
10255    -1.021579
10256    -1.435362
10257     0.423486
10258    -1.359603
10259    -2.607423
10260     0.093827
10261    -0.520965
10262     0.101564
10263     0.428298
10264     0.368358
10265     0.990893
10266    -1.219995
10267     1.549391
10268     0.765251
10269     0.062661
10270     0.082073
10271     0.932813
10272    -0.885687
10273     0.233868
10274     0.524673
10275     2.263450
10276    -0.621281
10277     0.609606
10278    -0.711839
10279     0.292151
10280    -0.019069
10281    -1.023447
10282     0.005632
10283     0.843197
10284     0.127114
10285    -0.102943
10286    -0.019453
10287    -0.132335
10288     0.309467
10289     0.066904
10290    -0.960907
10291     0.629724
10292     0.366466
10293     0.310566
10294    -0.138410
10295     0.712712
10296    -0.805302
10297    -0.167230
10298     0.230766
10299    -0.182920
10300     0.124784
10301     0.877288
10302    -0.674605
10303    -0.770104
10304     0.110448
10305     1.080329
10306     0.456541
10307     0.901292
10308    -0.367270
10309     1.408684
10310     0.654859
10311     1.026966
10312    -1.290164
10313    -4.224482
10314     1.347996
10315    -0.582440
10316    -1.031765
10317     0.176389
10318    -1.267136
10319    -3.393962
10320     0.140537
10321     0.597367
10322    -0.358393
10323     0.382254
10324    -0.087328
10325     0.862886
10326    -1.026116
10327     1.793797
10328     0.363232
10329     1.039502
10330    -0.724021
10331     0.685015
10332    -0.827737
10333     0.200911
10334     0.948894
10335     1.053707
10336    -1.956993
10337    -0.042110
10338    -0.950243
10339    -1.099187
10340    -1.187259
10341    -0.963707
10342     0.194193
10343     0.642309
10344    -0.075814
10345    -0.701287
10346    -1.182347
10347     0.042594
10348    -0.820451
10349    -0.892857
10350    -0.440199
10351     0.854843
10352    -0.413405
10353     0.747555
10354    -1.637651
10355     0.253053
10356    -0.856834
10357    -1.136300
10358    -0.648108
10359     0.665750
10360    -0.601136
10361     0.529883
10362    -1.221505
10363     0.120686
10364    -0.049262
10365     0.131402
10366     1.342915
10367     0.711168
10368    -0.179134
10369     0.561183
10370     0.443097
10371     0.487375
10372     2.067538
10373     0.223234
10374     0.902730
10375    -1.066618
10376    -3.091876
10377     1.360805
10378     2.097538
10379     2.202847
10380    -0.272384
10381     0.924396
10382    -0.530502
10383     1.173084
10384    -0.146863
10385     0.746534
10386    -1.327696
10387     2.016774
10388    -0.252976
10389     1.433941
10390    -1.510579
10391     0.040377
10392    -1.591682
10393    -0.362768
10394    -0.038851
10395     1.393510
10396    -2.261660
10397     0.210042
10398    -1.457583
10399    -0.528257
10400    -0.211918
10401    -0.031927
10402     0.271188
10403     0.721865
10404    -0.237263
10405    -0.163438
10406    -0.214902
10407     0.401284
10408    -0.536455
10409    -0.285879
10410    -0.404194
10411     1.248524
10412     0.070102
10413     0.198444
10414    -2.029854
10415     0.332554
10416    -1.535557
10417    -1.220514
10418    -0.785988
10419     1.273771
10420    -0.859747
10421     0.186439
10422    -0.424319
10423     0.715393
10424     0.791376
10425     0.180391
10426     1.006708
10427     0.357286
10428    -1.615417
10429     0.646278
10430     0.160634
10431     1.078148
10432     2.472779
10433     0.476686
10434    -0.356997
10435    -0.610501
10436    -2.232008
10437     1.548733
10438     0.928595
10439     0.459131
10440     0.301330
10441     0.768510
10442    -0.136983
10443     0.467922
10444     0.593389
10445     0.522419
10446    -1.167777
10447     0.521441
10448     0.206652
10449     1.355815
10450    -1.002925
10451    -0.444115
10452    -1.375189
10453     0.636496
10454     0.160571
10455     0.920004
10456    -1.239896
10457    -0.125030
10458    -1.373246
10459     0.849026
10460    -0.111355
10461    -0.754112
10462    -0.613732
10463     0.633323
10464    -0.317267
10465     0.997501
10466     0.300125
10467    -0.743107
10468     0.361862
10469    -0.185565
10470    -1.177205
10471     0.328849
10472     0.036552
10473     0.650011
10474    -1.093799
10475     0.037094
10476    -1.563090
10477    -1.512434
10478    -1.236133
10479     1.892997
10480    -1.240505
10481     0.429423
10482    -1.176856
10483     2.028703
10484     0.884590
10485     0.374786
10486     0.235847
10487    -0.062797
10488    -1.026701
10489     0.081234
10490     1.021386
10491     0.163726
10492    -0.273531
10493    -0.265197
10494     3.755812
10495    -0.993541
10496    -2.081535
10497     0.513218
10498     0.567506
10499     0.416575
10500     0.580260
10501    -0.079058
10502    -1.037761
10503    -0.261892
10504    -0.025056
10505    -0.390089
10506    -0.090332
10507    -0.151059
10508    -0.064737
10509    -0.229865
10510     0.177410
10511     0.331577
10512     2.192355
10513    -0.178393
10514    -0.738276
10515    -0.133114
10516    -0.211171
10517     0.524010
10518     1.587182
10519     0.290521
10520    -0.762951
10521    -2.143786
10522     0.012857
10523     0.767789
10524     1.847000
10525    -0.093152
10526    -0.638211
10527    -2.245151
10528    -0.175246
10529    -0.803630
10530    -2.604920
10531    -0.044261
10532    -0.095701
10533    -0.582971
10534     0.134578
10535     1.108832
10536     2.372881
10537     0.070475
10538     1.197432
10539    -0.413171
10540    -0.510326
10541     0.763571
10542     1.665860
10543     0.190687
10544    -0.786582
10545     0.018038
10546    -0.421797
10547    -1.084072
10548    -0.400691
10549    -0.264632
10550     0.908966
10551    -0.638175
10552     1.520832
10553     2.678775
10554     0.539415
10555     0.217584
10556    -1.096343
10557    -0.361202
10558    -0.460793
10559    -0.782599
10560    -0.117461
10561    -0.035988
10562    -0.754484
10563    -0.971888
10564     0.034201
10565    -0.463677
10566    -0.831210
10567    -0.058235
10568     0.997069
10569     1.585406
10570    -0.296186
10571    -0.882905
10572    -1.016464
10573    -0.033548
10574    -1.040341
10575    -0.885786
10576    -0.346418
10577    -0.055890
10578    -0.647323
10579     0.483585
10580    -0.678558
10581    -0.256050
10582    -0.167927
10583    -0.291511
10584    -0.565912
10585     0.102870
10586    -0.832587
10587    -0.349638
10588     0.011956
10589    -0.551577
10590    -0.930026
10591    -0.032728
10592     1.130887
10593     1.791769
10594    -0.402079
10595    -0.451123
10596    -0.925211
10597     0.160079
10598     1.664258
10599     2.060032
10600    -0.577541
10601    -0.442707
10602    -0.331516
10603     0.233163
10604    -0.816822
10605    -0.897660
10606    -0.207668
10607    -1.791281
10608    -0.081052
10609    -0.212812
10610     1.909079
10611     1.321255
10612     1.846949
10613     2.394012
10614     1.947047
10615    -0.151529
10616     2.338226
10617     0.993129
10618    -0.350144
10619    -1.380069
10620    -1.008904
10621     0.288705
10622    -1.144146
10623    -0.400218
10624     0.488387
10625    -0.607937
10626    -0.381907
10627    -1.585669
10628     0.926876
10629     0.113342
10630     0.677682
10631    -1.256949
10632     0.610271
10633     0.691268
10634    -1.373724
10635    -0.276127
10636    -0.008193
10637    -0.257914
10638    -0.363158
10639     1.247927
10640    -0.192622
10641    -0.349946
10642     0.334609
10643    -0.082369
10644    -0.638334
10645     0.639867
10646    -1.161634
10647     0.476881
10648     0.506068
10649    -0.804773
10650    -0.087716
10651    -1.725386
10652     1.690317
10653    -0.423223
10654     0.193411
10655    -0.723435
10656    -0.052129
10657    -1.679594
10658     2.029277
10659     0.293699
10660     0.228548
10661    -0.152089
10662     0.078452
10663     0.824331
10664    -1.133161
10665    -0.198151
10666     0.651201
10667    -1.023854
10668    -0.375369
10669    -2.060538
10670     1.776416
10671    -0.095356
10672     0.566429
10673     2.112163
10674     1.353016
10675    -0.905391
10676     2.511416
10677     1.136637
10678     0.626336
10679    -1.131857
10680    -0.420664
10681     0.551456
10682    -1.155075
10683     1.345246
10684     0.506032
10685     1.040561
10686    -0.552140
10687    -1.385953
10688    -0.635183
10689    -0.752473
10690     0.558724
10691     1.158379
10692    -0.254202
10693     0.690003
10694    -1.147469
10695    -0.825444
10696     0.239358
10697     1.187627
10698    -0.053852
10699     1.196429
10700     0.888219
10701    -0.158324
10702     0.571087
10703     1.048886
10704     0.224386
10705     0.563199
10706    -1.501724
10707     0.088871
10708     0.616222
10709     0.672982
10710     0.085295
10711    -1.565344
10712    -1.863824
10713    -0.094704
10714     0.258053
10715     1.040860
10716    -0.236567
10717    -1.480571
10718    -0.175566
10719     0.103685
10720     0.521501
10721     0.712335
10722     0.655945
10723     0.800019
10724     0.607951
10725     0.086784
10726     0.573754
10727     1.185057
10728    -0.303869
10729    -1.658488
10730    -0.215495
10731    -0.066652
10732     0.406561
10733     0.005053
10734     1.061704
10735    -2.656299
10736    -3.530946
10737    -0.340958
10738     0.694257
10739     0.677371
10740    -0.012729
10741     2.044769
10742    -0.759913
10743     3.322326
10744     0.081709
10745    -0.042267
10746    -1.030128
10747    -0.016253
10748    -1.082122
10749    -0.269352
10750     0.696962
10751     0.711283
10752    -0.480129
10753     0.811674
10754    -1.032176
10755    -1.616127
10756    -0.469487
10757    -0.702373
10758     0.371440
10759     0.562737
10760     1.647755
10761    -1.476310
10762    -0.206893
10763     0.072790
10764     0.297701
10765     0.534220
10766    -0.618572
10767    -0.751683
10768     0.393934
10769    -0.062975
10770    -0.112537
10771    -1.214887
10772     0.044315
10773    -0.521531
10774     0.004269
10775     0.389006
10776    -0.472643
10777    -1.014486
10778    -0.225377
10779     0.866324
10780    -0.492128
10781     0.611982
10782     0.375751
10783     0.717803
10784     0.221039
10785    -0.304646
10786     0.930157
10787     0.939578
10788    -0.421897
10789    -0.737875
10790    -0.902737
10791     1.163626
10792    -0.446489
10793     0.241850
10794     1.434032
10795    -1.985711
10796     0.575185
10797     0.113060
10798    -0.194026
10799    -0.026271
10800    -0.487276
10801     1.614619
10802    -1.177414
10803     0.594195
10804     0.106061
10805    -0.235691
10806    -0.956107
10807     0.154805
10808     0.275580
10809    -0.523085
10810     0.652677
10811    -0.218129
10812     0.692781
10813     0.812609
10814     0.432885
10815    -1.094691
10816    -0.416236
10817    -0.289714
10818     0.019892
10819     0.653763
10820     0.579321
10821    -0.427389
10822    -0.109004
10823    -0.466320
10824     0.642455
10825     0.469631
10826    -0.927970
10827    -0.423816
10828     0.407525
10829    -0.254426
10830     0.671762
10831    -0.888664
10832    -0.067347
10833    -0.417744
10834    -0.031450
10835    -0.200119
10836     0.336052
10837    -0.872984
10838     1.566203
10839     1.083381
10840    -0.466627
10841    -0.352412
10842    -0.719615
10843     0.748320
10844    -0.097839
10845     0.520444
10846     0.785980
10847    -0.714476
10848     0.435544
10849    -0.603295
10850     0.808403
10851     0.847471
10852    -0.152076
10853     0.108935
10854     1.898324
10855    -2.748024
10856     1.261963
10857    -3.189462
10858    -0.117631
10859    -0.031432
10860     0.009609
10861    -0.652303
10862     0.513678
10863     0.595450
10864    -0.909467
10865     0.779570
10866    -0.537873
10867     0.038786
10868     0.481374
10869    -0.328202
10870     0.223614
10871     0.618754
10872     0.716595
10873     1.511258
10874    -0.495334
10875    -1.023240
10876    -0.850230
10877     0.187333
10878     0.063963
10879     0.151224
10880     0.468201
10881    -0.517779
10882    -1.128108
10883    -0.084388
10884     0.313208
10885    -0.655389
10886     1.080784
10887     0.382413
10888    -0.515815
10889     0.335783
10890     0.481693
10891     0.492441
10892    -0.397136
10893    -0.150817
10894    -0.991830
10895    -0.117359
10896    -0.048015
10897     0.511799
10898    -0.236796
10899     0.461325
10900    -0.567690
10901     0.775626
10902    -0.039071
10903     0.104966
10904    -1.345685
10905    -0.425744
10906    -0.007351
10907     0.819205
10908     0.870227
10909     0.901387
10910    -1.185345
10911     0.106309
10912     3.409191
10913    -3.238590
10914     1.291805
10915    -0.723363
10916     0.923389
10917    -2.210017
10918    -0.343120
10919     0.116937
10920    -0.002229
10921    -0.787484
10922    -1.026330
10923     0.119646
10924    -0.519224
10925     1.519668
10926    -0.093005
10927    -0.416870
10928    -0.857336
10929    -0.399336
10930    -0.441508
10931    -1.145899
10932    -0.085347
10933     1.756882
10934    -1.378630
10935     0.279810
10936    -0.402197
10937     1.227203
10938     0.416727
10939     0.136118
10940     1.101073
10941    -0.281911
10942    -0.305062
10943     1.196305
10944     1.248553
10945    -0.594848
10946     1.359286
10947     0.040791
10948    -0.555329
10949     1.504676
10950    -0.155660
10951     0.877554
10952     0.016227
10953     0.394441
10954    -0.431684
10955     1.619010
10956     0.410114
10957     0.216624
10958    -2.537551
10959     0.031625
10960    -0.460643
10961     1.488099
10962    -0.088312
10963     1.006435
10964    -0.141743
10965     0.884700
10966     0.050805
10967     1.234605
10968     0.699050
10969     0.832745
10970    -2.400341
10971    -0.005800
10972     1.416734
10973    -0.704178
10974    -1.585598
10975    -0.847939
10976    -0.756831
10977    -1.744760
10978    -0.531110
10979    -1.317312
10980    -0.085728
10981    -0.355218
10982     0.336795
10983     0.771108
10984    -0.905565
10985     0.913835
10986    -0.387621
10987     0.448734
10988    -0.048575
10989     0.093029
10990    -0.218237
10991     1.221633
10992     1.151009
10993     0.433030
10994     0.600641
10995     0.832194
10996    -1.181556
10997     1.314381
10998     0.435237
10999    -0.284429
11000     0.717507
11001    -0.386646
11002    -0.339904
11003     0.477734
11004     0.897425
11005    -0.185292
11006     0.660872
11007    -0.079848
11008    -0.335969
11009     1.162561
11010    -0.093573
11011    -0.129084
11012    -0.237160
11013    -0.062852
11014    -0.851938
11015     0.750768
11016     0.167386
11017    -0.256078
11018    -3.188679
11019    -0.950444
11020     0.514507
11021     1.204236
11022     0.413863
11023     0.210905
11024    -0.490559
11025     0.286686
11026    -0.415834
11027     0.806601
11028     0.478888
11029    -0.209693
11030    -3.561413
11031    -1.297798
11032     1.043507
11033    -0.720353
11034    -1.670337
11035     0.719016
11036    -0.250477
11037    -1.030542
11038     2.299101
11039    -1.670348
11040     0.432836
11041     0.605621
11042     0.178767
11043     0.736270
11044    -0.572291
11045    -0.852932
11046     0.451076
11047     0.492375
11048     0.851028
11049    -0.468786
11050     0.598576
11051     0.614350
11052     0.921031
11053     0.376669
11054     0.140186
11055     0.466500
11056    -0.143425
11057     0.263312
11058     0.704757
11059    -0.025929
11060    -0.910094
11061     0.710753
11062     0.827394
11063     1.635860
11064     0.538884
11065    -0.412007
11066    -0.870932
11067     0.365790
11068    -0.274207
11069    -0.676830
11070     0.595444
11071    -0.086568
11072     2.538074
11073    -1.247247
11074     0.600690
11075     0.467580
11076     0.838275
11077    -0.959114
11078    -0.454861
11079    -1.808800
11080    -0.940899
11081     1.621407
11082    -0.989367
11083     0.387487
11084    -1.656673
11085     1.178870
11086    -0.212414
11087    -0.672613
11088     0.745756
11089    -0.588609
11090    -3.234201
11091    -0.041026
11092    -0.678848
11093     0.866733
11094    -2.387157
11095    -0.768282
11096     0.644178
11097    -1.845166
11098     1.773783
11099    -0.492340
11100     0.534143
11101    -0.263888
11102     0.423741
11103    -0.691920
11104    -0.637684
11105     0.344720
11106    -1.010828
11107    -2.038534
11108    -1.749671
11109     2.691650
11110    -0.287941
11111     1.134659
11112    -0.622404
11113     1.429234
11114    -0.843148
11115     0.886878
11116     0.307444
11117     1.208586
11118    -0.643776
11119    -0.309294
11120     0.096010
11121    -0.735430
11122     0.636638
11123     1.814311
11124    -0.805362
11125    -0.431267
11126     0.347083
11127    -1.038237
11128    -0.509058
11129     0.633899
11130    -0.966303
11131    -0.945531
11132    -0.585598
11133     1.733126
11134    -0.221886
11135     1.193196
11136    -0.759542
11137     1.624761
11138    -1.410201
11139     1.388170
11140     0.717037
11141     0.656144
11142    -0.326356
11143     0.479061
11144    -0.544631
11145    -0.329005
11146    -0.335633
11147     0.354563
11148    -0.760269
11149     0.357012
11150     0.265711
11151    -1.312415
11152     0.417851
11153    -1.436062
11154     1.575546
11155     0.349313
11156    -1.591799
11157     2.323288
11158    -0.337635
11159    -0.311513
11160    -0.596810
11161     1.251182
11162    -0.219197
11163    -0.050427
11164    -0.667641
11165    -0.093495
11166    -1.062387
11167    -2.502933
11168    -0.378302
11169     1.130411
11170     0.582408
11171     1.419771
11172    -1.173472
11173    -0.303896
11174     0.933675
11175    -0.365651
11176     0.407908
11177     1.551432
11178    -0.612157
11179    -0.317020
11180    -0.198954
11181    -1.230500
11182     1.961937
11183     2.020088
11184     0.002322
11185    -0.365334
11186     0.039722
11187    -1.405460
11188    -0.407678
11189     0.409584
11190    -0.869710
11191    -1.894530
11192    -0.203457
11193     1.499428
11194     1.173116
11195     1.168281
11196    -0.536071
11197     0.968883
11198    -1.300704
11199     1.315580
11200     1.484767
11201     0.499716
11202     0.057953
11203    -1.164188
11204    -0.894775
11205    -0.021440
11206     0.656128
11207    -0.377729
11208    -0.122750
11209    -0.404477
11210    -0.388423
11211     0.497144
11212     0.131933
11213    -1.718085
11214     1.551850
11215     0.190329
11216    -1.230039
11217     1.646089
11218    -0.780894
11219    -1.039108
11220    -0.250750
11221     1.362947
11222     0.464817
11223     0.547663
11224    -0.195722
11225     0.062881
11226    -0.267449
11227    -2.195600
11228    -3.081984
11229    -0.617192
11230     0.854258
11231     0.811815
11232    -0.936645
11233    -0.304186
11234     0.592166
11235    -0.269254
11236     1.168458
11237     0.541670
11238    -0.129847
11239    -0.177401
11240     0.174976
11241    -0.656886
11242     3.235714
11243     1.108926
11244     1.063845
11245     0.037273
11246     0.254415
11247    -0.685496
11248    -0.193877
11249     0.734755
11250    -0.145198
11251    -3.076012
11252    -0.147035
11253     0.193200
11254     0.737151
11255     0.876769
11256    -0.881895
11257    -0.065410
11258    -1.147728
11259     0.377859
11260     0.917909
11261     0.601876
11262    -0.281713
11263    -0.198289
11264     1.293574
11265    -0.163494
11266     0.340013
11267     0.655028
11268     0.157180
11269    -0.589627
11270    -0.992416
11271     0.054397
11272    -0.385474
11273    -1.406162
11274     1.302678
11275    -0.398727
11276    -1.335341
11277     1.032010
11278    -0.873397
11279    -0.063003
11280     0.306235
11281     0.817145
11282     0.418703
11283    -0.231834
11284     0.900628
11285    -0.337784
11286     1.643424
11287    -0.551813
11288    -2.974946
11289     0.048535
11290     0.690934
11291     0.572387
11292    -0.676283
11293    -2.034202
11294     0.746943
11295     0.830682
11296     0.575028
11297     0.348839
11298     0.198381
11299    -0.241261
11300    -0.124436
11301     0.828295
11302     1.967604
11303     2.226417
11304    -1.889974
11305     0.363267
11306    -0.169907
11307     1.204136
11308    -0.495445
11309     0.965781
11310    -1.758590
11311     0.044408
11312    -0.312749
11313     0.664839
11314     0.572389
11315     0.598225
11316    -0.554951
11317    -0.555653
11318    -1.203351
11319     1.103118
11320     0.905919
11321     0.540453
11322    -1.208095
11323    -1.328188
11324     1.349200
11325     0.012697
11326    -0.380589
11327     0.697519
11328    -0.633676
11329    -0.211566
11330    -1.161991
11331     0.551422
11332    -0.417734
11333    -1.291660
11334     0.730682
11335     0.201589
11336    -1.402371
11337     0.805913
11338    -0.822460
11339     0.514727
11340    -1.668721
11341     0.876593
11342     0.014803
11343    -0.042181
11344     1.483832
11345     1.131131
11346     1.771441
11347    -0.108124
11348    -1.788337
11349     0.228994
11350     1.162729
11351     1.560277
11352    -0.954131
11353    -2.100609
11354     0.508754
11355    -0.859771
11356     0.895030
11357     0.899711
11358    -0.731955
11359    -0.181457
11360    -0.526183
11361     0.625996
11362     0.412396
11363    -0.323479
11364    -1.123838
11365     0.497745
11366    -0.218900
11367     0.648128
11368    -0.533638
11369     0.844960
11370    -0.991388
11371    -0.394285
11372    -1.551196
11373     1.535331
11374     0.949669
11375     1.178166
11376    -1.011803
11377    -0.247721
11378    -0.484531
11379     0.532740
11380     1.347444
11381     1.610235
11382    -0.836146
11383    -2.475080
11384    -0.769218
11385    -0.033394
11386    -0.058106
11387     1.130518
11388    -1.039337
11389     0.266433
11390    -0.306670
11391    -0.114035
11392    -0.208915
11393    -0.790776
11394     1.197990
11395     0.613578
11396    -0.702553
11397     1.051236
11398    -2.197515
11399    -1.416711
11400     0.146124
11401     1.002703
11402    -0.315335
11403     0.326873
11404     0.495687
11405     2.184071
11406     2.989833
11407    -0.890383
11408    -1.729216
11409    -0.349074
11410     0.761717
11411     0.533257
11412    -0.221152
11413    -1.465615
11414    -0.478594
11415    -0.873219
11416     1.144277
11417    -0.141027
11418    -0.127047
11419    -1.710426
11420    -0.490897
11421     0.952888
11422     1.317662
11423    -0.199372
11424    -1.825683
11425     1.125974
11426     0.092509
11427     0.962933
11428    -1.130379
11429     0.664544
11430    -0.934679
11431    -0.224591
11432     0.090725
11433     0.387825
11434     1.069621
11435    -0.028433
11436    -0.390917
11437     0.318223
11438    -0.243319
11439     0.706027
11440     0.262380
11441     0.396993
11442     0.025698
11443    -1.554248
11444    -0.065285
11445    -1.332308
11446    -1.518541
11447     0.212677
11448    -0.565602
11449     0.838157
11450    -0.227096
11451    -0.209785
11452     0.478759
11453    -0.444040
11454     1.557349
11455     0.987804
11456     0.060688
11457     1.091792
11458    -1.308779
11459     0.127151
11460    -2.171751
11461     0.136465
11462     0.103833
11463    -0.901729
11464     1.409592
11465     0.270886
11466     2.362117
11467    -0.353935
11468    -1.765855
11469     0.444118
11470    -0.188358
11471     0.937006
11472    -1.603995
11473    -1.197323
11474    -0.312741
11475    -0.224947
11476     0.668449
11477    -0.092415
11478    -0.678416
11479    -1.845087
11480    -0.016044
11481     0.850839
11482     1.116337
11483     0.149351
11484    -0.970407
11485     0.200571
11486     0.844024
11487     0.290206
11488    -1.408744
11489     0.855685
11490    -1.336889
11491     0.081394
11492     0.172026
11493     1.140816
11494     0.527031
11495    -0.146674
11496    -1.397659
11497     0.421123
11498     0.472460
11499     1.726914
11500    -0.093387
11501    -0.379658
11502    -1.888260
11503    -0.636191
11504    -0.324568
11505     0.084361
11506    -1.552304
11507    -0.440423
11508    -2.101401
11509     1.072392
11510    -0.379674
11511     0.355877
11512     0.496948
11513     0.152704
11514     2.378309
11515     1.236425
11516     0.140240
11517     1.941670
11518    -0.091396
11519    -0.240163
11520    -0.471526
11521    -0.374895
11522    -0.228253
11523    -0.487373
11524     2.313844
11525     0.855082
11526     2.297078
11527    -0.062174
11528    -1.268507
11529     1.015955
11530    -0.572938
11531     0.571058
11532    -1.240307
11533    -1.676176
11534    -0.664440
11535    -0.007798
11536     0.691432
11537     0.118441
11538    -1.370318
11539    -2.162602
11540    -0.526180
11541     1.893048
11542     0.420569
11543     0.043932
11544    -1.664601
11545    -0.678550
11546     0.132489
11547     1.142090
11548    -0.883840
11549     0.766861
11550    -1.357623
11551    -0.228979
11552    -0.088776
11553     0.743488
11554     0.571558
11555     0.062947
11556    -2.072452
11557     0.109602
11558     0.301126
11559     1.193870
11560     0.539478
11561     0.013433
11562    -1.770612
11563    -0.559813
11564    -0.295929
11565    -0.116449
11566    -0.399463
11567    -0.086323
11568    -1.539460
11569     1.197652
11570    -0.030775
11571    -0.341995
11572    -0.223882
11573    -0.078288
11574     1.806316
11575     1.136218
11576     0.164161
11577     1.740987
11578     0.842959
11579     0.237941
11580     0.136158
11581    -0.679162
11582    -0.987599
11583     0.143344
11584     2.237555
11585     2.808168
11586     2.355766
11587     0.073902
11588    -0.405443
11589     0.344543
11590    -0.650252
11591    -0.496066
11592    -0.900461
11593    -1.269719
11594    -1.549093
11595    -0.724234
11596     0.536199
11597    -0.283563
11598    -0.906153
11599    -1.769213
11600    -0.656440
11601     1.059390
11602     0.031530
11603    -1.013560
11604    -0.907697
11605    -0.851214
11606    -0.180691
11607     1.643770
11608    -1.039827
11609     0.235581
11610    -1.061263
11611    -0.004688
11612    -0.423049
11613     0.671197
11614     0.678387
11615    -0.666267
11616    -1.981054
11617     0.485568
11618     1.033310
11619     0.567643
11620    -0.329349
11621     0.154785
11622    -0.780937
11623    -0.492953
11624    -0.146090
11625    -0.335508
11626    -0.624528
11627     0.279843
11628    -1.683790
11629     1.189248
11630     0.610527
11631    -0.382347
11632     0.770721
11633    -0.386995
11634     0.521919
11635     1.127829
11636     1.177779
11637     1.794988
11638     0.579963
11639     0.894863
11640     0.560883
11641    -0.912493
11642    -0.548708
11643    -0.194929
11644     1.600083
11645     1.969527
11646     2.117857
11647    -0.027557
11648     0.220537
11649    -0.006486
11650    -0.126822
11651     0.283618
11652    -0.685788
11653    -0.473812
11654    -0.559658
11655    -0.481540
11656     0.241903
11657    -1.472503
11658    -0.397061
11659    -1.463334
11660     0.320518
11661     0.531269
11662    -0.753119
11663    -2.577740
11664    -0.772244
11665    -0.778759
11666     0.860774
11667     0.792804
11668    -0.079788
11669     1.325319
11670    -0.814656
11671     0.142474
11672    -0.065860
11673     0.633672
11674     0.251240
11675    -1.445849
11676    -1.550031
11677     0.064102
11678     0.869141
11679     0.380580
11680    -0.944427
11681    -2.168403
11682    -0.420077
11683    -0.364895
11684     0.028399
11685    -0.210081
11686    -0.607015
11687     0.541181
11688    -1.524092
11689     0.653992
11690    -0.461976
11691    -0.065742
11692     3.014357
11693     1.212954
11694     1.069645
11695     0.639606
11696     1.186875
11697     1.379095
11698    -0.075736
11699     0.481853
11700     0.217807
11701    -0.927817
11702    -0.307976
11703    -0.208788
11704     1.984653
11705     0.826565
11706     1.553108
11707    -0.110403
11708     0.144520
11709     0.902735
11710    -1.200209
11711     1.012766
11712    -1.027182
11713    -0.752352
11714    -0.209960
11715    -0.160509
11716     0.911395
11717    -1.490239
11718    -1.032701
11719    -0.968035
11720     0.265886
11721     1.649482
11722     0.180192
11723    -2.072235
11724    -2.007774
11725    -0.852924
11726     0.717470
11727     0.880751
11728    -0.720091
11729     1.299717
11730    -0.430386
11731    -0.267745
11732     0.084544
11733     0.340502
11734     0.588363
11735    -1.258812
11736    -2.017459
11737     0.825351
11738     0.133647
11739     0.975595
11740     0.043769
11741    -1.840701
11742    -1.816024
11743    -0.599286
11744     0.114588
11745    -0.068466
11746     0.357985
11747    -0.134910
11748    -0.575435
11749     0.626381
11750    -0.573385
11751    -0.407142
11752     0.765752
11753     2.163017
11754     2.076696
11755     0.219800
11756     0.859271
11757     1.423311
11758    -0.104781
11759     0.266225
11760    -0.050313
11761    -0.749519
11762    -0.387578
11763     0.094855
11764     1.986522
11765     1.453167
11766     1.455599
11767    -0.209763
11768     0.114972
11769     1.517197
11770    -1.573497
11771    -0.261505
11772    -1.182837
11773    -0.670822
11774    -0.594138
11775    -0.636625
11776     1.140136
11777    -0.761276
11778    -1.917283
11779    -0.569662
11780     0.813299
11781     1.997873
11782     0.489876
11783    -1.322446
11784    -2.279879
11785    -0.676054
11786     0.382689
11787     0.783466
11788    -0.977189
11789     0.268946
11790    -0.324099
11791    -0.341000
11792    -0.397217
11793    -0.125974
11794     0.751611
11795    -0.881514
11796    -2.371913
11797     1.142629
11798     1.447983
11799     1.132201
11800     0.441542
11801    -1.049346
11802    -2.286547
11803    -0.486566
11804     0.144939
11805     0.151570
11806     0.548285
11807     0.429381
11808    -0.073985
11809     0.060077
11810    -0.560163
11811     0.929165
11812    -0.145702
11813     0.600888
11814     1.279431
11815    -0.018725
11816     0.564227
11817     1.835707
11818    -0.142178
11819    -0.005307
11820     0.022077
11821    -0.950268
11822    -0.448771
11823     0.332933
11824     1.559470
11825     2.218716
11826     0.830251
11827    -0.701637
11828     1.178520
11829     0.633460
11830    -1.331174
11831    -1.221977
11832    -0.542632
11833    -0.296895
11834    -0.469910
11835    -0.702621
11836     1.412054
11837    -1.129683
11838    -1.556675
11839    -0.627182
11840     1.094283
11841     1.788174
11842     0.283529
11843    -2.216452
11844    -1.557357
11845    -0.759005
11846     0.708056
11847     0.641172
11848    -0.749841
11849     0.065553
11850    -0.131337
11851    -0.169955
11852    -0.563818
11853     0.067408
11854     0.658359
11855    -1.532090
11856    -1.750111
11857     1.705358
11858     1.342326
11859     0.951972
11860    -0.053143
11861    -1.641871
11862    -1.615145
11863    -0.830113
11864    -0.014837
11865     0.403955
11866     0.131883
11867     1.304939
11868    -0.666149
11869    -0.318389
11870     0.015256
11871     0.659710
11872     1.484164
11873     0.290398
11874     0.699984
11875     0.005418
11876     1.232335
11877     1.214549
11878    -0.452634
11879    -0.210973
11880     0.298459
11881    -1.006214
11882    -0.779524
11883    -0.000428
11884     0.687754
11885     1.654003
11886     0.830472
11887    -0.472193
11888     1.556297
11889     0.546379
11890    -1.335378
11891    -0.439369
11892    -0.755919
11893    -0.668510
11894    -0.722663
11895    -0.557076
11896     0.851124
11897    -1.177637
11898    -0.208071
11899    -0.999594
11900     1.096369
11901     0.013847
11902     0.022528
11903    -0.756697
11904    -0.463498
11905    -1.032855
11906     0.372947
11907    -0.050475
11908    -0.986684
11909     0.277404
11910    -0.390274
11911    -0.422437
11912    -0.343377
11913     0.262209
11914    -0.079189
11915    -1.736329
11916    -1.307257
11917     0.501468
11918     0.519866
11919     0.585298
11920     0.151484
11921    -1.532206
11922    -0.178244
11923     2.069297
11924    -0.977353
11925     1.223531
11926    -0.491679
11927     0.564079
11928    -0.516537
11929    -0.778389
11930     0.369510
11931    -0.098478
11932     4.343668
11933    -0.872423
11934     0.582235
11935     0.233372
11936     2.350884
11937     0.381269
11938    -0.587570
11939     0.576219
11940     0.101016

