1       1.406188
2      -2.811483
3       1.303463
4       0.165290
5      -0.488411
6       0.638015
7       0.446448
8      -0.203312
9      -0.368433
10      0.464546
11     -0.145401
12      0.340569
13      0.183679
14     -0.138326
15      0.321171
16     -1.677853
17      0.563165
18     -1.697640
19     -0.321088
20      0.213634
21      0.575898
22      0.620545
23     -0.443499
24      0.435888
25      0.943300
26      2.356565
27      0.704425
28     -0.118810
29      0.042365
30      0.668549
31     -1.562000
32      0.363767
33     -1.773184
34      0.228328
35     -0.175540
36      0.474123
37     -1.603486
38      0.631006
39     -1.682724
40      0.213927
41     -1.975455
42     -0.208679
43      0.388059
44     -0.183983
45      0.728756
46      0.581317
47     -0.186720
48      0.188592
49      0.451472
50      0.073379
51      0.158950
52      0.710067
53     -2.115004
54      0.133464
55     -0.827226
56      2.793720
57     -0.622911
58     -0.692705
59      1.829534
60     -0.318292
61      0.672495
62     -2.018671
63      0.356388
64     -0.003734
65      0.635465
66      0.293593
67      1.206672
68     -3.048771
69      0.897962
70     -0.355346
71      0.053895
72      0.124143
73     -0.119106
74      0.504716
75      0.365299
76     -0.138194
77     -0.778589
78     -0.140530
79     -0.094872
80      0.698554
81      0.027281
82     -0.205759
83      0.502645
84     -0.698862
85     -0.899539
86      2.244408
87     -1.698190
88      0.369464
89      0.487961
90      0.196435
91     -0.859170
92      0.163242
93     -0.660553
94      0.001790
95      0.628844
96      0.403813
97     -0.128005
98     -1.002475
99     -0.115115
100     1.194096
101    -2.497533
102     0.107499
103    -0.201727
104     1.287746
105    -0.581968
106    -0.186842
107     1.055475
108    -1.543364
109    -0.190173
110     0.207062
111     0.221059
112     1.143045
113    -2.675692
114     1.296566
115    -0.964084
116     1.957392
117     0.339690
118    -0.241012
119     1.594325
120     0.808853
121    -0.467224
122    -0.741531
123    -0.036878
124    -0.481801
125     1.453677
126     1.788524
127     0.184927
128    -0.955356
129     0.992786
130    -1.477458
131     0.425898
132    -1.385871
133    -0.942126
134     0.696849
135     0.677996
136    -1.045264
137     0.190384
138     1.170429
139     1.984956
140    -1.310436
141     0.979794
142     0.452469
143    -0.668864
144    -0.240090
145     1.765206
146     0.632312
147    -1.169216
148     0.074516
149     0.429958
150     0.368481
151    -1.666415
152     0.605335
153     0.300743
154    -0.518140
155     0.704772
156     0.746436
157    -1.553956
158     0.147977
159    -0.092182
160     0.368731
161    -1.626284
162     0.784104
163     0.005247
164     0.361926
165    -2.489729
166    -0.249385
167     0.608713
168    -2.027395
169    -0.814149
170    -0.065039
171    -0.775060
172     0.143977
173    -0.244887
174    -0.358740
175     2.507608
176    -0.232521
177     0.902434
178     1.728283
179    -0.412883
180    -0.136568
181     1.663219
182     0.502272
183     1.825627
184    -0.429560
185    -0.769307
186     0.217637
187    -0.127920
188    -0.928123
189     0.899271
190    -0.701893
191     0.566867
192    -0.236853
193     0.003588
194     0.658563
195     1.661015
196     0.102489
197    -1.402654
198     1.350141
199     0.603262
200     0.333594
201    -0.111936
202    -0.933132
203     0.581505
204    -1.585144
205     1.077480
206     0.603548
207    -1.154855
208    -0.407913
209    -0.152506
210    -0.165247
211    -1.197079
212    -1.304080
213    -0.374560
214    -0.562268
215    -0.339895
216     0.378598
217    -1.624752
218    -0.755341
219    -0.523726
220     1.071211
221    -0.357665
222     1.930241
223    -0.360015
224     0.297709
225    -2.211813
226     0.215962
227     1.002814
228    -0.835524
229    -0.753471
230    -0.829355
231    -0.777329
232    -1.360386
233     1.005635
234    -2.224500
235     1.863444
236     0.774128
237     1.150806
238     1.857734
239     0.512292
240     0.788152
241     0.946529
242     1.143132
243     2.055677
244    -0.171646
245    -0.088474
246    -1.661858
247    -0.597115
248     0.141115
249    -0.421876
250     0.288689
251    -0.345765
252    -0.699849
253    -0.307051
254     1.183877
255     0.944755
256     0.015564
257    -1.430501
258     0.694561
259    -0.631904
260     1.634117
261     0.444931
262     1.207084
263    -1.231322
264     0.806416
265     0.735330
266     0.441990
267    -0.070809
268    -0.403209
269    -0.096578
270    -1.094161
271    -2.190159
272    -0.155318
273    -0.952892
274    -0.273156
275    -0.998524
276     0.318110
277     0.143599
278    -2.320617
279    -0.376082
280     0.346467
281     0.257724
282     1.663678
283    -0.166915
284    -0.461236
285    -0.517967
286     0.482071
287     1.364153
288    -1.791705
289    -0.397077
290    -1.252869
291    -1.533571
292    -1.344678
293     0.299383
294    -0.988424
295     0.967233
296     1.360877
297     1.657396
298     1.350344
299     0.554833
300     1.523670
301     1.005462
302     0.243748
303     1.952991
304     0.820351
305    -0.807658
306    -0.353582
307     0.702772
308    -0.722955
309     0.069651
310    -0.031525
311    -0.703500
312    -0.088190
313    -0.036708
314     0.013506
315    -1.235470
316     1.200451
317    -0.955091
318     1.333322
319    -1.571592
320     2.222477
321     0.710892
322    -0.972305
323     0.375740
324    -0.390759
325    -0.786725
326     0.709459
327    -1.578215
328     1.176710
329    -0.723500
330    -0.000121
331    -1.673550
332    -0.311718
333    -0.621812
334     0.916933
335    -0.882368
336     0.991018
337    -1.444128
338     0.164135
339    -1.045723
340     1.164520
341    -0.576056
342     1.199635
343    -1.066043
344     0.494550
345    -1.988642
346    -0.510807
347     0.448948
348    -2.078397
349     1.190312
350    -1.155319
351    -0.046711
352     1.124676
353    -0.197567
354     0.524839
355    -1.003471
356     1.746194
357     1.119905
358    -0.205334
359     0.616974
360     1.525370
361     0.845864
362     1.127667
363     0.686030
364    -0.175060
365     0.017887
366     0.056017
367    -0.361717
368     0.159625
369    -0.619218
370     3.111056
371    -2.072792
372     0.418200
373     0.530487
374    -0.718420
375    -0.554574
376     0.414068
377    -0.526242
378     1.152093
379    -1.202657
380     2.072881
381     0.636015
382    -0.527635
383    -0.379768
384     0.348822
385    -1.828355
386     1.219218
387    -1.170566
388     0.730246
389    -0.711988
390     0.095521
391     0.593676
392    -1.400453
393     0.069038
394     0.042471
395    -0.450821
396     1.338212
397    -1.953210
398    -0.476358
399    -1.017313
400     1.978969
401    -0.683775
402    -0.708629
403    -1.604799
404     0.898571
405    -0.943215
406    -0.768974
407     0.780463
408    -1.218977
409     0.722024
410    -1.364484
411    -0.136881
412     0.322305
413     0.789459
414    -0.021099
415    -0.900462
416     1.534095
417     0.724550
418     0.031703
419     0.185236
420     0.865975
421    -1.048847
422     2.076563
423     0.558913
424     0.771557
425    -0.738197
426    -0.401527
427    -1.099746
428     0.366811
429     0.364466
430     1.146423
431    -1.407902
432    -0.310716
433    -1.248483
434     1.355556
435     0.095954
436     1.411552
437    -1.080688
438     0.378864
439    -2.012059
440     1.652342
441     0.055421
442    -1.849185
443     0.768856
444     0.698701
445     0.114573
446     0.478781
447    -0.167501
448     0.894945
449    -1.111367
450     0.468716
451     2.210928
452    -1.290456
453    -1.225834
454     0.345752
455    -0.867978
456     1.570177
457     0.731349
458    -0.624203
459    -0.922659
460     0.548634
461    -0.414899
462    -0.015859
463     0.436853
464     0.072086
465    -0.596075
466     0.676164
467    -0.040401
468    -0.563873
469     0.959414
470    -1.632374
471    -1.034613
472     0.504593
473    -0.086871
474    -0.253262
475    -1.989066
476     1.603932
477     0.832307
478    -1.505350
479     0.920411
480     0.468401
481    -1.163438
482     1.543394
483     1.111365
484    -0.320562
485    -0.633215
486    -0.214084
487    -0.836596
488    -0.078017
489     0.819135
490     1.428215
491    -1.727878
492    -0.196227
493    -0.817929
494     0.855461
495     0.859832
496     1.160197
497    -0.961220
498    -0.980228
499    -0.237101
500     1.419679
501     0.482598
502    -1.413236
503     0.498949
504     1.674241
505     0.717524
506     0.299173
507    -1.291822
508     0.965009
509    -1.265444
510    -0.476023
511     1.454932
512    -1.473051
513    -1.094058
514     0.941209
515    -0.156420
516    -0.540403
517     1.005774
518    -0.948223
519    -1.307650
520     1.060689
521    -0.531891
522    -1.108302
523    -0.516726
524     0.546931
525     0.841384
526    -1.089271
527     1.054446
528     0.492553
529    -1.030394
530    -0.311672
531    -1.176528
532     1.017483
533    -0.212160
534    -1.359272
535    -1.013611
536     1.219649
537     1.652349
538    -1.312170
539     0.861508
540     1.811140
541     0.016880
542     2.403478
543    -0.449336
544     0.076435
545    -2.653082
546    -0.534574
547    -0.827502
548    -0.276880
549    -1.113124
550     0.293289
551    -1.547336
552     0.355553
553     0.217884
554     0.562762
555    -0.280169
556     0.358829
557    -0.997335
558    -0.292796
559     1.658960
560     1.404560
561    -0.428903
562    -0.255019
563     0.688402
564     0.347088
565     2.048327
566     0.070056
567     0.545250
568    -0.584030
569    -0.177834
570    -1.068684
571     0.307627
572     0.625995
573    -0.890378
574     0.371262
575    -0.401320
576    -0.073980
577     0.202497
578    -0.807638
579    -0.308758
580     0.300074
581     0.659394
582     0.655557
583     0.102311
584     0.043210
585    -0.173127
586    -1.310365
587     0.687457
588     0.006914
589    -1.393781
590    -1.978961
591    -1.137428
592     0.303589
593     0.272424
594    -0.381173
595    -1.704027
596     0.910828
597     3.296787
598    -0.183241
599     0.511820
600     1.925282
601     0.097364
602     1.410936
603     0.004578
604    -0.953332
605    -0.808399
606    -0.831384
607    -0.183483
608    -0.984359
609    -1.534734
610    -0.261933
611    -0.317188
612    -0.713236
613    -0.011314
614     0.221051
615    -0.515680
616    -0.424070
617    -0.460358
618    -0.099569
619     1.027238
620     1.417833
621     1.656770
622    -0.125480
623     0.322644
624    -0.400362
625     2.578149
626    -1.037758
627     0.696339
628    -0.836301
629    -0.506161
630    -0.497159
631    -0.211547
632     0.340858
633     0.261665
634    -0.350844
635     0.184048
636    -0.332653
637    -0.475426
638    -0.505759
639    -0.019829
640    -0.084387
641     0.517854
642     0.291734
643    -0.262160
644     0.172653
645    -0.746603
646    -0.987404
647    -0.118833
648     0.180145
649    -1.287525
650    -1.851799
651    -1.676555
652    -0.337007
653     0.306092
654    -0.004133
655     1.952530
656     2.290661
657     0.226342
658     1.136933
659    -0.594017
660     4.054325
661    -0.532268
662     1.140326
663     0.644754
664    -0.745917
665     0.338456
666    -0.028924
667     0.137303
668    -0.635458
669    -0.166487
670    -0.444266
671     0.074568
672     0.061360
673    -0.266929
674     0.186978
675     0.498168
676    -0.218842
677     0.835700
678     0.519643
679     1.540148
680    -1.990432
681    -0.913890
682    -0.523989
683     0.280160
684     0.451637
685     2.611623
686    -2.001040
687    -2.101566
688    -0.923513
689     0.351612
690     0.097213
691    -0.626583
692     0.915303
693     0.637735
694    -0.527284
695     0.682955
696     0.541435
697    -0.635300
698     0.405980
699     0.379897
700    -0.416536
701     1.298914
702     0.527709
703    -0.436338
704     0.707165
705     0.036943
706    -1.482952
707     0.526616
708     0.349729
709    -0.951332
710    -1.127286
711    -0.614815
712    -0.469606
713     1.264662
714     0.475204
715     2.629311
716    -1.631981
717    -1.766254
718     2.283270
719    -1.623199
720     0.370511
721    -0.605772
722    -0.107094
723    -0.157818
724    -1.262130
725     0.298279
726    -0.211771
727    -0.312262
728    -0.513959
729    -0.252934
730    -0.425334
731    -0.162102
732    -1.103988
733    -0.479162
734    -0.301923
735    -0.142261
736    -0.311153
737    -0.308342
738    -0.097842
739     2.103748
740     0.744008
741     1.758928
742    -0.416970
743    -0.087212
744    -0.921777
745     3.336501
746     0.084239
747     1.240393
748    -1.499452
749     1.197307
750     1.156609
751    -0.447635
752    -0.319035
753    -0.575617
754    -0.585784
755    -0.240440
756    -0.322688
757    -0.790712
758    -0.353129
759    -0.320724
760    -0.321200
761    -0.279847
762    -0.151136
763    -0.301813
764     0.197197
765    -1.248394
766    -1.412895
767    -0.310239
768    -0.917669
769    -1.348702
770    -0.681146
771    -0.796288
772    -0.612647
773    -0.331380
774     0.462496
775     3.008811
776     0.548249
777     1.018640
778     2.684563
779     0.926568
780     1.583841
781    -0.553620
782     0.460774
783     0.410803
784    -0.673321
785     0.773066
786     1.100509
787     0.232597
788     0.658796
789     0.767104
790    -0.536671
791     0.081898
792    -0.462060
793    -0.610542
794     0.206545
795     0.030076
796    -0.385094
797     0.449458
798     0.165782
799     1.828469
800    -1.982687
801    -1.186089
802    -0.629862
803     0.169281
804    -0.401244
805     2.311585
806    -1.709897
807    -1.141856
808    -0.302271
809     2.581450
810     1.789137
811    -0.643530
812    -0.507735
813     0.165132
814    -0.340445
815     0.633985
816     0.487479
817    -0.758127
818     0.424181
819    -0.069785
820    -0.367563
821     0.087672
822     0.662509
823    -0.463762
824    -0.085095
825    -0.140761
826    -1.048955
827     0.652231
828    -0.132300
829    -1.147101
830     0.147551
831    -0.436263
832    -0.461299
833     0.289288
834     1.113963
835     2.613238
836    -2.375607
837    -1.685872
838     1.936275
839    -0.955156
840    -1.036266
841    -0.727298
842     0.503618
843     0.638240
844    -0.655423
845     2.151930
846     0.997997
847    -0.114419
848     0.379026
849     1.008392
850    -0.511617
851    -0.345761
852    -0.041041
853    -0.748869
854     0.139241
855     0.080533
856    -0.134236
857     0.054509
858    -0.965072
859     1.515401
860    -2.317760
861     0.051634
862    -0.546080
863    -0.172009
864    -0.869599
865     1.473664
866    -0.978874
867     0.575269
868    -0.327028
869     3.340348
870     0.775545
871    -0.627360
872     1.316569
873     0.443512
874     0.291745
875    -0.083554
876    -1.070745
877    -0.485105
878     0.026129
879    -0.977433
880     0.384844
881    -1.299263
882     0.139958
883    -0.328979
884    -0.284539
885    -0.893146
886    -0.318782
887     0.146921
888    -1.507741
889    -1.121044
890     0.744181
891    -0.109251
892    -0.571490
893     0.048830
894     1.111310
895     2.222658
896    -2.718929
897    -0.141921
898     1.329417
899    -0.650613
900     0.753559
901    -0.101001
902     1.243483
903     0.536936
904    -0.208984
905     1.135793
906    -0.257788
907     0.456062
908     1.123449
909     0.871217
910    -0.013790
911     0.590451
912     0.258058
913    -0.076401
914     0.642705
915    -0.394675
916    -0.006602
917     0.853315
918    -0.496930
919     0.214479
920    -3.115387
921     0.240508
922    -0.392700
923     0.699006
924    -0.380426
925     0.403388
926    -2.895794
927     0.428821
928     0.139423
929     0.762702
930    -0.341199
931    -0.194936
932     1.505310
933    -0.182519
934    -0.094368
935     0.544567
936    -0.416092
937    -0.389431
938     0.801574
939    -0.623166
940     0.017697
941    -0.533569
942     0.722867
943    -0.025070
944     0.591647
945    -0.514228
946    -0.417433
947     0.919322
948    -0.761896
949    -0.634151
950     1.114914
951    -0.537649
952     0.058218
953     0.843817
954     0.983067
955     0.747685
956    -3.723418
957     0.199807
958     0.517915
959    -3.103885
960     0.665287
961     0.297178
962     0.850907
963     0.890169
964    -0.387285
965     0.846603
966    -0.704553
967     0.437251
968     0.899556
969     0.953089
970     0.355774
971     0.724673
972     0.339564
973    -0.133167
974     0.817895
975    -0.884211
976    -0.103946
977     0.772960
978    -1.043881
979    -0.169998
980    -2.826243
981     0.850587
982    -0.084105
983     0.550368
984    -0.453792
985    -0.111055
986    -2.973285
987     0.655937
988    -0.084891
989     0.636021
990    -0.993321
991    -0.169004
992     1.127746
993    -0.466649
994    -0.000095
995     0.962698
996    -0.759096
997    -0.064831
998     0.891449
999    -0.882206
1000     0.184577
1001     0.034680
1002     1.195474
1003    -0.132329
1004     0.909723
1005    -1.085939
1006    -0.089006
1007     0.952207
1008    -1.015919
1009    -0.227363
1010     0.401241
1011    -0.499227
1012     0.272185
1013     0.433869
1014     1.308912
1015     0.334632
1016    -3.049457
1017     1.452771
1018    -0.124524
1019    -2.963610
1020     1.142291
1021     1.140937
1022     0.228115
1023     1.032485
1024    -0.352435
1025     0.039969
1026     0.135535
1027     1.560124
1028     0.273442
1029     1.814920
1030     0.792600
1031    -0.841982
1032     0.532895
1033    -0.434722
1034    -0.905329
1035    -0.085855
1036    -0.144801
1037    -0.475069
1038     0.227978
1039    -1.585431
1040     1.230996
1041    -2.007662
1042    -0.259883
1043    -1.433331
1044     0.085916
1045    -1.801657
1046     1.518137
1047    -2.319672
1048    -0.340195
1049    -1.303244
1050     0.477472
1051    -0.609977
1052     0.058822
1053     0.106204
1054     1.192820
1055     0.997617
1056     0.849479
1057     0.677700
1058     0.486169
1059     0.594605
1060     1.578702
1061    -0.194963
1062     1.235709
1063    -0.519211
1064    -0.766355
1065    -0.134496
1066    -0.486540
1067    -0.434848
1068    -1.423461
1069     0.928851
1070     0.129488
1071    -0.303321
1072     1.443712
1073    -0.229420
1074     1.860529
1075    -1.478539
1076     0.831582
1077    -1.327031
1078    -1.302056
1079     0.790205
1080    -1.352227
1081     0.273649
1082     1.163109
1083    -0.165571
1084     0.236963
1085     1.437663
1086     0.258734
1087     0.640966
1088     1.400913
1089     0.873412
1090     0.604261
1091    -0.059260
1092    -0.000350
1093     0.699401
1094    -1.192304
1095     0.881425
1096     0.539800
1097     1.095638
1098     0.301031
1099    -2.182358
1100    -1.247680
1101    -1.283954
1102    -0.319213
1103    -1.164327
1104    -0.041709
1105    -1.871297
1106    -0.725000
1107    -1.347297
1108     0.149535
1109    -1.414151
1110     0.687279
1111     0.214979
1112     1.405844
1113     0.587318
1114     0.831617
1115     0.971507
1116     0.344412
1117     0.626822
1118     1.277681
1119     0.208720
1120     0.247442
1121     0.622498
1122    -0.063171
1123     0.196078
1124    -1.290422
1125     0.162072
1126     1.381956
1127    -0.819047
1128     0.155351
1129     1.399921
1130    -0.461024
1131    -0.281415
1132    -0.041416
1133     2.132697
1134     0.495732
1135    -1.914302
1136    -1.644927
1137    -0.775152
1138    -1.714801
1139    -1.489408
1140    -0.996866
1141     0.148497
1142     0.870633
1143     0.358035
1144    -0.226621
1145     1.096395
1146    -0.043915
1147    -0.606479
1148     0.704809
1149     0.815536
1150    -0.913966
1151    -0.741975
1152    -1.737462
1153     0.197345
1154    -1.339961
1155    -1.567325
1156     0.235118
1157     0.773924
1158     0.376444
1159     1.253584
1160     1.131923
1161     1.830651
1162     0.115387
1163    -1.071258
1164    -1.225530
1165     0.978462
1166     1.031439
1167     1.080313
1168    -0.221704
1169    -1.612041
1170    -0.976747
1171    -0.918564
1172     0.684229
1173     0.341029
1174    -0.264261
1175     0.433797
1176     0.944832
1177    -0.631221
1178     0.552509
1179     0.284232
1180     0.104170
1181     0.554528
1182    -0.629901
1183    -0.002579
1184    -1.434118
1185    -1.673819
1186    -0.180061
1187    -1.459545
1188    -1.401309
1189     0.015076
1190    -1.169158
1191    -1.183603
1192     0.120425
1193     1.988930
1194     0.888005
1195    -0.567731
1196    -1.154170
1197     1.039562
1198     1.365121
1199     0.159108
1200     2.480971
1201     0.178114
1202     0.168040
1203     0.479938
1204     0.292494
1205    -0.585364
1206     0.702598
1207    -0.350944
1208     1.114793
1209     1.403995
1210    -0.497877
1211     0.508163
1212    -1.825409
1213     0.251603
1214    -1.046370
1215    -2.220203
1216     0.467078
1217    -0.521119
1218     0.541441
1219    -0.318177
1220     1.733374
1221     0.949793
1222    -0.421932
1223     0.717872
1224    -2.140922
1225     0.475589
1226     1.067217
1227     0.765080
1228    -0.494894
1229    -0.341541
1230    -1.550895
1231     0.100141
1232     0.528278
1233     1.497553
1234    -0.446765
1235    -0.176647
1236     1.052558
1237    -0.317581
1238     0.271068
1239     0.704469
1240     0.725242
1241    -0.284968
1242     0.416869
1243     0.118304
1244    -2.796871
1245    -2.092914
1246     0.214520
1247    -0.627600
1248    -1.431570
1249     0.582157
1250    -0.739520
1251    -1.168574
1252    -0.451872
1253     0.026904
1254     0.753476
1255    -0.267966
1256     0.793672
1257     1.853108
1258     0.162766
1259     0.190620
1260     1.309609
1261     0.340562
1262    -0.234281
1263     0.656035
1264    -1.100120
1265    -0.760732
1266     0.826105
1267     1.380598
1268     0.314214
1269     1.434045
1270    -0.929695
1271     0.592814
1272    -1.669473
1273    -2.032980
1274     0.659920
1275    -2.699314
1276    -0.525332
1277    -0.499593
1278     0.251065
1279     0.789269
1280     1.140477
1281     0.139207
1282    -0.924190
1283     0.823815
1284    -2.033748
1285    -0.485567
1286     0.356911
1287     0.366082
1288     1.174811
1289    -0.279760
1290    -0.381681
1291    -0.233486
1292     0.683809
1293    -0.037491
1294     0.211934
1295    -0.218383
1296     0.574276
1297     1.404452
1298    -0.215795
1299     1.389313
1300     1.072154
1301    -0.772205
1302     1.416582
1303     0.771460
1304    -1.670755
1305    -0.287372
1306    -2.152731
1307     0.479598
1308    -1.738402
1309     0.454323
1310    -0.372989
1311    -0.769044
1312    -0.920657
1313    -0.446383
1314     0.780158
1315     1.509368
1316     0.114661
1317     1.904895
1318     0.195827
1319     0.304659
1320    -0.121237
1321     0.097602
1322     1.070988
1323     0.351060
1324    -1.496826
1325     0.009126
1326     0.656160
1327    -0.114520
1328    -0.046231
1329     0.692940
1330     1.211224
1331     1.361877
1332    -0.409127
1333    -0.254730
1334    -0.115422
1335    -1.820327
1336    -0.294919
1337    -0.059431
1338     0.189192
1339     1.582169
1340     0.364630
1341     0.623183
1342     1.532048
1343     2.292732
1344    -0.526611
1345    -2.140524
1346    -2.303126
1347    -0.040525
1348    -0.207157
1349    -0.084286
1350    -1.543136
1351     0.012847
1352     0.365368
1353     0.115536
1354    -0.293898
1355    -0.375975
1356     0.154724
1357    -0.188479
1358    -0.218075
1359     0.477553
1360    -0.314072
1361    -0.592169
1362     0.601730
1363     0.055627
1364    -0.578875
1365    -1.208319
1366    -0.826421
1367    -2.816938
1368     0.538907
1369     0.055834
1370    -0.156859
1371    -1.468354
1372    -0.553858
1373    -0.031845
1374     1.028074
1375     1.631967
1376     1.963999
1377     1.989776
1378     0.506086
1379    -0.049487
1380    -0.402439
1381    -1.449202
1382     0.525816
1383    -0.798013
1384     0.223191
1385    -0.140037
1386     0.788997
1387     0.064663
1388     0.034732
1389    -0.236473
1390     0.948359
1391     0.000988
1392     0.888392
1393     1.220692
1394    -0.438482
1395     1.301881
1396     1.153342
1397    -0.120796
1398     0.947515
1399     0.441018
1400    -0.771936
1401     2.165880
1402     0.948185
1403     0.550850
1404     0.864938
1405    -3.702160
1406    -1.639396
1407     0.147922
1408     0.310877
1409     0.130935
1410    -1.377085
1411     1.036062
1412     0.175891
1413     0.379598
1414     0.741644
1415    -0.395493
1416     0.388950
1417    -0.010159
1418    -0.113078
1419    -0.236697
1420     0.205043
1421    -0.376774
1422     0.044072
1423     0.422499
1424     0.073220
1425    -1.546595
1426    -0.269627
1427     1.369426
1428    -2.229912
1429     0.309513
1430    -0.108436
1431    -1.061299
1432     0.156394
1433    -0.136170
1434     0.417313
1435    -0.243181
1436     0.452883
1437     1.089585
1438    -2.507154
1439     0.925856
1440    -1.938968
1441    -0.622099
1442     0.251006
1443    -0.255666
1444    -0.153737
1445     0.104627
1446     0.092988
1447     0.358659
1448     0.446654
1449     0.088270
1450    -0.067940
1451    -0.327026
1452    -0.381366
1453     0.653261
1454     0.285462
1455     0.587202
1456     1.654126
1457    -1.352162
1458     1.148906
1459    -1.721938
1460    -0.836730
1461     0.553995
1462     0.780444
1463    -0.516272
1464     0.392231
1465    -3.016077
1466    -0.871102
1467     0.775631
1468     0.863555
1469     0.577708
1470    -0.726611
1471     0.892720
1472     0.061175
1473    -0.018358
1474     0.902764
1475     0.148304
1476     0.363810
1477     0.527456
1478     0.327801
1479     0.412231
1480     0.417164
1481     0.402544
1482     0.336798
1483     0.587262
1484     0.810255
1485    -1.262798
1486     0.733689
1487    -1.005118
1488    -0.132990
1489     0.397241
1490     0.302514
1491    -1.017279
1492     0.250252
1493     0.202287
1494     0.365341
1495     0.320274
1496    -0.950121
1497     1.513300
1498    -3.757076
1499     1.938191
1500    -2.835635
1501    -1.712873
1502    -0.936424
1503    -0.633316
1504    -0.738973
1505    -1.022295
1506     0.208015
1507     0.715897
1508     0.292191
1509     0.020463
1510    -1.383441
1511    -1.377175
1512    -0.449435
1513     0.148938
1514    -0.611500
1515     0.419159
1516     1.479820
1517    -0.613320
1518     0.653954
1519    -0.569256
1520     0.651041
1521    -0.853336
1522     0.381301
1523    -0.941602
1524     0.845883
1525    -3.847633
1526     3.371555
1527    -0.897787
1528     0.822485
1529     0.125233
1530    -0.349347
1531     0.515892
1532    -0.528044
1533    -0.026971
1534     0.271449
1535    -0.595880
1536     0.015624
1537     0.728773
1538     0.247243
1539    -0.108167
1540     0.696819
1541     0.279707
1542    -0.104638
1543     0.801048
1544     0.229070
1545    -0.369334
1546     0.690554
1547    -0.161980
1548     1.985510
1549     0.867746
1550     0.417600
1551    -0.571469
1552     0.630769
1553     0.230175
1554    -0.010224
1555     0.630484
1556    -0.655703
1557     1.532177
1558    -1.129797
1559     1.600108
1560    -1.306763
1561    -0.277735
1562    -0.706799
1563     0.249939
1564     0.106187
1565    -0.082945
1566     0.940825
1567    -0.217676
1568     1.399132
1569    -0.017542
1570     0.082685
1571    -1.260479
1572     0.368329
1573     0.106338
1574     0.425113
1575     0.430709
1576     1.232303
1577    -1.255661
1578    -0.196248
1579    -1.828513
1580     2.137464
1581    -0.160722
1582    -0.133785
1583    -2.145530
1584    -0.108447
1585    -2.257150
1586     2.031046
1587    -0.587505
1588     0.378926
1589     0.778401
1590    -0.728217
1591     1.501566
1592     0.066914
1593     0.900491
1594     1.418111
1595    -0.329107
1596     0.745548
1597     0.731762
1598    -0.428453
1599    -0.782371
1600    -0.281290
1601     1.458529
1602    -0.092408
1603    -0.866885
1604    -1.181720
1605    -1.267568
1606     1.335371
1607    -0.707589
1608     1.514947
1609    -0.190469
1610     1.049966
1611    -1.061254
1612    -0.315704
1613     1.454240
1614     0.102297
1615     0.951894
1616    -1.260778
1617     0.825573
1618    -1.475936
1619    -1.441745
1620    -1.076376
1621    -0.065897
1622    -0.826213
1623    -0.095770
1624     0.097830
1625    -0.528386
1626     0.459580
1627    -0.376482
1628     0.771406
1629    -0.716384
1630    -0.044620
1631    -1.988163
1632    -0.280126
1633    -0.668315
1634    -0.088337
1635     0.194812
1636     2.012317
1637    -0.652107
1638     0.275457
1639    -1.804195
1640     1.650385
1641    -0.925094
1642     0.055610
1643    -1.383535
1644     1.071734
1645    -2.329118
1646     2.720164
1647    -0.471550
1648    -0.092497
1649     0.831168
1650    -0.883550
1651     1.125336
1652    -0.198556
1653     0.730720
1654     0.355875
1655    -0.784622
1656     0.912350
1657     0.444083
1658     0.282301
1659     0.226735
1660    -0.598454
1661     1.097712
1662    -0.688612
1663     0.344844
1664    -0.550712
1665    -0.743090
1666     1.206969
1667    -0.638406
1668     1.519877
1669    -1.359720
1670     1.507050
1671     0.066468
1672    -0.150559
1673     0.948871
1674    -0.612011
1675     2.387675
1676    -1.005571
1677     1.036601
1678    -0.540681
1679    -1.164450
1680    -1.078147
1681     0.755213
1682    -0.066570
1683    -0.100722
1684     0.864172
1685    -0.154484
1686     0.201361
1687     0.804592
1688     0.215653
1689    -0.642452
1690     0.844556
1691    -0.267981
1692     0.689877
1693    -0.081411
1694    -0.639051
1695    -0.328432
1696     0.015125
1697    -0.373131
1698    -0.151162
1699    -0.793756
1700     1.414426
1701    -1.096175
1702    -1.136278
1703    -1.606890
1704     0.321398
1705    -1.699311
1706     1.965942
1707    -0.977320
1708    -0.776728
1709     0.949054
1710    -1.382911
1711     0.659335
1712    -0.578043
1713    -0.016607
1714     0.377700
1715    -0.087313
1716     0.398100
1717    -1.936071
1718     1.143771
1719     0.819469
1720     0.398525
1721    -0.280890
1722    -0.678283
1723     1.787364
1724    -0.770289
1725    -0.275936
1726    -1.300554
1727    -1.526133
1728     1.428744
1729    -2.405398
1730     2.589479
1731     0.131164
1732     1.246035
1733    -0.047652
1734    -0.284335
1735     1.252996
1736    -1.212625
1737     0.156721
1738     1.123896
1739    -0.667273
1740     1.787502
1741    -0.218748
1742     0.206739
1743     0.164714
1744     0.362240
1745     0.059892
1746     0.080377
1747     0.520756
1748     0.513395
1749    -0.604329
1750    -0.231484
1751    -0.235451
1752     0.476217
1753    -0.743002
1754    -0.236246
1755     0.050251
1756     0.325464
1757    -0.036373
1758     0.245540
1759    -0.866123
1760     1.860195
1761    -0.427738
1762    -0.756552
1763    -1.457893
1764     0.351237
1765    -1.899395
1766     2.465221
1767    -0.005327
1768     0.243885
1769     1.006707
1770    -0.473158
1771    -0.322278
1772    -0.331093
1773     0.201205
1774    -0.401404
1775     0.146591
1776     0.414155
1777    -0.946818
1778     0.873517
1779     0.514752
1780     0.229706
1781    -0.468956
1782    -1.488698
1783     1.951858
1784    -1.685848
1785    -1.548598
1786    -0.857237
1787    -1.542963
1788     1.186600
1789    -1.095767
1790     2.247929
1791     0.185823
1792     0.425444
1793     0.040733
1794    -0.648007
1795     2.847234
1796    -1.654464
1797     0.830604
1798     1.432221
1799    -1.771629
1800     0.494381
1801    -0.046071
1802     0.506257
1803    -0.618994
1804     0.951940
1805     0.072222
1806    -0.616124
1807     1.180483
1808     1.117924
1809    -0.466098
1810    -0.127870
1811     0.041739
1812    -0.258664
1813    -0.405751
1814    -0.643058
1815    -0.477693
1816     0.966468
1817    -0.202913
1818    -0.530374
1819    -0.670641
1820     2.259717
1821     0.847699
1822    -0.790951
1823    -1.500291
1824     0.337428
1825    -1.843646
1826     2.186344
1827     0.974400
1828     1.224558
1829     0.443555
1830    -0.542912
1831    -0.664143
1832     0.468806
1833    -0.411189
1834    -0.322449
1835     0.481190
1836    -0.328192
1837    -0.747606
1838    -0.252225
1839    -0.303859
1840    -1.063911
1841     0.021116
1842     0.896863
1843    -0.619203
1844    -0.573328
1845    -0.290084
1846    -0.424675
1847    -3.996660
1848     1.392102
1849    -0.745794
1850     1.251136
1851     0.242684
1852     1.064621
1853     0.541180
1854    -0.222862
1855     1.064877
1856    -0.715470
1857    -0.512689
1858     2.019764
1859    -1.507242
1860     0.888556
1861    -0.123874
1862    -0.231844
1863    -0.293189
1864     1.165688
1865    -0.441697
1866     0.074898
1867    -0.031578
1868     0.640674
1869    -0.198041
1870    -0.025193
1871    -0.458398
1872     0.663723
1873     0.750918
1874    -0.115503
1875     0.035082
1876     1.614396
1877     0.366367
1878     0.412962
1879     0.062600
1880     0.342506
1881    -0.274359
1882     1.277197
1883    -1.691363
1884     1.082409
1885    -2.015934
1886     0.534576
1887    -0.304420
1888     0.217424
1889     0.154334
1890    -0.026419
1891     0.189615
1892     0.053508
1893    -0.148214
1894     0.430146
1895    -0.721962
1896    -0.215458
1897     0.026729
1898     0.099024
1899     0.503967
1900     1.926623
1901    -0.443363
1902     1.076436
1903     0.082718
1904    -0.591849
1905     0.699422
1906    -0.228706
1907    -0.076240
1908    -0.344101
1909     0.584324
1910    -0.029553
1911    -0.141675
1912     0.702751
1913    -1.070445
1914     0.175775
1915    -4.256390
1916     0.864717
1917    -1.698759
1918    -2.349455
1919     2.816509
1920    -1.080039
1921    -0.086457
1922     0.314203
1923     0.129029
1924     0.654894
1925     0.398029
1926    -0.217261
1927     0.014414
1928     1.097028
1929     0.302651
1930    -0.215644
1931     0.564023
1932     0.767630
1933     0.033751
1934    -0.883321
1935    -0.023071
1936     0.545459
1937     0.115924
1938    -0.023642
1939    -0.962328
1940    -1.199244
1941    -0.456344
1942     0.606888
1943    -0.012874
1944     0.221568
1945    -2.741201
1946     0.267293
1947     0.267436
1948    -0.233302
1949     0.440647
1950     0.116510
1951     0.155067
1952     1.233804
1953    -0.060123
1954     0.220456
1955     0.086306
1956    -0.118955
1957    -0.360681
1958     0.805521
1959     0.551587
1960     0.231710
1961    -0.833191
1962    -0.113783
1963    -1.004224
1964     0.961136
1965    -0.068189
1966    -0.608618
1967    -0.315457
1968    -0.113739
1969     0.524811
1970     0.386150
1971     0.041104
1972     0.592439
1973     0.623203
1974     0.026492
1975     4.569044
1976    -3.717684
1977    -0.947916
1978    -1.936478
1979    -0.331496
1980    -0.280984
1981     0.337487
1982     0.278804
1983     0.531869
1984    -0.432362
1985     0.521890
1986    -0.658774
1987     0.473204
1988     0.812000
1989     0.706429
1990    -0.807242
1991     0.174868
1992     0.938428
1993     0.094628
1994     0.605541
1995     0.802639
1996     0.560460
1997     0.395072
1998     0.281358
1999     0.078576
2000    -1.574375
2001    -0.287804
2002    -1.369148
2003     0.440038
2004     0.221185
2005     0.352234
2006    -2.873853
2007    -0.337335
2008     0.002208
2009    -0.088164
2010     0.654344
2011     0.042783
2012     0.833406
2013    -0.464160
2014    -0.133932
2015     0.112386
2016     0.322049
2017    -0.337150
2018     0.381049
2019     0.776824
2020     0.666552
2021     0.499776
2022     0.642998
2023    -0.719424
2024     0.640068
2025     0.233343
2026     0.215857
2027     0.203326
2028     0.367605
2029    -1.238182
2030     0.807228
2031     0.054113
2032     0.283341
2033     0.943736
2034     0.415869
2035     1.486951
2036    -0.291062
2037    -4.305349
2038     0.443159
2039    -2.821734
2040    -0.895632
2041     0.629487
2042     0.213980
2043     0.771300
2044     0.611899
2045     0.903696
2046     0.109011
2047     0.308109
2048     0.299916
2049     0.148003
2050     1.151039
2051     0.312590
2052     0.694678
2053     0.206454
2054     0.193921
2055     0.379603
2056     0.429826
2057     0.192610
2058     0.210118
2059    -3.409988
2060    -1.634207
2061    -1.242899
2062     0.283559
2063     0.187856
2064    -0.196052
2065    -3.186102
2066    -2.808654
2067    -1.006035
2068     0.181584
2069    -0.457967
2070     0.687488
2071     0.717493
2072     0.630934
2073    -0.585007
2074     0.277899
2075    -0.361440
2076     0.211080
2077     0.166763
2078     0.031505
2079     0.356209
2080     0.969642
2081     0.116828
2082     0.304885
2083     0.113399
2084     0.154845
2085    -0.317602
2086     0.089254
2087     0.175515
2088     0.651457
2089    -0.204585
2090     0.630065
2091    -0.089281
2092    -0.552727
2093     0.366144
2094    -0.103336
2095    -0.192580
2096     2.288774
2097    -1.415235
2098     1.409574
2099    -1.436910
2100     0.431615
2101    -0.469311
2102    -0.920239
2103    -0.026386
2104    -0.009534
2105     0.101660
2106    -0.171500
2107    -0.854534
2108     0.299746
2109    -0.573167
2110     2.228051
2111    -0.067672
2112     1.255494
2113    -0.402120
2114     0.436715
2115     0.065226
2116    -0.691732
2117     0.085114
2118    -0.532319
2119     0.764941
2120    -0.504809
2121     1.131384
2122     1.837788
2123    -0.054724
2124     0.825937
2125     1.261124
2126     0.926707
2127     1.383389
2128    -1.956818
2129     0.775148
2130    -0.394251
2131    -0.846234
2132    -0.119729
2133    -1.704535
2134    -1.076419
2135     0.423994
2136    -0.164172
2137    -1.084104
2138    -0.131067
2139    -0.505395
2140    -0.491735
2141     0.485824
2142    -0.894561
2143    -0.492276
2144    -0.002714
2145    -0.522673
2146    -0.677117
2147    -1.100152
2148     0.240700
2149    -1.184887
2150    -0.177644
2151    -0.683488
2152    -1.146415
2153    -0.976540
2154    -0.406966
2155     2.760414
2156     0.765643
2157     0.552477
2158     2.530918
2159    -0.245260
2160     1.124806
2161    -0.999886
2162    -0.338417
2163     0.543342
2164    -0.801478
2165     0.207432
2166     0.282077
2167    -1.187516
2168     0.444596
2169     0.362507
2170     1.454298
2171    -0.455539
2172     0.237401
2173    -0.857727
2174     0.097406
2175    -0.007869
2176    -0.875125
2177     0.469917
2178     0.130019
2179     2.588386
2180    -0.309651
2181    -0.098918
2182     1.725082
2183     0.108779
2184     0.345427
2185     1.447467
2186    -0.453124
2187    -0.621055
2188    -0.235199
2189     0.471158
2190    -0.139250
2191    -0.991254
2192     0.547070
2193    -0.397200
2194     0.105374
2195    -0.174896
2196    -0.267745
2197    -1.406662
2198     0.311708
2199     0.534129
2200    -1.836481
2201     0.005677
2202    -0.387787
2203    -0.744478
2204     0.134700
2205    -0.019346
2206    -0.989593
2207    -1.848787
2208    -0.444288
2209    -0.904042
2210     0.786285
2211     0.471910
2212    -1.036061
2213     0.471531
2214     0.890885
2215     4.230539
2216     0.284591
2217    -1.615845
2218     1.314356
2219    -0.760436
2220     0.201606
2221    -1.588932
2222     0.363809
2223    -0.327918
2224    -0.693576
2225    -0.035816
2226    -0.006629
2227    -1.530825
2228     0.832019
2229    -0.163691
2230     0.759717
2231    -0.247373
2232     0.199326
2233    -0.221684
2234     0.136314
2235     0.499230
2236    -0.927630
2237    -0.005664
2238    -0.316547
2239     2.337011
2240    -0.113057
2241    -0.398291
2242     0.933581
2243    -0.545555
2244    -0.053264
2245     1.284988
2246    -0.494574
2247     0.044998
2248    -0.998285
2249     1.350652
2250     0.003482
2251    -0.160268
2252    -0.194658
2253    -0.027641
2254    -1.045640
2255     1.075820
2256    -0.417941
2257    -1.508025
2258     0.932703
2259     0.203323
2260    -1.758973
2261     0.233389
2262    -0.828829
2263    -0.205017
2264     0.360844
2265     0.560177
2266     2.074049
2267    -0.570464
2268     1.940395
2269     0.166226
2270    -0.858689
2271     0.242306
2272    -1.065337
2273     0.355532
2274     0.395271
2275     3.666647
2276    -2.180059
2277    -1.747041
2278     0.481972
2279    -0.395171
2280     0.199283
2281    -1.296242
2282     0.212527
2283     0.319475
2284    -1.299930
2285     0.626467
2286     0.565299
2287    -0.807414
2288     0.416791
2289     0.193823
2290     1.475531
2291    -1.331595
2292    -0.904451
2293    -0.082892
2294     0.674820
2295     0.593140
2296    -1.594593
2297     0.494907
2298     0.397269
2299     2.119171
2300    -1.546927
2301    -1.310669
2302     1.655991
2303    -1.387787
2304    -1.013996
2305     1.777065
2306    -1.498832
2307    -1.061623
2308    -0.160820
2309     0.244145
2310     0.082186
2311    -0.391378
2312     0.508374
2313     0.452262
2314    -0.966333
2315     0.209376
2316     0.172095
2317    -0.578909
2318     0.141880
2319     0.221349
2320    -1.757354
2321     0.541017
2322     0.177031
2323    -0.287750
2324     1.105130
2325     0.751659
2326     1.077442
2327     2.732329
2328     0.748286
2329    -1.206348
2330     0.500689
2331     0.723665
2332    -0.313833
2333     0.293090
2334     0.456679
2335     1.496626
2336    -1.383203
2337    -0.656879
2338     1.141972
2339    -1.553200
2340    -0.906599
2341    -0.715514
2342     0.286991
2343     0.069110
2344    -1.309992
2345     0.617515
2346     0.333080
2347    -0.559678
2348     0.464984
2349     0.111047
2350     1.907395
2351    -1.215973
2352    -0.440047
2353    -0.874940
2354     0.564579
2355     0.580532
2356    -1.243251
2357     0.475390
2358     0.329256
2359     2.733555
2360    -1.489515
2361    -0.978923
2362     2.110947
2363    -1.277991
2364    -0.537592
2365     2.045205
2366    -1.365272
2367    -0.474111
2368    -0.776356
2369     0.350114
2370     0.081592
2371    -0.788169
2372     0.493794
2373     0.371035
2374    -0.989000
2375     0.336233
2376     0.099460
2377    -0.622151
2378     0.315001
2379    -0.071958
2380    -0.701259
2381     0.358514
2382     0.131636
2383    -0.737240
2384     0.997733
2385     0.442079
2386    -1.157739
2387     1.903961
2388     0.687702
2389    -1.239772
2390     0.584980
2391     0.223262
2392    -1.172087
2393     0.419726
2394     0.123938
2395     2.149622
2396    -1.311323
2397    -0.505803
2398     1.940424
2399    -1.509440
2400    -0.575295
2401    -0.296456
2402     0.395709
2403    -0.623158
2404    -1.253347
2405     0.497064
2406    -0.563453
2407    -0.935312
2408     0.405897
2409    -0.608317
2410     1.813878
2411    -0.857449
2412     1.210025
2413    -0.706501
2414     0.447862
2415    -0.123441
2416    -1.237982
2417     0.338305
2418    -0.501033
2419     2.563295
2420    -1.415142
2421     1.107132
2422     2.149302
2423    -0.966968
2424     1.249334
2425     2.165626
2426    -0.996933
2427     1.308408
2428    -0.786390
2429     0.516001
2430    -0.518500
2431    -0.639022
2432     0.121009
2433    -0.475040
2434    -0.884893
2435     0.549233
2436    -0.485411
2437    -0.480936
2438     0.466831
2439    -0.716055
2440    -0.396377
2441     0.378317
2442    -0.566321
2443    -1.090695
2444     0.585582
2445    -0.424011
2446    -1.072023
2447     0.636174
2448    -0.485488
2449    -1.318844
2450     0.708510
2451    -0.521491
2452    -1.415804
2453     0.548531
2454    -0.552655
2455     1.892858
2456    -1.198288
2457     1.179737
2458     1.929620
2459    -1.160245
2460     1.109738
2461     1.464428
2462    -0.243798
2463     0.090414
2464    -1.833252
2465     0.041886
2466    -0.415346
2467    -0.945490
2468    -0.044115
2469    -0.230663
2470     1.942555
2471     0.219543
2472     0.542064
2473    -1.017408
2474     0.224867
2475     0.015287
2476    -1.993074
2477    -0.415950
2478    -0.589913
2479     2.040005
2480     0.369984
2481     0.162506
2482     2.428549
2483     0.053987
2484     0.581227
2485     1.789902
2486     0.026829
2487     0.453215
2488    -0.788512
2489     0.678929
2490    -0.084288
2491    -0.582398
2492    -0.321634
2493    -0.429821
2494    -1.062237
2495     0.115015
2496    -0.278140
2497     0.749050
2498     0.239784
2499    -0.045049
2500     0.986781
2501    -0.445302
2502     0.149662
2503    -1.634622
2504     0.081894
2505    -0.469669
2506    -1.515419
2507    -0.357234
2508    -0.529242
2509    -1.974777
2510    -0.046009
2511    -0.074486
2512    -2.190833
2513    -0.038157
2514    -0.157617
2515     1.704598
2516     0.097463
2517     0.835246
2518     2.432152
2519    -0.237981
2520     0.474613
2521     3.176956
2522     0.495950
2523     0.782621
2524    -1.308031
2525     0.179416
2526    -0.713269
2527    -1.459288
2528     0.177928
2529    -0.478289
2530     1.856549
2531     0.362623
2532     0.815385
2533    -0.855135
2534     0.071683
2535    -0.239921
2536    -0.402342
2537     0.442798
2538    -0.214988
2539     1.018536
2540    -0.277192
2541    -0.198937
2542     2.036010
2543     0.113727
2544     0.992557
2545     1.410992
2546    -0.853375
2547     0.259709
2548    -0.973235
2549     0.477654
2550    -0.528984
2551    -0.271859
2552    -0.615619
2553    -0.723065
2554     0.062360
2555     0.547946
2556    -0.130371
2557    -1.225159
2558     0.192473
2559    -0.263905
2560    -0.842208
2561    -0.098785
2562     0.564178
2563    -2.033226
2564    -0.319948
2565    -1.206001
2566    -0.775507
2567     0.234428
2568    -0.320345
2569    -0.833462
2570    -0.091101
2571     0.027819
2572    -1.523657
2573    -0.215210
2574    -0.090356
2575     1.028371
2576    -0.837098
2577     0.782015
2578     1.913337
2579     0.011704
2580     0.884147
2581     2.132230
2582    -0.900229
2583    -0.965684
2584     0.205203
2585     1.138077
2586     1.056747
2587    -0.399032
2588     1.302943
2589     0.965253
2590     0.995648
2591    -0.137841
2592     0.003364
2593    -0.850793
2594     0.105158
2595    -0.310996
2596     0.238210
2597    -0.104375
2598     0.074408
2599    -0.873036
2600    -1.529129
2601    -2.619413
2602     0.690291
2603    -0.584800
2604    -0.524616
2605     0.333232
2606    -0.411677
2607    -0.976399
2608     0.030998
2609     0.356677
2610     0.744465
2611     0.812242
2612     0.368379
2613    -0.249071
2614     0.036657
2615    -0.152603
2616    -0.523804
2617    -0.897838
2618     0.379377
2619     0.388577
2620    -0.857268
2621     0.832747
2622     1.241004
2623    -0.754471
2624     0.301274
2625     0.460250
2626    -0.219748
2627     0.435529
2628     0.142607
2629    -0.756263
2630     0.152840
2631     0.276024
2632    -1.374034
2633     0.424993
2634     0.501659
2635     0.287568
2636    -0.715411
2637     0.457121
2638     1.220202
2639    -1.261930
2640    -0.141495
2641    -0.563813
2642    -0.949163
2643    -0.514754
2644    -0.383913
2645    -1.449014
2646    -0.926921
2647    -0.992903
2648    -1.192488
2649    -0.837230
2650    -0.727200
2651    -0.966339
2652    -0.652727
2653     0.838662
2654     1.247165
2655     0.537745
2656     0.796765
2657     1.727785
2658     1.147023
2659     0.068473
2660     0.730531
2661    -0.174850
2662    -1.879929
2663    -1.775648
2664    -0.871974
2665     0.176959
2666     0.707528
2667     0.310266
2668     1.085359
2669     0.617183
2670     0.713909
2671     0.075765
2672    -1.039713
2673    -1.008689
2674     0.233867
2675     1.145413
2676     0.474419
2677    -0.435441
2678    -0.374632
2679    -0.357006
2680     1.763150
2681     1.231632
2682     0.849644
2683     0.347592
2684     1.338290
2685     0.868911
2686     0.649519
2687     1.174965
2688     0.515373
2689     1.045258
2690     1.079727
2691     0.632769
2692    -0.233174
2693     0.477921
2694     0.514458
2695    -1.291365
2696    -1.959571
2697    -0.582647
2698    -0.573632
2699    -1.771570
2700    -0.637719
2701     1.444617
2702     1.617870
2703     0.660519
2704     0.391549
2705     0.997824
2706    -0.133249
2707     0.686258
2708     1.906359
2709     0.531242
2710     0.104765
2711     1.369657
2712     0.054410
2713    -0.304528
2714    -1.244215
2715    -0.351776
2716     0.732705
2717    -1.672728
2718     0.243861
2719    -1.297598
2720    -0.292319
2721    -0.886692
2722     1.378894
2723     0.993720
2724     1.074292
2725    -1.542969
2726    -0.817184
2727    -0.698595
2728    -0.269557
2729    -1.841215
2730    -0.081921
2731     1.062484
2732     1.965482
2733     0.369530
2734     0.477912
2735    -1.971569
2736    -0.193400
2737     0.937688
2738     1.663949
2739     0.410887
2740    -0.670336
2741    -0.807674
2742    -0.476045
2743    -0.200559
2744    -1.539953
2745    -0.033459
2746    -0.676620
2747    -1.138974
2748    -0.443339
2749    -0.105117
2750    -1.636221
2751    -0.345426
2752    -0.981059
2753     0.286240
2754     0.078171
2755    -1.472534
2756     0.706272
2757    -0.171236
2758     0.304007
2759     1.454680
2760     0.392226
2761    -0.024139
2762     1.091343
2763    -0.640615
2764    -0.220015
2765    -1.071317
2766    -1.409843
2767     0.574720
2768     1.906501
2769     0.042942
2770    -0.637349
2771    -2.010999
2772    -1.187754
2773    -0.019922
2774    -0.383031
2775    -0.084275
2776     1.154145
2777     0.520333
2778     0.940219
2779     0.121532
2780     0.426249
2781     0.276316
2782    -0.663887
2783    -0.645218
2784    -0.504107
2785    -0.014232
2786     0.376668
2787     0.726964
2788    -0.393349
2789    -0.706405
2790     0.288737
2791     1.868173
2792     1.323573
2793     0.383287
2794     1.004181
2795     1.085025
2796     0.650202
2797     0.180174
2798    -0.702484
2799    -0.393671
2800     0.495000
2801     0.923872
2802     0.507755
2803    -1.263220
2804     0.992982
2805    -0.213448
2806    -0.368282
2807     1.885807
2808     0.372541
2809     0.682733
2810     0.627974
2811     0.605465
2812    -0.365624
2813    -0.975921
2814     0.651569
2815    -1.665157
2816    -3.377928
2817    -0.593374
2818    -0.445483
2819    -1.287023
2820    -0.418911
2821    -0.694749
2822    -0.935189
2823    -0.058991
2824    -0.724324
2825    -1.291490
2826    -0.163481
2827    -0.295524
2828    -0.233174
2829    -0.279349
2830    -0.695862
2831    -0.860528
2832    -0.049194
2833    -0.454805
2834    -0.979566
2835    -0.310168
2836    -0.086763
2837    -0.704842
2838     0.146012
2839     2.711261
2840     3.633326
2841     2.127255
2842    -0.476626
2843    -0.406607
2844    -0.311589
2845     2.657249
2846     3.561524
2847     2.007385
2848    -0.370506
2849    -0.741177
2850    -0.202704
2851     0.274941
2852     0.091328
2853     0.113119
2854     0.161588
2855     0.269991
2856     0.049722
2857    -0.181217
2858    -0.312863
2859    -0.346110
2860     0.087581
2861     0.294594
2862    -0.396306
2863    -0.424847
2864    -0.074181
2865    -0.802076
2866    -0.270030
2867     0.430596
2868    -0.337339
2869     0.182425
2870     0.343313
2871    -0.085868
2872    -0.277724
2873    -0.496155
2874    -0.399981
2875    -0.904102
2876    -1.356600
2877    -0.264133
2878    -0.217967
2879    -0.232300
2880    -0.436204
2881     0.930828
2882     0.679206
2883     0.762480
2884     0.287773
2885     0.020224
2886     0.064359
2887     0.476330
2888     0.301066
2889     0.563444
2890     0.493027
2891     0.200373
2892     1.223549
2893     0.238595
2894    -0.253737
2895    -0.740011
2896    -0.320866
2897     0.294629
2898    -0.034145
2899    -0.724466
2900    -0.908740
2901    -2.309110
2902     0.747224
2903    -0.272936
2904     1.102769
2905    -0.745472
2906    -1.095220
2907    -2.370827
2908     0.759789
2909    -0.473599
2910     1.046948
2911    -0.194586
2912     1.087176
2913     0.093658
2914     0.511431
2915     0.500824
2916     1.324169
2917    -0.294596
2918     0.218112
2919    -0.536567
2920     0.449797
2921     0.602761
2922     0.433955
2923     0.716655
2924    -0.635960
2925     0.197097
2926    -0.529242
2927    -0.105044
2928     1.160365
2929     0.201775
2930     0.122095
2931     1.066789
2932     0.847874
2933     0.382271
2934     0.477837
2935    -0.602699
2936    -1.017621
2937    -0.106876
2938    -3.249171
2939     0.354119
2940    -3.419885
2941     0.360763
2942     1.316150
2943     0.775504
2944    -0.846398
2945    -0.701287
2946    -1.760124
2947     0.039548
2948    -0.238315
2949    -0.449556
2950    -0.665548
2951    -0.296341
2952    -0.995792
2953     0.662405
2954     0.823876
2955     1.047781
2956     0.013652
2957    -0.621152
2958     0.262753
2959     0.223782
2960     2.273599
2961     1.578868
2962     0.328277
2963    -0.692517
2964    -0.160907
2965     1.194463
2966     2.961364
2967     2.443209
2968    -0.752635
2969     0.917024
2970    -0.138724
2971     0.439663
2972    -0.781408
2973    -0.743668
2974     0.288584
2975    -0.216230
2976    -0.153323
2977     0.284571
2978     0.259911
2979     0.381698
2980     0.620602
2981    -0.345515
2982     0.071829
2983    -0.384400
2984     0.124516
2985    -0.989715
2986    -1.112541
2987    -0.417289
2988     0.768664
2989    -1.010337
2990     0.041039
2991    -0.595155
2992     0.557766
2993    -0.815520
2994    -0.875707
2995    -0.711766
2996    -2.210519
2997    -0.586434
2998     0.469547
2999    -1.381386
3000     0.118797
3001     1.374615
3002    -0.177849
3003     0.145522
3004     1.096716
3005     0.652691
3006    -0.445006
3007     0.330116
3008     0.809165
3009     0.276697
3010    -0.522135
3011    -1.150953
3012    -1.282519
3013     0.270313
3014     0.314165
3015     0.705974
3016    -2.336322
3017    -0.526506
3018    -0.131395
3019     2.748736
3020    -1.128770
3021    -0.329645
3022    -2.358267
3023    -0.424951
3024    -0.879742
3025     0.566094
3026    -1.168239
3027    -1.222590
3028    -0.361406
3029     1.486383
3030     0.525042
3031     0.510252
3032     0.151651
3033    -0.142807
3034     0.117385
3035     0.096197
3036    -0.236027
3037     0.417171
3038     0.307424
3039     0.233580
3040     0.526924
3041     0.875461
3042     1.026121
3043    -0.059759
3044     0.671066
3045    -0.619750
3046    -2.349221
3047    -0.426449
3048     1.245913
3049     0.330814
3050     0.712115
3051     0.181534
3052     0.032263
3053     0.638670
3054    -0.053557
3055    -0.283570
3056    -1.224859
3057     0.399993
3058    -0.050722
3059    -0.486412
3060     0.602664
3061     0.351446
3062     0.629051
3063     1.121201
3064     0.392016
3065     0.243918
3066     0.480318
3067     0.214803
3068    -0.102921
3069    -0.327449
3070    -2.043030
3071     1.536966
3072    -3.275332
3073     0.387054
3074    -0.636334
3075    -0.330757
3076     0.634441
3077     0.405673
3078     0.612959
3079     0.577782
3080     0.766915
3081     1.124093
3082    -2.418027
3083    -0.105771
3084    -3.152707
3085    -0.056554
3086     0.649267
3087     1.073603
3088     0.017125
3089    -0.035539
3090    -0.546258
3091     0.479208
3092    -1.151135
3093     0.617057
3094    -0.090670
3095     0.207705
3096     0.888679
3097     0.112549
3098     0.021011
3099    -0.609914
3100     0.413678
3101    -0.097108
3102     1.412940
3103    -0.017684
3104    -0.266693
3105     0.033856
3106     0.655516
3107     0.520403
3108     1.467524
3109     0.287587
3110    -0.436009
3111    -0.309358
3112     0.085992
3113    -0.120634
3114    -0.493294
3115    -0.500285
3116    -0.325247
3117     1.416823
3118     0.517051
3119    -1.703521
3120    -1.203984
3121    -0.174512
3122     1.464395
3123     0.626679
3124     0.614936
3125    -0.423972
3126     0.750237
3127     0.105931
3128    -0.804080
3129    -0.409271
3130    -1.505011
3131    -0.810917
3132    -2.569684
3133     0.320619
3134    -0.485708
3135    -0.336780
3136     0.094126
3137    -0.452410
3138     0.532132
3139     0.411219
3140     2.227571
3141     0.893773
3142    -2.258360
3143    -1.821645
3144    -2.584403
3145     0.486176
3146     2.402761
3147     0.972113
3148    -0.022769
3149    -0.388163
3150    -0.535809
3151     0.683880
3152    -0.931499
3153     0.822734
3154     0.285680
3155    -0.763404
3156     0.917431
3157    -0.172442
3158    -0.375773
3159    -0.601875
3160    -0.055192
3161    -0.590010
3162     0.945032
3163    -0.560573
3164    -0.662206
3165    -0.391822
3166     0.145044
3167     1.099773
3168     1.208320
3169     0.169369
3170    -0.460300
3171    -0.353685
3172     0.026557
3173    -0.546189
3174    -0.598601
3175     0.529481
3176     1.940891
3177     1.359555
3178     0.875841
3179     0.380882
3180    -0.646076
3181     0.196581
3182    -0.007071
3183    -0.741895
3184     0.521302
3185    -0.650614
3186    -0.277211
3187    -0.013556
3188    -0.537650
3189    -0.044920
3190    -1.480913
3191     0.491145
3192    -1.616456
3193    -0.216339
3194     0.695597
3195    -0.801947
3196     0.212380
3197    -1.247626
3198    -0.205618
3199     0.287794
3200     2.265333
3201     2.073465
3202    -1.954656
3203    -0.763588
3204    -1.026534
3205     0.284389
3206     2.546016
3207     1.847946
3208     0.140415
3209    -0.774655
3210    -0.069254
3211     0.461909
3212    -0.584099
3213    -0.401123
3214     0.143095
3215    -0.453195
3216    -0.351276
3217     0.005737
3218    -0.946262
3219    -0.435261
3220     0.315998
3221    -1.637202
3222    -0.018486
3223    -0.015891
3224    -1.698927
3225    -0.334859
3226     0.152676
3227     0.060637
3228    -0.294505
3229     0.155215
3230    -0.517621
3231    -0.260545
3232    -0.060513
3233    -0.393804
3234    -1.038569
3235     0.362719
3236     2.087484
3237     2.209832
3238     0.501657
3239     2.066104
3240     1.787214
3241     1.206787
3242     0.421173
3243    -0.359142
3244     0.025823
3245    -0.514815
3246    -1.122213
3247    -0.871162
3248    -0.893156
3249    -0.585136
3250    -1.197890
3251    -0.240883
3252    -1.041166
3253     0.014481
3254     0.974406
3255    -0.763257
3256     0.758146
3257     0.000269
3258    -0.736059
3259    -0.648732
3260     1.051873
3261     2.921745
3262    -0.007674
3263     1.192438
3264    -0.705737
3265    -0.737841
3266     1.221289
3267     2.560007
3268    -0.442752
3269    -1.551245
3270    -0.518061
3271    -0.032035
3272    -0.595766
3273    -1.107807
3274     0.107711
3275    -0.043636
3276    -1.008043
3277     0.330055
3278    -0.364510
3279    -0.644988
3280     1.300512
3281    -0.357019
3282    -0.412503
3283     0.505285
3284    -1.177375
3285    -0.492247
3286     0.556434
3287     0.152834
3288     0.064407
3289     0.272297
3290    -0.327278
3291    -0.599038
3292    -0.217011
3293    -1.224260
3294    -0.726096
3295    -0.422740
3296     1.016336
3297     3.031450
3298    -0.499695
3299     1.259325
3300     2.243883
3301     0.054867
3302     0.827835
3303    -1.693121
3304    -0.077215
3305     0.302861
3306    -0.195296
3307    -0.425605
3308    -0.372666
3309     1.255468
3310    -0.965373
3311    -0.114302
3312    -0.142630
3313    -0.408685
3314     1.936653
3315    -0.183531
3316    -0.170752
3317     0.523704
3318    -1.325247
3319     1.327179
3320    -1.599207
3321     1.953885
3322    -0.081425
3323     0.212005
3324    -1.222847
3325     1.207578
3326    -1.275050
3327     1.710701
3328    -0.286797
3329    -1.660924
3330     0.002192
3331    -1.206668
3332     1.250446
3333    -0.916864
3334    -0.210774
3335     0.973893
3336    -0.229658
3337    -0.221535
3338     0.981575
3339     0.421947
3340    -0.365457
3341     1.163611
3342    -1.266119
3343    -0.172664
3344    -1.067425
3345    -0.925668
3346    -0.407908
3347     0.432126
3348    -1.231029
3349    -0.274811
3350     0.852720
3351     0.018513
3352    -0.287948
3353    -0.599580
3354     0.505147
3355     0.763040
3356    -1.201633
3357     1.722593
3358     2.210954
3359    -1.566640
3360     1.741565
3361     0.595051
3362     1.087569
3363    -0.559241
3364     0.397668
3365     1.174126
3366    -0.345072
3367    -0.950162
3368    -0.069139
3369     0.091772
3370     0.332483
3371     0.805529
3372     0.270934
3373     0.281711
3374     1.446633
3375     0.242639
3376     0.742640
3377     1.069127
3378    -0.328859
3379    -0.865746
3380    -2.900193
3381     0.418180
3382     0.368164
3383     0.471626
3384    -0.208062
3385    -1.138989
3386    -2.665791
3387    -0.184622
3388     0.502096
3389    -0.515491
3390     0.522118
3391     0.219680
3392     1.099537
3393     0.249458
3394     0.337409
3395     1.512525
3396    -0.243638
3397     0.317828
3398     1.234835
3399     0.131237
3400     0.324021
3401     0.985778
3402    -0.057890
3403     0.310635
3404    -0.055522
3405    -0.211243
3406     0.238821
3407     0.121806
3408     0.140145
3409    -0.667926
3410     1.030149
3411    -0.933415
3412     0.209401
3413     0.706198
3414    -0.148401
3415    -0.854963
3416    -3.298451
3417     1.332727
3418    -0.699820
3419    -3.240850
3420    -0.178765
3421     1.627041
3422     0.544178
3423     0.241786
3424     0.745362
3425     1.048087
3426     0.204194
3427    -0.529818
3428    -0.360264
3429     0.135140
3430    -0.070715
3431     0.692763
3432    -0.049784
3433     0.396718
3434     1.151244
3435     0.424722
3436     0.806775
3437     0.663172
3438    -0.200790
3439    -2.531843
3440    -1.373141
3441    -1.116292
3442     0.226101
3443     0.610945
3444    -0.024015
3445    -1.697970
3446    -1.327525
3447    -0.203457
3448    -0.171891
3449     0.416746
3450     0.504750
3451     0.545175
3452    -0.275329
3453    -0.277903
3454     0.237009
3455     1.714687
3456     0.034517
3457     0.252246
3458     0.764000
3459     0.072654
3460     1.260548
3461     0.470388
3462     0.604788
3463     1.082103
3464     0.054707
3465     0.595690
3466    -0.377928
3467     0.082483
3468    -0.159895
3469    -0.338606
3470     0.967826
3471    -0.326179
3472     0.379788
3473     1.219514
3474     0.455444
3475    -1.576396
3476    -3.684922
3477    -0.667660
3478    -0.263700
3479    -3.379560
3480    -0.247710
3481     1.313630
3482    -0.251185
3483     1.228085
3484    -0.126930
3485    -1.602986
3486    -0.037468
3487    -1.403204
3488    -1.239193
3489    -0.802235
3490    -0.131717
3491    -0.705242
3492     1.289974
3493    -0.036374
3494     0.961888
3495     0.114323
3496     0.856808
3497     0.761362
3498     0.542054
3499    -2.264235
3500    -0.194145
3501    -2.436249
3502    -0.335927
3503    -0.013176
3504     0.051197
3505    -1.488678
3506     0.048983
3507    -2.158109
3508    -0.309497
3509     0.992507
3510     0.136909
3511     1.597230
3512    -0.385670
3513     1.885146
3514    -0.217772
3515     0.595070
3516     0.634171
3517    -0.011570
3518     0.541274
3519     0.458915
3520     0.865681
3521    -0.102361
3522     1.160714
3523     0.667409
3524     0.078035
3525     0.585592
3526    -0.670166
3527    -0.070747
3528    -0.035511
3529    -0.350090
3530     1.609996
3531    -0.875712
3532     0.750827
3533     0.326877
3534     2.083603
3535     0.346345
3536    -0.625248
3537    -1.751920
3538     0.948229
3539    -0.726038
3540    -2.073480
3541     0.816166
3542     0.175565
3543     1.182542
3544    -2.172625
3545    -1.187895
3546     1.463749
3547    -0.584328
3548    -0.900288
3549     1.431985
3550     0.066998
3551    -0.219113
3552     1.618705
3553     0.223160
3554     0.365305
3555    -1.695926
3556     0.233901
3557     0.107738
3558    -1.592549
3559     0.215095
3560    -0.785811
3561     0.038068
3562    -0.304044
3563     0.333268
3564     0.119558
3565     1.230627
3566    -0.441584
3567    -0.871989
3568    -0.050984
3569     1.032256
3570    -0.825772
3571     0.485497
3572    -0.959270
3573    -0.303025
3574    -2.215234
3575     0.656115
3576     0.255425
3577    -0.842243
3578     0.349663
3579    -1.166409
3580     0.870446
3581     0.401761
3582     1.613281
3583    -0.998235
3584     0.315640
3585     0.052029
3586     0.056909
3587    -0.365407
3588    -1.300943
3589    -1.711075
3590     1.832191
3591     1.317247
3592     0.878329
3593     0.332938
3594     0.973774
3595     1.825171
3596    -0.511563
3597    -0.916207
3598     1.976469
3599    -0.531507
3600    -1.393541
3601     0.056038
3602     0.254938
3603     0.510155
3604    -1.818570
3605    -1.052144
3606    -0.884048
3607    -0.127620
3608    -0.172210
3609    -0.276693
3610    -0.443820
3611    -0.063709
3612     0.905784
3613     0.324454
3614     0.547245
3615    -0.478692
3616    -0.696475
3617    -0.457365
3618     0.068797
3619     2.021757
3620     0.107418
3621     0.121057
3622    -0.618793
3623     0.267760
3624    -0.872228
3625     1.815665
3626     0.387855
3627    -0.233556
3628    -0.351407
3629     0.764307
3630     0.199503
3631    -1.005840
3632    -1.431153
3633    -0.185470
3634    -1.425639
3635     0.051756
3636    -2.278586
3637    -1.535125
3638    -0.159316
3639    -0.180711
3640     0.452111
3641     0.603634
3642     1.509919
3643    -0.654465
3644     0.021641
3645    -0.800505
3646    -0.116944
3647    -0.018429
3648    -0.390534
3649    -2.289665
3650     0.402536
3651     1.350463
3652     0.158203
3653     0.263416
3654     1.007694
3655     3.055917
3656    -0.147418
3657     0.663280
3658     3.200218
3659    -0.170760
3660     0.244370
3661     0.748619
3662    -0.013678
3663    -0.816324
3664    -0.659224
3665    -1.662175
3666    -0.707795
3667     1.372086
3668    -0.486492
3669    -0.424498
3670     0.565865
3671    -0.331387
3672     0.312526
3673    -0.227872
3674     1.433820
3675    -1.157012
3676    -0.424751
3677    -0.193364
3678     0.498401
3679     1.003378
3680     0.045172
3681     0.524296
3682    -0.062367
3683     0.807267
3684    -0.580969
3685    -1.021564
3686     0.516932
3687    -1.282449
3688     0.644151
3689     1.107286
3690    -0.092481
3691    -0.932593
3692    -1.158221
3693     0.447284
3694     0.035188
3695    -0.341746
3696    -2.179998
3697    -0.860983
3698    -0.716658
3699     0.111689
3700     1.258923
3701     0.131656
3702     1.400604
3703     0.700464
3704    -0.066601
3705    -0.455728
3706     0.777771
3707    -0.038513
3708    -1.379431
3709    -3.774336
3710     1.335511
3711     1.236718
3712     0.842274
3713     0.288658
3714     0.091051
3715    -0.125758
3716    -0.250790
3717     2.649380
3718     0.140732
3719    -0.406678
3720     1.804736
3721    -0.051521
3722     0.507406
3723     0.010391
3724     0.237919
3725    -1.812207
3726     1.707318
3727    -0.309793
3728    -0.429102
3729    -0.601071
3730     0.768325
3731     0.404622
3732     1.263082
3733     0.767354
3734     1.541541
3735     0.077155
3736    -0.674512
3737    -0.235309
3738     0.172494
3739    -0.173269
3740    -0.201554
3741    -1.587451
3742     0.426465
3743     1.308680
3744     1.501375
3745    -1.523467
3746    -0.061546
3747    -3.025090
3748     0.022203
3749     1.732201
3750     1.217032
3751    -1.015256
3752    -1.530134
3753    -2.248034
3754     0.107759
3755     0.324411
3756    -1.779315
3757    -0.527848
3758    -0.997639
3759     1.834059
3760     0.708103
3761    -0.244400
3762     1.070882
3763     0.834365
3764     0.484927
3765     1.000634
3766     0.780717
3767     0.396639
3768     0.250709
3769    -0.342933
3770    -0.453088
3771    -1.541213
3772    -0.523176
3773    -0.465203
3774    -0.482846
3775    -0.681142
3776    -0.409939
3777     0.442236
3778     1.169708
3779     0.139695
3780     0.717656
3781     0.225775
3782     0.162444
3783    -0.466778
3784    -0.876989
3785    -1.683728
3786     0.117553
3787     0.083510
3788    -0.059039
3789    -0.064615
3790    -1.063836
3791    -0.848899
3792    -1.185737
3793     1.442694
3794     1.676325
3795     1.780324
3796     0.193955
3797    -1.869111
3798    -0.220417
3799    -0.205946
3800     0.783253
3801    -0.715439
3802     0.113107
3803     1.810267
3804     1.196301
3805    -0.521709
3806    -0.938315
3807    -2.701666
3808    -0.076052
3809     1.759529
3810     0.677767
3811     0.144507
3812    -2.056504
3813    -0.526348
3814     0.492146
3815     0.404400
3816    -1.568685
3817     0.138606
3818    -2.043322
3819     1.105315
3820    -0.061036
3821     0.188888
3822     0.034388
3823     0.233041
3824     1.484621
3825     1.174753
3826     0.749854
3827     1.445713
3828     1.841835
3829     0.269170
3830    -0.003199
3831     0.195350
3832    -0.330214
3833     0.002110
3834    -0.359893
3835    -0.354636
3836     0.133495
3837     0.948394
3838    -0.595944
3839    -0.348928
3840    -1.262402
3841     0.623302
3842    -0.028251
3843     0.027762
3844     0.248501
3845     0.000248
3846     0.324827
3847     0.741444
3848     0.126191
3849     0.799922
3850    -0.197839
3851     2.469333
3852     0.753033
3853    -1.054355
3854     1.003338
3855    -1.032149
3856     1.136360
3857    -2.691855
3858     0.235291
3859    -0.326614
3860     0.418995
3861    -0.005749
3862    -0.096876
3863     1.986509
3864     0.982505
3865    -0.683929
3866    -1.078153
3867    -1.399533
3868    -0.538495
3869     2.487362
3870    -1.644871
3871     1.286843
3872    -2.089308
3873     0.607502
3874     0.130736
3875    -0.450819
3876     0.095009
3877     1.267842
3878    -2.157671
3879     0.135062
3880     0.229510
3881    -0.139375
3882     0.589649
3883    -0.975723
3884     1.259055
3885    -0.860247
3886    -1.083034
3887     0.765827
3888    -0.418218
3889     0.381820
3890    -1.061449
3891     0.506530
3892     0.480176
3893     0.792783
3894     0.518453
3895    -0.857315
3896    -0.809306
3897     0.254673
3898    -0.712356
3899    -0.803453
3900    -0.469448
3901     1.513365
3902     1.064531
3903     0.153258
3904     0.663266
3905     0.029198
3906    -0.598373
3907     1.326791
3908     0.478515
3909     0.077727
3910    -1.116336
3911     1.327733
3912    -1.441072
3913    -1.215055
3914    -1.336150
3915     0.452239
3916     1.247361
3917    -1.997597
3918    -0.358721
3919    -0.574565
3920    -1.058737
3921    -0.951256
3922    -0.317393
3923     1.866231
3924     0.744389
3925    -1.470760
3926     1.225570
3927     0.062739
3928    -0.564289
3929    -0.458264
3930     0.788005
3931     1.464688
3932    -1.013531
3933     0.033347
3934     0.525593
3935     0.485330
3936     0.387486
3937     2.079588
3938    -1.268555
3939     0.589473
3940     0.493376
3941     0.476230
3942    -0.018686
3943    -1.240037
3944    -1.164008
3945    -0.191124
3946    -1.451968
3947    -1.350600
3948    -0.119730
3949     0.788050
3950     0.013128
3951     0.430812
3952     1.171057
3953     0.643133
3954    -0.285585
3955    -1.747945
3956     0.799023
3957     0.169314
3958    -1.574787
3959     1.238822
3960     0.075760
3961    -0.509928
3962    -0.435825
3963    -0.473428
3964    -0.496067
3965    -1.130357
3966    -0.630559
3967    -0.655210
3968    -1.043946
3969     0.411072
3970    -0.730795
3971     1.758037
3972    -0.434107
3973    -0.107725
3974    -0.528002
3975     0.300877
3976     2.594661
3977    -1.193803
3978     0.214643
3979     0.042974
3980    -0.656760
3981     0.050856
3982    -0.491161
3983     1.993909
3984     0.299807
3985    -0.880186
3986     2.021656
3987    -0.561953
3988    -0.761116
3989    -0.669496
3990     0.168948
3991     2.551757
3992    -0.359746
3993     0.484186
3994    -0.738149
3995    -0.546394
3996    -0.221628
3997     2.924509
3998    -0.766383
3999     0.338972
4000    -0.631386
4001    -0.495260
4002     0.693904
4003    -0.037595
4004    -0.266132
4005    -0.063371
4006    -0.170212
4007    -0.528291
4008     0.510433
4009    -0.140495
4010    -0.888681
4011     0.296058
4012     0.040390
4013    -0.404993
4014    -0.107731
4015    -0.901084
4016     1.870728
4017    -0.584306
4018    -0.903181
4019     2.269740
4020    -0.692674
4021    -0.657674
4022    -0.134153
4023    -0.823518
4024    -0.242764
4025    -1.206034
4026    -1.228447
4027    -0.565583
4028    -0.986217
4029    -0.878539
4030    -0.029409
4031    -0.340034
4032    -1.121087
4033    -0.569551
4034     0.581844
4035     1.433337
4036     1.586451
4037     1.314227
4038     1.306801
4039    -0.251092
4040     0.757163
4041     0.810399
4042     0.242241
4043    -0.112195
4044    -0.261314
4045    -0.237174
4046    -0.477304
4047    -0.945713
4048    -1.196137
4049     0.616350
4050     1.491785
4051     1.856672
4052     1.589254
4053     1.554347
4054    -0.813058
4055    -0.627241
4056    -0.572068
4057     2.006646
4058     1.285586
4059     1.889834
4060    -0.344937
4061    -0.656444
4062    -1.343162
4063    -0.469737
4064     0.670186
4065     1.441929
4066    -0.460960
4067     0.584480
4068     1.510364
4069     0.214843
4070    -1.032360
4071    -1.008499
4072     0.359490
4073    -0.957394
4074    -0.506707
4075    -0.163759
4076    -0.550105
4077    -1.760384
4078    -0.264507
4079    -0.319609
4080    -0.989359
4081    -1.725884
4082    -0.755336
4083    -0.398673
4084     0.563514
4085     0.213730
4086     0.273171
4087    -1.582092
4088    -0.463447
4089    -4.767789
4090     0.628433
4091     0.774504
4092    -0.000385
4093    -0.752757
4094     0.307897
4095    -0.012010
4096     1.069747
4097    -0.118010
4098    -0.041923
4099    -0.063072
4100     0.424622
4101     0.392553
4102     0.898969
4103     0.575459
4104     1.038716
4105     0.288703
4106     0.028306
4107     0.255151
4108    -0.943693
4109     0.977285
4110     1.245928
4111     0.853683
4112    -0.468610
4113    -0.321841
4114    -1.564826
4115    -0.288203
4116    -0.504010
4117     1.100084
4118    -0.609069
4119    -0.114951
4120     0.030640
4121    -0.134535
4122     0.632874
4123    -0.385256
4124     0.500216
4125     0.969795
4126    -0.363428
4127     0.108400
4128     1.107412
4129     0.925571
4130    -0.174310
4131     0.398454
4132     1.139884
4133    -0.118185
4134     1.435086
4135     0.064784
4136    -0.872891
4137    -0.505548
4138    -0.183004
4139     0.092178
4140    -1.082010
4141    -1.940612
4142    -0.266712
4143     0.596724
4144     0.284849
4145     0.122111
4146     0.591468
4147    -0.554670
4148     0.434133
4149    -3.918163
4150     0.530669
4151    -0.106677
4152     0.347646
4153    -0.562538
4154     0.810345
4155    -0.485639
4156     0.273174
4157    -0.045239
4158     0.546323
4159     0.359550
4160    -0.168065
4161     0.372440
4162     0.599642
4163    -0.250499
4164     1.300019
4165    -0.254949
4166     0.158892
4167     0.980088
4168    -1.674932
4169    -0.465311
4170     2.580166
4171     0.547737
4172     0.620328
4173    -0.990250
4174    -0.589228
4175     0.661787
4176    -1.155635
4177     0.772099
4178     0.443275
4179    -0.902680
4180    -1.237637
4181     0.866219
4182     1.638542
4183     0.789491
4184     0.421259
4185    -1.026722
4186     0.961614
4187     0.048479
4188    -0.858718
4189     0.472081
4190     0.069445
4191     0.556283
4192     0.664078
4193    -0.067831
4194     1.349345
4195     0.339247
4196    -1.414286
4197    -0.716749
4198     0.220336
4199    -1.871654
4200    -0.804489
4201    -1.516182
4202    -0.069323
4203    -0.756683
4204     0.510667
4205     0.291216
4206    -0.871585
4207    -1.182744
4208    -0.155266
4209     0.311148
4210     0.520911
4211    -0.229235
4212    -1.306391
4213    -1.481355
4214    -0.567832
4215     2.342940
4216     0.420050
4217     0.448657
4218    -1.458366
4219     0.698028
4220     0.203328
4221    -1.421663
4222     0.862769
4223     0.187245
4224    -0.593285
4225     0.006417
4226     0.056318
4227     2.294714
4228    -1.597209
4229    -0.107455
4230    -1.030148
4231     0.668377
4232     0.213976
4233    -1.201242
4234    -1.446481
4235    -0.531520
4236     2.058084
4237     0.807941
4238     0.200054
4239    -1.594840
4240    -1.794691
4241    -0.252561
4242     2.225579
4243     0.792888
4244     0.020592
4245     0.612124
4246     1.146987
4247    -0.563183
4248     0.831972
4249     0.635649
4250     0.660991
4251    -1.488222
4252     0.751747
4253     0.000426
4254    -0.361558
4255     0.624602
4256     0.044517
4257     0.287795
4258     0.571629
4259     0.149056
4260     1.119629
4261    -0.718429
4262    -0.500108
4263    -0.987195
4264    -0.373860
4265     0.202651
4266    -0.375913
4267    -0.458695
4268    -0.402436
4269    -0.307093
4270     0.170682
4271     0.071062
4272    -0.912058
4273     0.095367
4274    -0.734802
4275     0.593108
4276    -0.601990
4277    -0.740478
4278    -1.022749
4279    -1.171627
4280    -0.564793
4281    -0.150733
4282     1.688757
4283    -0.248148
4284    -0.966848
4285    -1.657184
4286    -0.147845
4287     3.514938
4288    -0.309248
4289     0.457968
4290    -1.260981
4291    -0.096282
4292     0.452093
4293    -0.427837
4294    -0.303564
4295    -0.571130
4296     0.648007
4297    -0.197368
4298     0.213218
4299    -0.764528
4300    -0.059035
4301    -1.090389
4302    -0.081249
4303     1.859119
4304     1.497560
4305     0.126922
4306     0.678642
4307    -0.457980
4308     1.524713
4309    -0.110493
4310    -0.363441
4311    -1.137711
4312    -0.065687
4313    -1.459576
4314    -0.314680
4315     1.306601
4316     2.039373
4317     0.230274
4318     0.324295
4319     2.347201
4320     2.071613
4321     0.033667
4322     0.568272
4323    -0.970104
4324    -0.305397
4325    -0.295302
4326     0.195167
4327     0.066949
4328     0.492548
4329    -0.841482
4330     0.065495
4331    -0.255720
4332    -1.384493
4333     0.571466
4334     0.572375
4335     0.269670
4336     0.103274
4337     0.752022
4338     0.676984
4339    -0.386621
4340     0.295202
4341    -1.483020
4342     1.416246
4343    -0.386851
4344    -1.003530
4345    -1.715198
4346    -1.485008
4347     2.127677
4348    -0.228951
4349    -0.454812
4350     0.297400
4351     0.096387
4352     0.096257
4353     0.091984
4354     0.268088
4355     0.736388
4356     0.484820
4357     0.058994
4358     0.199947
4359    -1.306907
4360     0.239777
4361     0.756601
4362    -1.646563
4363     1.228947
4364     0.202139
4365     0.723889
4366     0.778460
4367     1.031526
4368    -0.974805
4369     0.415849
4370     0.883392
4371     0.538362
4372     0.483636
4373     0.425706
4374    -0.714294
4375    -0.885631
4376    -1.954104
4377     2.276912
4378    -2.305437
4379    -2.180579
4380     2.642331
4381     0.496089
4382     0.402078
4383    -0.928450
4384     0.813296
4385     0.825648
4386     0.099525
4387     0.854144
4388     0.916569
4389    -0.686587
4390    -1.110396
4391    -0.492368
4392    -0.293253
4393     0.734986
4394     0.536317
4395     0.168498
4396     0.784369
4397     0.769430
4398     0.165576
4399    -1.692494
4400    -0.314141
4401    -0.262076
4402    -0.206771
4403    -0.688002
4404    -0.020797
4405    -1.513546
4406    -1.742817
4407     1.113587
4408     0.868251
4409     0.537758
4410     0.086101
4411     0.754973
4412     0.865178
4413     0.296300
4414     0.881709
4415     0.857513
4416     0.127321
4417     0.811274
4418     0.975856
4419    -0.768040
4420     0.742254
4421     0.959305
4422    -1.185272
4423    -0.101320
4424    -1.172559
4425     0.030236
4426    -0.749380
4427     0.305136
4428     0.081387
4429     1.026713
4430     0.636070
4431    -0.198078
4432     1.160999
4433     0.335828
4434    -1.154216
4435    -2.634596
4436    -1.851050
4437     2.605419
4438    -1.920555
4439    -2.661750
4440     0.722819
4441     0.395134
4442     0.451858
4443    -0.068947
4444     0.308411
4445     0.409105
4446    -1.213717
4447     0.234759
4448     1.441323
4449    -0.879334
4450    -0.551963
4451    -0.235741
4452    -0.140718
4453     0.278219
4454     0.822720
4455    -0.513774
4456     0.349338
4457     0.572725
4458    -0.740932
4459    -0.752208
4460    -0.685246
4461     1.213137
4462     0.095479
4463    -0.406836
4464    -0.246620
4465    -0.675602
4466    -1.654571
4467     2.671531
4468     0.326771
4469     0.091816
4470    -1.447694
4471     0.397642
4472     0.565631
4473    -1.006686
4474     0.461364
4475     0.091772
4476    -1.065944
4477     0.416947
4478     0.640075
4479    -1.457387
4480     0.602713
4481     0.717216
4482    -0.391052
4483     0.036938
4484    -0.656495
4485     1.936107
4486    -0.395323
4487    -0.304267
4488    -0.729563
4489     0.358826
4490     0.648814
4491    -1.380504
4492     0.647513
4493     0.891347
4494    -0.090249
4495    -1.329819
4496    -1.847914
4497     3.181638
4498    -1.205138
4499    -1.553330
4500     2.370708
4501     0.247994
4502     0.068066
4503     0.300004
4504     0.765853
4505    -0.643765
4506    -0.852609
4507     0.592890
4508     1.159549
4509    -0.719245
4510    -0.334616
4511    -1.120953
4512     0.353751
4513     0.758580
4514    -0.435065
4515    -0.493705
4516     0.793827
4517     1.068108
4518    -1.381236
4519    -0.668295
4520    -0.320233
4521     1.113248
4522     0.323925
4523    -0.302252
4524     0.043792
4525    -1.573345
4526    -0.011329
4527     1.875190
4528     0.827548
4529     0.251621
4530    -1.300232
4531     0.645735
4532     0.153570
4533    -0.534213
4534     1.000648
4535     0.580370
4536    -1.565504
4537     0.656443
4538     0.613904
4539    -0.988222
4540     0.565978
4541     0.181683
4542    -0.000150
4543    -1.629508
4544    -0.064932
4545     1.823340
4546     0.576568
4547    -0.345671
4548    -0.950777
4549     0.760622
4550     0.492892
4551    -1.026796
4552     0.946360
4553     0.132497
4554    -0.185125
4555    -2.958395
4556    -0.976266
4557     2.473108
4558    -2.298815
4559    -0.481794
4560     2.015383
4561    -0.731668
4562     1.341600
4563    -0.262684
4564     0.268590
4565    -3.031002
4566     0.258431
4567    -0.239263
4568     2.757377
4569    -1.080442
4570     0.544213
4571    -0.520637
4572     0.012960
4573     2.131146
4574     0.481691
4575    -1.001488
4576     0.537561
4577     0.591241
4578    -0.715444
4579    -0.952405
4580     1.218466
4581     0.676742
4582    -0.365174
4583    -0.066676
4584     0.656308
4585    -0.955531
4586     1.522665
4587    -0.739565
4588     1.475640
4589    -0.766696
4590    -0.403118
4591    -0.185484
4592    -0.166905
4593     0.161748
4594     1.182620
4595    -1.151119
4596    -0.782144
4597     0.042424
4598    -0.030852
4599    -0.293403
4600    -0.935488
4601    -0.627619
4602     1.155917
4603    -0.464698
4604     1.602182
4605     0.311725
4606     0.380836
4607    -1.781616
4608    -0.021408
4609     0.677383
4610    -0.517862
4611    -0.019761
4612     1.091887
4613    -0.065388
4614     1.129422
4615    -1.711396
4616    -1.266884
4617     0.977579
4618    -1.791195
4619     0.478033
4620    -0.021374
4621    -1.074226
4622     1.012555
4623    -1.207085
4624     1.636423
4625    -1.027590
4626     0.788628
4627    -1.011978
4628     1.592804
4629    -1.479981
4630     0.564293
4631     0.227371
4632     0.112841
4633     1.498028
4634     0.533680
4635     2.020103
4636     0.094648
4637     0.598948
4638    -0.657554
4639    -0.763177
4640    -0.002165
4641    -0.300674
4642    -0.567027
4643    -0.662433
4644     0.632319
4645    -1.092056
4646    -1.174106
4647    -1.827309
4648     1.185316
4649    -0.218336
4650     0.789639
4651     0.173483
4652     0.826260
4653    -0.363821
4654     1.050289
4655     0.006465
4656     0.339078
4657    -0.353858
4658     0.493902
4659    -0.067498
4660    -0.074458
4661     0.445308
4662     0.491589
4663     0.275326
4664     0.244668
4665    -1.325117
4666     0.172114
4667    -0.917366
4668     1.298779
4669     0.707320
4670     0.473465
4671     0.147567
4672     1.506401
4673     1.012530
4674     1.971458
4675    -1.486090
4676    -1.970640
4677    -0.289424
4678    -2.440772
4679    -1.495320
4680    -1.073539
4681    -0.800468
4682     0.546359
4683    -1.077583
4684     1.235115
4685    -0.130668
4686     0.596885
4687     0.541472
4688     0.082818
4689    -1.080627
4690     1.169837
4691    -0.526337
4692     0.099766
4693     1.947416
4694    -0.652059
4695     0.160309
4696     1.343189
4697    -0.433322
4698     0.057410
4699    -1.419986
4700     0.781320
4701     0.062116
4702    -0.737340
4703    -0.203018
4704     1.445236
4705    -1.051552
4706    -0.094336
4707    -0.187851
4708     1.602408
4709    -0.912665
4710     0.299734
4711    -0.016929
4712     1.095821
4713    -0.389406
4714     1.618253
4715    -0.218828
4716     0.759550
4717    -0.703086
4718     0.568892
4719    -0.091122
4720    -0.709773
4721    -0.187820
4722    -1.422877
4723    -0.274227
4724     1.059031
4725    -1.418872
4726    -0.635901
4727    -0.060550
4728     1.411951
4729     1.172660
4730    -0.132251
4731    -0.083968
4732     1.880198
4733     0.029125
4734     0.201426
4735    -2.914033
4736    -0.321662
4737     0.229510
4738    -3.247252
4739    -0.289852
4740     0.428410
4741    -0.457159
4742     0.406923
4743     0.072120
4744     1.941715
4745     0.137788
4746     0.348504
4747    -2.445319
4748    -0.617638
4749    -0.239429
4750     1.019289
4751    -0.634395
4752    -0.099640
4753     0.352188
4754    -0.892081
4755    -0.662074
4756     0.722069
4757    -0.770358
4758     0.419317
4759    -0.435954
4760     1.160049
4761     0.575964
4762     0.469682
4763     0.341547
4764     0.272100
4765     1.597633
4766    -0.038749
4767    -0.465163
4768     1.326620
4769    -1.040579
4770    -0.923130
4771     0.993829
4772     1.810252
4773    -0.176413
4774     1.533398
4775     0.473432
4776    -0.677481
4777     0.085474
4778     0.945282
4779     0.120499
4780    -3.569031
4781    -0.849497
4782    -0.909634
4783    -0.812477
4784     0.787500
4785     0.408086
4786     0.756992
4787     1.056494
4788    -0.211285
4789     0.033746
4790    -0.044164
4791    -0.512342
4792    -1.533481
4793    -0.680170
4794     0.575006
4795    -0.745648
4796    -0.777056
4797     1.060835
4798    -0.833566
4799    -0.774580
4800     1.024160
4801    -4.235745
4802    -1.832747
4803     0.375423
4804     0.854137
4805     0.132831
4806     0.298795
4807    -2.564924
4808     0.587417
4809     0.157118
4810    -0.222005
4811     0.061073
4812     0.241325
4813     0.915057
4814    -0.821993
4815    -0.539460
4816     0.171920
4817     0.438427
4818     0.671157
4819     0.445173
4820     0.844868
4821     0.174761
4822     0.406921
4823    -1.308670
4824    -0.189528
4825     0.434432
4826     0.694764
4827    -0.201412
4828     1.012744
4829    -1.574754
4830    -0.814882
4831    -0.010753
4832     1.343452
4833    -0.042095
4834     0.380117
4835    -1.710683
4836    -0.715751
4837     0.294803
4838     0.813296
4839     0.074510
4840    -1.152036
4841    -0.013053
4842    -0.819225
4843     1.518623
4844     1.024495
4845     0.074292
4846     1.563357
4847     0.688114
4848    -0.298764
4849     0.881412
4850     0.538134
4851    -0.273144
4852    -1.576221
4853    -0.169041
4854     0.457632
4855     1.034609
4856     0.143451
4857     0.631480
4858    -0.151621
4859     0.120618
4860     0.737769
4861    -1.742119
4862    -1.394740
4863    -0.425207
4864     0.722915
4865    -0.355683
4866     0.364457
4867    -3.124079
4868     0.028182
4869    -0.075689
4870     1.041337
4871    -1.212912
4872    -0.422198
4873     0.257112
4874     0.439835
4875    -0.170490
4876     1.042613
4877     0.365279
4878     0.318671
4879    -0.014173
4880     0.423127
4881     0.310941
4882     0.045383
4883     1.434602
4884     0.722236
4885    -0.693458
4886    -0.157974
4887    -0.099461
4888     1.301146
4889     0.542451
4890    -0.744139
4891     1.701155
4892     0.713180
4893    -0.932808
4894     0.392906
4895     1.351598
4896    -0.027899
4897     1.119053
4898     1.011723
4899    -0.396315
4900    -3.513384
4901    -0.056162
4902    -0.214926
4903     0.768707
4904    -0.616583
4905     0.373874
4906     1.121608
4907    -0.634992
4908    -0.173126
4909     1.101923
4910    -0.173208
4911    -0.575946
4912    -1.546437
4913    -1.367743
4914     0.294682
4915    -0.146285
4916    -0.140551
4917     1.291742
4918     0.164078
4919    -0.199427
4920     0.581599
4921     0.252635
4922     0.282611
4923     1.845681
4924     0.235854
4925    -0.190507
4926    -0.082400
4927    -1.745040
4928    -0.900881
4929     0.048815
4930     1.019640
4931     0.635030
4932     0.535844
4933     0.002853
4934    -0.024947
4935    -0.428267
4936     1.550901
4937     0.616601
4938     0.503964
4939    -0.067520
4940     0.216380
4941    -0.041499
4942    -0.454022
4943    -0.294480
4944    -0.088447
4945    -0.628935
4946     0.412473
4947     0.019084
4948     0.398734
4949    -0.025241
4950    -0.889780
4951     2.522282
4952     1.153356
4953     0.177906
4954    -0.275547
4955     1.003345
4956    -0.382867
4957     2.023940
4958     0.642602
4959     0.303401
4960    -3.848095
4961    -0.258328
4962    -1.074404
4963     0.064641
4964     0.003652
4965     0.041089
4966    -0.501557
4967     0.418129
4968    -0.641021
4969     0.514244
4970     0.708105
4971    -0.199241
4972    -2.408174
4973    -1.276429
4974    -0.570075
4975     0.055321
4976    -1.730029
4977     0.472069
4978     1.287845
4979    -1.391444
4980     0.450149
4981    -0.585545
4982    -1.255224
4983    -0.056740
4984    -0.430076
4985     0.273016
4986    -0.103185
4987    -0.943067
4988    -1.129181
4989    -0.232326
4990    -0.480966
4991     0.220461
4992    -0.259660
4993    -0.640814
4994     0.378920
4995    -0.343601
4996     2.191591
4997     0.361841
4998     0.362460
4999    -0.461583
5000     0.228122
5001    -0.510057
5002    -0.291239
5003     0.231572
5004     0.244251
5005    -1.225707
5006    -0.290186
5007    -0.977827
5008    -0.134264
5009     0.309326
5010    -0.706175
5011     2.444378
5012     0.901049
5013     0.125232
5014    -0.530114
5015     2.221750
5016     1.565173
5017     2.868826
5018     0.261518
5019     0.322064
5020     0.260653
5021    -0.843254
5022     0.411051
5023    -0.562598
5024     0.321672
5025    -0.011711
5026     1.408526
5027     0.639094
5028     0.506126
5029    -0.216194
5030     0.655280
5031    -0.538597
5032     0.428916
5033    -0.881794
5034     0.960235
5035    -3.618120
5036    -1.828968
5037    -0.721671
5038     0.517397
5039    -0.775015
5040    -0.035043
5041     2.253932
5042     1.536157
5043     1.339408
5044    -0.605672
5045    -0.244398
5046    -0.418372
5047     2.223450
5048     1.222207
5049     1.040383
5050    -0.209940
5051    -0.951942
5052    -0.549653
5053    -0.376399
5054    -0.218794
5055    -0.607182
5056    -0.766729
5057     0.774902
5058     0.394348
5059    -0.707156
5060    -0.726888
5061    -0.681392
5062    -0.482675
5063    -0.073419
5064    -0.280524
5065    -1.143421
5066    -2.905338
5067    -0.493350
5068    -0.648785
5069    -0.217084
5070    -0.755632
5071    -0.400637
5072     0.794555
5073     0.098409
5074    -0.683040
5075     0.711802
5076     0.346521
5077    -0.306549
5078     0.811951
5079     0.402163
5080     1.779086
5081     1.467150
5082     0.852915
5083    -0.313539
5084     0.342545
5085    -0.347415
5086     0.131282
5087     1.194702
5088     0.205015
5089    -0.818240
5090    -0.201830
5091    -0.647033
5092     1.516535
5093     1.447770
5094     1.058206
5095    -0.310387
5096    -2.618532
5097    -0.571566
5098    -0.131116
5099    -2.145517
5100    -0.385248
5101     0.405640
5102     1.134996
5103     0.128378
5104     0.376125
5105     1.118625
5106    -0.713420
5107    -1.061846
5108    -0.112559
5109     0.243836
5110     0.401842
5111    -1.456997
5112    -0.356418
5113     0.350898
5114     0.395975
5115    -1.096618
5116    -1.386724
5117     0.523033
5118     0.429366
5119     0.373110
5120    -0.306783
5121    -0.279114
5122     0.216424
5123     0.742728
5124    -0.510173
5125    -0.462220
5126    -3.155072
5127    -0.984539
5128     0.508861
5129     0.700047
5130    -0.441753
5131    -1.683848
5132     0.045593
5133    -0.152532
5134    -0.972525
5135     0.822254
5136     0.632960
5137    -1.635654
5138     0.751958
5139    -0.939023
5140     1.187411
5141     0.490989
5142     1.793722
5143    -0.264351
5144    -0.096770
5145     0.551337
5146    -0.686848
5147     0.521792
5148     0.384745
5149     0.218268
5150     0.738498
5151    -0.321599
5152     1.481571
5153     1.603154
5154     0.981060
5155     1.935656
5156    -1.315378
5157     0.861139
5158     0.698211
5159    -3.146083
5160    -0.211355
5161    -1.041342
5162     1.182108
5163    -1.096493
5164     0.100356
5165     0.710806
5166    -1.214985
5167    -0.223605
5168     0.792078
5169     1.520175
5170     0.785565
5171    -1.828550
5172    -0.473988
5173     0.226801
5174    -0.693362
5175    -1.523207
5176    -1.319821
5177     0.629226
5178    -0.298397
5179     0.096555
5180    -1.949714
5181    -0.642371
5182    -0.069368
5183    -0.353095
5184    -1.065228
5185    -0.052798
5186     0.701158
5187     0.770627
5188    -0.243995
5189    -0.604794
5190    -1.180802
5191    -1.029379
5192     0.324946
5193    -0.413801
5194    -1.945742
5195    -0.515206
5196    -0.337606
5197    -1.074791
5198    -0.072769
5199     0.008627
5200     0.718418
5201     0.363541
5202     0.995315
5203     0.304812
5204    -1.031782
5205     0.432460
5206     0.106463
5207    -0.635145
5208     0.447334
5209    -0.016719
5210     0.590491
5211    -0.892786
5212     1.249096
5213    -0.553598
5214     0.702264
5215     1.597793
5216     2.716269
5217     2.153160
5218     1.831704
5219     0.227392
5220     2.109703
5221    -2.360593
5222     1.274430
5223    -0.789177
5224    -0.126828
5225     0.505262
5226    -0.964843
5227     0.180480
5228     0.812372
5229     0.784065
5230    -0.168726
5231    -1.303401
5232    -0.576898
5233    -0.375210
5234    -1.321251
5235     0.066408
5236    -1.256153
5237    -0.041977
5238     0.453864
5239    -0.228136
5240    -1.382114
5241    -0.865513
5242    -0.109118
5243    -0.625043
5244    -0.618953
5245     1.366378
5246     1.544341
5247    -0.340139
5248    -0.330993
5249    -0.607680
5250    -1.035942
5251    -0.250893
5252     0.021427
5253    -0.354694
5254    -1.889825
5255    -0.657011
5256     0.000473
5257    -0.319094
5258    -0.033655
5259    -0.336379
5260    -0.358323
5261     0.224691
5262     1.130886
5263    -0.115275
5264    -1.136673
5265     0.576406
5266    -0.199525
5267    -0.698814
5268     0.421517
5269     0.132601
5270    -0.107321
5271    -0.027568
5272     0.458588
5273    -0.300736
5274     0.354258
5275     2.472544
5276     2.437066
5277     1.357238
5278     3.478102
5279     1.396089
5280     0.764990
5281    -1.981532
5282     2.533541
5283     0.848852
5284    -0.270347
5285     0.354631
5286    -0.220351
5287     0.084278
5288     0.870436
5289     0.469465
5290    -0.011718
5291    -0.823462
5292    -0.011236
5293    -0.426674
5294    -0.936688
5295    -0.019418
5296    -1.737318
5297    -0.606866
5298     0.954587
5299     0.318873
5300    -0.305463
5301    -1.308573
5302    -0.242044
5303    -0.923928
5304    -0.054940
5305     1.250118
5306     0.286960
5307    -0.803949
5308    -0.475905
5309    -0.831922
5310    -0.523470
5311    -0.611392
5312    -0.548416
5313    -0.642249
5314    -2.336805
5315    -0.766364
5316     0.795030
5317    -0.647971
5318    -0.616695
5319    -0.152415
5320    -0.057844
5321     1.408834
5322     0.694792
5323     0.176215
5324    -0.423498
5325    -0.333694
5326    -0.084306
5327    -0.266054
5328    -0.306640
5329    -0.059388
5330    -0.603140
5331     0.226913
5332     0.642017
5333     0.215183
5334     0.875592
5335     2.519237
5336     1.158418
5337     0.291382
5338     3.952506
5339     0.824492
5340    -0.779676
5341    -1.728566
5342     2.313894
5343     1.648103
5344    -0.535779
5345     0.102607
5346    -0.800551
5347     0.415028
5348     0.936560
5349     1.358198
5350     0.545712
5351    -0.859886
5352    -0.612120
5353     0.078428
5354    -1.565178
5355    -1.676397
5356    -1.838417
5357    -0.644212
5358    -0.146623
5359     0.483936
5360    -0.123351
5361    -1.168504
5362     0.059331
5363    -0.772921
5364    -0.440399
5365     0.431449
5366     0.638797
5367     0.826590
5368    -0.733086
5369    -0.762835
5370    -1.030815
5371    -0.524866
5372    -0.263075
5373    -0.690689
5374    -2.197424
5375    -0.713211
5376     0.024505
5377    -0.683895
5378    -0.766255
5379    -1.005722
5380     1.016386
5381     1.245401
5382     2.140886
5383     1.194599
5384    -0.193207
5385     0.331067
5386     0.383059
5387    -0.110242
5388    -0.370956
5389    -0.795405
5390    -0.889159
5391    -1.029572
5392     1.439780
5393     0.226969
5394     1.165250
5395     1.231930
5396     1.199961
5397     0.966714
5398     1.757800
5399     0.999343
5400     0.511035
5401    -2.163348
5402     1.289974
5403     0.703665
5404    -0.422691
5405    -0.159070
5406    -0.753707
5407    -0.456222
5408     1.375434
5409     0.317844
5410    -0.011158
5411    -0.829870
5412    -0.771182
5413    -0.800005
5414    -2.785522
5415    -0.811723
5416    -1.160734
5417    -0.827174
5418    -0.087430
5419     1.073839
5420    -0.508201
5421    -0.246892
5422    -0.583837
5423    -1.413258
5424    -0.471879
5425    -0.661548
5426     1.984435
5427     0.050628
5428    -0.380739
5429    -0.323243
5430    -0.937039
5431    -0.091441
5432    -0.481299
5433    -0.454884
5434    -0.772700
5435    -0.267290
5436     0.355789
5437    -0.460439
5438    -0.760952
5439    -0.857029
5440     0.366286
5441     0.834734
5442     1.139194
5443     0.931919
5444    -0.686311
5445     0.280964
5446     1.268111
5447     0.024694
5448     0.563203
5449    -0.663249
5450    -1.123694
5451    -0.789619
5452     1.519793
5453     0.707986
5454     0.874204
5455     1.017845
5456     2.098460
5457     0.544934
5458     2.450320
5459     1.850167
5460     1.350959
5461    -2.383978
5462     1.415962
5463     0.741053
5464    -0.309328
5465    -0.505094
5466    -0.156050
5467    -0.808070
5468     1.413559
5469     0.702289
5470    -0.469310
5471    -0.503424
5472    -0.202378
5473    -0.810522
5474    -2.645641
5475     0.641494
5476    -1.112765
5477    -1.040173
5478     0.206556
5479     0.984451
5480    -0.278171
5481    -0.907713
5482    -0.990637
5483    -1.063640
5484     0.165820
5485    -0.086319
5486     1.254699
5487    -0.239384
5488    -0.019218
5489    -0.862126
5490    -0.516671
5491    -0.162053
5492    -0.557989
5493    -0.428124
5494    -0.645477
5495    -0.523034
5496     0.157802
5497    -0.566797
5498    -0.813655
5499    -0.324826
5500    -0.242151
5501     1.803050
5502     0.526590
5503     0.314105
5504     0.090477
5505     0.077585
5506     1.311931
5507     0.177008
5508    -0.368953
5509    -0.390843
5510    -1.457368
5511     0.159015
5512     1.200813
5513     1.094584
5514     0.031004
5515     1.444513
5516     1.560045
5517    -0.016055
5518     3.741654
5519     1.440927
5520    -0.249052
5521     0.332635
5522    -2.034554
5523    -0.160470
5524    -0.617842
5525    -0.725946
5526    -0.080305
5527    -0.098316
5528     1.906888
5529     2.071501
5530    -0.390439
5531     0.137031
5532     0.553196
5533    -0.802219
5534    -1.936875
5535    -0.042805
5536    -1.263380
5537    -1.191494
5538    -0.424779
5539     0.660031
5540     0.276963
5541    -0.701095
5542    -0.601030
5543    -0.057182
5544     0.977907
5545     0.207091
5546     1.220784
5547    -1.676990
5548    -0.267938
5549    -0.628088
5550     0.104697
5551    -0.446756
5552    -0.448730
5553    -0.128016
5554    -0.892464
5555    -0.891045
5556    -0.421834
5557    -0.901312
5558    -1.520884
5559    -0.549732
5560    -0.299914
5561     1.876977
5562     1.033340
5563     0.330526
5564     0.716793
5565     0.898818
5566     1.214295
5567     0.893930
5568    -0.917780
5569    -0.800455
5570    -1.762376
5571    -0.107923
5572     0.869482
5573     1.179783
5574    -0.639544
5575     1.061371
5576     1.714223
5577     0.542115
5578     2.706635
5579     1.273801
5580    -0.330301
5581     0.156201
5582    -2.723377
5583    -1.670752
5584    -0.692616
5585     0.336028
5586     0.674393
5587    -0.481418
5588     0.735224
5589     0.839408
5590     0.383253
5591     2.196607
5592     0.293028
5593    -1.411377
5594    -1.390537
5595    -0.354399
5596    -0.718586
5597     0.279935
5598     0.704745
5599     1.013606
5600    -1.637619
5601    -1.026751
5602    -1.004986
5603    -0.333802
5604    -0.474488
5605     0.414319
5606    -0.469883
5607    -0.735558
5608    -0.724807
5609    -0.658196
5610    -1.232059
5611    -0.919744
5612    -0.203589
5613     0.405397
5614    -0.588663
5615     0.327877
5616     0.720550
5617    -0.993551
5618    -0.054670
5619    -0.041301
5620    -0.090814
5621     0.061656
5622     1.345289
5623     0.454178
5624    -0.913645
5625    -0.335534
5626     0.951351
5627    -0.657262
5628    -0.530325
5629    -0.216234
5630     0.159046
5631     0.705475
5632     0.711872
5633     0.290406
5634     0.545986
5635     2.116833
5636     3.624758
5637     0.034109
5638     1.641185
5639     1.031046
5640     0.132786
5641    -0.028042
5642    -1.816020
5643    -0.242064
5644    -0.450470
5645    -0.579016
5646     0.122095
5647    -0.348259
5648    -0.002812
5649     0.226432
5650     0.434410
5651     1.924956
5652    -0.607744
5653    -1.425344
5654     0.030666
5655     0.088937
5656    -0.858204
5657    -0.199552
5658     0.354376
5659     0.735217
5660    -2.254157
5661    -0.799631
5662    -1.233710
5663     0.456888
5664     0.579129
5665     1.483110
5666    -2.155189
5667    -0.726768
5668     0.784573
5669     1.521251
5670    -1.175200
5671    -1.069754
5672    -0.388120
5673     0.042431
5674    -0.551245
5675    -0.461308
5676     0.336147
5677    -1.030845
5678    -0.718548
5679    -0.325402
5680    -0.263202
5681     0.095866
5682     0.671269
5683     0.062303
5684    -0.856098
5685    -0.398294
5686     0.471994
5687    -0.627207
5688    -0.465967
5689    -0.337492
5690    -0.148713
5691     0.144989
5692     0.230106
5693     0.497387
5694     0.700922
5695     1.821037
5696     3.382590
5697     1.522531
5698     1.573818
5699     2.297135
5700    -0.048187
5701    -0.376618
5702    -2.684035
5703    -1.437106
5704    -0.832413
5705    -0.483364
5706     0.078993
5707    -0.780072
5708    -0.063800
5709     0.101131
5710     1.047214
5711    -0.048974
5712    -0.363800
5713     0.025792
5714     1.288984
5715     0.379368
5716    -1.163132
5717    -0.292970
5718     0.455864
5719     0.616700
5720    -1.441392
5721    -0.622804
5722    -0.144852
5723     1.707187
5724     0.763312
5725     0.774726
5726    -2.302968
5727    -1.334080
5728     0.445407
5729     1.009773
5730    -0.763545
5731    -1.224862
5732    -0.581728
5733     0.398764
5734    -0.860776
5735    -0.505146
5736     0.403551
5737    -0.824590
5738    -0.173845
5739     0.193014
5740    -0.792881
5741    -0.301582
5742     0.401908
5743     0.405776
5744    -0.085230
5745     0.176495
5746     0.451711
5747     0.014835
5748    -0.112739
5749    -0.827983
5750    -0.477029
5751    -0.006953
5752     0.949723
5753     1.184199
5754     1.390430
5755     1.483389
5756     3.907665
5757     0.607955
5758     1.627739
5759     0.329420
5760    -0.709758
5761    -1.611645
5762    -2.008288
5763    -1.854249
5764    -0.665198
5765    -0.420846
5766     0.678323
5767    -0.236330
5768     0.338645
5769     0.402826
5770     0.549301
5771     0.140249
5772     0.231781
5773     1.435403
5774    -0.206646
5775    -0.291977
5776    -0.859842
5777     0.064263
5778     0.915609
5779     2.075117
5780    -1.501146
5781    -1.005720
5782     1.247233
5783     0.481347
5784     0.375399
5785    -0.264216
5786    -1.430454
5787    -1.974462
5788     1.227028
5789     0.642737
5790    -0.284226
5791    -0.881169
5792    -0.568433
5793     1.012564
5794    -1.036138
5795    -0.171696
5796     0.983251
5797    -0.332286
5798     0.191085
5799     0.546238
5800    -1.485008
5801     0.256127
5802     0.786213
5803     1.831106
5804     0.268080
5805    -0.530430
5806     1.767346
5807     0.192291
5808    -0.348841
5809    -0.871597
5810    -0.430689
5811     0.633521
5812    -1.097889
5813     1.130082
5814     0.858185
5815    -0.399811
5816     2.915818
5817     0.225254
5818    -0.391403
5819     0.117473
5820    -1.359258
5821    -1.707275
5822    -0.221941
5823    -2.820312
5824    -0.072763
5825    -0.118031
5826     0.850401
5827    -0.351178
5828     0.011488
5829     1.077548
5830     1.137536
5831    -0.780023
5832     0.075407
5833     1.403222
5834    -0.725154
5835     0.251549
5836    -0.065983
5837    -0.266488
5838     0.838061
5839     1.444717
5840    -0.655963
5841    -0.429736
5842     1.279305
5843    -0.501744
5844     0.667529
5845    -0.315990
5846     0.361134
5847    -2.758282
5848     0.968638
5849    -0.450194
5850     0.098692
5851    -0.021750
5852    -0.339356
5853     0.822998
5854    -0.125702
5855    -0.317996
5856     0.710519
5857     0.289164
5858    -0.159584
5859     0.680095
5860    -0.611850
5861     1.151436
5862    -0.922404
5863     1.188573
5864    -0.340809
5865     0.176327
5866     1.319511
5867    -0.615595
5868     0.257773
5869    -0.147732
5870    -0.388142
5871     0.648780
5872    -2.150729
5873     2.686831
5874     1.054410
5875    -2.218037
5876     1.168260
5877    -0.672090
5878    -1.241680
5879     0.501870
5880    -0.607266
5881    -2.490219
5882    -0.019433
5883    -1.881783
5884     0.027696
5885     0.196357
5886     0.198192
5887    -1.721337
5888     1.031599
5889     1.851941
5890     1.668787
5891    -0.843321
5892     0.183439
5893     1.692269
5894    -0.435148
5895     0.478648
5896     0.049740
5897     0.058568
5898     0.098796
5899     0.330333
5900     0.468424
5901    -1.158450
5902     1.700624
5903    -0.316434
5904     0.473181
5905    -1.135853
5906    -0.237212
5907    -1.303322
5908     1.560348
5909    -0.676044
5910     0.348627
5911     0.117938
5912    -0.259184
5913    -0.275972
5914     0.130328
5915    -0.044120
5916     0.544038
5917     0.306903
5918    -0.074210
5919    -0.696793
5920    -0.998744
5921     0.749904
5922     0.511583
5923     1.697980
5924    -0.538460
5925     0.527959
5926     1.476347
5927    -0.161992
5928     0.513029
5929     0.241410
5930    -0.570389
5931     0.195085
5932    -1.909040
5933     2.593904
5934     1.239415
5935    -2.006327
5936    -0.606885
5937    -0.971732
5938    -0.739183
5939    -0.315923
5940    -0.875881
5941    -1.323356
5942    -1.103702
5943    -2.422195
5944    -0.090981
5945     1.234852
5946     1.024120
5947    -2.030096
5948     1.579224
5949     2.928057
5950     0.243763
5951    -1.247889
5952     0.510538
5953     1.096636
5954    -0.526651
5955    -1.250178
5956     0.295712
5957     0.247742
5958    -0.830289
5959     0.254319
5960    -0.323052
5961     1.198807
5962     0.900233
5963    -0.035464
5964    -0.399975
5965    -0.321017
5966    -0.116840
5967    -1.538039
5968     1.674614
5969    -0.362354
5970    -0.762097
5971    -0.061367
5972     0.614999
5973    -0.971678
5974    -0.166701
5975    -0.095310
5976     0.411641
5977     0.094653
5978     0.872036
5979    -0.929216
5980    -0.385365
5981     0.992408
5982    -0.642240
5983     1.168046
5984    -0.363567
5985     0.305339
5986    -0.450168
5987    -0.458242
5988     0.971624
5989     0.568005
5990    -0.267801
5991     1.146792
5992     0.346061
5993     1.672159
5994     1.000120
5995    -1.140950
5996    -2.478967
5997     0.678282
5998    -0.672041
5999     0.166417
6000    -0.429411
6001     0.136972
6002    -3.296942
6003    -2.162751
6004    -0.976552
6005    -0.745931
6006     1.555303
6007     1.310634
6008    -0.208399
6009    -2.029336
6010     0.559031
6011     0.963948
6012     0.902477
6013    -1.233187
6014     0.063539
6015    -1.022623
6016     0.164167
6017     0.200224
6018     0.356650
6019    -0.205347
6020     0.928961
6021     1.081974
6022    -1.190298
6023     0.055550
6024     0.074370
6025    -0.508237
6026     0.034326
6027    -0.420810
6028    -0.138695
6029     0.202010
6030    -0.239222
6031    -0.208894
6032    -0.099945
6033     0.098454
6034    -1.216103
6035    -0.056937
6036     0.682079
6037     0.051105
6038    -0.073794
6039     0.129561
6040     2.898430
6041     0.338782
6042    -0.919706
6043    -0.507777
6044     0.406617
6045    -0.095299
6046    -0.378601
6047     0.597811
6048     1.206632
6049    -0.841421
6050    -0.207498
6051     0.977258
6052     3.321082
6053     0.182679
6054    -0.749248
6055    -0.407330
6056     0.090661
6057    -0.104485
6058    -0.628977
6059     0.624337
6060     0.678721
6061     2.000532
6062    -0.478724
6063    -1.758804
6064    -0.050428
6065    -0.701343
6066     2.110310
6067     1.966476
6068    -0.650157
6069    -2.891299
6070    -0.768382
6071     0.242740
6072     0.525643
6073    -0.594529
6074     0.958790
6075    -0.700509
6076    -0.213152
6077    -0.564337
6078    -0.322121
6079    -1.498566
6080     0.434519
6081     1.410547
6082    -0.793550
6083     0.810547
6084     0.748250
6085    -0.089149
6086     0.418136
6087    -0.215339
6088    -0.505445
6089     0.299706
6090     0.545583
6091    -0.039892
6092    -0.536911
6093    -0.438807
6094    -1.653436
6095    -0.670949
6096     0.481625
6097     0.158164
6098    -0.636874
6099    -0.439076
6100     2.011586
6101    -0.659459
6102    -2.080190
6103    -0.674867
6104     0.586690
6105     0.463709
6106    -0.025667
6107     0.408261
6108     1.526864
6109    -0.374252
6110    -0.392240
6111     1.224552
6112     1.211456
6113    -0.722827
6114    -1.867665
6115    -0.155560
6116     0.838418
6117     0.949573
6118     0.088659
6119     1.016014
6120     0.727153
6121     1.593138
6122    -0.466357
6123    -0.893284
6124     0.872171
6125    -0.366218
6126    -0.251754
6127     1.380779
6128    -0.635985
6129    -2.684750
6130    -1.697675
6131     0.399968
6132     0.919501
6133    -0.890590
6134     0.762718
6135     0.702722
6136     0.776218
6137    -0.577000
6138     0.664234
6139    -1.634632
6140     0.281799
6141     1.011262
6142    -1.471612
6143     0.619254
6144     0.881089
6145    -1.228279
6146     0.572850
6147    -0.081068
6148    -1.991414
6149     0.593377
6150     0.723156
6151     0.980982
6152    -0.539229
6153     0.586032
6154     1.294108
6155    -0.566550
6156     0.387509
6157     0.692451
6158    -0.653993
6159     0.531697
6160     1.314038
6161    -0.579775
6162    -2.196189
6163    -1.428075
6164     0.465985
6165     0.807328
6166    -1.011317
6167     0.437999
6168     1.042420
6169     0.935556
6170    -0.632119
6171     0.668600
6172     1.966160
6173    -0.778952
6174    -1.403160
6175    -0.186658
6176     0.734473
6177    -0.651877
6178    -0.265349
6179     0.927755
6180    -0.763467
6181    -0.958905
6182    -1.101806
6183     0.226793
6184    -1.514413
6185    -1.149750
6186     0.447850
6187    -1.394363
6188    -0.757978
6189    -0.485489
6190     1.267812
6191     1.275666
6192    -0.017493
6193     1.390884
6194     1.023747
6195     0.523664
6196    -1.342376
6197    -1.223427
6198    -0.327621
6199     1.116264
6200     1.177741
6201    -0.085445
6202     1.350709
6203     1.420929
6204     0.303376
6205     1.399674
6206     0.949589
6207     0.295564
6208     0.314513
6209     1.589031
6210    -0.411560
6211    -1.196401
6212    -1.129780
6213    -0.302932
6214    -1.057428
6215    -1.353609
6216    -0.282678
6217    -0.720152
6218    -1.644423
6219    -0.645935
6220    -1.339872
6221    -0.750116
6222     0.586406
6223     1.246421
6224     1.054963
6225     0.175837
6226     1.272809
6227     0.972410
6228     0.112097
6229    -1.341727
6230    -1.094468
6231    -0.684730
6232    -1.329009
6233    -1.046653
6234     0.930100
6235     1.385998
6236     0.724967
6237    -0.146714
6238     1.449562
6239     1.062967
6240    -0.211091
6241    -1.174173
6242    -0.529066
6243     0.100788
6244    -1.416000
6245    -1.223883
6246    -0.415048
6247    -1.484106
6248    -0.308032
6249    -0.859909
6250     1.394888
6251     0.634262
6252    -0.040494
6253     1.160982
6254     0.693555
6255     1.519485
6256    -1.321673
6257    -1.082337
6258    -0.698634
6259     1.621392
6260     0.436270
6261    -0.781919
6262     1.802903
6263     0.669723
6264    -0.009287
6265     1.178907
6266     0.689557
6267     1.414941
6268     0.796755
6269     0.788594
6270    -0.609152
6271    -1.289432
6272    -0.874559
6273    -0.475544
6274    -1.471755
6275    -0.441083
6276    -0.200484
6277    -1.706909
6278     0.460739
6279    -0.190301
6280    -1.107416
6281    -0.362235
6282    -0.565310
6283     1.480921
6284     0.542578
6285    -0.192178
6286     1.043030
6287     0.610208
6288     1.491790
6289    -1.816862
6290    -0.322331
6291    -0.765298
6292    -0.842000
6293    -0.745059
6294    -0.267778
6295     1.728512
6296    -0.053862
6297    -0.257560
6298     1.422036
6299     0.416961
6300     1.801892
6301    -1.065698
6302     0.116716
6303     0.378731
6304    -1.184912
6305     0.663904
6306     0.322202
6307    -0.777163
6308    -0.310747
6309    -1.791703
6310     0.160037
6311    -0.001532
6312     0.932419
6313     0.353911
6314     0.016366
6315     1.862300
6316    -1.257519
6317     0.342360
6318     0.309564
6319     0.243909
6320     0.548076
6321     0.897785
6322     1.881038
6323    -0.412201
6324    -0.722854
6325     2.420747
6326     0.231741
6327    -0.304101
6328     0.507103
6329    -0.051100
6330    -1.234738
6331    -1.522753
6332    -0.531907
6333     0.132118
6334    -1.615564
6335    -0.072382
6336     0.559727
6337    -0.748873
6338     0.196692
6339    -1.518976
6340    -1.526058
6341     0.358177
6342     0.244299
6343     1.833549
6344    -0.035063
6345    -1.111018
6346     1.971952
6347    -0.543207
6348    -0.204243
6349    -1.045037
6350    -0.492934
6351    -1.985025
6352    -1.169899
6353     0.399188
6354     1.134047
6355     0.978661
6356    -0.054090
6357     0.861086
6358     1.562568
6359    -0.368057
6360     1.238380
6361    -0.946123
6362    -0.152815
6363     1.344078
6364    -0.519057
6365    -0.713961
6366     1.197390
6367    -0.516038
6368    -0.851193
6369    -1.033134
6370     0.836069
6371    -1.073809
6372     0.628626
6373     0.488357
6374     0.501543
6375    -1.172586
6376    -1.392590
6377     1.049682
6378     0.691075
6379     0.195990
6380     1.123559
6381     0.448028
6382     1.692278
6383    -0.281962
6384     1.592430
6385     1.560770
6386     1.701774
6387    -0.646846
6388     0.606979
6389    -0.285465
6390    -1.321131
6391    -1.474630
6392    -0.679401
6393     1.286127
6394    -1.271977
6395    -0.331899
6396     0.848058
6397    -0.498257
6398    -0.418548
6399    -0.932349
6400    -0.896935
6401    -0.874319
6402    -0.924081
6403     0.931628
6404     1.419628
6405    -1.418817
6406     0.709088
6407     1.775710
6408    -1.136762
6409    -1.363281
6410    -0.064175
6411    -0.926384
6412    -0.494165
6413    -0.573585
6414    -0.991271
6415     0.989522
6416    -0.549961
6417     1.322234
6418     1.362371
6419    -0.720805
6420     1.145312
6421     0.612423
6422    -0.057336
6423     0.865100
6424    -0.278253
6425    -1.289673
6426     0.854379
6427    -0.828404
6428     0.034601
6429    -1.166594
6430    -0.122183
6431     0.643137
6432     1.118903
6433     0.019043
6434     2.105772
6435    -1.132921
6436    -0.472547
6437     0.306735
6438     0.532678
6439    -0.219757
6440     0.049574
6441     0.632397
6442     0.521946
6443     0.598269
6444     2.495170
6445     0.165853
6446    -0.672587
6447     0.506215
6448    -0.037577
6449    -0.826237
6450    -1.507338
6451    -0.229306
6452    -0.432028
6453     0.589390
6454    -0.158402
6455    -0.713495
6456     0.629408
6457     0.684088
6458    -0.602108
6459    -1.608457
6460     0.214365
6461     0.763553
6462    -1.696874
6463    -0.112412
6464    -0.292654
6465    -1.173259
6466     0.204418
6467     1.798901
6468    -1.162741
6469     0.181902
6470    -0.799344
6471    -1.899598
6472     1.145489
6473     0.134492
6474    -1.616073
6475    -0.931893
6476    -0.573007
6477     2.556050
6478    -0.358791
6479    -0.176565
6480     2.184166
6481    -0.166687
6482     0.222107
6483     0.267020
6484     0.151059
6485     1.383426
6486    -0.756731
6487    -0.166354
6488    -1.084030
6489    -0.412352
6490     0.188461
6491    -0.465987
6492    -0.034912
6493     0.620541
6494     1.024285
6495    -1.637295
6496     0.192425
6497    -1.210239
6498     0.203882
6499    -0.129092
6500    -1.329319
6501     0.852674
6502    -0.380828
6503    -0.244447
6504     2.319597
6505    -0.422045
6506    -1.366471
6507     2.086033
6508    -0.816781
6509     0.960148
6510    -0.016036
6511    -0.075138
6512    -1.703281
6513     0.999036
6514    -0.237221
6515     0.749047
6516    -0.284471
6517    -0.099632
6518     1.844090
6519    -0.464377
6520     1.316498
6521    -1.257159
6522    -1.556685
6523     0.089810
6524     2.227363
6525    -1.023406
6526     0.108583
6527     1.920628
6528    -1.238481
6529    -0.514465
6530     1.229379
6531    -0.271923
6532     1.152980
6533    -0.906167
6534    -1.348360
6535    -0.787025
6536    -0.759943
6537     1.480891
6538    -0.025090
6539    -1.233432
6540     0.835897
6541    -0.092930
6542    -1.019430
6543     0.066836
6544     1.032986
6545    -0.509443
6546    -0.029547
6547    -0.961152
6548    -0.477307
6549     0.870011
6550    -0.633794
6551     0.145395
6552     0.467509
6553     0.643086
6554     0.351069
6555    -1.518368
6556    -0.620199
6557    -0.552676
6558     0.854660
6559    -1.103011
6560     0.432890
6561    -0.458001
6562    -0.149170
6563     0.100657
6564    -0.434009
6565    -0.790264
6566     0.701428
6567    -0.687882
6568    -1.050048
6569     0.002027
6570    -0.018832
6571    -1.050106
6572    -0.501434
6573    -0.165566
6574     0.078037
6575    -0.735016
6576    -0.087952
6577     1.587291
6578    -0.437604
6579    -0.554996
6580     0.843960
6581    -0.977836
6582    -0.846440
6583     1.824877
6584    -0.067648
6585    -0.419474
6586     2.225481
6587    -0.535178
6588    -0.071514
6589     0.567261
6590    -0.852173
6591     0.172946
6592     0.357826
6593     0.559861
6594    -1.429133
6595    -1.529557
6596     3.793525
6597     3.005615
6598    -1.180573
6599     0.578894
6600     1.284140
6601    -0.451198
6602    -0.558169
6603    -0.235042
6604     0.172066
6605    -0.659254
6606    -0.078923
6607     0.318816
6608     0.227591
6609     0.606209
6610    -1.350946
6611    -0.470613
6612     1.091715
6613     0.648192
6614    -0.920317
6615    -0.615253
6616    -0.345759
6617     0.371818
6618     0.105797
6619    -0.804585
6620     0.496309
6621    -0.199281
6622    -0.764624
6623    -0.057129
6624    -0.103041
6625    -0.882903
6626     0.708778
6627    -0.364170
6628    -0.886486
6629     0.464374
6630    -0.086073
6631    -0.772352
6632    -0.500567
6633     0.040212
6634     0.434723
6635    -0.713092
6636     0.196054
6637     0.625983
6638    -0.716023
6639    -0.369853
6640     1.547289
6641    -1.205290
6642    -0.504715
6643     0.602451
6644    -0.745441
6645    -0.072795
6646     0.449386
6647    -0.788995
6648    -0.336026
6649     0.164122
6650    -0.693973
6651     0.104375
6652    -0.109255
6653    -0.753674
6654    -0.415525
6655     1.780320
6656     5.908392
6657    -0.516192
6658    -0.375239
6659     0.605274
6660     1.752523
6661     0.700403
6662    -0.998510
6663     0.076984
6664     0.055744
6665    -0.493721
6666     0.320818
6667    -0.811423
6668     0.619892
6669     0.149418
6670    -0.702262
6671    -0.467136
6672     0.379182
6673    -0.054581
6674    -0.653625
6675     0.089930
6676    -0.588772
6677     0.512822
6678     0.102945
6679    -0.056763
6680     0.396130
6681    -0.308562
6682    -0.337558
6683     0.023264
6684     0.644845
6685    -1.617388
6686     1.020449
6687    -0.493524
6688     0.295230
6689     0.089579
6690     0.315324
6691     0.190476
6692    -0.726456
6693    -0.356997
6694    -0.008433
6695    -0.469371
6696     0.389372
6697     0.148618
6698    -0.411327
6699     0.353569
6700     1.357586
6701    -1.140267
6702    -0.130933
6703    -0.801056
6704    -0.396593
6705     0.711920
6706    -0.720803
6707    -0.456123
6708     0.567801
6709     0.036880
6710    -0.540650
6711     0.207836
6712    -1.411493
6713    -0.403650
6714     0.180395
6715     3.801341
6716     4.271676
6717    -3.208526
6718     0.524253
6719     0.223616
6720     0.008202
6721     1.521349
6722    -0.927089
6723    -1.208883
6724     0.031929
6725    -0.310291
6726     0.337516
6727    -0.716537
6728    -0.366490
6729     0.333877
6730    -0.600987
6731    -0.314152
6732    -0.102283
6733    -0.504717
6734    -0.544602
6735     0.574660
6736    -0.491685
6737     0.025342
6738    -0.244147
6739    -0.054072
6740     0.052647
6741    -0.337276
6742    -0.006371
6743     0.266419
6744     0.495623
6745    -2.212072
6746    -0.150005
6747    -0.397488
6748     0.982881
6749    -0.711357
6750     0.053460
6751    -0.619296
6752    -0.761492
6753     0.649617
6754    -0.008736
6755     0.153701
6756     0.065211
6757     0.058288
6758    -0.006815
6759     0.727559
6760     1.525227
6761    -1.024190
6762     0.371707
6763    -0.848472
6764    -0.134492
6765     0.178931
6766    -0.743281
6767    -0.079881
6768     0.025330
6769    -0.001687
6770    -0.110722
6771    -0.003745
6772    -2.309790
6773     0.144042
6774     0.403201
6775     3.610271
6776     4.233069
6777    -0.883023
6778     1.387759
6779     0.566359
6780    -1.039846
6781    -0.829124
6782    -0.787638
6783    -1.699549
6784     0.439617
6785    -0.148072
6786     0.027711
6787     0.651773
6788    -0.242304
6789    -0.149659
6790     0.625918
6791    -0.483849
6792    -0.231186
6793     0.775235
6794    -0.283518
6795    -0.319853
6796     0.777604
6797    -0.716175
6798     0.228332
6799     0.786230
6800    -0.354620
6801    -0.021587
6802     0.114455
6803     0.253601
6804     1.582445
6805    -3.200928
6806     0.963262
6807    -1.481597
6808    -1.438679
6809    -0.653892
6810     0.416909
6811     0.981648
6812    -0.495783
6813    -0.551741
6814     0.347392
6815    -0.304038
6816     0.635417
6817     1.026899
6818     0.165844
6819     0.815824
6820    -0.966177
6821    -0.565207
6822     0.001492
6823     0.972850
6824    -0.469888
6825    -0.196122
6826     0.795619
6827    -0.711179
6828     0.311117
6829    -0.521655
6830    -0.452097
6831     0.438849
6832    -2.859254
6833     1.046192
6834    -0.329505
6835     0.412185
6836     3.128521
6837     1.548193
6838     1.108393
6839     1.110842
6840    -1.025492
6841    -0.077127
6842    -0.996891
6843    -2.087427
6844    -0.402272
6845     0.469390
6846     1.047916
6847    -0.583402
6848     0.317097
6849     1.481199
6850     0.000768
6851     0.260934
6852     0.360697
6853     1.136548
6854    -1.308187
6855    -0.765320
6856     0.320076
6857     0.204099
6858     0.637300
6859     1.256782
6860    -0.310034
6861    -1.289359
6862     1.470678
6863    -1.134695
6864    -1.313999
6865    -2.166964
6866     0.309203
6867    -1.119577
6868    -0.721550
6869     0.522485
6870    -0.938167
6871     0.537383
6872    -0.006191
6873     0.065871
6874    -0.519237
6875     0.221782
6876     1.606079
6877     0.790302
6878     0.699979
6879     0.978195
6880    -0.725791
6881     0.021805
6882     0.087536
6883     1.224600
6884    -0.831444
6885    -0.974112
6886     1.121540
6887    -1.087922
6888    -0.339800
6889    -1.476739
6890     0.985099
6891     0.919883
6892    -1.544986
6893    -1.452514
6894    -0.499799
6895    -0.332958
6896     2.367515
6897     2.128471
6898     0.692348
6899     0.748487
6900     0.014416
6901     1.201665
6902    -0.276201
6903    -2.132014
6904    -0.854249
6905     1.043214
6906     0.678472
6907    -0.973062
6908     0.995219
6909     1.233493
6910     0.671979
6911    -0.343345
6912     0.631164
6913     0.410650
6914    -0.479424
6915    -0.974100
6916    -0.954995
6917     0.650689
6918     0.466650
6919     0.973410
6920    -0.976583
6921    -0.602012
6922     0.229476
6923    -0.325375
6924    -1.317265
6925     0.552714
6926    -0.358846
6927    -0.941972
6928     0.751713
6929    -0.609321
6930    -0.389304
6931     0.411551
6932    -0.112764
6933     0.190131
6934    -1.351289
6935     0.803014
6936     1.221196
6937    -2.896181
6938    -0.373066
6939     0.998578
6940     1.679280
6941     1.559064
6942    -1.051829
6943     0.424372
6944    -0.619730
6945    -0.938562
6946     2.250045
6947    -0.413784
6948    -0.445762
6949    -1.137887
6950    -0.132775
6951     1.339064
6952    -0.657076
6953    -0.551297
6954    -0.724199
6955     0.316449
6956     1.065182
6957     2.336463
6958    -1.048568
6959    -0.543873
6960     0.421806
6961     1.130953
6962    -0.186428
6963    -2.037987
6964    -0.735547
6965     0.645516
6966     0.951493
6967    -0.572080
6968     1.078424
6969     0.117462
6970     0.643863
6971    -0.446403
6972     0.455616
6973    -0.183878
6974    -0.401076
6975     0.228938
6976    -0.973119
6977     0.862890
6978     0.599731
6979     0.750249
6980    -0.214362
6981    -0.839276
6982    -0.046117
6983    -0.374504
6984    -0.407496
6985     0.740591
6986    -0.994450
6987    -0.761669
6988     0.803690
6989     0.236664
6990    -1.670676
6991     0.461778
6992    -0.064294
6993    -0.036376
6994    -1.262544
6995     1.373034
6996     0.387177
6997    -2.610500
6998    -0.555740
6999     1.907693
7000     1.816439
7001     1.156788
7002    -2.265213
7003     0.165860
7004    -0.342784
7005    -0.769536
7006     1.551173
7007    -0.498086
7008     0.767480
7009    -0.778505
7010    -0.214222
7011     1.375284
7012    -0.045898
7013    -0.758326
7014    -1.602479
7015     0.584207
7016    -0.008530
7017     1.889040
7018    -1.440617
7019    -0.294112
7020     1.710794
7021     0.021709
7022    -0.355945
7023    -1.026604
7024     0.246380
7025     0.185240
7026     0.725269
7027     0.393137
7028     0.592285
7029     0.073969
7030    -0.227992
7031     0.608426
7032     0.074304
7033    -1.516597
7034    -0.476783
7035     0.358153
7036     0.812042
7037     0.431086
7038     0.199941
7039     1.269966
7040     0.356994
7041    -0.764423
7042    -0.200293
7043     0.833527
7044    -0.553465
7045     0.731578
7046    -0.449302
7047    -0.374422
7048    -0.586117
7049    -0.497073
7050    -0.553264
7051     1.414793
7052     0.345802
7053    -0.338260
7054     0.445058
7055     0.379366
7056     0.222825
7057    -3.568871
7058    -0.538917
7059     1.303993
7060     1.775095
7061     0.597520
7062    -1.325242
7063     0.721815
7064     0.528038
7065    -0.761306
7066     0.658866
7067     0.671825
7068     0.254018
7069    -2.301208
7070    -0.539473
7071     1.082322
7072     1.363444
7073     0.704588
7074    -1.898297
7075     0.073377
7076    -1.432089
7077     1.668489
7078    -1.526182
7079    -1.945115
7080     1.631999
7081    -0.052097
7082    -0.014285
7083    -0.855383
7084     0.254592
7085     0.289806
7086     0.234882
7087     0.485200
7088     0.257479
7089     0.391489
7090     0.032121
7091     0.282016
7092    -0.402217
7093    -1.149819
7094    -0.706277
7095     1.064487
7096     0.761367
7097     0.192166
7098    -0.858737
7099     1.136022
7100     0.191115
7101    -0.292956
7102    -0.039082
7103     0.668947
7104    -0.462159
7105     0.434744
7106    -0.518480
7107     1.002847
7108    -0.280844
7109    -0.521088
7110    -0.189166
7111     1.102158
7112     0.227972
7113    -1.197731
7114     0.484467
7115     0.298732
7116    -0.370744
7117    -2.821951
7118    -0.563849
7119     1.761085
7120     1.495940
7121     0.487903
7122    -1.262349
7123     0.707404
7124     0.093679
7125    -1.676530
7126     0.569880
7127     0.720146
7128    -0.123521
7129    -1.617746
7130    -0.634113
7131     0.824342
7132     1.001717
7133     0.682396
7134    -2.675401
7135    -0.728317
7136    -0.436128
7137     2.626734
7138    -1.775755
7139    -0.998138
7140     2.461026
7141     1.064451
7142    -0.170133
7143    -1.103477
7144    -0.336921
7145    -0.145848
7146     0.619723
7147     1.472104
7148     0.396022
7149     0.009678
7150    -0.230770
7151    -0.079173
7152    -0.040789
7153    -1.065922
7154    -0.239320
7155     0.798429
7156     1.368236
7157     0.090619
7158    -0.854514
7159     0.287311
7160     0.149565
7161    -0.021854
7162    -1.290573
7163     0.988566
7164    -0.412938
7165     0.553811
7166    -0.114960
7167     0.843742
7168    -0.813358
7169    -0.447706
7170     0.017929
7171     1.860571
7172     0.699969
7173    -1.672860
7174     0.202951
7175     0.040932
7176    -0.032136
7177    -1.332312
7178     0.341896
7179     0.284710
7180     1.114187
7181    -0.262607
7182    -0.766659
7183     0.547855
7184     0.118173
7185    -1.551939
7186     0.035769
7187     0.767923
7188     0.058708
7189    -1.281623
7190    -1.203673
7191     1.034486
7192     1.265040
7193     0.654106
7194    -2.563209
7195    -1.739262
7196    -0.658165
7197     2.868545
7198    -1.681545
7199    -0.926186
7200     2.484424
7201     0.104683
7202    -0.462715
7203    -0.823479
7204     0.205988
7205    -0.251624
7206     0.603581
7207     0.915046
7208     0.063317
7209     0.017693
7210     0.064643
7211    -0.260671
7212    -0.315200
7213     0.722298
7214     0.570894
7215    -0.713143
7216     0.993343
7217    -0.107221
7218    -0.514118
7219    -1.522967
7220     0.107488
7221     0.765514
7222    -2.426242
7223     1.099917
7224     0.431687
7225     0.612113
7226    -0.401934
7227     0.912477
7228     0.739373
7229     0.053817
7230    -0.208097
7231     1.217415
7232     0.534426
7233    -1.377140
7234     0.586969
7235    -0.096725
7236    -0.339794
7237    -0.292608
7238     0.577074
7239    -1.084106
7240     1.013440
7241    -0.684960
7242    -1.297896
7243     0.224226
7244     0.602500
7245    -0.071105
7246    -0.421149
7247     0.677650
7248     0.470150
7249     0.839975
7250     0.138534
7251     1.427693
7252     0.994144
7253     0.555509
7254    -2.512113
7255    -2.496053
7256    -1.249140
7257     2.540021
7258    -2.074639
7259    -1.466137
7260     2.087375
7261     1.034019
7262    -0.238931
7263    -1.052138
7264     0.801695
7265    -0.089715
7266     0.470856
7267     0.123515
7268    -0.047754
7269     0.119146
7270    -0.522391
7271     0.569172
7272    -1.105330
7273     0.671153
7274    -0.024689
7275    -0.367784
7276     0.553450
7277     0.089307
7278    -1.003836
7279    -0.987217
7280    -0.023634
7281     1.093011
7282    -1.385798
7283     1.335449
7284     0.747167
7285    -0.360577
7286    -0.578326
7287     1.190883
7288     1.001919
7289    -0.097314
7290    -0.318598
7291     0.669449
7292    -0.049990
7293    -1.163229
7294     0.848733
7295    -0.148814
7296    -0.529697
7297    -1.296755
7298    -0.104672
7299    -0.695347
7300     1.150664
7301    -0.067522
7302    -2.232229
7303     0.468762
7304     0.606859
7305    -0.184159
7306    -0.135848
7307     0.838720
7308     0.392735
7309    -1.161821
7310     0.015788
7311     2.093130
7312     1.291565
7313     0.029791
7314    -2.593863
7315    -1.381346
7316    -0.937537
7317     3.000369
7318    -1.383171
7319    -1.076189
7320     2.138913
7321     1.109517
7322     0.100657
7323    -1.839949
7324     0.867574
7325    -0.036389
7326     0.009662
7327     0.406224
7328    -0.043669
7329    -1.349128
7330    -0.405124
7331     0.088745
7332    -0.109900
7333     0.631781
7334     0.085125
7335     1.162104
7336     0.586619
7337     0.046783
7338    -0.790505
7339    -1.315358
7340     0.203474
7341     0.027871
7342    -1.687528
7343     1.188175
7344     0.932271
7345    -1.159088
7346     0.144465
7347     0.782507
7348     1.180402
7349    -0.152273
7350     0.061915
7351     0.667174
7352     0.115508
7353    -1.209420
7354     0.755091
7355     0.166423
7356    -0.607056
7357    -1.996891
7358    -0.048951
7359     1.615769
7360     1.051633
7361     0.262439
7362    -2.208723
7363     0.849474
7364     0.179333
7365     1.044056
7366     0.327762
7367     0.270437
7368     1.286398
7369    -1.894866
7370     0.049318
7371     2.500514
7372     1.555048
7373     0.083161
7374    -2.080177
7375    -0.579952
7376    -1.422690
7377     0.980835
7378    -0.949493
7379    -1.280069
7380    -0.209042
7381    -0.331511
7382     0.586482
7383    -1.464922
7384    -0.566233
7385     0.644638
7386     0.305580
7387     0.479970
7388     0.456083
7389    -2.161088
7390     0.695832
7391    -1.737107
7392     0.261051
7393     0.230100
7394    -0.041021
7395     1.557017
7396    -1.057721
7397     0.404077
7398    -0.108880
7399     0.598600
7400    -1.842696
7401     0.303904
7402     0.359122
7403     0.377763
7404     0.629951
7405     0.375132
7406    -1.166370
7407     0.717047
7408     1.094635
7409     0.207687
7410    -0.005006
7411    -0.798599
7412     0.209839
7413    -0.489553
7414    -0.382218
7415     0.232661
7416    -0.027461
7417    -0.605621
7418     0.453448
7419     0.743556
7420     2.213084
7421     0.411536
7422    -3.574826
7423     0.227225
7424    -0.168166
7425     1.695694
7426    -0.086253
7427     0.206298
7428     1.788956
7429    -1.426138
7430     0.114008
7431     2.279438
7432     0.077720
7433    -0.247261
7434    -1.299832
7435    -0.601395
7436     0.432744
7437     0.246730
7438    -0.495730
7439     0.465357
7440    -1.397356
7441     0.002855
7442    -0.284507
7443    -1.733124
7444    -0.412403
7445    -0.064382
7446    -0.299869
7447     0.457745
7448     0.571165
7449    -0.419061
7450     0.092584
7451    -0.096159
7452     0.606163
7453     0.626604
7454    -0.178076
7455    -0.037338
7456    -1.507748
7457    -0.481170
7458     1.453380
7459    -0.133884
7460     0.142645
7461     0.958925
7462     0.545974
7463     0.377397
7464     0.085037
7465     0.168572
7466    -0.430791
7467    -0.512193
7468     2.351656
7469    -0.268379
7470     0.054340
7471    -1.454449
7472     0.220126
7473     1.506436
7474    -0.608523
7475     0.277779
7476    -0.067181
7477    -0.561679
7478    -0.658117
7479     1.697465
7480     3.454573
7481     1.089975
7482    -2.819260
7483     0.418614
7484     0.225619
7485     0.213887
7486     0.297388
7487    -0.154920
7488     0.424232
7489    -2.222782
7490    -0.152602
7491     1.156457
7492    -0.167965
7493     0.474467
7494    -1.686280
7495    -0.744218
7496    -0.377407
7497     0.633763
7498    -0.602915
7499    -0.232662
7500    -1.215779
7501    -1.548648
7502    -0.572757
7503    -1.179184
7504     1.465269
7505    -0.151703
7506    -0.785772
7507     1.332467
7508    -0.552972
7509    -0.357594
7510    -1.445848
7511     0.187958
7512     0.759004
7513    -0.612331
7514     0.173228
7515     0.219033
7516     0.397030
7517    -0.007549
7518     0.780329
7519     0.825267
7520     0.379732
7521     0.557809
7522     0.010166
7523     0.415311
7524     0.279470
7525    -2.226853
7526     0.791864
7527    -0.200418
7528     3.326697
7529     0.285824
7530    -0.088210
7531     0.712144
7532     0.245705
7533     0.830104
7534     0.968764
7535    -1.067705
7536    -0.074077
7537     1.178082
7538    -0.140577
7539     1.040157
7540     1.276355
7541    -0.576532
7542    -1.180356
7543    -0.308928
7544     0.490651
7545     0.380760
7546    -0.472184
7547    -0.030332
7548     0.661910
7549     0.883956
7550     0.148279
7551     0.102215
7552    -1.550979
7553    -0.954261
7554    -0.785354
7555    -1.986054
7556     0.246104
7557     0.338297
7558    -2.224372
7559     0.689733
7560    -1.298124
7561    -0.802075
7562    -1.678666
7563    -1.288913
7564     1.480791
7565    -1.176062
7566    -0.950727
7567     1.377562
7568    -1.268258
7569    -1.241359
7570    -1.120462
7571     1.177676
7572     0.325293
7573    -0.781287
7574     0.027885
7575     0.557756
7576     0.287700
7577     0.582553
7578    -0.070638
7579     0.796518
7580     0.452250
7581     0.129801
7582    -0.405668
7583     0.714207
7584     1.217592
7585    -1.841630
7586     1.357569
7587     0.834147
7588     2.084688
7589     0.271873
7590     1.108785
7591     0.559965
7592     0.290890
7593     0.441702
7594     1.070004
7595    -1.408652
7596    -1.154815
7597     0.825814
7598     0.438911
7599     0.824511
7600     1.160836
7601    -0.754630
7602    -1.035582
7603    -0.518548
7604     0.174663
7605     1.051129
7606    -0.775433
7607     0.864832
7608     0.671526
7609     1.021726
7610    -0.639839
7611    -1.188947
7612    -0.971122
7613    -1.031977
7614    -1.048036
7615    -1.676444
7616     0.881184
7617     0.359538
7618    -1.772937
7619     0.723591
7620     0.457237
7621    -3.042982
7622    -0.597526
7623    -0.874365
7624     0.616239
7625    -0.316054
7626    -0.194978
7627     0.811289
7628    -1.075777
7629    -0.764856
7630    -0.189836
7631     0.648127
7632    -0.221195
7633    -0.927918
7634    -0.107036
7635     0.331601
7636     0.993624
7637    -0.851065
7638     0.235499
7639     1.976952
7640    -0.057037
7641    -0.439403
7642     0.300409
7643     0.511549
7644     1.026270
7645    -0.587339
7646     0.359801
7647     0.334857
7648     3.270244
7649     0.848957
7650     0.870360
7651     0.892685
7652    -0.461458
7653     0.819844
7654    -0.616211
7655     0.361034
7656    -1.159542
7657     1.586443
7658    -0.138217
7659     0.999056
7660     0.677102
7661     0.218802
7662    -0.459200
7663    -0.721646
7664     1.047080
7665     0.733463
7666    -0.428542
7667     0.296253
7668     0.776287
7669    -0.479837
7670    -0.035169
7671    -0.288457
7672    -2.675255
7673    -0.518950
7674    -0.676412
7675    -0.768745
7676    -0.079511
7677    -0.339679
7678    -0.686675
7679    -0.053803
7680    -0.709150
7681    -1.102376
7682     2.481568
7683     0.316773
7684     0.316498
7685     0.267106
7686    -0.443406
7687     1.392052
7688     0.310311
7689     0.913298
7690    -1.057148
7691     0.087521
7692    -1.296360
7693    -1.532047
7694    -1.719807
7695     0.127809
7696     0.768594
7697    -0.163109
7698    -0.702851
7699     1.607284
7700    -0.313476
7701    -0.191004
7702    -0.724164
7703    -0.374423
7704     0.243364
7705    -1.093726
7706     0.423120
7707    -0.594265
7708     1.797067
7709    -0.265965
7710     0.013583
7711     0.710234
7712     0.224064
7713     0.436675
7714     1.832708
7715     0.448864
7716     0.677744
7717     1.208677
7718     0.107127
7719    -0.320508
7720     0.848598
7721    -0.012892
7722     0.666441
7723    -1.437342
7724    -0.657655
7725     0.133068
7726    -1.434046
7727    -1.060377
7728    -0.460256
7729     2.389260
7730    -0.012501
7731     1.223023
7732    -1.793435
7733     0.929293
7734    -0.372420
7735    -1.372356
7736    -0.218713
7737    -0.217503
7738    -1.324331
7739    -0.480055
7740    -0.153205
7741    -1.304409
7742     2.212038
7743     0.688649
7744    -1.674941
7745     2.122822
7746     0.628034
7747     0.261676
7748     0.757307
7749     1.218713
7750    -1.116933
7751     0.484694
7752     0.641542
7753     0.420972
7754    -2.167356
7755    -0.210239
7756     0.490499
7757    -0.281160
7758    -0.404156
7759     0.652328
7760     0.152801
7761    -1.738720
7762     0.662490
7763    -1.257868
7764     0.074034
7765    -0.488738
7766     0.125207
7767    -1.041116
7768     1.322245
7769    -0.665910
7770    -0.512222
7771     0.454287
7772     0.014225
7773     0.825343
7774     0.511423
7775     0.666340
7776    -1.108454
7777     0.394232
7778     0.207716
7779    -0.950649
7780     0.248048
7781     0.087037
7782     1.310626
7783     0.656923
7784    -1.596779
7785    -0.899494
7786     0.832602
7787    -2.034195
7788    -0.306689
7789     1.746356
7790    -0.492195
7791    -0.791118
7792    -1.066981
7793     0.706585
7794     1.507449
7795    -1.436679
7796     0.446966
7797     0.803288
7798    -1.565399
7799     0.511726
7800     0.265181
7801    -0.614160
7802     1.596260
7803     0.340219
7804    -0.946081
7805     1.016794
7806     0.164557
7807     0.020926
7808     0.588205
7809     2.129703
7810    -0.786103
7811     0.415351
7812     0.886724
7813     0.618382
7814    -0.569026
7815    -1.577914
7816     0.063829
7817     0.053563
7818     0.564754
7819     0.129688
7820     0.307939
7821    -0.726920
7822     0.573243
7823    -1.781681
7824    -1.601992
7825     0.047267
7826     1.456405
7827    -0.817305
7828     0.643024
7829    -2.855821
7830    -0.205524
7831    -0.049633
7832    -0.315743
7833     0.623129
7834     0.417777
7835     1.716055
7836    -0.181164
7837    -0.183141
7838    -0.249256
7839    -0.072413
7840     0.628527
7841     1.744427
7842     0.377057
7843     0.511617
7844    -1.525962
7845    -1.754418
7846     0.565677
7847    -1.141026
7848    -1.352491
7849     0.604949
7850    -2.373050
7851     0.467135
7852    -0.263199
7853     1.447669
7854     0.590665
7855    -0.922352
7856     0.346848
7857     1.019346
7858    -1.060237
7859     0.122049
7860     1.126851
7861    -1.170924
7862     2.250600
7863     0.811190
7864    -0.093824
7865     0.026011
7866     0.398231
7867     0.562848
7868    -0.246033
7869     0.125608
7870     0.037901
7871    -0.572075
7872     0.477714
7873     0.356036
7874    -0.962616
7875    -2.234527
7876    -0.109962
7877     0.624597
7878     1.319959
7879     0.270584
7880    -0.637507
7881    -1.554952
7882     0.846391
7883    -1.345857
7884    -0.858426
7885    -0.270665
7886     0.349912
7887    -1.304619
7888     0.993706
7889    -2.332605
7890    -0.105996
7891    -0.430522
7892     0.576233
7893     0.111030
7894    -0.566161
7895     1.288460
7896    -0.129665
7897     1.008598
7898    -0.563167
7899     0.159913
7900    -0.361975
7901     1.204997
7902     0.086296
7903     0.327907
7904    -1.451943
7905    -1.357190
7906     0.266154
7907    -1.285502
7908    -1.399390
7909     1.037278
7910    -0.884510
7911     1.736595
7912    -1.011374
7913     1.977107
7914     0.685367
7915    -0.789492
7916     0.543619
7917     1.293090
7918    -0.902504
7919     1.440278
7920     1.739772
7921    -0.196770
7922     0.375089
7923     0.332137
7924     0.514604
7925    -1.183648
7926    -0.527635
7927    -0.109666
7928     0.646231
7929     0.450758
7930    -0.495932
7931     0.479482
7932     0.927071
7933     0.862799
7934    -0.714765
7935    -0.035992
7936    -0.007077
7937    -0.562370
7938     0.531755
7939    -0.715315
7940     0.282000
7941    -0.770371
7942     0.287332
7943    -0.310959
7944    -1.913880
7945    -0.462642
7946     0.520264
7947     0.258471
7948     1.333983
7949    -2.574426
7950    -1.701835
7951     0.803064
7952    -0.510327
7953     0.228956
7954     0.825447
7955    -0.344027
7956    -0.742785
7957     0.220793
7958    -0.146879
7959     0.144403
7960     0.002783
7961     2.356507
7962     1.673642
7963    -0.362723
7964    -0.740970
7965    -2.496604
7966    -0.728923
7967     0.402473
7968    -1.310634
7969     1.104284
7970    -1.788987
7971     0.465380
7972    -0.909362
7973     1.398581
7974     0.857018
7975    -1.038920
7976     0.889306
7977     1.574781
7978    -0.927758
7979     1.527424
7980     2.055368
7981    -0.230604
7982     0.735529
7983     1.029813
7984    -0.262158
7985    -0.894937
7986    -0.547686
7987    -0.498180
7988     0.430496
7989     0.221311
7990    -0.477221
7991     0.130549
7992     1.068715
7993    -0.111503
7994     0.357370
7995     0.151662
7996    -1.167380
7997     0.193917
7998     0.269140
7999     0.974250
8000     0.784538
8001    -0.039717
8002     0.286447
8003    -0.609098
8004    -1.925300
8005     1.274587
8006     0.086078
8007    -0.136357
8008     0.770106
8009    -2.835662
8010    -2.313717
8011    -0.142020
8012    -0.316943
8013    -0.212076
8014     0.012613
8015    -0.149875
8016    -0.969793
8017    -0.258865
8018    -0.096593
8019     0.272533
8020     0.349713
8021     1.857540
8022     1.519553
8023    -0.464015
8024    -0.902258
8025    -2.338984
8026    -0.866063
8027    -0.062384
8028    -1.762657
8029     0.445871
8030    -1.797637
8031     0.195183
8032     0.262157
8033     1.310623
8034     1.335096
8035     0.090146
8036     0.547605
8037     1.855403
8038     0.012120
8039     1.231145
8040     2.327877
8041    -0.462662
8042     0.275376
8043     0.562283
8044     0.716294
8045    -0.938186
8046     0.162855
8047    -0.968203
8048    -0.196803
8049     1.035915
8050     0.368598
8051     0.405130
8052     0.353557
8053    -0.988064
8054    -0.565535
8055     0.036697
8056    -1.573509
8057    -0.356973
8058     1.393365
8059     2.361443
8060     1.067376
8061    -0.315481
8062    -0.507686
8063    -0.155604
8064     0.102071
8065     2.386741
8066     0.010523
8067    -1.304842
8068    -0.003014
8069    -1.502497
8070    -0.172782
8071    -0.469370
8072    -1.337717
8073    -0.212591
8074     0.252549
8075    -0.717291
8076    -0.426060
8077    -0.765215
8078    -0.911137
8079    -0.570507
8080     0.701077
8081     2.395118
8082     0.554995
8083    -0.146312
8084     0.735168
8085    -0.713756
8086    -0.281640
8087     0.266748
8088    -1.057449
8089    -1.095371
8090    -3.329239
8091    -0.796021
8092    -0.134582
8093     1.298458
8094     0.132954
8095     0.609482
8096     1.538673
8097     0.386610
8098    -0.000555
8099     2.018414
8100     0.848189
8101     0.373733
8102     0.311909
8103     0.914904
8104    -0.227496
8105    -1.093782
8106     0.930735
8107    -0.751501
8108    -0.293460
8109    -0.686111
8110    -0.378855
8111     0.193033
8112     0.538880
8113    -0.518172
8114    -0.617601
8115     0.746962
8116    -0.572141
8117    -0.318431
8118     0.568573
8119     1.368606
8120     1.003213
8121    -1.599297
8122    -0.693593
8123    -0.509972
8124     0.143475
8125     0.805617
8126     0.088201
8127    -1.296833
8128    -0.103623
8129    -1.266275
8130     1.468970
8131     0.227301
8132    -1.305767
8133     0.740840
8134    -0.534281
8135    -0.470171
8136     0.990012
8137    -0.333818
8138    -1.092395
8139    -0.128366
8140     0.576491
8141     2.616469
8142    -0.875393
8143    -0.436622
8144     1.026835
8145     0.442921
8146    -0.593437
8147     0.074472
8148    -0.909338
8149    -0.317070
8150    -3.767523
8151    -0.334110
8152     1.261896
8153     1.693427
8154    -0.296469
8155     0.914916
8156     1.641051
8157    -1.094386
8158    -0.067950
8159     2.086768
8160    -0.265970
8161    -0.181790
8162    -1.080732
8163     0.647748
8164     0.178439
8165    -0.619149
8166     0.801842
8167    -0.474365
8168    -1.219399
8169     0.142350
8170    -0.243015
8171    -0.707065
8172     0.613559
8173    -0.326461
8174     0.017586
8175     0.181769
8176    -0.068689
8177     0.488410
8178     0.659943
8179     1.264098
8180     1.143078
8181    -1.832555
8182    -0.376449
8183    -0.921412
8184     0.292769
8185    -0.917119
8186    -1.765011
8187    -1.459709
8188     0.049191
8189    -1.279773
8190     1.042876
8191     0.338232
8192    -0.211994
8193     0.239743
8194    -0.013801
8195    -0.523382
8196     1.121431
8197     0.244079
8198    -1.344161
8199     0.899960
8200    -0.613046
8201     2.546022
8202    -2.123617
8203    -0.052533
8204     0.489595
8205     0.677059
8206    -0.181284
8207    -0.769480
8208     0.883905
8209    -0.104370
8210    -1.050298
8211     0.447554
8212     0.796387
8213     1.882872
8214    -1.117876
8215     1.130570
8216     2.571179
8217    -0.897001
8218    -0.448073
8219     2.353113
8220    -1.221749
8221    -0.390992
8222     0.111501
8223     0.267334
8224     0.326504
8225     0.920719
8226     0.767915
8227    -0.558671
8228     0.371582
8229     0.276623
8230    -0.104212
8231     0.187609
8232     0.132263
8233    -0.382796
8234     2.261471
8235     0.261738
8236    -0.411130
8237     2.426497
8238     0.246058
8239     1.403075
8240    -3.744482
8241     0.041356
8242    -0.932658
8243     1.243657
8244     0.695548
8245    -0.210343
8246    -1.187856
8247    -2.035920
8248     0.149632
8249    -0.214897
8250     1.090966
8251    -0.134018
8252     1.889108
8253    -0.088414
8254     0.137566
8255     0.561171
8256     0.907572
8257    -0.114160
8258    -0.249100
8259     0.500335
8260    -0.241388
8261    -1.057861
8262    -1.291334
8263     0.405919
8264     1.204266
8265    -0.084568
8266    -0.293646
8267     0.350178
8268     0.561481
8269    -0.595032
8270    -0.307969
8271    -0.478060
8272     0.817976
8273    -2.079018
8274    -1.123443
8275     1.419056
8276    -1.324714
8277     0.043240
8278    -0.290683
8279    -1.361860
8280    -0.690690
8281    -0.205069
8282     0.647483
8283     0.100649
8284    -0.139722
8285     0.235798
8286     0.302240
8287    -0.442243
8288     0.269183
8289     0.645520
8290    -0.252197
8291    -0.029015
8292    -0.318493
8293    -1.748855
8294     0.862953
8295    -0.048050
8296    -1.399222
8297     0.758431
8298     0.747703
8299     2.505922
8300    -2.105959
8301     0.118453
8302    -1.824252
8303     0.542163
8304     0.481154
8305     1.051909
8306    -0.100154
8307    -0.100579
8308    -0.488664
8309    -0.364851
8310     0.442800
8311    -1.858675
8312    -0.020746
8313    -0.735220
8314    -0.069260
8315     0.671328
8316     0.674994
8317     0.143046
8318     0.353918
8319     0.383746
8320     0.878676
8321     0.560118
8322    -0.221174
8323     0.554032
8324     0.669404
8325    -0.224663
8326    -0.139475
8327     0.862263
8328     0.768937
8329     0.141585
8330     0.138880
8331     0.683152
8332     0.000919
8333    -2.000915
8334    -3.930895
8335     2.425392
8336    -1.244436
8337    -0.418209
8338     0.866155
8339    -0.705847
8340     0.647936
8341    -1.084276
8342     1.507495
8343    -0.268946
8344     0.219340
8345    -0.028870
8346    -0.294518
8347    -0.218119
8348    -0.100583
8349    -0.116625
8350    -0.351954
8351     0.273524
8352    -0.121148
8353    -0.871579
8354     0.437368
8355     0.102160
8356    -0.662545
8357    -0.710399
8358    -0.939846
8359     1.364187
8360    -1.409686
8361     2.275107
8362    -2.091966
8363     1.090162
8364     1.522379
8365     0.951098
8366     0.736011
8367     1.613563
8368    -0.123558
8369    -1.184776
8370    -0.266904
8371    -0.438572
8372    -1.253031
8373    -0.645882
8374     0.130363
8375     0.405276
8376    -0.160184
8377     0.175473
8378     0.111297
8379    -0.860994
8380     0.242419
8381     1.295403
8382    -0.711159
8383     1.201097
8384     0.777372
8385    -0.160548
8386     0.119138
8387     0.510623
8388    -0.183549
8389     0.105600
8390    -0.073714
8391    -0.183199
8392     0.279576
8393    -2.272605
8394    -3.701216
8395     0.892078
8396    -0.078878
8397     1.831023
8398     0.162200
8399    -0.031988
8400     1.270489
8401    -1.177860
8402     1.161204
8403    -0.096964
8404     0.328515
8405    -0.911821
8406    -0.568419
8407     0.031715
8408    -1.129171
8409     0.147760
8410    -1.380394
8411     1.186037
8412    -1.922864
8413    -0.866490
8414     0.893155
8415     0.422109
8416     0.083596
8417    -0.360927
8418     0.310148
8419     0.257888
8420     0.792287
8421     1.085783
8422    -3.657159
8423     1.566541
8424    -0.356853
8425     0.649903
8426     1.233932
8427     1.158204
8428     0.313313
8429    -1.028366
8430     0.577999
8431     0.296066
8432    -1.206396
8433     0.475379
8434     0.296850
8435    -0.860311
8436    -0.150396
8437     0.291166
8438    -1.105357
8439    -1.318581
8440     0.529874
8441    -0.974313
8442     0.059423
8443     1.323566
8444     1.207878
8445    -0.356604
8446     0.669786
8447    -0.348706
8448     0.783632
8449     0.269581
8450    -0.834309
8451    -0.329694
8452     1.023185
8453    -0.647210
8454    -2.427116
8455     0.540653
8456     0.543541
8457     1.222534
8458     0.176247
8459     0.822313
8460     1.284522
8461    -1.581798
8462     1.510152
8463    -0.125117
8464     0.028164
8465    -1.027650
8466     0.107534
8467     0.112940
8468    -0.806658
8469    -2.021286
8470    -2.142027
8471     0.809219
8472     0.017765
8473     0.219094
8474     0.174676
8475     0.558482
8476    -0.008703
8477     0.308389
8478     0.094773
8479     0.311307
8480     1.138784
8481     0.537667
8482    -1.662195
8483    -0.687847
8484    -1.439931
8485     0.555600
8486     1.800978
8487     0.604291
8488     0.243643
8489    -0.520499
8490    -0.841425
8491     0.712486
8492    -1.323624
8493     0.583743
8494     0.111382
8495    -1.118543
8496     0.826731
8497     0.184246
8498    -0.949923
8499    -1.897734
8500     0.058435
8501    -1.220593
8502     1.368045
8503     0.120255
8504     0.858702
8505     2.768673
8506     0.256444
8507     0.707919
8508     0.149875
8509     0.954410
8510    -1.151731
8511    -0.978041
8512     0.590688
8513    -0.785699
8514    -1.493405
8515     0.373978
8516     1.080505
8517     0.977499
8518     0.561651
8519     1.203443
8520     0.201863
8521    -1.780066
8522     0.773662
8523     0.255803
8524     0.528820
8525    -0.413555
8526     1.986383
8527     0.585245
8528     0.251419
8529    -1.548405
8530    -2.605644
8531     0.636732
8532     0.293158
8533    -0.236748
8534    -0.149017
8535    -0.654032
8536    -0.184934
8537    -0.039192
8538    -0.857289
8539    -0.156826
8540     0.248889
8541    -0.898103
8542    -2.212106
8543     1.069672
8544    -1.324584
8545     0.525914
8546     0.182955
8547    -0.157259
8548     0.845637
8549     0.389282
8550    -0.031649
8551     0.927323
8552    -0.890401
8553    -0.113147
8554     0.024544
8555     0.296366
8556     1.913339
8557     0.610211
8558     0.126545
8559    -1.277470
8560    -0.385628
8561    -0.372191
8562     2.089802
8563    -0.338648
8564     0.008837
8565     2.666444
8566     0.397132
8567     0.093774
8568    -0.268810
8569     1.142567
8570    -0.144846
8571    -1.562245
8572     1.301559
8573    -0.656017
8574    -0.424044
8575     0.149795
8576    -0.905170
8577     0.121410
8578     0.861853
8579    -0.507745
8580    -0.209303
8581    -0.366851
8582    -1.103590
8583    -0.794626
8584     2.156695
8585    -0.348951
8586     0.136277
8587     0.081327
8588    -1.440057
8589     0.379221
8590    -1.338758
8591    -1.795862
8592    -1.007652
8593    -0.349568
8594    -1.159579
8595    -0.102027
8596    -0.411418
8597     0.070588
8598    -0.951497
8599    -0.789919
8600    -0.782388
8601     0.449920
8602    -1.786911
8603    -1.520683
8604    -1.096770
8605    -0.048285
8606     1.198318
8607     0.219190
8608     0.633145
8609     0.998058
8610     0.778723
8611     0.050222
8612     1.367890
8613     0.091092
8614     1.442466
8615    -0.141441
8616     0.939008
8617     0.099883
8618    -0.836887
8619     0.129416
8620     0.139027
8621    -0.127057
8622     0.798674
8623     0.701912
8624     0.226425
8625     1.659482
8626     0.374312
8627     0.447909
8628     0.239841
8629    -0.754645
8630     1.491013
8631    -0.694387
8632     0.305508
8633     0.825155
8634     0.431957
8635    -0.227908
8636     0.706179
8637    -0.775745
8638     0.089766
8639     1.924959
8640    -0.830097
8641     0.739399
8642     0.997992
8643     2.227786
8644     1.215936
8645     1.333561
8646    -0.768783
8647    -0.177048
8648     0.534522
8649     1.062704
8650    -0.245851
8651    -0.555294
8652     1.691592
8653    -0.474483
8654    -0.506891
8655     0.485123
8656    -0.337651
8657     0.030048
8658    -0.648397
8659    -0.932678
8660    -1.051914
8661     0.232733
8662    -0.825980
8663     0.003030
8664     1.160111
8665    -0.557349
8666     0.269377
8667    -1.037678
8668    -0.700431
8669     0.207857
8670    -1.520291
8671     1.022203
8672    -1.210466
8673    -0.654900
8674    -0.489256
8675     0.345698
8676    -1.042111
8677    -0.028430
8678     0.684660
8679     1.173139
8680    -0.822157
8681     0.644222
8682     0.716787
8683    -0.833435
8684     0.045461
8685    -0.496818
8686    -0.304581
8687    -0.645702
8688    -1.462857
8689     1.343303
8690     0.506319
8691     0.797344
8692     1.059920
8693     0.089862
8694     1.019267
8695     0.268244
8696    -0.590597
8697    -1.589399
8698     1.080325
8699    -1.131746
8700    -1.345354
8701     1.294220
8702    -0.463246
8703     0.525568
8704    -0.201955
8705     1.249009
8706     2.317421
8707     0.305696
8708     0.630890
8709     0.110424
8710     1.593642
8711    -0.414278
8712    -1.901890
8713     0.350468
8714    -0.077200
8715    -1.153166
8716    -0.398970
8717     0.400634
8718    -0.696796
8719    -0.198721
8720     0.341765
8721    -1.224299
8722     0.318467
8723    -0.479656
8724    -1.202095
8725    -0.987336
8726     0.160442
8727    -0.255386
8728    -0.936172
8729     0.314123
8730    -0.996664
8731    -0.030900
8732     0.733603
8733     1.703220
8734     0.092976
8735    -0.693464
8736    -1.140657
8737     0.379398
8738     0.265763
8739     0.130254
8740    -0.506591
8741     0.899528
8742    -0.419366
8743    -0.971341
8744    -0.676703
8745    -0.334241
8746    -0.964900
8747     0.244262
8748    -0.249657
8749     1.285800
8750    -1.349706
8751     1.684069
8752     1.137540
8753    -0.014606
8754     0.790556
8755    -1.397662
8756    -0.987332
8757     1.546251
8758    -0.163661
8759    -0.083830
8760     0.766453
8761    -0.138315
8762     1.201360
8763     1.082599
8764    -0.129751
8765    -0.361689
8766    -1.312771
8767     3.371510
8768    -3.788971
8769     0.756804
8770     0.482322
8771     0.814048
8772     1.270991
8773     0.127508
8774     0.526126
8775     0.898063
8776     0.176036
8777    -0.600164
8778    -0.502446
8779    -0.368129
8780     0.458887
8781    -0.538834
8782     0.174092
8783     0.349275
8784     1.250456
8785    -0.533156
8786    -0.266702
8787    -0.367513
8788     0.034321
8789    -0.165787
8790     0.303880
8791    -0.091788
8792     0.431272
8793    -0.310585
8794    -0.127331
8795     0.442933
8796     0.576858
8797    -0.191763
8798     0.524749
8799    -0.385297
8800    -0.309590
8801     0.331225
8802    -0.383573
8803    -0.022966
8804    -0.332889
8805     1.438361
8806    -0.274941
8807    -0.068218
8808    -0.311037
8809    -1.491528
8810     1.688108
8811    -1.464929
8812     0.829073
8813    -0.252468
8814    -0.375804
8815    -1.553078
8816    -0.659714
8817    -1.535683
8818     0.037475
8819    -0.271377
8820    -0.089541
8821     0.188013
8822     2.067340
8823     0.730131
8824    -0.311053
8825     0.756526
8826    -0.328769
8827     2.887762
8828    -0.952337
8829     1.032435
8830     0.303112
8831    -1.265692
8832     0.651113
8833     0.665922
8834    -1.098811
8835    -0.474597
8836     0.016448
8837     0.984733
8838     0.025937
8839    -0.675604
8840    -0.452524
8841    -0.158690
8842     0.127791
8843    -0.973395
8844     0.635933
8845    -0.832594
8846    -0.890574
8847    -0.045725
8848     0.339697
8849     0.088682
8850    -0.161265
8851    -0.186899
8852     0.178818
8853     0.129590
8854     0.317203
8855    -0.942319
8856    -0.389295
8857    -0.319091
8858    -0.037830
8859    -0.095570
8860    -0.177786
8861     3.761430
8862    -0.018053
8863     0.629742
8864    -0.684487
8865    -0.089029
8866     0.166980
8867    -0.578222
8868    -0.925532
8869    -1.437287
8870     0.089065
8871    -0.564996
8872    -0.078338
8873     2.495979
8874     0.694635
8875    -1.314743
8876    -1.198282
8877    -1.071823
8878    -0.309275
8879    -1.348100
8880     0.423572
8881     0.571773
8882     2.377065
8883    -0.126409
8884    -0.653720
8885    -0.596578
8886     0.405402
8887     2.340601
8888     0.751138
8889     0.703573
8890     0.372609
8891     0.036291
8892    -0.035296
8893     0.675491
8894    -0.306477
8895    -0.072240
8896     0.077018
8897    -0.177927
8898     1.104282
8899     0.445465
8900     0.302554
8901     0.607265
8902     0.720527
8903     0.306868
8904     0.662041
8905     0.248211
8906     0.459831
8907     0.007993
8908    -0.393901
8909    -0.874927
8910    -0.143840
8911    -0.193001
8912    -0.161530
8913    -0.004307
8914     0.905879
8915    -0.100999
8916     0.199181
8917     0.059978
8918     0.101903
8919     0.071103
8920    -0.355152
8921     1.654299
8922     0.404115
8923    -1.629273
8924    -1.903820
8925    -1.484107
8926    -1.567008
8927    -1.307052
8928    -2.880300
8929    -0.617275
8930    -0.115082
8931     0.038605
8932     0.654087
8933     1.673248
8934     1.904943
8935    -2.043607
8936    -1.776601
8937    -1.707361
8938     0.381296
8939    -0.342203
8940     0.345356
8941     0.148407
8942     0.796107
8943    -0.914991
8944     0.183298
8945     0.633314
8946    -0.524350
8947     1.039687
8948    -0.502893
8949     0.059343
8950    -0.173001
8951    -1.093129
8952    -0.170543
8953     0.618997
8954    -0.376372
8955     0.318854
8956     0.590307
8957     0.693374
8958    -0.308038
8959     0.477000
8960     1.081392
8961     2.609949
8962     0.355057
8963    -0.560883
8964     0.470219
8965    -0.362420
8966    -0.738130
8967     1.211877
8968     0.272034
8969     0.146821
8970     0.037215
8971     0.393825
8972     0.680782
8973     0.849778
8974     0.503750
8975    -0.489699
8976     0.698801
8977     0.287473
8978     0.292245
8979     0.453854
8980    -0.565728
8981     2.113271
8982    -3.204171
8983    -1.217706
8984    -1.819679
8985    -0.037830
8986    -1.212779
8987    -1.141271
8988     0.684825
8989     0.255172
8990     0.932988
8991    -0.103481
8992    -0.316990
8993     1.559872
8994    -2.767496
8995    -1.726963
8996    -2.072577
8997    -0.056079
8998     0.450579
8999    -0.135533
9000     0.692266
9001    -0.123634
9002     1.115905
9003    -0.296965
9004    -1.117804
9005     1.088533
9006     0.421355
9007     0.459535
9008     0.152677
9009     0.579080
9010     0.350007
9011    -0.731988
9012     0.608950
9013     0.451782
9014    -0.446419
9015     1.521329
9016     0.011150
9017    -0.071289
9018     1.686715
9019     1.052208
9020     0.685457
9021    -1.353461
9022     0.468472
9023    -0.104754
9024     0.600777
9025     0.715235
9026    -0.228636
9027    -0.736038
9028     0.265227
9029    -0.266833
9030     1.382525
9031    -1.062107
9032     1.411825
9033     0.558569
9034    -0.183118
9035     0.325949
9036     0.807052
9037    -0.984946
9038     1.191058
9039     0.146056
9040    -0.177117
9041    -0.681582
9042     0.388590
9043    -0.388897
9044    -0.669497
9045    -0.198636
9046    -0.313066
9047    -0.211575
9048    -0.548341
9049     0.355128
9050    -0.213503
9051     1.662498
9052     0.359388
9053     0.387911
9054    -0.381417
9055     0.723819
9056    -2.776157
9057    -3.029662
9058    -0.861264
9059     0.042919
9060    -3.818975
9061    -0.645125
9062     1.048099
9063     0.684364
9064    -1.120188
9065     1.796159
9066     0.575140
9067     0.451045
9068     0.549491
9069     0.271115
9070     0.538258
9071    -0.642870
9072     0.374594
9073     0.162912
9074    -0.244512
9075     0.468305
9076     0.545914
9077     0.645619
9078     0.422641
9079     0.114010
9080    -0.315098
9081    -0.440617
9082    -0.330526
9083    -0.164842
9084    -0.333847
9085     0.330996
9086    -1.165059
9087     0.446188
9088    -0.230848
9089     0.057685
9090    -0.047773
9091    -1.065950
9092     2.106124
9093     0.932178
9094    -0.510531
9095     0.778767
9096     0.206297
9097    -1.086599
9098     1.839667
9099     0.426046
9100     0.280084
9101    -0.427614
9102     0.266650
9103     0.540722
9104    -0.725262
9105     0.576012
9106     0.444262
9107    -0.294598
9108     0.321192
9109     0.227332
9110     0.147542
9111    -0.100735
9112     0.629310
9113     0.141234
9114     0.933145
9115     0.453402
9116    -3.897596
9117    -3.555379
9118     0.271519
9119    -1.232935
9120    -2.425513
9121    -1.599991
9122     0.528526
9123     1.113372
9124    -0.942631
9125     1.698292
9126     0.251247
9127    -0.747066
9128     0.909399
9129     0.246227
9130    -0.169491
9131    -0.135543
9132     0.349709
9133     1.175131
9134    -0.638670
9135     0.091489
9136     0.308358
9137     1.144994
9138    -0.233329
9139    -0.465216
9140    -0.971141
9141     0.570804
9142    -0.341796
9143     0.159059
9144    -0.232078
9145    -0.408330
9146    -0.745381
9147     0.640185
9148    -0.476348
9149     0.398169
9150    -0.006382
9151    -1.131101
9152     2.458919
9153    -0.003881
9154    -0.984706
9155     1.075413
9156     0.111716
9157    -0.930264
9158     1.863162
9159     0.047434
9160     1.301924
9161    -1.359115
9162     0.127922
9163     0.955808
9164    -0.789419
9165     0.441288
9166     1.049603
9167    -0.467135
9168     0.093343
9169     0.961768
9170    -0.344974
9171    -0.052937
9172     0.455031
9173     0.059185
9174     0.848210
9175     0.470074
9176    -2.736954
9177    -2.545570
9178     1.519244
9179    -2.106786
9180    -1.858771
9181    -0.894333
9182     1.082752
9183     0.967005
9184    -0.490170
9185     1.030545
9186     0.162373
9187     0.042771
9188     0.985266
9189    -0.060608
9190     0.581654
9191    -0.450493
9192    -0.059520
9193     1.761969
9194    -0.788051
9195    -0.072946
9196     0.728713
9197     1.029697
9198    -0.114045
9199    -0.901769
9200    -2.378508
9201     0.783000
9202     0.251268
9203     0.063327
9204    -0.286563
9205    -0.955564
9206    -2.279436
9207     0.773421
9208     0.359614
9209     0.346337
9210    -0.393782
9211    -1.296620
9212     1.802762
9213     0.539345
9214    -0.172313
9215     0.686564
9216    -0.270165
9217    -0.078909
9218     1.605663
9219    -0.351810
9220     0.305747
9221     0.949617
9222     0.896267
9223     1.510548
9224    -1.775141
9225    -0.138503
9226     1.298540
9227    -1.528656
9228    -0.192766
9229     1.229084
9230    -0.799700
9231     0.047247
9232     0.997155
9233    -0.471254
9234     0.522770
9235    -1.846573
9236     0.497927
9237    -1.826555
9238    -2.430810
9239     0.390782
9240    -0.924168
9241     0.683895
9242    -0.255461
9243     0.460039
9244     0.125145
9245     0.505719
9246     0.390257
9247     0.418336
9248     0.702945
9249     0.312275
9250     0.754466
9251    -0.848392
9252     0.090523
9253     0.598020
9254    -0.206263
9255    -0.061489
9256     0.743932
9257     0.919136
9258     0.298295
9259    -1.192675
9260    -1.919522
9261     0.744850
9262     0.430731
9263     0.330927
9264     0.260419
9265    -1.963401
9266    -0.805908
9267     0.447055
9268     0.672564
9269    -0.238032
9270    -0.179992
9271     0.602132
9272     0.617294
9273     0.344297
9274     0.340972
9275     0.387187
9276     0.142127
9277     0.707633
9278     1.069614
9279     0.082270
9280     1.086999
9281    -0.676686
9282     0.031160
9283     0.557908
9284    -0.580733
9285     0.097755
9286     0.641470
9287    -0.832063
9288     0.104643
9289     0.640092
9290    -0.844200
9291     0.087801
9292     0.673645
9293    -0.269462
9294     0.693445
9295    -2.354950
9296     0.998534
9297    -1.470339
9298    -4.166915
9299     1.945367
9300    -2.875392
9301     1.022020
9302    -1.394373
9303     0.673427
9304     0.007119
9305     0.154956
9306     0.551412
9307     0.218766
9308     0.992707
9309     0.655189
9310     0.560689
9311    -0.706364
9312     0.313342
9313     0.410659
9314     0.536887
9315    -0.078432
9316     1.056161
9317     0.611625
9318     0.371387
9319    -1.739215
9320     0.816507
9321     1.597630
9322     0.259310
9323     0.191606
9324     0.493030
9325    -2.943350
9326    -0.365065
9327    -0.486250
9328     0.433497
9329     0.192566
9330    -0.072758
9331     0.854661
9332     0.040050
9333     0.544112
9334     0.228460
9335     0.372235
9336     0.113969
9337     1.021982
9338     0.446853
9339     0.472774
9340     1.061447
9341    -0.610118
9342     0.331497
9343     0.317794
9344     0.369693
9345     0.246613
9346     0.557271
9347     0.014782
9348    -0.137051
9349     0.587778
9350     0.477338
9351    -0.132398
9352     0.957266
9353     0.238179
9354     0.185475
9355    -1.637681
9356    -1.462518
9357    -2.801382
9358    -3.234634
9359    -0.917545
9360    -2.841586
9361     0.251467
9362     0.023080
9363    -0.460603
9364    -0.495488
9365     0.398994
9366    -0.390539
9367    -0.511015
9368     0.957376
9369     0.021218
9370    -0.936715
9371    -0.243727
9372     0.025721
9373    -1.018119
9374     0.319746
9375    -0.077214
9376    -0.187148
9377     0.651178
9378     0.035766
9379    -0.753966
9380     0.676729
9381     0.159285
9382    -0.968575
9383     0.507031
9384     0.019746
9385     0.849722
9386    -2.399998
9387     0.224571
9388    -1.095879
9389     0.424742
9390    -0.253072
9391     0.298451
9392     0.353389
9393    -0.379477
9394    -1.013510
9395     0.369037
9396    -0.168357
9397     0.110563
9398     0.592752
9399    -0.160952
9400    -0.107547
9401    -0.286114
9402    -0.255260
9403    -0.974469
9404     0.300806
9405    -0.029209
9406    -1.336052
9407     0.726669
9408    -0.290944
9409    -0.860468
9410     0.686418
9411    -0.385215
9412     1.156642
9413    -1.009131
9414     0.269474
9415     4.359757
9416    -2.444661
9417     0.520324
9418     3.232350
9419    -0.604315
9420     1.574735
9421    -0.676207
9422    -0.102824
9423    -1.019715
9424    -0.428818
9425    -0.137342
9426    -0.724061
9427    -0.270432
9428     0.197470
9429    -0.625112
9430    -0.396037
9431    -0.289083
9432    -0.785391
9433    -0.266910
9434    -0.090613
9435    -0.692685
9436    -0.223293
9437     0.083573
9438    -0.683457
9439     0.834824
9440     0.072279
9441     1.231616
9442    -0.340936
9443    -0.054521
9444    -0.628475
9445     1.638775
9446    -0.137941
9447     3.149872
9448    -0.332201
9449    -0.070444
9450    -0.736726
9451    -0.414624
9452    -0.126424
9453    -0.669411
9454    -0.268810
9455    -0.080806
9456    -0.679882
9457    -0.363801
9458     0.049897
9459    -0.722638
9460    -0.594699
9461    -0.169883
9462    -1.172895
9463    -0.241915
9464    -0.099944
9465    -0.699298
9466    -0.114464
9467     0.036163
9468    -0.553401
9469    -0.341046
9470     0.046883
9471    -0.802191
9472    -0.742820
9473    -0.206055
9474    -0.768694
9475     1.937866
9476     0.354681
9477     3.634699
9478     1.605549
9479     0.724931
9480     3.947845
9481     0.200541
9482    -0.594319
9483    -0.518791
9484    -0.666618
9485     0.463199
9486    -0.797413
9487     0.222129
9488    -0.169195
9489    -0.236130
9490    -0.398714
9491    -0.393607
9492    -0.704237
9493    -0.575444
9494     0.289139
9495    -0.872907
9496    -0.300640
9497     0.515021
9498    -0.653420
9499     0.296841
9500    -0.040616
9501     0.999068
9502    -0.541764
9503     0.263785
9504    -0.632087
9505     1.851615
9506    -1.684866
9507     3.985743
9508    -0.288269
9509     0.161116
9510    -0.597951
9511    -0.714738
9512     0.625043
9513    -0.775008
9514    -0.555097
9515     0.280518
9516    -0.816426
9517    -0.526561
9518     0.561366
9519    -0.702649
9520     0.195121
9521    -0.241407
9522    -0.782509
9523    -0.124982
9524     0.017753
9525    -0.512291
9526    -0.559277
9527     0.411510
9528    -0.817407
9529    -0.440164
9530     0.541198
9531    -0.850055
9532    -0.742879
9533     0.404574
9534    -0.613751
9535     1.958893
9536    -0.477063
9537     2.948279
9538     1.710007
9539    -0.933149
9540     2.949939
9541     0.028475
9542    -1.375808
9543     0.145496
9544     0.254733
9545     0.466377
9546    -0.818891
9547     0.258378
9548    -0.365159
9549     0.582031
9550     0.153520
9551    -0.382418
9552     0.490072
9553     0.553186
9554     0.553469
9555    -0.327123
9556     0.467271
9557     0.809981
9558    -0.455653
9559     0.244555
9560    -1.822283
9561     1.864394
9562     0.225077
9563     0.231969
9564    -0.131891
9565    -3.186603
9566    -1.943816
9567     4.338137
9568    -0.001476
9569    -0.205615
9570    -0.464092
9571     0.148667
9572     0.552351
9573    -1.140157
9574     0.615852
9575     0.653360
9576    -0.136648
9577     0.564287
9578     0.935546
9579    -0.534816
9580     0.445652
9581    -0.419430
9582    -0.388871
9583     0.175924
9584    -0.453752
9585    -0.298437
9586     0.453918
9587     0.747721
9588    -0.556688
9589     0.549632
9590     1.021470
9591    -0.712800
9592     0.567025
9593     0.395534
9594    -0.108192
9595    -1.690689
9596     0.760004
9597    -1.490025
9598    -0.827382
9599    -0.159500
9600     0.144153
9601     0.158676
9602    -0.823976
9603     0.367286
9604    -0.151164
9605    -0.278537
9606     0.528201
9607     0.132413
9608    -0.286203
9609     0.233704
9610    -0.270538
9611    -1.126653
9612    -0.347409
9613     0.117671
9614    -0.641744
9615     0.776799
9616     0.030942
9617    -0.322686
9618     0.422654
9619     0.377576
9620    -0.723655
9621     0.953115
9622    -0.309474
9623    -0.914479
9624     0.507523
9625    -0.619956
9626     1.703561
9627    -2.721513
9628    -0.118011
9629    -0.478132
9630     0.703243
9631     0.036847
9632    -0.162264
9633     0.430056
9634     0.213054
9635    -0.363816
9636     0.752732
9637     0.136577
9638    -0.274336
9639    -0.095568
9640     0.472225
9641    -0.099384
9642     0.541985
9643     0.323438
9644    -0.203909
9645     1.095159
9646    -0.060836
9647    -0.267940
9648     0.043036
9649     0.102417
9650    -0.046879
9651     0.100213
9652     0.210301
9653    -0.752708
9654     1.088087
9655    -0.627068
9656     3.779847
9657    -3.759195
9658    -0.155090
9659     2.283894
9660    -1.620110
9661    -0.129297
9662    -0.180021
9663     0.920707
9664    -0.667491
9665     0.395815
9666    -0.065801
9667    -0.211494
9668     0.058393
9669     0.306272
9670    -0.780266
9671    -0.014919
9672     0.297285
9673    -0.550055
9674    -0.454267
9675    -0.529951
9676    -0.735490
9677     0.566717
9678    -0.694698
9679    -0.696889
9680    -0.452867
9681    -0.945692
9682    -1.387226
9683    -0.270384
9684    -0.203463
9685     1.736190
9686    -1.652281
9687     0.738215
9688    -0.751793
9689     0.148533
9690     0.462970
9691    -0.501118
9692     0.359195
9693     0.489579
9694    -0.470406
9695     0.331394
9696    -0.572020
9697     0.082688
9698    -0.268840
9699     0.096998
9700     0.046574
9701    -0.058450
9702    -1.838763
9703     0.088582
9704    -0.227504
9705     0.774574
9706     0.869403
9707    -1.262346
9708     1.599846
9709     0.187728
9710     1.235984
9711     0.466304
9712    -0.043895
9713    -1.060480
9714     0.997748
9715     2.912002
9716     2.253505
9717    -0.824368
9718     1.002253
9719     0.552824
9720    -1.475741
9721    -0.759267
9722    -0.812655
9723     0.964291
9724    -0.607824
9725    -0.140683
9726    -0.351018
9727    -0.289452
9728    -0.345806
9729    -0.194692
9730    -1.550852
9731    -0.222453
9732     1.169814
9733    -0.368729
9734     0.067889
9735    -0.661587
9736    -0.662739
9737     0.038153
9738    -0.966144
9739    -1.693411
9740    -0.856148
9741     0.678543
9742    -1.272933
9743    -0.539668
9744    -0.160661
9745     3.041946
9746     0.951469
9747    -0.115293
9748    -0.914789
9749    -0.657161
9750    -0.058356
9751    -0.394613
9752    -0.238697
9753    -0.151535
9754    -0.334155
9755     0.355889
9756    -0.751135
9757    -0.148194
9758    -0.468028
9759     0.033606
9760    -0.500256
9761     0.713147
9762    -0.169733
9763     0.255120
9764     0.004088
9765     0.196874
9766     3.344097
9767     0.814017
9768    -0.637053
9769    -0.271044
9770    -0.281258
9771    -0.247988
9772     0.149471
9773    -0.441392
9774     0.412088
9775     2.300096
9776     1.212260
9777     0.454542
9778     0.677528
9779     0.847037
9780     0.555439
9781    -0.021010
9782    -0.903872
9783     2.360388
9784    -0.090143
9785    -0.204760
9786     0.052097
9787    -0.004964
9788    -0.406723
9789    -0.076264
9790    -1.302325
9791    -0.208758
9792     2.000479
9793     0.202752
9794     0.255227
9795    -0.131282
9796     0.013564
9797     0.689638
9798    -0.305563
9799    -0.225239
9800    -0.403934
9801     2.887540
9802     0.040415
9803     0.985914
9804     0.775933
9805     0.798124
9806    -0.370463
9807    -1.631816
9808     0.183244
9809     0.319525
9810     0.725207
9811    -0.451954
9812    -0.722629
9813    -0.362326
9814     0.053246
9815     0.025158
9816    -0.397970
9817    -0.132278
9818     0.044097
9819    -0.380795
9820    -0.130233
9821     0.241977
9822    -0.184096
9823     0.503350
9824     0.446781
9825     0.377722
9826     0.937598
9827    -0.328563
9828    -3.864396
9829     0.247612
9830     0.128917
9831     0.120472
9832     0.181044
9833    -0.999997
9834     0.288261
9835     0.243975
9836     0.139724
9837    -1.536445
9838    -1.046777
9839     1.272743
9840    -0.717146
9841     0.765212
9842     0.124548
9843     0.874571
9844     0.059864
9845     0.906155
9846    -0.064452
9847    -0.336695
9848    -1.081861
9849     0.659324
9850    -0.615205
9851    -0.630839
9852    -0.980243
9853    -0.007726
9854    -0.435266
9855     0.466376
9856    -0.332400
9857    -0.870262
9858     0.418464
9859     0.838785
9860     0.395207
9861     1.035447
9862     0.279871
9863     0.467651
9864     0.974565
9865    -0.037635
9866    -0.244317
9867    -0.162056
9868     0.360955
9869     0.543657
9870     0.858203
9871    -0.388904
9872     0.597712
9873     0.098690
9874     0.071817
9875     0.696476
9876    -0.126699
9877    -0.577025
9878    -1.424042
9879     0.566885
9880    -0.718465
9881    -0.756560
9882     1.124091
9883     0.678035
9884     0.261175
9885     0.194875
9886    -0.167163
9887    -0.696385
9888    -0.697811
9889     0.145184
9890     0.153059
9891     0.630385
9892     0.318337
9893     0.482495
9894     0.554283
9895     0.846397
9896     1.479001
9897    -4.055508
9898    -1.183237
9899     0.032395
9900    -2.369390
9901     0.478642
9902     0.446938
9903    -0.441585
9904    -0.785164
9905    -0.627150
9906    -0.639191
9907     0.776402
9908     0.783994
9909     0.478008
9910     0.946368
9911     1.023755
9912     1.900447
9913     0.001849
9914    -0.234152
9915     0.033150
9916    -0.531989
9917     0.624739
9918    -0.485561
9919    -0.608154
9920    -0.474735
9921    -0.607884
9922     0.062529
9923     1.112448
9924    -0.415092
9925    -0.024751
9926    -0.084617
9927    -0.739506
9928    -0.451865
9929    -0.580285
9930     0.429816
9931    -0.708439
9932     0.224638
9933    -0.100229
9934     0.143264
9935     0.261748
9936     0.226861
9937     0.062321
9938     0.152950
9939    -0.039794
9940    -2.763928
9941    -1.259136
9942    -1.758463
9943     0.682788
9944    -0.672701
9945     0.658351
9946     0.292172
9947    -0.495731
9948    -0.432205
9949     0.913972
9950     0.810904
9951     0.940383
9952     0.526048
9953    -0.224897
9954     1.094851
9955     0.395173
9956    -1.514359
9957    -1.711447
9958     0.592758
9959     0.725646
9960     1.609089
9961     0.195908
9962     0.526317
9963     0.524518
9964    -0.483469
9965     0.645376
9966     0.552328
9967     0.091006
9968     0.590521
9969     2.093121
9970     1.082824
9971    -0.792634
9972    -2.999269
9973    -0.060924
9974    -0.422760
9975     0.380954
9976    -0.709879
9977    -0.668059
9978    -0.414513
9979     0.208370
9980     1.276906
9981    -0.954935
9982     0.136578
9983    -1.824365
9984    -1.644436
9985     0.114563
9986     0.723091
9987     0.028177
9988    -0.244414
9989    -0.680772
9990     0.411947
9991    -0.476590
9992     0.909198
9993     0.535930
9994     0.069558
9995     0.835505
9996     0.744015
9997     0.043515
9998     0.360604
9999     0.241713
10000    -2.248526
10001    -3.441322
10002    -0.169174
10003     0.363574
10004    -0.603022
10005     0.170465
10006     0.050636
10007    -0.941827
10008     0.440536
10009     0.379085
10010    -0.330204
10011     0.826258
10012     0.734764
10013     0.808387
10014    -0.739105
10015     0.429713
10016     1.686203
10017     0.188502
10018     0.323707
10019     1.342858
10020    -0.217032
10021     0.097943
10022     0.655670
10023    -0.077893
10024     0.517119
10025     1.300958
10026    -0.568624
10027     1.499364
10028     1.359253
10029     0.278269
10030    -0.865904
10031    -1.351239
10032    -0.551513
10033    -1.474324
10034    -1.031203
10035     0.651407
10036     1.347029
10037     0.309961
10038     0.014047
10039     0.688371
10040     0.983334
10041    -0.211887
10042    -0.831335
10043    -1.400258
10044    -0.703847
10045     1.025573
10046     1.037455
10047    -0.489605
10048    -0.103160
10049    -1.094905
10050     0.791428
10051     0.442927
10052     1.006358
10053     0.347590
10054     1.477460
10055     1.089656
10056     0.303402
10057     1.047858
10058     0.494229
10059     0.224477
10060    -2.643826
10061    -2.742535
10062    -0.359789
10063    -1.421292
10064    -1.060540
10065    -0.151757
10066    -1.249979
10067    -0.956259
10068    -0.231976
10069    -0.603623
10070    -0.442407
10071     0.162276
10072    -0.715676
10073    -0.748626
10074     0.736631
10075     2.008768
10076     1.613090
10077     0.263411
10078    -0.243293
10079     0.978009
10080    -0.426047
10081    -0.257712
10082     0.985090
10083    -1.367059
10084    -0.225357
10085    -1.801520
10086     0.101213
10087     0.256908
10088    -0.398547
10089     0.196015
10090    -0.688884
10091    -1.230423
10092     0.556058
10093    -1.477259
10094    -1.369784
10095    -0.781056
10096     0.578093
10097     0.195642
10098     0.431924
10099    -0.093725
10100    -1.412789
10101     0.097186
10102    -0.440806
10103    -0.385242
10104     0.036953
10105     0.571080
10106     0.233362
10107     0.671409
10108     1.289381
10109     2.322761
10110     0.094701
10111     0.492473
10112     2.058391
10113     0.331349
10114     1.111214
10115     1.905240
10116     0.228576
10117     0.530333
10118     1.187341
10119    -0.908706
10120     0.606293
10121     1.772307
10122     0.875196
10123    -1.321974
10124    -1.646208
10125    -0.621625
10126    -1.248606
10127    -2.008764
10128    -0.940451
10129    -0.410548
10130     0.543120
10131    -0.577125
10132    -0.009382
10133     1.532988
10134    -0.405636
10135     0.887021
10136    -0.475016
10137     0.776376
10138    -0.148545
10139    -2.007948
10140     1.204700
10141    -1.446272
10142     0.768350
10143    -1.952885
10144    -0.875250
10145    -0.675737
10146    -0.446077
10147     1.078366
10148     0.122337
10149    -0.299283
10150    -0.709867
10151    -0.346728
10152    -0.172969
10153     0.096762
10154    -0.858621
10155     0.387481
10156     0.493460
10157     0.257488
10158     0.724022
10159    -2.448748
10160    -1.229124
10161    -1.162310
10162    -0.062627
10163     0.169241
10164    -0.697735
10165     0.080017
10166     0.418420
10167     0.451163
10168     1.868186
10169     0.641778
10170     1.574142
10171    -0.299547
10172     1.079139
10173     1.062782
10174     0.470874
10175    -0.175330
10176     2.340302
10177     0.747483
10178     0.719927
10179     0.057108
10180     3.366448
10181     0.161878
10182     0.699255
10183    -0.877708
10184    -0.578915
10185    -0.939987
10186    -0.796325
10187    -0.962792
10188    -0.404766
10189    -1.441207
10190     0.478293
10191    -1.995398
10192     1.170285
10193     0.853212
10194     0.409963
10195     0.230449
10196    -0.126900
10197     0.770869
10198    -0.644778
10199    -0.715916
10200    -0.405678
10201    -0.971303
10202     0.182746
10203    -0.701422
10204    -1.152670
10205    -1.299280
10206    -0.610847
10207     1.826039
10208     0.810394
10209     1.026289
10210    -0.137598
10211    -0.375137
10212     0.907797
10213    -0.340905
10214    -0.248953
10215     0.004334
10216    -0.317082
10217     0.450580
10218    -0.557799
10219    -1.927533
10220    -2.355888
10221    -0.618550
10222     0.096902
10223     0.079149
10224     0.227784
10225    -0.383417
10226    -0.431069
10227     0.086662
10228     0.931482
10229     1.229538
10230    -0.354749
10231    -0.728458
10232    -0.236970
10233     0.329968
10234    -0.288082
10235     0.027765
10236    -0.081092
10237     0.117759
10238     0.647388
10239    -0.232134
10240     2.836803
10241     1.991459
10242    -0.134674
10243    -0.695445
10244    -0.673508
10245    -0.094536
10246    -0.644610
10247     0.132434
10248    -0.075217
10249    -1.335130
10250    -1.117631
10251    -1.613727
10252     0.620867
10253     0.908612
10254     0.410758
10255     3.106006
10256     1.378647
10257     1.939687
10258    -0.613627
10259    -1.100276
10260     0.141467
10261    -1.575415
10262    -0.362335
10263    -0.474470
10264    -0.924936
10265    -1.917020
10266    -0.773460
10267     2.993771
10268     1.959166
10269     0.684258
10270     0.531802
10271    -0.142157
10272     1.006612
10273     0.012061
10274     0.905356
10275     0.505824
10276    -0.888272
10277    -0.615986
10278    -0.781125
10279    -1.096882
10280    -1.680544
10281    -0.202132
10282     0.350763
10283    -0.206129
10284     0.375510
10285    -0.260815
10286    -0.843881
10287     0.168046
10288    -1.043077
10289     0.359563
10290    -0.686772
10291    -0.550918
10292     0.150879
10293     0.753645
10294    -1.650523
10295    -1.136912
10296    -0.773805
10297    -0.744538
10298    -0.405275
10299    -0.496870
10300     1.092085
10301     0.830249
10302    -0.393304
10303     0.076059
10304     0.675853
10305     0.284041
10306     0.215872
10307     0.137158
10308    -0.011155
10309    -0.633282
10310     1.034543
10311    -1.036661
10312    -0.188610
10313     0.324244
10314     0.524982
10315     4.084352
10316     0.932741
10317     0.844566
10318     0.200502
10319     0.000486
10320     0.482270
10321    -1.533556
10322    -1.033049
10323     0.123444
10324    -0.625959
10325    -0.164789
10326    -0.072473
10327     2.483339
10328     1.423354
10329    -1.120610
10330     0.742582
10331     0.591600
10332    -0.257816
10333    -0.019291
10334    -0.003750
10335     0.240115
10336    -0.488613
10337     0.067450
10338     0.610104
10339    -0.907514
10340     0.458065
10341     0.031727
10342     0.890538
10343     0.407872
10344    -0.327604
10345     0.303765
10346     0.613784
10347     0.221021
10348    -1.448168
10349    -0.917876
10350     0.190123
10351    -0.213572
10352    -0.053761
10353     0.578416
10354    -2.024723
10355    -2.426824
10356     0.448871
10357    -0.154702
10358     0.298772
10359    -0.203381
10360     0.656696
10361    -0.408509
10362     1.435773
10363     0.291231
10364     0.363769
10365    -0.341393
10366     0.776916
10367     0.241377
10368    -0.234435
10369    -2.308856
10370    -1.041392
10371    -0.291866
10372    -0.550768
10373    -1.063934
10374     0.847911
10375     3.464395
10376     1.948469
10377    -1.546901
10378     0.666259
10379     0.699370
10380    -0.331024
10381    -0.762794
10382    -0.788940
10383    -0.505462
10384    -0.217087
10385    -0.463541
10386     1.005878
10387     1.351044
10388     1.447509
10389     0.789777
10390    -0.302611
10391     0.144680
10392     0.389361
10393    -0.275421
10394    -0.180782
10395    -0.392236
10396     0.072086
10397     0.039944
10398     0.564295
10399     0.104845
10400     0.572964
10401     0.610772
10402     0.366081
10403    -0.071915
10404     0.571319
10405     0.876428
10406     0.428184
10407     0.735270
10408    -1.714054
10409    -0.722201
10410    -1.260469
10411    -0.216657
10412     0.063915
10413    -0.422881
10414    -1.823662
10415    -1.377960
10416    -1.783141
10417    -0.309081
10418    -0.031145
10419    -0.184702
10420    -0.481542
10421    -0.351680
10422     0.304657
10423    -0.043647
10424     0.027348
10425    -0.321679
10426    -0.513547
10427    -0.249879
10428    -0.109076
10429    -0.763701
10430    -0.364043
10431     0.303146
10432    -1.258611
10433    -0.910209
10434    -0.570786
10435     4.896384
10436     2.166483
10437    -1.209109
10438     1.015546
10439     0.621269
10440     1.485064
10441    -0.175210
10442     0.024200
10443    -0.329160
10444    -0.270183
10445    -0.409952
10446    -0.112979
10447     1.233651
10448    -0.270860
10449     1.187088
10450    -0.407624
10451    -0.094405
10452    -0.122144
10453     0.577926
10454    -0.272552
10455     0.666711
10456     0.630208
10457    -0.194442
10458    -0.073521
10459     0.343060
10460     1.208572
10461    -0.870430
10462     0.820058
10463     0.549679
10464    -1.924526
10465     2.501397
10466     0.660077
10467    -0.372394
10468    -3.140778
10469    -1.105841
10470    -0.069826
10471     0.610598
10472     0.123083
10473     0.240859
10474    -3.435699
10475    -1.498794
10476     0.172130
10477     0.281721
10478    -0.040025
10479    -0.007225
10480    -0.097451
10481     0.238397
10482    -0.726309
10483     0.973986
10484    -0.144126
10485    -0.009278
10486     0.196677
10487     0.395029
10488     0.042938
10489    -1.060941
10490     0.699709
10491    -0.635599
10492    -1.639127
10493    -1.011033
10494     0.316097
10495     0.101362
10496     0.301511
10497     2.121563
10498     1.956370
10499     0.841773
10500     0.506004
10501     0.102181
10502    -0.257788
10503    -0.834377
10504     0.214267
10505    -1.171573
10506    -0.807135
10507     0.160303
10508    -0.576169
10509     1.450001
10510     0.088896
10511     0.521067
10512    -1.571573
10513     1.052473
10514    -0.465220
10515     0.107335
10516     0.516011
10517    -0.456765
10518    -1.628024
10519     0.353399
10520     1.961835
10521     0.102940
10522     0.409329
10523    -0.074566
10524    -0.243423
10525     1.664297
10526     0.496310
10527     0.864443
10528    -1.616331
10529    -1.659176
10530     0.992298
10531    -1.337113
10532     0.017887
10533     0.152252
10534    -0.479409
10535    -1.027894
10536    -0.348353
10537    -1.208187
10538    -0.595660
10539    -0.041200
10540     0.795149
10541    -0.214892
10542     0.586677
10543     0.540749
10544    -0.156017
10545    -1.384075
10546    -0.603351
10547     0.465106
10548     0.209577
10549    -0.673980
10550     0.828895
10551     0.885131
10552     0.568070
10553    -1.107684
10554    -0.422138
10555    -0.998133
10556     1.367144
10557     2.191789
10558     0.451380
10559     2.105161
10560    -0.262145
10561     0.654324
10562    -0.303902
10563     0.281135
10564     0.981651
10565     0.361476
10566     0.307353
10567    -1.027766
10568    -1.143967
10569    -0.492293
10570     1.025715
10571     0.382111
10572     1.625855
10573     1.265705
10574     0.163403
10575     0.378681
10576     1.049466
10577    -0.444936
10578     0.222683
10579     0.381156
10580     1.050785
10581    -0.036401
10582     0.782397
10583     0.706423
10584    -0.143210
10585     1.325786
10586     0.213326
10587     0.090241
10588    -1.872947
10589    -0.366847
10590    -0.301172
10591    -1.849585
10592    -0.312344
10593    -1.638411
10594    -0.806877
10595    -1.022825
10596    -0.260659
10597    -2.219661
10598    -1.291214
10599    -1.883564
10600     1.470143
10601     0.035088
10602     1.410947
10603     1.297015
10604    -0.029927
10605     0.742619
10606    -1.199152
10607    -0.321524
10608    -0.464436
10609    -1.139988
10610     0.158286
10611     0.147068
10612     1.273279
10613     0.267480
10614     0.680519
10615    -1.728338
10616     0.927449
10617    -0.583678
10618     0.337675
10619     0.971660
10620    -0.083276
10621     0.255040
10622    -0.140545
10623    -0.799588
10624     0.117087
10625     0.146626
10626    -0.493266
10627     0.141853
10628    -0.297850
10629    -0.837129
10630     0.205545
10631     1.772278
10632    -0.964827
10633     0.548886
10634    -0.330921
10635    -0.065904
10636     0.600364
10637    -0.967217
10638     0.179319
10639     0.030006
10640     0.906283
10641     0.252092
10642     0.336097
10643    -0.074883
10644     0.439119
10645    -0.270852
10646    -0.719943
10647    -0.662848
10648    -0.156758
10649     0.264285
10650     1.400900
10651     0.067728
10652    -0.750204
10653     1.565412
10654     0.386872
10655     0.068132
10656    -0.668671
10657     0.078543
10658    -0.645655
10659    -0.082920
10660     0.656425
10661     1.178418
10662    -1.493111
10663     0.729592
10664    -0.261155
10665    -0.164895
10666    -0.153817
10667    -0.543497
10668     0.964395
10669     0.321569
10670     0.399151
10671     1.904045
10672     0.464724
10673     0.086444
10674    -0.240307
10675    -4.205408
10676     0.033965
10677    -1.556988
10678    -0.153496
10679    -0.123713
10680     1.325174
10681     0.271006
10682    -0.877254
10683     1.767271
10684     0.027907
10685    -0.530916
10686     0.471008
10687     0.341362
10688    -0.124891
10689    -0.158619
10690     0.044907
10691    -0.630172
10692     2.192801
10693     0.392921
10694     0.152570
10695    -0.402760
10696     0.360538
10697     0.589419
10698    -0.681249
10699    -0.046785
10700    -0.792803
10701     2.086996
10702     0.276584
10703     0.377933
10704     0.431968
10705    -0.092657
10706     1.103357
10707    -0.697651
10708    -0.154749
10709     0.464458
10710    -0.286546
10711     0.161560
10712     0.848204
10713     0.123389
10714     0.407572
10715    -0.458954
10716    -0.092333
10717     0.212986
10718    -0.138010
10719     0.300122
10720     0.484695
10721    -0.174188
10722     0.076682
10723     0.434762
10724     1.269023
10725    -0.917104
10726     0.032689
10727     0.247437
10728    -0.344672
10729     0.237970
10730     0.557939
10731    -0.374077
10732     0.358876
10733    -0.151118
10734    -0.170706
10735    -3.574013
10736    -2.933442
10737    -2.929866
10738    -0.178130
10739     1.201408
10740    -0.394653
10741     0.445800
10742    -0.040965
10743     1.381428
10744     0.534999
10745     0.021666
10746     0.676023
10747     0.470267
10748    -0.149987
10749    -0.337452
10750    -0.414311
10751     0.306830
10752     1.737737
10753     0.654093
10754     0.725682
10755    -0.839319
10756    -0.281271
10757    -1.737919
10758    -0.161060
10759    -1.083051
10760    -0.329217
10761     1.278533
10762     0.067249
10763     0.250816
10764     0.576878
10765    -0.564404
10766    -1.190716
10767    -0.053988
10768    -0.386357
10769     0.706201
10770    -0.560120
10771    -1.350739
10772    -1.306162
10773     0.342819
10774     1.095440
10775     0.761923
10776    -0.332237
10777     0.192705
10778    -0.163230
10779     0.388638
10780     1.053757
10781     0.349829
10782     0.210796
10783    -0.053283
10784    -1.757542
10785     0.268375
10786     0.496869
10787     1.175495
10788    -0.870567
10789     0.989788
10790     1.297544
10791    -0.537733
10792     0.405067
10793     0.146722
10794    -0.338568
10795    -1.014177
10796     1.232151
10797    -2.288963
10798    -1.258440
10799    -0.299122
10800    -0.541219
10801     0.574871
10802     0.065883
10803    -0.060444
10804     0.611294
10805     0.209170
10806    -0.124425
10807     0.564013
10808    -0.658477
10809     0.525735
10810    -0.391519
10811     0.042326
10812     0.250751
10813     0.752588
10814     0.539908
10815     0.051401
10816    -0.457316
10817     1.113166
10818    -0.899918
10819    -1.331611
10820     0.619428
10821    -0.267097
10822     0.133311
10823    -0.397089
10824     0.349874
10825    -0.608053
10826    -0.216606
10827     0.275577
10828    -0.609620
10829    -0.244425
10830    -0.863082
10831    -1.373011
10832    -1.103336
10833     0.255776
10834     1.237353
10835    -0.386045
10836    -0.353700
10837     0.299540
10838    -0.233459
10839    -0.373718
10840     0.525294
10841    -1.375718
10842     0.165247
10843     0.134695
10844     1.740873
10845     0.782025
10846     0.699942
10847    -0.704954
10848     0.467355
10849     1.066207
10850    -0.608246
10851    -0.193765
10852     0.626347
10853    -0.730460
10854    -0.606166
10855    -1.261040
10856     0.892914
10857     0.365532
10858    -1.193286
10859     1.435147
10860     0.253042
10861     1.424580
10862    -0.415457
10863    -0.139063
10864    -0.067463
10865     0.891581
10866     0.147416
10867     1.259386
10868     0.060631
10869     1.061446
10870     0.155739
10871     0.025194
10872     0.527347
10873    -0.100005
10874     0.309131
10875    -0.393914
10876    -0.582011
10877     1.565976
10878    -0.528502
10879    -1.245929
10880    -1.342502
10881    -0.968135
10882    -0.076240
10883    -0.633092
10884    -0.206490
10885    -0.268990
10886    -0.518028
10887     0.298219
10888    -0.883775
10889     0.307454
10890    -0.771917
10891    -1.262309
10892    -0.224251
10893     0.183166
10894     0.076225
10895    -0.815009
10896    -0.847727
10897     0.406677
10898     0.287741
10899    -0.005312
10900     1.162486
10901     0.820283
10902     1.285211
10903    -0.481398
10904    -0.534265
10905    -0.445565
10906    -0.314925
10907    -0.156609
10908     0.309254
10909     0.998355
10910     0.889185
10911     0.382695
10912     1.322255
10913     0.203758
10914    -0.061543
10915    -0.226901
10916     0.462973
10917     0.821982
10918    -1.295757
10919    -1.184695
10920    -0.648568
10921     1.257833
10922    -1.131594
10923    -0.709329
10924    -0.388189
10925     0.903423
10926    -0.124151
10927     0.651050
10928     0.963673
10929    -0.182078
10930     0.484222
10931     0.105519
10932     0.676794
10933     0.518059
10934     0.940553
10935     0.744142
10936    -0.243295
10937    -0.256904
10938     0.729707
10939    -1.115929
10940    -1.027123
10941    -1.011824
10942     0.161920
10943    -0.109921
10944    -0.439843
10945    -0.819331
10946    -1.933577
10947    -0.503345
10948     0.014809
10949     0.977865
10950     0.489998
10951    -1.130936
10952    -0.761120
10953     0.310478
10954     0.481623
10955     1.239410
10956    -0.129221
10957     0.434996
10958     1.814354
10959     0.259331
10960    -0.754073
10961    -1.094292
10962    -1.219271
10963    -0.365538
10964     0.138210
10965    -0.130065
10966    -0.256799
10967     1.104203
10968     0.388927
10969     0.720702
10970    -0.044735
10971     0.299617
10972     1.031509
10973     0.225023
10974    -1.161169
10975    -0.599207
10976    -1.869287
10977     0.713605
10978    -0.083424
10979    -0.183680
10980     0.997696
10981     0.998320
10982    -0.358037
10983    -0.268454
10984     0.474539
10985     0.059839
10986    -0.079050
10987     0.021344
10988     0.205923
10989    -0.326082
10990    -1.710682
10991    -0.548430
10992    -0.169896
10993     0.189534
10994    -0.175187
10995    -0.296664
10996     2.254967
10997    -0.544744
10998     1.112838
10999    -1.724137
11000     0.681693
11001     0.028555
11002    -1.070639
11003     0.460174
11004    -0.445031
11005    -1.244143
11006     0.132258
11007     0.109960
11008     0.178648
11009    -0.159260
11010    -0.372766
11011     2.511858
11012    -0.952154
11013     1.022263
11014    -0.167788
11015     0.375362
11016    -0.452041
11017     0.959047
11018    -0.730187
11019    -0.672994
11020     0.889447
11021    -0.226995
11022     0.024376
11023     0.143683
11024     0.544855
11025     0.057538
11026    -0.182014
11027     0.583721
11028    -0.035849
11029     0.798051
11030    -0.997397
11031    -0.424294
11032    -3.341340
11033     3.035137
11034     0.424475
11035     1.396537
11036    -0.997263
11037     0.786319
11038    -1.375232
11039    -0.389306
11040    -0.023202
11041    -0.232832
11042     1.625740
11043    -1.294079
11044    -0.664635
11045     0.383409
11046    -1.027314
11047    -0.189843
11048     1.697667
11049    -1.157514
11050     0.126625
11051     0.496912
11052    -0.240310
11053     0.706018
11054    -1.541361
11055     1.286309
11056    -1.035397
11057     1.659601
11058    -1.079766
11059    -0.027998
11060     0.501748
11061    -0.134740
11062     0.518403
11063    -1.727387
11064     1.613026
11065     0.028142
11066     0.201494
11067    -0.150214
11068     0.684617
11069    -1.415730
11070     1.088733
11071    -0.967593
11072     1.927613
11073    -1.131448
11074     0.527594
11075    -1.345191
11076     1.139108
11077     0.514914
11078    -1.976190
11079     0.704154
11080    -0.431120
11081     1.626187
11082    -1.212146
11083     0.305341
11084    -1.349380
11085     0.988518
11086     0.524489
11087    -1.222466
11088     1.118712
11089     0.439969
11090    -1.985106
11091     0.632427
11092    -0.202483
11093     1.251274
11094     0.061525
11095    -0.814763
11096     0.588712
11097    -0.898277
11098     0.190554
11099     0.602453
11100    -0.306705
11101    -1.153380
11102    -1.173560
11103     1.465416
11104     0.559231
11105    -0.854037
11106     1.085146
11107    -0.904620
11108    -1.143689
11109     1.826059
11110    -0.523225
11111     1.667123
11112    -1.469808
11113     1.082224
11114    -0.519088
11115     0.449437
11116    -0.263642
11117     1.016813
11118    -1.017510
11119    -0.723688
11120     1.412148
11121    -1.341323
11122     1.240017
11123    -0.294304
11124     0.743868
11125    -0.804208
11126     1.688227
11127    -1.415412
11128     1.345025
11129    -0.555285
11130     0.521604
11131    -0.089616
11132     1.140654
11133    -0.986747
11134     1.471225
11135    -0.458165
11136     0.859649
11137     0.300119
11138    -0.076631
11139    -0.639573
11140    -0.750514
11141    -1.014516
11142     1.217257
11143     0.945187
11144    -0.462014
11145     0.388077
11146     0.995073
11147    -0.363359
11148     0.366558
11149    -1.452309
11150    -1.053819
11151    -0.889770
11152    -0.695716
11153    -1.279840
11154     1.578941
11155    -0.156884
11156     1.420950
11157    -1.366529
11158    -0.420298
11159     0.902394
11160    -1.375339
11161    -1.526229
11162    -0.953654
11163    -0.500024
11164     0.404289
11165    -1.351026
11166     0.503476
11167    -0.716449
11168    -1.044971
11169    -0.015847
11170    -0.082279
11171     1.917563
11172     0.428520
11173     0.512722
11174    -0.344717
11175    -0.596929
11176    -1.674033
11177     1.767603
11178     0.830088
11179     0.790294
11180     1.166872
11181    -1.753783
11182     0.089311
11183     1.007675
11184    -0.486010
11185     0.903139
11186     1.847492
11187     0.021547
11188     0.534118
11189    -0.675670
11190     0.964046
11191     0.437463
11192     1.224251
11193    -1.282429
11194     0.646215
11195    -0.522073
11196     1.652623
11197    -0.108244
11198    -0.784941
11199     0.385868
11200    -0.661455
11201    -1.728726
11202    -0.025834
11203     0.206085
11204    -0.127914
11205    -0.787163
11206     0.295829
11207     0.018320
11208    -0.819476
11209     0.734728
11210    -2.798643
11211    -0.718475
11212    -0.963925
11213    -1.323862
11214    -0.140413
11215     0.710127
11216     1.615970
11217     0.734627
11218    -0.531706
11219     1.090453
11220     1.605584
11221    -2.650553
11222    -1.373681
11223     0.192650
11224    -0.364547
11225    -1.005037
11226    -0.683283
11227    -1.028224
11228    -1.014709
11229    -0.730516
11230     0.301674
11231     1.672891
11232    -0.380342
11233     0.426332
11234     0.290398
11235     0.602401
11236    -1.246702
11237     0.006997
11238     1.632821
11239     1.470105
11240     2.315969
11241    -0.386021
11242     0.621202
11243     1.656595
11244    -0.790442
11245     1.626404
11246     0.880164
11247     0.284041
11248     0.209979
11249    -0.692218
11250     0.281952
11251     2.734644
11252     0.447835
11253    -0.032657
11254     0.056687
11255    -0.813820
11256     0.691476
11257    -0.969630
11258    -0.983588
11259    -0.594414
11260    -0.942348
11261    -1.104034
11262    -0.206495
11263     0.260128
11264     0.314844
11265     0.526064
11266     0.190279
11267     0.710977
11268     0.299731
11269    -0.006431
11270    -1.522145
11271     0.229481
11272    -1.155710
11273    -1.235149
11274    -0.719366
11275     1.518695
11276     1.289103
11277     0.014905
11278    -1.051984
11279     0.158609
11280    -0.231986
11281    -2.050322
11282    -0.739875
11283    -1.046663
11284    -0.496994
11285    -1.093210
11286     0.403045
11287    -2.233888
11288    -0.974338
11289     0.794817
11290     0.639286
11291     1.017143
11292     0.953520
11293    -0.695099
11294     0.405588
11295    -0.102504
11296     0.876647
11297     0.367497
11298     0.174112
11299     2.252423
11300     1.866135
11301    -0.680713
11302     2.337162
11303     1.280334
11304    -0.065417
11305     2.066276
11306     0.604932
11307     0.504595
11308     1.444119
11309    -0.557054
11310    -0.050915
11311     0.138215
11312     0.399092
11313     0.912512
11314     0.340654
11315    -0.459185
11316    -0.669115
11317    -0.913330
11318    -0.882145
11319    -0.425638
11320    -1.727554
11321    -0.958687
11322    -0.151387
11323    -0.194423
11324     0.413377
11325    -0.391195
11326    -0.296704
11327     0.573083
11328    -0.132405
11329    -0.712126
11330    -1.257962
11331     0.062340
11332    -2.262835
11333    -1.162946
11334     0.724043
11335     1.342884
11336     0.976812
11337    -0.019101
11338     0.145608
11339     0.181409
11340    -0.793932
11341    -1.915303
11342    -1.762495
11343    -1.812754
11344    -0.203695
11345    -0.519865
11346     0.074313
11347    -1.786011
11348    -1.053664
11349    -0.857104
11350     0.703556
11351     0.346241
11352    -0.227775
11353    -0.530423
11354     0.297275
11355     0.096533
11356     0.664435
11357     0.302378
11358     0.818595
11359     1.841735
11360     2.406832
11361     0.739159
11362     1.571147
11363    -0.017805
11364     0.694939
11365     1.954531
11366     2.035154
11367     1.067250
11368     1.365343
11369     1.109797
11370     0.494641
11371     0.034916
11372    -0.593219
11373    -0.153637
11374     0.189806
11375    -0.316082
11376     0.235355
11377    -1.014044
11378    -1.382872
11379     0.330420
11380    -1.388924
11381    -1.024980
11382    -0.496955
11383    -0.095221
11384     0.798465
11385     0.311697
11386    -0.119734
11387     0.851552
11388     0.233147
11389    -0.557494
11390    -0.978309
11391     0.361278
11392    -1.781264
11393    -1.191418
11394    -0.637152
11395     0.529846
11396    -0.795308
11397    -0.064831
11398     0.536796
11399     1.488322
11400    -1.207121
11401    -1.377692
11402    -1.699982
11403    -2.868572
11404    -0.500355
11405    -0.996727
11406     0.322200
11407    -0.681911
11408    -0.703041
11409    -1.497271
11410     0.861964
11411     0.822318
11412    -0.498431
11413    -0.357028
11414     0.536212
11415     0.126044
11416     0.582493
11417    -0.921740
11418     1.794941
11419     1.226215
11420     1.656417
11421     1.628274
11422     1.186572
11423     0.596922
11424     0.489375
11425     1.435781
11426     1.392413
11427     1.947510
11428     1.011526
11429     0.943751
11430     0.918888
11431     0.583979
11432    -0.689381
11433    -0.123652
11434    -0.287423
11435    -0.516843
11436     0.378571
11437    -0.969183
11438    -0.827927
11439    -0.050959
11440    -0.990070
11441    -0.792669
11442    -0.863963
11443    -0.821975
11444     1.064469
11445     0.345728
11446    -0.488545
11447     1.341194
11448     0.221200
11449    -0.937652
11450    -0.900807
11451     0.255243
11452    -0.905072
11453    -0.854487
11454    -1.213951
11455     1.032875
11456    -0.678697
11457    -0.245557
11458     0.395502
11459     1.228607
11460    -1.065617
11461    -0.025455
11462    -1.114150
11463     0.812575
11464    -1.143250
11465    -1.165817
11466     0.545397
11467    -0.907989
11468     0.004381
11469    -0.079210
11470     1.318296
11471     0.913759
11472    -0.639421
11473    -0.847658
11474     1.215387
11475     0.592262
11476    -0.157258
11477    -0.783216
11478     0.683985
11479     2.144313
11480     0.851073
11481    -0.847674
11482     1.460242
11483     0.722020
11484     0.077197
11485     2.626805
11486     0.487105
11487     0.302665
11488     1.684432
11489     0.213945
11490     0.009147
11491     0.204421
11492    -0.313525
11493    -0.185326
11494    -0.673883
11495    -0.991454
11496    -0.101868
11497    -1.592262
11498    -1.311221
11499    -0.170406
11500    -1.202049
11501    -0.904649
11502     0.195073
11503    -1.201665
11504     1.044828
11505    -0.021553
11506    -0.737353
11507     1.439247
11508    -0.036398
11509    -1.492823
11510    -1.320808
11511     0.463491
11512    -1.243546
11513    -0.034212
11514     0.382321
11515     1.277449
11516    -0.541297
11517     0.387172
11518     0.509230
11519     1.588604
11520    -2.369429
11521    -0.694721
11522    -0.750756
11523    -0.996749
11524    -1.382796
11525    -1.131229
11526     0.353039
11527    -1.340350
11528    -0.292462
11529     0.006889
11530     1.520067
11531     0.875836
11532    -0.261027
11533    -1.259429
11534     0.331118
11535     0.477660
11536    -0.453671
11537    -0.643434
11538    -0.123533
11539     2.058741
11540     1.216972
11541    -1.487030
11542     0.932434
11543     0.252598
11544     0.242024
11545     2.892236
11546     1.144277
11547     0.057744
11548     1.721769
11549     0.191645
11550     0.843669
11551    -0.253925
11552    -0.333534
11553    -0.826017
11554    -0.401307
11555    -0.715059
11556    -0.291986
11557    -1.090222
11558    -1.059958
11559     0.872535
11560    -1.098561
11561    -0.455906
11562    -0.565397
11563    -0.618966
11564     0.545459
11565     0.549188
11566    -0.499673
11567     0.743538
11568     0.455318
11569    -1.561389
11570    -1.239810
11571     0.518251
11572    -1.250721
11573    -0.262322
11574     0.680812
11575     1.315793
11576    -0.182542
11577     1.322492
11578     1.464693
11579     1.765567
11580    -1.827881
11581    -0.413261
11582    -0.615553
11583    -1.529616
11584    -1.141996
11585    -1.865961
11586     0.268144
11587    -0.735238
11588    -0.319440
11589    -0.981583
11590     1.425986
11591     2.061559
11592    -0.576980
11593    -1.035387
11594     0.038847
11595     0.341078
11596    -0.970679
11597    -1.902839
11598     0.895776
11599     1.186640
11600     0.432936
11601    -0.207710
11602     0.897288
11603     0.400541
11604     0.408185
11605     1.789997
11606     1.168520
11607     1.475125
11608     1.436503
11609     0.810394
11610     1.195912
11611    -0.297759
11612    -1.061819
11613    -0.495267
11614    -0.618346
11615    -1.097741
11616     0.254092
11617    -1.091049
11618    -0.787063
11619     0.849397
11620    -0.723944
11621    -0.529442
11622    -0.993625
11623    -0.531978
11624     1.158102
11625     0.343235
11626    -0.459308
11627     0.903440
11628     0.491056
11629    -1.318636
11630    -1.555931
11631     0.331028
11632    -0.557616
11633     0.609796
11634    -0.892663
11635     1.517416
11636     1.473601
11637     0.226343
11638     1.641366
11639     0.678052
11640    -1.401927
11641    -0.789300
11642    -1.646779
11643    -1.577822
11644    -0.747932
11645    -1.058390
11646     0.333290
11647     0.151735
11648     0.632503
11649    -0.675636
11650     1.591279
11651     1.785341
11652    -0.292378
11653    -0.443549
11654     0.778910
11655     0.723555
11656    -1.737038
11657    -1.292889
11658    -0.077691
11659    -0.069737
11660    -1.224076
11661    -0.872212
11662     0.501552
11663     0.443389
11664     0.152570
11665     1.014611
11666    -0.153094
11667     1.322536
11668     0.593079
11669     0.204592
11670     0.589569
11671    -0.745815
11672    -1.819930
11673    -0.451413
11674    -1.369853
11675    -1.563186
11676    -0.105352
11677    -0.988667
11678    -0.526087
11679     0.993955
11680     0.543921
11681     0.104628
11682    -0.186923
11683    -0.156084
11684     1.246196
11685     0.814864
11686    -0.562287
11687     0.979502
11688     0.591915
11689    -0.575568
11690    -0.826062
11691     0.734379
11692     0.611178
11693     1.943499
11694    -0.591154
11695     2.205834
11696     2.159732
11697     0.480124
11698     0.972641
11699    -0.167801
11700    -1.906175
11701     0.348945
11702    -1.687866
11703    -1.173776
11704    -0.707443
11705    -0.684954
11706     0.689784
11707    -0.678198
11708     0.969476
11709     0.736582
11710     1.061583
11711     1.067625
11712    -0.074116
11713    -1.077479
11714     0.983968
11715     0.747055
11716    -1.132386
11717    -0.997365
11718    -0.167588
11719    -0.264242
11720    -0.716450
11721    -1.592894
11722     0.664039
11723     0.015534
11724    -0.342336
11725     0.322647
11726     0.113429
11727    -0.067666
11728     1.888679
11729    -0.674098
11730     0.288665
11731    -0.438836
11732    -1.276293
11733    -1.455556
11734    -0.801559
11735    -1.196124
11736    -0.448747
11737    -0.851169
11738    -0.335695
11739     0.637476
11740    -0.749994
11741     0.863944
11742     0.287886
11743    -0.262110
11744     0.834746
11745     0.209508
11746    -0.588119
11747     0.671707
11748     0.370695
11749    -0.960963
11750    -0.238083
11751     0.941837
11752     1.098552
11753     1.070796
11754     1.414061
11755     2.244590
11756     1.174021
11757     2.245230
11758     0.883463
11759     0.041678
11760    -3.246098
11761     0.937129
11762    -1.044594
11763    -1.438208
11764    -0.615430
11765    -0.844621
11766     0.833234
11767    -1.014950
11768     0.258234
11769    -0.509444
11770     1.232804
11771     0.925922
11772    -0.744198
11773    -1.088103
11774     0.940228
11775     1.187202
11776    -1.342341
11777    -0.504329
11778     1.696189
11779    -0.240932
11780    -0.858735
11781    -1.343613
11782     0.981952
11783     0.686775
11784     0.565408
11785     0.439043
11786    -0.049362
11787    -1.494934
11788     2.285480
11789     0.135952
11790     1.211766
11791    -0.221879
11792    -1.329552
11793    -1.970637
11794    -0.681319
11795    -1.247061
11796    -0.177650
11797    -0.699727
11798    -0.254226
11799     1.101184
11800    -1.706735
11801    -0.605324
11802    -0.228302
11803    -0.197680
11804     0.786254
11805     0.792134
11806    -0.624352
11807     0.219006
11808    -0.066299
11809    -1.104120
11810    -0.834351
11811     0.421149
11812     1.897638
11813     2.100052
11814     0.480960
11815     2.061763
11816     0.798996
11817    -0.123627
11818    -0.298243
11819     0.720734
11820    -0.192312
11821     0.519459
11822    -0.493845
11823    -0.870432
11824     0.352498
11825     0.128823
11826    -0.074811
11827     0.458249
11828     0.088714
11829    -0.514660
11830     0.862151
11831     0.471069
11832    -0.227148
11833    -0.851375
11834     1.215788
11835     0.662310
11836    -2.094349
11837     0.422355
11838     0.873670
11839    -0.762285
11840    -0.580147
11841    -0.549052
11842     1.237324
11843    -0.415845
11844     0.826407
11845     0.233347
11846    -1.613218
11847    -0.170145
11848     1.301340
11849     0.275015
11850     0.980775
11851    -0.588781
11852    -1.559766
11853    -0.700750
11854    -0.689409
11855    -0.940303
11856     0.214951
11857    -0.724859
11858     0.070263
11859     0.887393
11860     0.379072
11861    -1.076942
11862    -0.309934
11863    -0.619742
11864     0.534113
11865     0.868029
11866     0.074330
11867     0.146744
11868     0.019611
11869    -0.225846
11870    -0.504279
11871     0.323593
11872     1.674186
11873     2.497279
11874    -0.550529
11875     3.023808
11876     0.881397
11877    -0.983015
11878    -3.559117
11879     0.452786
11880    -0.706262
11881     0.284515
11882     1.227179
11883    -0.964779
11884     0.267831
11885     0.467616
11886     0.486330
11887     1.507933
11888     0.969458
11889     0.815539
11890     0.017492
11891     0.344997
11892    -0.681454
11893    -1.242090
11894     0.849985
11895     0.117694
11896    -2.371696
11897    -0.401639
11898    -1.051955
11899    -0.989940
11900    -1.567873
11901    -0.813527
11902     0.310195
11903    -0.724114
11904     0.086421
11905    -0.603704
11906    -1.694634
11907    -1.160165
11908     0.160457
11909     0.250649
11910    -0.369795
11911     0.614078
11912    -2.917027
11913     0.186562
11914    -1.025978
11915    -0.147320
11916    -0.145784
11917    -1.060542
11918     0.220845
11919     0.450018
11920     0.571413
11921     0.352529
11922     0.259506
11923    -0.621493
11924     1.705960
11925     0.519686
11926    -0.316728
11927    -0.501688
11928    -0.059974
11929    -0.240053
11930    -1.253171
11931     0.477502
11932     2.543012
11933     2.142328
11934     0.931115
11935     2.391054
11936     0.388030
11937    -0.102427
11938    -0.195755
11939     0.287891
11940     1.019484

