1      -0.073802
2      -0.295953
3      -0.414681
4       0.377372
5      -0.192120
6       0.054477
7       0.506082
8      -0.718214
9       0.547272
10      0.195897
11     -0.428847
12     -0.559297
13      0.265749
14     -0.400200
15     -0.677864
16     -0.114291
17      0.045744
18     -0.844719
19      0.533291
20     -0.161900
21      0.171737
22      0.425845
23     -0.711521
24      0.413091
25      0.095371
26     -0.043099
27     -1.085335
28      0.480563
29     -0.596788
30      0.502410
31     -4.418198
32      3.930453
33      1.061569
34      0.756258
35     -0.283177
36      0.615831
37     -0.020823
38      0.005645
39     -0.889127
40      0.327291
41     -0.452133
42     -0.777916
43      0.307053
44     -0.372590
45     -0.694414
46      0.260231
47     -0.547428
48      0.705671
49      0.444437
50     -0.440305
51     -0.316808
52      1.007566
53     -0.321081
54      0.367447
55     -1.861384
56      2.805384
57      1.117553
58      0.505491
59     -0.821869
60      0.703104
61      0.353184
62     -0.048396
63     -0.721001
64      0.552764
65     -0.189872
66     -0.108108
67     -0.211296
68      0.378836
69      0.019328
70      0.162612
71     -1.396733
72     -0.106341
73      0.050958
74     -0.796669
75     -0.333545
76      0.299725
77     -0.570832
78     -0.898918
79      0.381164
80     -0.034813
81     -0.040225
82     -0.084890
83      0.189687
84      0.214340
85      0.677581
86     -0.396236
87     -0.690576
88      0.621726
89      0.045942
90      0.085212
91     -4.609967
92      3.719561
93      1.719406
94      0.324278
95      0.032135
96      0.234732
97      0.666060
98     -0.272868
99     -1.068468
100     0.013517
101    -0.754579
102    -0.483730
103    -0.017257
104    -0.984567
105    -0.338903
106     0.457811
107    -0.209810
108     0.456553
109     0.783136
110    -1.211033
111    -0.350131
112     0.514946
113    -0.035916
114     0.521718
115    -1.121491
116     2.794033
117     1.119526
118     0.185438
119    -0.257869
120     0.769128
121     0.243524
122    -0.223963
123    -1.031502
124     0.444593
125     0.542036
126    -0.792472
127    -0.415571
128    -1.018769
129    -0.800975
130     0.042141
131    -0.768791
132    -0.186036
133    -0.176532
134    -1.234050
135    -0.408283
136     0.193950
137    -0.074408
138    -1.336727
139     0.118330
140     0.567919
141    -0.774390
142    -0.165610
143    -0.562918
144     1.016735
145     0.973365
146    -0.013614
147    -0.084990
148     0.681663
149    -0.228798
150     0.508033
151    -3.707680
152     1.827783
153     3.209514
154     0.036157
155     0.513463
156    -0.672255
157     0.744405
158    -0.686239
159    -1.638586
160    -0.210456
161    -0.911833
162    -0.645266
163    -0.194620
164    -0.441479
165    -0.249802
166     0.316335
167     0.330590
168     0.471934
169     1.194280
170     0.083187
171    -0.856010
172     0.490418
173    -0.654031
174     0.595052
175    -0.740386
176     1.831877
177     2.644601
178     0.131693
179     1.122040
180     1.031426
181     1.076659
182     1.021968
183    -1.118184
184     0.831031
185     0.154803
186    -0.111010
187    -0.059197
188     0.413776
189    -1.338600
190     0.348880
191    -0.720165
192     0.254006
193    -0.425798
194    -1.484011
195    -0.287337
196    -0.158391
197    -0.311592
198    -1.170868
199    -0.593397
200     0.134409
201    -0.892359
202    -0.122083
203     0.179392
204     0.822163
205     1.554085
206     0.060041
207     0.513736
208     0.177971
209     0.291486
210     0.043926
211    -2.842662
212    -1.050527
213     3.737683
214    -0.319579
215    -0.067673
216    -0.428521
217     1.657000
218     1.016835
219    -2.170183
220    -0.115459
221    -1.350511
222    -0.168084
223     0.431564
224     0.930134
225    -0.618302
226    -0.348494
227     0.198348
228     0.290321
229     0.896603
230     0.076535
231    -0.726143
232    -0.089003
233     0.257878
234    -0.331503
235    -1.478754
236     0.288959
237     2.509842
238    -0.420975
239    -0.040084
240     1.189415
241     1.507470
242     1.038914
243     0.035685
244     0.651929
245     0.039653
246    -0.655093
247     0.009760
248     0.292081
249    -0.627221
250    -0.177642
251    -0.166748
252    -0.518066
253     0.301165
254    -0.413541
255     2.131386
256    -0.587808
257     0.225250
258    -0.941632
259    -0.783185
260    -0.128015
261    -1.082247
262    -0.386481
263     0.026452
264    -0.794896
265     1.128789
266     0.525727
267    -0.066234
268     0.131144
269    -0.111741
270    -0.293183
271    -0.923016
272    -3.211869
273     4.072089
274    -0.720864
275    -0.060460
276    -1.002661
277     2.333832
278     1.277376
279    -0.536563
280    -0.868847
281    -0.055182
282    -1.084613
283     0.524189
284     0.979502
285     0.203839
286    -0.598848
287    -0.036140
288     0.049831
289     0.563156
290     0.531854
291    -0.488589
292    -0.315399
293     0.090615
294    -0.471221
295    -0.893513
296    -1.012247
297     1.767805
298    -0.895830
299     0.168518
300     0.301584
301     1.207422
302     0.225499
303    -0.223558
304     0.250318
305     0.025509
306     0.015340
307     1.744572
308    -0.178977
309     0.884832
310    -0.934218
311     0.067718
312    -0.066544
313    -0.901144
314     0.620327
315    -2.156610
316    -0.082015
317    -0.119213
318     0.177487
319    -0.277770
320    -0.112856
321     0.343767
322     0.387340
323    -1.101961
324    -0.418450
325     0.447186
326     0.433510
327     0.212697
328     0.058647
329    -0.978418
330    -0.191023
331     0.176950
332    -0.716147
333    -2.123490
334    -0.370923
335    -0.237593
336     0.191698
337     0.971012
338     1.220031
339    -2.672273
340    -2.002895
341     0.659254
342    -0.679634
343     1.841976
344     0.514788
345     1.587796
346    -0.112471
347    -1.003172
348     0.503988
349     0.693061
350     0.851533
351     0.947176
352     0.937274
353    -0.495479
354     0.808737
355    -1.714540
356    -0.975566
357     2.141059
358    -2.319784
359     1.301210
360     0.717005
361     0.779692
362     1.587549
363    -1.852771
364    -0.522937
365     0.395140
366    -0.187056
367     1.142591
368     0.624800
369     0.613354
370    -0.877761
371    -0.029337
372    -0.787318
373    -1.758529
374     0.488111
375    -0.919232
376     0.598996
377    -0.277847
378    -0.885583
379    -0.291257
380    -0.632346
381     0.732924
382     0.842418
383    -1.483421
384    -1.519681
385     0.495726
386     1.109489
387    -1.050055
388    -1.014352
389    -1.109310
390     0.440014
391     0.804440
392    -1.754023
393    -1.064245
394    -0.783516
395    -0.420773
396     0.154196
397     0.692539
398     2.135149
399     1.034612
400    -0.140872
401    -0.403757
402    -0.386445
403     1.484976
404     1.594488
405     1.161825
406    -0.031595
407    -1.472882
408     0.070799
409     1.343637
410     0.587116
411     0.955292
412     0.393610
413    -0.336714
414     0.975977
415    -1.292589
416    -1.298700
417     1.245111
418    -1.865217
419     0.697267
420     1.268280
421     0.084936
422     0.763306
423    -1.196306
424     0.254979
425     0.150936
426    -0.724049
427     0.696773
428     0.263067
429     0.997042
430     0.512222
431     0.215518
432    -1.390080
433    -0.116842
434     0.739745
435    -1.712859
436     0.538612
437    -0.267754
438     0.270121
439     0.527200
440    -0.560516
441     0.137691
442     0.880834
443    -1.286605
444    -0.552664
445    -0.001426
446     0.626539
447     0.003171
448     0.000709
449    -0.762169
450     0.833958
451     1.066431
452    -1.397514
453    -0.475025
454    -0.030398
455    -0.378664
456     0.188219
457    -1.008008
458     2.255892
459    -1.849433
460    -4.306727
461     0.187515
462     0.135082
463    -0.229651
464     1.072537
465     2.277860
466    -0.062649
467    -1.434128
468     0.407878
469     0.900881
470     0.252267
471     1.642297
472     0.759558
473    -0.425715
474     0.143465
475     0.019255
476    -0.839379
477     0.980886
478    -0.486690
479     0.825121
480    -0.117253
481    -1.030987
482     1.668459
483    -1.954222
484    -0.357139
485     0.421496
486     0.313624
487     0.049098
488     0.454013
489     0.581466
490     0.413940
491     0.017980
492    -0.131102
493     0.315613
494     0.181956
495    -0.177120
496     0.430671
497    -0.577582
498    -0.217340
499     0.210086
500    -0.633679
501     1.065715
502     0.971397
503    -1.830476
504    -0.803223
505    -0.523630
506     0.638023
507    -0.171042
508    -0.644323
509    -0.709975
510     0.878034
511     0.578195
512    -1.332551
513    -0.150424
514     0.255135
515    -1.060849
516    -0.072787
517    -2.164950
518     3.607228
519    -0.806896
520     1.837524
521    -0.504211
522    -0.098387
523    -1.007602
524     2.526175
525    -0.047427
526     0.000268
527    -1.990582
528    -0.151331
529    -0.238411
530     1.276420
531     0.667436
532     0.466965
533    -0.513190
534    -0.321810
535     0.202101
536    -1.408185
537     1.604015
538     0.236048
539    -0.230471
540    -0.007178
541    -0.121305
542     1.521280
543     0.079345
544     0.527772
545     0.116774
546     1.301955
547    -0.264214
548     0.654577
549     0.556341
550    -0.195433
551     0.033513
552    -0.056393
553     0.606289
554     0.078785
555    -0.226821
556     0.304477
557    -0.744180
558    -0.150809
559    -0.199516
560    -0.288387
561     0.226620
562     0.838726
563    -2.247751
564    -1.013157
565    -0.327658
566     0.602300
567    -0.072748
568    -0.404692
569    -0.885426
570     0.603467
571    -0.222629
572    -1.488151
573    -0.173128
574     0.720394
575    -1.294593
576    -0.382674
577    -2.440358
578     3.989060
579     0.483251
580     0.929116
581    -0.331094
582    -0.279338
583    -0.254787
584     2.934174
585    -0.289904
586    -0.162743
587    -2.156329
588    -1.074080
589    -0.235206
590     1.464000
591     0.693705
592     0.643151
593    -0.723602
594    -0.370832
595    -0.209096
596    -0.850101
597     0.303914
598     0.467712
599    -0.384850
600    -0.158714
601    -0.109333
602     1.415593
603     0.749968
604     0.510735
605    -0.524724
606     0.716434
607    -0.390664
608     0.377595
609    -0.720908
610     0.221045
611     0.505223
612     1.589115
613     0.670571
614     0.054610
615     0.295486
616     0.004417
617    -0.178667
618    -0.379264
619    -0.338605
620    -0.336023
621     0.076708
622     0.609244
623    -1.115416
624    -0.546323
625    -0.721616
626     0.904637
627    -1.546869
628    -0.285670
629    -1.418479
630     0.304537
631     0.031954
632    -1.981197
633     0.129940
634     0.820332
635    -1.665753
636    -0.502953
637    -1.934522
638     3.110770
639     0.932340
640     0.639033
641     0.956288
642     0.351760
643    -0.020229
644     2.600073
645     0.191383
646     0.150882
647    -2.571527
648    -0.766767
649    -0.739202
650     1.995228
651    -1.027876
652     0.329241
653    -0.318256
654    -0.701238
655    -0.060951
656    -1.267054
657     0.240622
658     0.613337
659    -0.542920
660     0.613904
661    -0.013455
662     1.590990
663     0.977114
664     0.572357
665    -0.196874
666    -0.747654
667     0.453001
668    -0.796610
669    -0.518908
670     0.522677
671     0.482004
672     1.453478
673     0.428803
674     0.507403
675     0.525450
676    -0.448359
677     0.204305
678    -0.865493
679    -0.665824
680    -0.447585
681    -0.622886
682    -0.180243
683    -0.179842
684    -0.729708
685    -0.288849
686     0.255057
687    -0.636308
688    -0.860236
689    -1.209503
690    -0.807141
691    -0.450511
692    -2.289178
693    -0.559791
694     0.030020
695    -0.850253
696    -0.821323
697     0.155247
698     2.189752
699     1.227774
700     0.378867
701     1.638310
702     1.749890
703     0.954912
704     2.462251
705     1.163307
706    -0.780427
707    -2.538888
708    -0.838215
709    -0.573825
710     2.190853
711     1.044503
712     0.333306
713    -0.712378
714    -0.520268
715    -0.105309
716    -1.964010
717    -0.175974
718     0.537847
719    -0.335804
720    -0.297847
721    -0.342441
722     2.215058
723     0.582111
724     0.541379
725    -0.402134
726    -0.900266
727     0.465783
728    -1.375165
729    -0.379384
730     0.588820
731     0.783846
732     0.826133
733     0.450223
734     0.777882
735     0.922273
736    -0.881997
737    -0.228022
738    -1.007999
739    -1.025073
740    -0.691923
741    -0.335847
742    -0.152750
743    -0.619659
744     0.433434
745    -0.899641
746    -0.473029
747    -1.029527
748    -0.522471
749    -0.809472
750    -0.094362
751     0.682218
752    -1.657212
753     0.765133
754     0.237442
755    -0.934045
756    -0.160465
757    -0.896578
758     0.287214
759    -0.584680
760     0.475584
761     3.099090
762     0.250676
763     0.663857
764     1.899546
765     0.633529
766     0.599132
767    -1.360717
768     0.179328
769    -1.138750
770     3.325941
771     0.267354
772     0.143747
773    -1.404033
774    -0.458676
775     0.406394
776    -1.787850
777     0.199808
778     0.605121
779    -0.645317
780    -0.108574
781    -0.401003
782     1.651269
783     0.543525
784     0.749389
785    -1.313834
786     0.353587
787     0.275258
788    -1.354555
789     0.513547
790     1.611598
791    -0.517040
792    -1.506625
793     0.473111
794     0.527611
795    -0.493423
796    -0.864931
797    -0.101895
798     0.099687
799    -0.935411
800    -0.621580
801     1.293550
802    -0.064911
803    -0.332076
804    -0.772562
805    -0.751309
806    -0.749611
807    -0.020169
808    -0.230488
809    -0.453937
810    -1.723257
811    -0.279762
812     2.072872
813     2.042873
814     0.066106
815    -0.934845
816     0.589064
817    -0.654049
818     0.164595
819    -0.976120
820     0.165307
821     2.779013
822    -0.394321
823     0.405208
824     1.544496
825     0.040524
826     0.892770
827    -1.311359
828    -1.582264
829    -0.929449
830     2.287708
831     0.566402
832    -0.281856
833    -0.735134
834     0.508205
835     0.467104
836    -1.914189
837     0.014037
838     0.287315
839    -0.687511
840     0.903741
841    -0.546349
842     0.670549
843     0.063877
844     0.564658
845    -1.074023
846     0.748376
847     0.076964
848    -1.768080
849     0.527260
850     1.045860
851     0.571011
852    -0.599959
853    -0.154340
854    -1.213041
855    -1.054384
856     0.034904
857     1.806278
858    -0.019392
859    -0.487708
860    -1.517733
861     1.003238
862    -0.436919
863    -1.770753
864    -1.269709
865    -0.532476
866     0.029803
867    -0.063484
868    -0.405025
869    -0.470109
870    -1.173929
871     0.165660
872     2.433408
873     1.266635
874     0.083086
875    -1.448263
876     0.762888
877    -0.034988
878     1.559030
879    -0.505166
880    -0.134392
881     2.409383
882    -1.043791
883     0.818890
884     2.706694
885     0.166820
886     0.594347
887    -0.583060
888    -0.425428
889    -0.886402
890     0.977687
891    -0.161800
892    -0.338727
893    -0.410272
894     0.292028
895     0.101368
896    -2.152208
897     0.110831
898     0.471591
899    -0.756301
900     1.375087
901    -0.951771
902     1.000099
903    -0.315588
904     1.500048
905     0.217682
906     1.828745
907    -0.272140
908    -2.425947
909    -0.000143
910     0.613882
911     0.659817
912    -0.271384
913     0.657680
914     0.103067
915    -0.647676
916    -1.008603
917     0.604434
918    -0.618490
919     1.281493
920    -0.374921
921     0.094904
922     0.742794
923    -0.313867
924     0.172210
925    -1.133866
926    -0.027493
927    -0.391280
928    -0.680518
929     0.060531
930    -0.988005
931    -0.064731
932     1.952710
933    -0.167165
934     0.582139
935    -0.715809
936     0.945908
937    -1.247456
938     0.352684
939    -0.575081
940    -1.639481
941     0.175017
942    -1.032214
943    -0.573570
944    -0.358246
945     1.443603
946     0.791423
947    -0.208323
948    -0.810531
949    -1.059923
950     1.380685
951    -1.210590
952     1.012759
953     1.033719
954    -0.285720
955     2.255969
956    -0.438719
957     0.744014
958    -0.806128
959    -2.677122
960     2.084485
961    -0.122408
962     0.452124
963    -0.176664
964     1.242175
965    -0.010354
966     2.077090
967    -0.071015
968    -0.353384
969    -0.343443
970     0.232513
971     0.005534
972    -0.185780
973     1.080833
974    -0.216909
975    -0.848517
976    -0.078583
977    -0.117409
978    -0.490028
979    -0.069307
980    -0.993810
981     0.096602
982     0.721645
983     0.576543
984    -0.180463
985    -0.698281
986    -0.076264
987    -0.602943
988    -0.302866
989     1.509071
990    -1.617626
991     0.487667
992     0.758477
993     0.433428
994    -0.825555
995     0.423736
996     0.740428
997    -0.107758
998    -0.179074
999    -0.466710
1000    -0.407530
1001    -0.033970
1002    -1.091873
1003    -0.171414
1004    -2.895198
1005     3.000287
1006    -0.622187
1007     0.530541
1008    -1.371767
1009    -0.102939
1010     1.001173
1011    -1.128619
1012    -0.146967
1013     2.135963
1014    -0.780502
1015     1.007396
1016     0.024322
1017     0.651493
1018    -1.045418
1019    -2.541109
1020     2.285606
1021    -0.517653
1022     0.257081
1023     0.081077
1024     0.176290
1025    -0.035934
1026     0.869679
1027     0.371406
1028    -0.614763
1029    -0.211560
1030     0.636593
1031    -0.243405
1032     0.989093
1033    -0.726764
1034    -1.178963
1035    -0.176544
1036    -0.379318
1037    -0.511225
1038    -0.332842
1039    -0.233091
1040    -1.625623
1041    -0.328249
1042    -0.331049
1043     0.816092
1044    -2.000295
1045    -0.479808
1046    -0.333852
1047     0.060189
1048    -0.902531
1049     1.626550
1050    -2.068322
1051    -0.647788
1052     0.930820
1053    -1.214227
1054     0.430737
1055     0.869493
1056     1.568842
1057     0.086555
1058    -0.453123
1059     0.674728
1060    -0.005643
1061    -0.247942
1062     0.709711
1063     2.070182
1064    -2.324285
1065     2.451854
1066    -0.270640
1067     0.565981
1068    -1.114675
1069    -0.423364
1070     0.950514
1071    -0.320853
1072     0.184631
1073     2.623250
1074     0.387395
1075    -0.379158
1076     0.083551
1077    -1.368667
1078     1.340413
1079    -1.154220
1080     1.343667
1081     0.694579
1082    -1.041262
1083     1.840025
1084    -0.280658
1085     0.978293
1086     0.456661
1087    -0.381531
1088     1.047890
1089    -1.200526
1090    -0.384893
1091    -0.916781
1092    -0.239906
1093     0.096361
1094    -1.572048
1095     1.201903
1096     0.373110
1097    -1.215130
1098     0.496359
1099    -0.506957
1100     0.195894
1101    -0.271879
1102    -0.075176
1103     0.967139
1104    -2.398663
1105     0.198264
1106    -1.516427
1107     0.883565
1108     0.056812
1109     1.332950
1110    -1.667965
1111    -0.303949
1112     0.799693
1113    -1.379258
1114    -0.678111
1115     1.412309
1116     0.398435
1117     0.821144
1118    -1.666353
1119     1.522323
1120    -0.054884
1121    -1.330212
1122     0.625971
1123     0.264409
1124    -1.865194
1125     1.064146
1126    -0.042873
1127     0.914470
1128    -1.503803
1129     0.616582
1130     0.203627
1131     1.058295
1132    -0.878714
1133     0.797891
1134    -0.811750
1135     0.215896
1136     1.193737
1137    -0.906139
1138     0.250593
1139     1.279513
1140     0.832206
1141    -0.210921
1142    -1.223305
1143     0.254514
1144    -0.468418
1145     0.521227
1146     0.488538
1147    -2.422888
1148    -1.307133
1149    -1.334060
1150    -0.977235
1151    -2.241772
1152     0.124693
1153    -0.357846
1154    -0.928404
1155    -0.409413
1156    -0.119654
1157    -1.260744
1158    -0.479150
1159     0.243696
1160     1.783976
1161    -0.976851
1162     1.065392
1163     0.584102
1164     1.118960
1165    -0.238038
1166    -1.252323
1167    -0.424749
1168     1.115895
1169     0.881562
1170     0.604120
1171     1.168447
1172     1.246990
1173     1.002557
1174    -0.620532
1175     0.889734
1176     0.664754
1177     0.510193
1178    -1.293971
1179     0.295312
1180    -0.779141
1181    -1.067643
1182    -0.977887
1183    -0.476110
1184    -0.618548
1185    -1.255028
1186     1.227787
1187     1.165255
1188     0.227673
1189     0.327031
1190     0.863923
1191    -0.333421
1192    -0.962515
1193    -0.085356
1194    -0.133592
1195     1.878460
1196     2.038580
1197     1.169093
1198     0.096398
1199     1.303846
1200     0.373937
1201     0.242799
1202    -1.619515
1203     0.389487
1204    -0.247250
1205     1.375232
1206     0.775747
1207    -0.610712
1208     0.036567
1209     0.602966
1210    -0.181483
1211    -0.554769
1212     0.888494
1213     0.022104
1214    -1.963899
1215    -0.307097
1216     0.348253
1217    -2.353924
1218    -0.418067
1219    -0.067546
1220     2.983913
1221    -0.872315
1222     0.409833
1223     0.851392
1224     0.758179
1225    -0.030270
1226    -1.770625
1227    -0.412722
1228     0.038407
1229    -0.200919
1230    -0.501157
1231    -0.690786
1232     1.214063
1233    -0.437337
1234    -0.276132
1235     1.672773
1236     0.810972
1237     0.562424
1238    -1.569518
1239     0.076894
1240     0.037746
1241    -2.102536
1242    -0.578065
1243     0.114628
1244    -0.153147
1245    -0.581214
1246    -0.153200
1247    -0.536645
1248    -0.992421
1249    -0.163811
1250    -0.761249
1251    -0.990032
1252     0.049925
1253     1.631173
1254     1.208833
1255     0.495368
1256     1.539649
1257    -0.048073
1258     0.099703
1259     2.281984
1260     0.626927
1261    -1.693649
1262    -0.597164
1263    -0.483818
1264     1.860664
1265     0.834657
1266     1.208603
1267     1.354236
1268     0.115899
1269     0.952288
1270    -0.768484
1271     0.620665
1272    -0.824223
1273     0.355247
1274    -1.294241
1275    -0.391775
1276    -0.862664
1277    -0.647640
1278    -1.595126
1279    -0.491623
1280     0.599479
1281     0.831485
1282     1.109517
1283     0.368575
1284     0.949213
1285    -1.394741
1286    -0.915913
1287    -0.932426
1288    -1.054179
1289    -0.700555
1290    -0.019168
1291     0.874894
1292     0.184992
1293     0.872481
1294     1.754542
1295     1.602233
1296     0.576896
1297    -1.267097
1298    -0.904200
1299    -0.459609
1300    -1.179176
1301    -0.796859
1302    -1.358139
1303    -0.298231
1304    -0.011095
1305    -0.879819
1306    -1.216909
1307    -0.786592
1308    -0.406565
1309    -0.839247
1310    -0.721561
1311    -0.942362
1312     1.859673
1313     1.607851
1314     0.817610
1315     0.171695
1316    -0.201730
1317     1.321778
1318     1.725533
1319     1.643198
1320     0.762676
1321    -0.828530
1322    -0.124452
1323    -0.088159
1324     0.656925
1325     1.585703
1326     0.504500
1327     1.573566
1328    -0.544293
1329     0.978377
1330     0.807995
1331    -1.294893
1332     0.800126
1333    -1.508682
1334     0.008618
1335    -1.104444
1336     0.563055
1337     1.587078
1338    -0.746565
1339    -0.936386
1340    -0.374189
1341     0.648084
1342     1.568836
1343    -0.193083
1344     1.188297
1345    -1.116993
1346    -0.161721
1347    -0.972682
1348    -0.363045
1349    -1.192786
1350     0.289133
1351     0.726612
1352    -0.065510
1353     0.568666
1354     2.145610
1355     1.539919
1356     0.516606
1357    -2.084311
1358    -0.314775
1359    -1.018140
1360    -0.152317
1361    -0.164437
1362    -1.072892
1363    -1.894645
1364     0.444122
1365    -1.650282
1366    -0.366067
1367    -1.672058
1368     0.137728
1369    -0.931724
1370    -0.083056
1371    -1.193413
1372     0.559740
1373     1.102685
1374     0.187188
1375     1.053230
1376    -1.159252
1377     1.853809
1378     0.527132
1379     1.076380
1380     0.174063
1381    -0.772337
1382     0.778547
1383    -1.036733
1384    -0.080872
1385     0.597805
1386    -0.144220
1387     1.483237
1388    -0.891534
1389     1.313054
1390     0.661250
1391    -0.961946
1392     0.383181
1393    -1.130039
1394     0.725754
1395    -1.408273
1396    -0.771119
1397     1.089728
1398    -1.060895
1399    -0.495691
1400     0.490017
1401    -0.630197
1402     1.363364
1403    -0.834462
1404     1.737497
1405    -0.778902
1406     1.120631
1407    -1.542333
1408     0.569418
1409    -1.137865
1410     1.066171
1411     1.070207
1412    -0.680261
1413     1.350498
1414     1.105379
1415    -0.039833
1416     0.787754
1417    -2.065377
1418     0.936056
1419    -1.401359
1420    -1.748360
1421    -0.013051
1422    -0.644990
1423    -0.218938
1424     0.698538
1425    -1.374951
1426     0.498064
1427    -1.490510
1428     1.261614
1429    -0.923197
1430     1.029342
1431    -1.585809
1432     0.696088
1433    -0.091844
1434     0.600411
1435     0.997080
1436    -1.206775
1437     1.758794
1438     0.540744
1439    -0.118340
1440     0.570784
1441    -0.050907
1442     1.675701
1443    -0.017432
1444    -0.706728
1445     0.640159
1446    -0.719330
1447     1.481251
1448    -1.598967
1449     1.058064
1450    -0.690455
1451     0.424556
1452     0.144699
1453    -0.543334
1454     1.088337
1455    -0.969109
1456    -0.173541
1457     1.060668
1458    -0.711853
1459    -0.943193
1460     1.290069
1461    -0.890362
1462     0.998526
1463    -1.169764
1464     1.231231
1465    -0.587041
1466     2.334675
1467    -0.915251
1468     0.834979
1469    -1.214012
1470     1.039581
1471     1.146118
1472    -1.245061
1473     1.124857
1474     0.333479
1475     0.030028
1476     0.203834
1477    -2.108752
1478    -0.740433
1479    -1.209660
1480    -1.642920
1481    -1.167303
1482    -0.731247
1483     0.781048
1484     0.628919
1485    -0.299263
1486     0.666831
1487    -1.283228
1488     1.131361
1489    -0.786743
1490     0.928262
1491    -1.695418
1492     0.067654
1493     0.062208
1494     0.081934
1495     1.238748
1496    -1.133930
1497     1.682444
1498     0.684979
1499    -0.610886
1500     0.460919
1501     0.058520
1502     0.091028
1503     0.050793
1504    -0.601684
1505    -0.138917
1506    -1.043384
1507     1.317107
1508    -1.571448
1509     1.018653
1510    -0.240224
1511     0.356986
1512    -0.524601
1513    -0.717473
1514     2.025790
1515    -0.980323
1516     0.202285
1517    -0.148019
1518    -0.091383
1519    -0.182082
1520     0.084316
1521    -0.182050
1522     1.176904
1523    -0.925244
1524     1.178492
1525    -2.252963
1526     2.558210
1527    -0.775040
1528     1.073354
1529    -0.961090
1530     0.841519
1531     1.061085
1532    -1.435502
1533     1.242198
1534     0.191665
1535     0.397537
1536    -0.554769
1537    -1.253841
1538     1.058155
1539    -0.502839
1540    -1.404929
1541     1.027904
1542    -0.228046
1543    -0.085863
1544     1.095806
1545    -1.049135
1546     0.889213
1547    -1.238919
1548     1.298792
1549    -1.403520
1550    -0.148324
1551    -1.735169
1552     0.388702
1553     0.344974
1554    -0.327724
1555     1.040349
1556    -1.451674
1557     1.839333
1558     0.743396
1559    -1.021568
1560     0.524683
1561     0.037678
1562     0.204733
1563    -0.273197
1564    -0.212978
1565     0.466294
1566    -0.332015
1567     0.719490
1568    -1.794030
1569     0.486893
1570    -0.876840
1571     1.246482
1572     0.084168
1573    -0.386714
1574     1.241529
1575    -1.362391
1576     0.286863
1577     0.211428
1578    -0.144816
1579    -0.020753
1580     0.266371
1581    -0.376718
1582     1.149140
1583    -1.385219
1584     0.674358
1585    -1.624852
1586     2.921654
1587    -0.205300
1588     1.447417
1589    -1.920336
1590     0.542240
1591     0.304333
1592    -1.925061
1593     0.678556
1594    -0.751417
1595     1.198201
1596     0.016761
1597    -0.392173
1598     0.881632
1599    -0.058276
1600    -0.560890
1601     0.685972
1602     0.016969
1603     0.552757
1604     0.670778
1605    -1.156889
1606     1.079844
1607    -1.216319
1608     1.072722
1609    -1.883788
1610     0.641890
1611    -1.350053
1612    -0.600438
1613     1.036108
1614    -0.008718
1615     0.515119
1616    -2.328948
1617     1.261750
1618     1.218203
1619    -1.103159
1620     0.433959
1621    -0.390783
1622     0.455805
1623    -0.309591
1624    -0.089982
1625     0.469980
1626    -0.760872
1627     1.303008
1628    -1.532214
1629     0.928268
1630    -0.813111
1631     1.048308
1632    -0.436483
1633    -1.299545
1634     1.653586
1635    -1.258464
1636    -0.019479
1637     0.259875
1638    -0.373263
1639    -0.492355
1640     0.667758
1641    -0.232710
1642     0.990540
1643    -1.095798
1644     1.171136
1645    -0.827645
1646     1.588991
1647    -0.547534
1648     1.677210
1649    -1.614463
1650     1.186033
1651     1.166080
1652    -1.678531
1653     1.386288
1654    -0.700739
1655     1.059435
1656    -0.476717
1657    -0.495240
1658     0.995561
1659    -0.378314
1660    -0.474522
1661     0.742806
1662    -0.332251
1663    -0.543416
1664     0.588032
1665    -1.095698
1666     0.734375
1667    -1.258267
1668     1.269776
1669    -0.858555
1670     0.809145
1671    -1.255666
1672    -0.641761
1673     0.991861
1674    -0.470353
1675     1.250566
1676    -2.276364
1677     1.728784
1678     0.525353
1679    -1.875507
1680     0.257632
1681     0.273671
1682     0.663762
1683    -0.829112
1684     0.962315
1685     0.300104
1686    -1.099660
1687    -0.155867
1688    -0.503095
1689     1.664543
1690     0.162430
1691     0.091271
1692    -0.668538
1693    -0.945005
1694     1.937427
1695    -1.848588
1696     1.085984
1697    -0.218627
1698    -0.672013
1699    -0.299473
1700     0.706959
1701    -0.906601
1702    -0.779147
1703    -0.438553
1704     2.314865
1705    -1.445040
1706     1.477568
1707    -1.146064
1708     0.018553
1709    -0.799117
1710     2.224414
1711    -0.380897
1712    -0.764609
1713     2.030166
1714     0.357302
1715     0.180155
1716    -0.672557
1717     0.351779
1718    -0.021906
1719    -0.668856
1720     0.469783
1721     0.015522
1722    -0.675082
1723    -0.351297
1724     0.423485
1725    -1.802598
1726    -1.021416
1727    -0.599188
1728     2.263662
1729     0.637234
1730    -0.168148
1731    -0.795720
1732     0.474013
1733     0.219794
1734    -0.688549
1735    -0.093058
1736    -1.160454
1737     2.275720
1738     0.678134
1739    -1.342351
1740    -0.299429
1741     1.291405
1742     0.977505
1743     0.471303
1744     1.443709
1745     0.539577
1746    -1.286710
1747    -0.839186
1748    -0.484526
1749     1.524760
1750    -0.418736
1751     0.268952
1752    -1.026756
1753     0.617050
1754     1.023011
1755    -1.512974
1756     0.218482
1757    -0.148166
1758    -1.011959
1759    -0.485722
1760     1.265800
1761    -0.865118
1762    -0.933840
1763    -0.756217
1764     1.918238
1765    -0.280933
1766     0.989372
1767    -1.191776
1768    -0.679925
1769    -1.229858
1770     1.814314
1771     0.101052
1772    -1.495173
1773     1.609626
1774     0.232594
1775     0.738102
1776    -0.496422
1777    -0.177350
1778     0.150090
1779    -1.044044
1780    -0.253951
1781     0.225505
1782    -0.950656
1783    -0.443150
1784     1.152936
1785    -1.122482
1786    -0.874349
1787    -0.794601
1788     2.037324
1789     0.642868
1790    -0.060614
1791    -1.212763
1792     0.043678
1793     0.552117
1794    -0.901179
1795     1.009990
1796    -2.014342
1797     2.264155
1798    -0.213687
1799    -0.899470
1800     0.983118
1801     2.327579
1802    -0.323383
1803     0.123767
1804     0.542511
1805     0.952002
1806    -0.152377
1807    -0.061884
1808    -1.271897
1809     0.076147
1810    -0.610484
1811     0.867413
1812    -0.400577
1813    -0.289366
1814     1.412952
1815    -0.387577
1816    -0.356595
1817     0.807852
1818    -0.407681
1819    -0.790285
1820     1.329513
1821     0.213691
1822    -0.480971
1823    -1.334950
1824    -0.058671
1825    -0.521334
1826     1.094011
1827    -0.198944
1828     0.112835
1829    -1.909659
1830     0.380510
1831     0.845551
1832    -2.664230
1833    -0.057046
1834     0.414718
1835     0.796086
1836     0.291224
1837    -0.290696
1838     0.830053
1839    -0.508239
1840    -0.666870
1841     1.056404
1842    -0.323525
1843    -0.415487
1844     1.108603
1845    -0.251159
1846    -0.493129
1847    -1.704403
1848    -0.009352
1849    -0.461870
1850     0.856993
1851    -0.459269
1852    -0.637018
1853     1.309733
1854    -0.001624
1855     2.067340
1856    -3.429306
1857     2.199399
1858    -0.234544
1859     0.216213
1860    -0.068698
1861    -0.280165
1862    -2.915466
1863    -0.022856
1864     0.365664
1865     0.334222
1866     0.362178
1867     1.011329
1868    -1.158169
1869     0.145427
1870    -0.724682
1871     1.310194
1872    -0.288282
1873    -0.859056
1874     1.242038
1875    -0.358530
1876    -0.211315
1877     0.979635
1878    -0.406172
1879    -1.150601
1880     0.803234
1881    -0.499768
1882     0.313201
1883    -0.621174
1884    -0.211068
1885    -0.968092
1886     0.501480
1887    -0.387412
1888     1.515957
1889    -1.679598
1890     0.496830
1891     1.788012
1892    -2.043023
1893     0.694126
1894    -0.072213
1895    -1.053833
1896    -0.395836
1897    -0.551785
1898     1.014099
1899    -0.247384
1900    -1.029030
1901     0.938324
1902    -0.425803
1903    -0.745980
1904     0.923657
1905    -0.247659
1906    -0.360450
1907    -2.021971
1908     0.826405
1909    -0.755438
1910     1.096728
1911    -0.188298
1912    -0.343678
1913     2.046718
1914    -0.228490
1915     2.382861
1916    -0.946985
1917     1.457953
1918     0.675462
1919     1.249890
1920    -0.075362
1921     0.377683
1922    -2.526730
1923    -0.676575
1924    -1.205087
1925     0.750448
1926    -0.201219
1927     1.360872
1928    -0.518590
1929    -0.243941
1930    -1.030982
1931     0.773993
1932     0.199617
1933    -1.397542
1934     0.740966
1935     0.098250
1936     1.005441
1937     0.105967
1938     0.466954
1939     0.198867
1940     0.400305
1941     0.560414
1942     0.659354
1943    -1.436687
1944    -0.085816
1945    -1.613959
1946     1.327083
1947     0.242596
1948     2.516157
1949    -1.055754
1950     0.217238
1951     2.342691
1952    -2.092178
1953    -0.307050
1954    -0.302566
1955    -0.736891
1956    -0.648325
1957    -0.409134
1958     1.187948
1959     0.389561
1960    -0.402394
1961     1.411185
1962     0.488468
1963    -1.443904
1964     1.060615
1965     0.176355
1966    -0.422650
1967     0.805592
1968    -0.135914
1969    -1.478609
1970     1.042267
1971     0.297202
1972    -1.255242
1973    -0.022572
1974    -0.482066
1975     1.698799
1976    -1.080307
1977    -0.207772
1978     0.802206
1979    -0.136661
1980    -0.147974
1981     1.528125
1982    -0.768978
1983     0.418088
1984     0.015949
1985     0.994177
1986    -0.053326
1987    -0.738305
1988     0.067643
1989    -0.411093
1990     0.253152
1991     0.677217
1992     0.351666
1993     0.317806
1994     0.758225
1995     0.402492
1996     0.107653
1997    -2.628817
1998    -1.053935
1999    -1.730542
2000     0.385915
2001     0.119506
2002    -0.578977
2003     0.765259
2004     0.594842
2005    -0.337466
2006     0.775110
2007     0.399530
2008     2.478713
2009    -3.225846
2010    -1.335414
2011     1.243484
2012    -1.417769
2013    -0.235568
2014    -0.734059
2015    -0.201293
2016    -0.231262
2017    -0.707982
2018     1.134266
2019     0.692764
2020    -2.259024
2021     1.041520
2022    -0.042818
2023    -0.465213
2024     0.709626
2025     0.114989
2026     0.103298
2027     0.125600
2028    -0.194367
2029     0.139407
2030     1.334378
2031     0.566134
2032     0.047543
2033     0.452677
2034    -0.142610
2035     1.756104
2036    -1.267378
2037     0.120504
2038    -0.439669
2039     0.288468
2040    -0.080122
2041     0.394001
2042    -0.922136
2043     0.361528
2044    -1.454898
2045     0.530403
2046    -0.774675
2047     0.230879
2048    -0.583520
2049    -1.129406
2050     0.501889
2051    -0.447014
2052    -1.489792
2053    -0.187985
2054    -0.403186
2055    -1.432496
2056     0.896034
2057     0.172776
2058     1.942841
2059    -0.682904
2060     0.847588
2061     0.665677
2062     0.247004
2063     0.292852
2064     0.409808
2065     0.263892
2066    -0.276942
2067    -0.753422
2068    -0.159879
2069    -0.810643
2070     1.295491
2071    -0.080824
2072    -0.699215
2073     1.128724
2074     2.164000
2075    -0.448204
2076    -1.097893
2077     0.098354
2078    -0.060647
2079    -1.081143
2080    -1.518518
2081     1.664978
2082     0.791974
2083    -2.347223
2084     0.719904
2085     0.185341
2086     0.092274
2087     0.193660
2088     0.737044
2089    -1.840435
2090     1.181705
2091     0.249126
2092     2.743600
2093    -0.097830
2094    -1.226655
2095     0.423546
2096    -0.658771
2097     1.563118
2098     0.217195
2099    -0.195756
2100    -0.345191
2101    -0.032861
2102    -0.174110
2103     0.198264
2104     1.723301
2105    -0.656813
2106     0.229846
2107     0.564141
2108    -0.768673
2109    -0.371604
2110    -0.352776
2111    -0.186459
2112    -1.578271
2113    -1.520193
2114     1.236769
2115    -1.635271
2116    -0.131450
2117    -0.134567
2118     0.804933
2119     0.112701
2120    -0.631289
2121     0.403824
2122     0.192546
2123    -0.439165
2124     0.232770
2125     0.529720
2126    -0.114690
2127     0.025653
2128    -1.611602
2129     1.743741
2130     0.278850
2131     0.191524
2132    -0.964375
2133     1.221456
2134     1.683685
2135    -0.813761
2136    -0.548917
2137    -1.740216
2138     1.252564
2139    -1.520080
2140     0.470475
2141    -0.699033
2142     0.827871
2143    -0.016644
2144     1.250117
2145     1.007066
2146    -1.486052
2147     1.393567
2148    -0.109253
2149    -1.295454
2150     1.006093
2151     0.166432
2152     3.119978
2153    -1.697023
2154    -0.672990
2155    -0.203090
2156    -0.116457
2157     1.433962
2158    -0.197731
2159    -0.486436
2160    -0.394540
2161    -0.102287
2162    -0.366391
2163    -0.030460
2164     1.892171
2165    -0.237872
2166     0.381901
2167    -0.060682
2168    -0.252185
2169     0.463165
2170    -1.349846
2171     0.011874
2172    -0.855174
2173    -2.091943
2174     1.060392
2175    -1.162082
2176    -0.104517
2177    -0.140128
2178     0.666319
2179    -0.370525
2180    -0.520348
2181     0.730094
2182     0.421552
2183    -0.359243
2184     0.108202
2185    -0.027179
2186     0.020358
2187     0.553400
2188    -1.258596
2189     0.347258
2190    -0.650762
2191     0.736699
2192     0.160567
2193     1.933135
2194     0.527926
2195    -0.214594
2196     0.463461
2197     0.054475
2198     1.249114
2199    -2.001763
2200     1.701484
2201    -1.316997
2202    -0.750687
2203     0.495003
2204     0.943773
2205     0.572151
2206    -2.881644
2207     1.105918
2208     0.495876
2209    -0.610405
2210    -0.220402
2211    -1.356012
2212     2.558169
2213    -0.828960
2214     0.072397
2215     2.005087
2216     0.261382
2217     0.455021
2218    -1.534941
2219    -0.703516
2220    -0.088182
2221    -0.348824
2222     0.204294
2223     0.243557
2224     1.171695
2225    -0.251420
2226     0.386637
2227    -0.688623
2228     0.310776
2229     0.366033
2230    -1.950899
2231     0.414133
2232    -1.247898
2233    -2.476679
2234     1.716362
2235    -1.097496
2236     1.453982
2237    -1.016859
2238     1.010363
2239    -1.437188
2240    -0.284274
2241    -0.409369
2242     0.468125
2243    -0.486978
2244     0.418679
2245     0.366665
2246    -0.341349
2247     0.808857
2248     0.334113
2249    -0.417681
2250     0.308749
2251     1.020637
2252    -0.727348
2253     0.169817
2254    -0.449594
2255    -1.445689
2256    -1.272117
2257     0.252500
2258     0.988343
2259    -0.660855
2260     2.740520
2261    -0.805353
2262     0.964035
2263     1.910911
2264     1.482737
2265     0.420756
2266    -2.609556
2267     1.422312
2268     0.083748
2269    -0.453753
2270     0.089521
2271    -0.511392
2272     0.644167
2273    -0.376983
2274    -0.488423
2275     1.225058
2276     0.058558
2277     0.433107
2278    -1.173257
2279    -0.533102
2280     0.073212
2281     1.004727
2282    -1.422167
2283     0.169750
2284     0.396496
2285     0.348452
2286     0.728499
2287    -0.774886
2288    -0.416313
2289     0.892287
2290    -1.000862
2291    -0.681167
2292     0.019746
2293    -1.259318
2294    -0.308154
2295     0.038912
2296     1.278735
2297     0.198399
2298     0.776145
2299     0.188673
2300    -1.029808
2301     0.109747
2302     0.703266
2303    -0.378853
2304     0.769288
2305     0.483215
2306    -0.712445
2307     1.025496
2308     1.580066
2309     0.352423
2310    -0.003937
2311     0.795272
2312     0.384508
2313     0.447098
2314    -0.047109
2315    -0.094214
2316    -0.212273
2317     0.909710
2318     0.138379
2319     0.103624
2320    -1.495514
2321     0.742441
2322    -2.745779
2323    -1.582381
2324     2.492186
2325    -2.298059
2326    -1.496484
2327    -0.587043
2328     0.624216
2329    -1.602720
2330     2.383761
2331    -1.901303
2332     0.472769
2333    -0.945109
2334     0.383568
2335     1.302836
2336     0.253560
2337     0.579908
2338     0.143508
2339    -0.718837
2340     0.493067
2341     2.934475
2342    -1.513249
2343     0.028236
2344    -0.395528
2345     0.696414
2346     0.498622
2347     0.277730
2348     0.093724
2349     0.501583
2350    -0.141056
2351    -0.495803
2352    -0.028095
2353     0.096908
2354    -0.382852
2355     0.334588
2356     0.648660
2357     0.293092
2358     0.826283
2359     0.824940
2360    -0.757001
2361    -0.017635
2362     0.900887
2363     0.142017
2364     0.363948
2365     0.747726
2366    -0.211645
2367     0.464362
2368     1.042076
2369     0.356989
2370     0.191646
2371    -0.344640
2372     0.041200
2373     0.861777
2374    -1.863131
2375    -0.572709
2376    -0.489879
2377     0.025647
2378    -0.351937
2379     0.570685
2380    -3.429044
2381     0.397840
2382    -3.262939
2383    -1.939335
2384     2.076942
2385    -1.465691
2386    -0.776595
2387    -0.092420
2388     0.243578
2389    -0.901141
2390     1.028962
2391    -0.666646
2392     1.010861
2393    -0.824654
2394     0.363215
2395     0.848817
2396     0.370971
2397     0.683687
2398     0.431742
2399    -0.295881
2400    -0.001324
2401     1.251491
2402    -1.128524
2403     0.868537
2404    -0.111582
2405     0.310638
2406    -0.638862
2407    -0.507046
2408    -0.014160
2409    -0.393217
2410    -1.031736
2411     0.125946
2412    -0.681427
2413    -0.789987
2414     0.333411
2415    -0.133772
2416    -0.216257
2417     0.330979
2418     0.139650
2419    -0.808528
2420    -0.168591
2421    -0.476313
2422    -0.735923
2423     0.079945
2424    -0.434275
2425    -0.631272
2426     0.203075
2427    -0.053215
2428    -0.728311
2429     0.073129
2430    -0.746317
2431     0.159235
2432     0.460229
2433     0.535334
2434    -1.183675
2435     0.325469
2436    -0.752832
2437    -0.334246
2438     0.152233
2439     0.031617
2440    -0.143901
2441     1.069919
2442     0.443891
2443     3.063948
2444     0.017047
2445     2.575681
2446    -1.544117
2447     0.453618
2448    -0.321395
2449     4.441382
2450    -1.975917
2451     1.454781
2452     0.326120
2453    -1.144370
2454    -0.437386
2455     0.434341
2456     0.347051
2457    -0.220142
2458    -0.909935
2459     0.148872
2460    -0.760337
2461     0.324999
2462    -0.280319
2463    -0.770766
2464     1.377525
2465    -0.120801
2466     0.554077
2467    -0.298165
2468    -0.028821
2469     0.574443
2470    -1.240813
2471    -0.318612
2472    -0.311223
2473    -1.097540
2474    -0.233475
2475    -0.191198
2476    -0.330511
2477    -0.031959
2478    -0.326499
2479    -0.681267
2480    -0.740286
2481    -0.099851
2482    -0.891020
2483    -0.861826
2484    -0.884007
2485    -0.820856
2486     0.013689
2487    -0.070249
2488    -0.218771
2489     0.251072
2490    -0.065107
2491     1.044377
2492    -0.183706
2493     0.821880
2494    -1.279060
2495     0.134983
2496     0.623207
2497    -0.401789
2498    -0.958204
2499    -0.523612
2500     0.003375
2501     0.374809
2502     0.071559
2503     1.001626
2504     2.541565
2505     0.834670
2506    -2.816903
2507     0.003908
2508    -0.254006
2509     3.797354
2510     0.474883
2511    -0.475816
2512     1.278681
2513    -0.051133
2514     0.467614
2515     2.262999
2516     0.482076
2517     0.931210
2518    -1.014242
2519    -0.467843
2520    -0.906325
2521    -1.035456
2522     0.434278
2523    -0.498660
2524     3.476344
2525    -0.491816
2526     0.275841
2527    -0.936510
2528    -0.414972
2529     0.333919
2530    -1.107113
2531     0.789576
2532     0.160502
2533    -0.944930
2534     0.026419
2535     0.008696
2536    -0.712177
2537     0.598121
2538    -0.036437
2539    -0.586501
2540    -0.889882
2541    -0.218712
2542    -0.798100
2543     0.491755
2544    -0.260171
2545    -0.199686
2546     0.370807
2547    -0.115324
2548    -0.647872
2549    -0.270013
2550    -0.599963
2551     2.074306
2552    -0.267051
2553     0.756562
2554     2.426826
2555    -0.574899
2556     0.082912
2557    -0.809685
2558     0.127556
2559     0.206238
2560    -0.778500
2561     0.717632
2562     0.072321
2563     2.301652
2564    -0.488467
2565    -0.405801
2566    -1.336201
2567     1.017631
2568     0.099902
2569    -0.468536
2570    -0.201110
2571     0.139241
2572    -0.433579
2573    -0.828133
2574     0.145204
2575     1.070865
2576    -0.001414
2577     1.004780
2578    -0.555148
2579    -0.146019
2580    -1.151048
2581    -0.728394
2582     0.235725
2583    -0.085503
2584     3.070340
2585     0.037478
2586    -0.793036
2587    -1.127072
2588    -0.242216
2589     0.108183
2590    -0.780229
2591    -0.262322
2592     0.787239
2593    -0.855259
2594    -0.142279
2595     0.335771
2596    -0.830347
2597     0.476204
2598    -0.155951
2599    -0.076175
2600    -0.775599
2601     0.248733
2602    -0.871282
2603    -0.139595
2604    -0.619923
2605     0.202836
2606     0.247418
2607     0.092481
2608    -0.011189
2609     0.610386
2610     0.261642
2611     0.356985
2612    -0.197885
2613    -0.630247
2614     2.908793
2615     0.059666
2616     0.489179
2617    -1.314617
2618     0.261637
2619    -0.412339
2620    -0.784227
2621     0.750551
2622     0.092077
2623     3.112946
2624    -0.226956
2625     0.499171
2626    -0.624480
2627     0.306814
2628     1.130324
2629    -0.439341
2630    -0.496715
2631     0.162396
2632    -0.608130
2633     0.049570
2634     0.013321
2635    -0.416824
2636     0.147543
2637    -0.785462
2638    -0.184335
2639    -0.699423
2640    -0.738057
2641    -0.792692
2642    -0.362097
2643    -0.965102
2644     0.928936
2645    -0.330065
2646    -0.268371
2647     0.597931
2648     0.196828
2649     0.393857
2650     0.008877
2651    -0.562478
2652     0.395825
2653    -0.305547
2654     0.002977
2655     0.226441
2656    -0.630880
2657     0.870639
2658    -0.033948
2659    -0.639734
2660    -2.443251
2661    -1.571361
2662     0.841106
2663     0.907710
2664     0.295202
2665    -0.580097
2666     0.579244
2667     0.079926
2668    -0.262876
2669     1.061869
2670     0.832726
2671     0.139751
2672     0.539106
2673     0.239762
2674    -0.013608
2675    -0.338086
2676     0.616773
2677    -0.485778
2678    -0.246548
2679    -1.531049
2680    -1.512066
2681     0.253459
2682    -0.609818
2683     0.319627
2684    -1.596595
2685     0.019749
2686     0.764442
2687     0.525573
2688     1.552403
2689     0.663333
2690     0.948733
2691     1.068108
2692    -0.506368
2693    -0.774717
2694    -0.720045
2695     0.896941
2696     1.148812
2697     0.303027
2698     0.568702
2699    -0.381112
2700    -0.324105
2701    -0.542922
2702    -0.346753
2703    -0.869305
2704    -1.288444
2705     0.894736
2706    -0.411292
2707    -1.327516
2708     0.198186
2709    -0.512306
2710     0.403133
2711    -0.428763
2712     0.347932
2713     0.040200
2714    -0.564073
2715    -0.151489
2716    -0.323828
2717    -0.354626
2718    -0.598603
2719     2.612097
2720    -0.572978
2721     1.303600
2722    -0.372799
2723     1.656592
2724     0.096185
2725     1.123034
2726    -0.945233
2727     0.003115
2728     0.806478
2729    -0.560508
2730     0.721671
2731    -1.635885
2732    -0.131204
2733    -0.896498
2734     0.165915
2735    -0.864883
2736    -0.098042
2737     2.779926
2738     0.899844
2739     1.617330
2740     1.965206
2741    -0.148746
2742     1.151792
2743    -0.317163
2744    -0.712801
2745    -0.318744
2746    -0.822660
2747     0.264579
2748     0.328556
2749     0.445541
2750    -0.643054
2751    -0.247411
2752    -0.365943
2753    -0.026058
2754    -0.471190
2755    -1.811930
2756     1.082498
2757    -0.516130
2758    -1.532437
2759     1.303246
2760    -0.479171
2761    -0.967302
2762     1.467565
2763    -0.144563
2764     0.196780
2765     0.298556
2766     0.087109
2767     1.326189
2768    -2.047992
2769     0.459356
2770    -0.688546
2771     0.788943
2772    -0.154146
2773    -0.585977
2774     1.078980
2775     0.060563
2776    -1.111358
2777     0.542342
2778    -1.027646
2779    -1.002386
2780     0.403975
2781    -0.761080
2782     2.318304
2783    -1.368802
2784     0.849598
2785    -1.199219
2786     1.272809
2787    -0.556300
2788     0.394955
2789    -0.936885
2790    -0.207480
2791     1.203458
2792    -1.725899
2793     0.377139
2794     0.390117
2795     0.924960
2796     1.335529
2797    -0.771565
2798     1.227894
2799    -0.583589
2800    -1.189764
2801     0.461285
2802    -0.871041
2803    -0.792364
2804     0.312388
2805    -0.569140
2806     0.612669
2807    -1.688337
2808     0.070847
2809    -0.873391
2810     1.215665
2811    -0.189221
2812     0.159794
2813     1.110959
2814     0.923661
2815     1.228798
2816    -1.667081
2817     0.572621
2818     1.350809
2819    -1.671323
2820     0.327783
2821    -0.077651
2822    -0.123911
2823    -1.250127
2824     0.410800
2825     1.756783
2826     0.510527
2827     0.602807
2828    -1.295528
2829     0.926850
2830    -0.494071
2831     0.206987
2832    -0.427295
2833    -0.408378
2834     0.147703
2835    -0.362661
2836    -1.027299
2837     0.205050
2838    -0.727726
2839    -0.459888
2840     0.209228
2841    -0.998970
2842     1.135300
2843    -0.574386
2844     1.547870
2845    -0.966603
2846     0.837971
2847    -0.442835
2848    -0.689454
2849    -2.158743
2850     1.015866
2851     1.211368
2852    -0.412316
2853     0.190867
2854     0.904783
2855     2.286127
2856     1.021044
2857    -0.484620
2858     0.812978
2859    -0.594995
2860    -0.527877
2861     0.946522
2862    -1.040454
2863    -0.713128
2864     0.155766
2865    -0.551729
2866    -0.524634
2867    -2.528503
2868     1.060474
2869    -0.698703
2870     0.308271
2871    -0.482125
2872     0.551550
2873     1.845439
2874     0.491585
2875     0.958565
2876    -2.947714
2877    -0.119391
2878     1.297132
2879     0.322278
2880     0.233224
2881     0.971342
2882    -5.004660
2883     0.522767
2884    -0.981720
2885     0.416962
2886    -0.590756
2887     0.158805
2888     0.328323
2889    -0.477631
2890    -0.171573
2891     0.508511
2892     0.364884
2893    -0.301181
2894     0.678048
2895     0.193800
2896    -0.613118
2897     0.456736
2898     0.281603
2899    -0.883540
2900    -0.666717
2901    -0.795959
2902     1.357085
2903     0.902562
2904     1.146079
2905    -0.912402
2906     0.697911
2907     0.129347
2908    -0.568379
2909     0.686315
2910    -0.248351
2911     2.589022
2912     0.666223
2913     1.207841
2914    -0.694457
2915    -0.644750
2916    -0.698611
2917    -0.939333
2918    -0.072189
2919    -0.476343
2920    -0.299432
2921    -0.053222
2922     0.101792
2923    -0.245797
2924     0.320417
2925     0.422698
2926    -0.544070
2927     0.326620
2928    -0.603412
2929    -0.594439
2930     0.757485
2931     0.023352
2932     0.045303
2933     0.770218
2934     0.504072
2935     1.299211
2936    -1.412357
2937    -1.505225
2938     1.328675
2939     0.337563
2940     0.498053
2941    -0.673096
2942     0.949209
2943     0.655366
2944     0.191492
2945     1.193652
2946     1.192412
2947     0.506733
2948     0.521631
2949     0.280150
2950    -0.272355
2951    -0.345406
2952     0.240208
2953     0.400378
2954    -1.202892
2955     0.102866
2956    -0.500040
2957    -0.330650
2958     0.281540
2959    -0.036297
2960     0.545655
2961     0.821677
2962    -0.151146
2963    -0.590620
2964    -1.424355
2965     0.099327
2966    -0.779025
2967     0.355767
2968     0.405977
2969     0.563071
2970     0.652762
2971     1.500555
2972    -0.652265
2973    -1.763079
2974     0.121559
2975     1.019457
2976     1.289756
2977     0.214895
2978     1.229653
2979     1.233399
2980    -0.876508
2981     0.237445
2982     0.463007
2983    -0.413557
2984    -0.706879
2985     0.081222
2986     0.802116
2987     1.374712
2988     1.395312
2989    -0.373477
2990    -0.559527
2991    -0.096298
2992    -0.221517
2993    -0.529693
2994    -0.499364
2995    -0.558817
2996    -2.195111
2997    -4.592159
2998    -0.166220
2999     0.257582
3000    -0.670189
3001    -1.132484
3002     0.508783
3003     0.555297
3004     1.206203
3005    -1.569034
3006    -0.431812
3007     0.835664
3008    -0.877994
3009    -0.132823
3010    -0.439630
3011     0.450815
3012     0.874838
3013    -0.373949
3014     0.667809
3015     1.116717
3016    -0.733243
3017     0.495964
3018     0.937787
3019     1.473431
3020    -0.597750
3021     0.621204
3022    -0.474197
3023     1.124895
3024    -0.329641
3025     0.466333
3026     0.832836
3027     1.515742
3028     0.861747
3029    -0.215870
3030     0.555637
3031    -0.401432
3032     0.336629
3033    -2.391085
3034    -0.824341
3035    -1.335003
3036    -0.489981
3037     0.918826
3038    -0.479099
3039     0.359281
3040    -0.288041
3041    -0.418251
3042     0.825948
3043    -0.967337
3044     0.627078
3045     0.821135
3046     0.411014
3047    -0.995238
3048    -0.500358
3049    -0.435390
3050     0.829694
3051     0.854708
3052     0.006879
3053     0.607919
3054     0.218594
3055    -0.126299
3056     0.178109
3057    -4.113288
3058     0.016244
3059    -0.172292
3060    -0.867899
3061    -2.151654
3062     1.171112
3063    -0.902726
3064     0.591527
3065    -0.190478
3066    -0.145962
3067     0.319846
3068     0.015057
3069     1.594758
3070    -0.796871
3071    -0.015813
3072    -0.088934
3073    -0.299035
3074    -0.517306
3075    -1.021581
3076    -0.659951
3077    -0.342127
3078    -0.860707
3079     1.138881
3080    -0.426980
3081     3.423776
3082    -0.343329
3083    -0.537373
3084     0.482641
3085     0.622232
3086     0.251079
3087     0.113256
3088     0.475003
3089     0.048935
3090     1.673633
3091    -0.317884
3092    -0.661582
3093    -0.454850
3094     0.736661
3095     1.048500
3096    -0.708933
3097     0.610265
3098     0.275821
3099    -0.039189
3100     1.771051
3101     0.861709
3102     0.094393
3103    -0.633831
3104    -0.904648
3105    -1.468020
3106    -0.554473
3107     1.539394
3108     0.807599
3109    -0.088889
3110    -0.913782
3111    -1.072094
3112     0.169740
3113    -0.550956
3114     0.440194
3115    -0.398853
3116     0.249644
3117    -2.253767
3118    -0.190436
3119    -0.400205
3120     0.386514
3121    -0.811385
3122    -1.248789
3123    -0.653067
3124    -0.196261
3125     0.553354
3126    -0.208971
3127    -0.301472
3128     0.909701
3129     0.874765
3130     0.407551
3131    -0.678026
3132     0.842912
3133     0.896385
3134    -1.027988
3135     0.040238
3136     1.239925
3137    -0.840496
3138     0.274014
3139    -0.810459
3140     0.544306
3141     1.254089
3142     0.402103
3143    -0.651663
3144     1.067060
3145     0.198681
3146    -0.634572
3147    -0.350057
3148    -0.663583
3149     3.101097
3150     0.566664
3151    -0.676699
3152     0.798707
3153    -0.619863
3154    -0.109477
3155    -1.231477
3156    -1.039835
3157     0.206906
3158    -0.840085
3159    -0.416561
3160     0.164568
3161    -0.461270
3162    -0.637711
3163     0.658173
3164    -0.886583
3165    -0.304994
3166    -0.690770
3167     2.782754
3168     0.495291
3169     1.147187
3170    -0.857838
3171     0.070541
3172    -0.343873
3173    -1.229702
3174     0.073192
3175    -0.407919
3176     3.163718
3177    -1.512739
3178    -0.309582
3179    -1.265148
3180     0.185033
3181    -1.351953
3182    -0.680251
3183    -0.440385
3184     0.302287
3185    -0.791366
3186    -0.419330
3187     0.031166
3188    -0.245756
3189     0.269128
3190    -0.045976
3191    -0.957683
3192    -1.768541
3193     0.110393
3194     1.377960
3195    -0.666824
3196     0.498002
3197     1.480549
3198     0.317404
3199    -1.104127
3200    -0.784862
3201    -1.091833
3202     0.497594
3203    -1.817800
3204     0.362990
3205     0.012005
3206     0.709960
3207     0.262002
3208     0.368355
3209     0.400847
3210     0.142496
3211    -0.903798
3212     2.837430
3213     0.824726
3214     0.160964
3215    -1.879103
3216     0.278177
3217     0.360286
3218     0.119411
3219     1.037047
3220    -0.138012
3221     0.913667
3222     0.177540
3223    -0.027106
3224     1.010107
3225    -0.247685
3226     0.213440
3227     0.111399
3228    -0.332420
3229     0.575395
3230     0.508384
3231    -0.434726
3232    -0.006379
3233    -2.622433
3234     0.258408
3235     0.454927
3236     2.600812
3237     0.847574
3238    -0.007463
3239    -2.291272
3240     0.624253
3241     2.110232
3242    -1.526506
3243     1.295116
3244    -0.251839
3245    -0.188578
3246    -0.766337
3247    -1.159354
3248    -0.279970
3249    -0.349097
3250    -0.394752
3251    -0.882209
3252    -1.226638
3253     0.077840
3254    -1.116199
3255     0.202740
3256     1.657687
3257     0.785487
3258     1.056151
3259    -0.631983
3260     0.289674
3261    -0.924591
3262    -0.289299
3263     0.440220
3264    -0.751214
3265     1.787994
3266    -0.511749
3267     1.287248
3268    -0.194217
3269     0.857952
3270    -0.160941
3271    -1.477991
3272     2.591627
3273     0.446033
3274    -0.630489
3275     0.342439
3276    -0.871303
3277     2.069910
3278    -1.486615
3279     1.968001
3280    -0.037764
3281    -0.554807
3282     0.707336
3283    -0.559960
3284    -0.545891
3285     0.084791
3286    -0.528693
3287     0.280042
3288    -0.585542
3289    -0.013929
3290    -1.174439
3291    -0.055633
3292    -0.033321
3293     0.168694
3294    -0.897686
3295    -1.068201
3296     2.237042
3297     0.100519
3298    -0.431870
3299     0.273785
3300    -0.558954
3301     1.163989
3302    -0.592946
3303     1.445336
3304     0.213481
3305    -1.298259
3306    -1.559880
3307    -2.676874
3308    -0.199796
3309    -2.857080
3310    -0.329905
3311    -0.486373
3312    -0.260011
3313     0.432693
3314    -1.564543
3315     0.416225
3316     1.724392
3317     0.065916
3318     0.354031
3319     0.103855
3320    -0.688790
3321    -0.882846
3322    -0.988450
3323     1.536166
3324    -0.014267
3325    -0.163534
3326     1.821165
3327    -0.255375
3328    -0.358790
3329     1.467363
3330     0.179851
3331    -0.375321
3332     1.551478
3333     0.152028
3334    -0.229520
3335     0.288797
3336    -0.275731
3337     1.173587
3338    -1.078330
3339     1.198155
3340    -0.343053
3341    -0.256154
3342     0.411128
3343    -0.328834
3344    -0.634191
3345     0.740203
3346     0.011862
3347     0.058765
3348     0.121206
3349     0.414055
3350    -1.735825
3351    -0.025770
3352    -0.634450
3353     1.223622
3354    -0.480975
3355     1.126523
3356     0.553149
3357     1.542749
3358     0.064294
3359    -0.031214
3360     0.051024
3361     0.757421
3362     1.031170
3363     0.251626
3364     0.883628
3365    -2.249210
3366     0.570553
3367    -0.814064
3368     0.613039
3369    -0.790164
3370     0.097535
3371    -1.895229
3372     0.883711
3373     0.644290
3374    -1.371155
3375     1.106751
3376     0.466679
3377     0.685226
3378    -0.555654
3379     0.365805
3380    -2.115986
3381     0.529174
3382    -1.154858
3383     2.450891
3384    -1.446538
3385    -0.369388
3386    -1.042132
3387     0.207527
3388    -0.466311
3389     2.276370
3390    -0.970181
3391    -0.950833
3392    -0.094021
3393    -0.536508
3394     0.507964
3395     0.086465
3396     0.717683
3397     0.837014
3398     1.012139
3399    -0.009892
3400    -0.229219
3401    -0.868557
3402     0.711006
3403     0.126333
3404    -0.088202
3405     1.067249
3406    -0.905546
3407    -0.092606
3408    -0.957442
3409     0.876782
3410    -1.363416
3411     1.015902
3412    -0.628726
3413     2.429262
3414    -1.580797
3415    -0.254627
3416     0.285555
3417    -0.612390
3418     0.210120
3419     0.310396
3420     0.398384
3421    -0.351815
3422     1.717388
3423     0.205389
3424     0.172654
3425    -0.547632
3426     1.023010
3427    -1.121594
3428     1.042219
3429    -0.226555
3430     0.178907
3431    -0.966067
3432     1.521913
3433     0.011526
3434    -0.691077
3435     0.730503
3436    -0.460364
3437     1.113739
3438    -0.323363
3439     0.135848
3440    -1.271514
3441     0.814883
3442     0.730466
3443    -0.059484
3444    -1.065469
3445    -1.545381
3446     0.083054
3447    -1.173617
3448     0.856435
3449     0.273801
3450    -0.506469
3451    -0.623956
3452    -0.878281
3453    -1.542163
3454    -0.012671
3455     0.099924
3456     0.387003
3457    -0.366816
3458     1.967610
3459     0.136286
3460     1.168747
3461    -2.096987
3462     0.187679
3463     1.968619
3464    -1.855144
3465     0.421043
3466    -1.290052
3467    -0.015984
3468    -1.274622
3469     0.548093
3470    -0.822533
3471     0.980382
3472    -0.087332
3473     1.296205
3474    -0.606402
3475    -1.361155
3476     2.654687
3477    -0.297900
3478     1.449843
3479    -1.043923
3480     0.608467
3481     0.131524
3482     1.639651
3483     0.330887
3484     0.932238
3485     0.746984
3486    -0.414071
3487     0.096487
3488     1.462552
3489     0.609268
3490     0.547042
3491     0.343615
3492     0.420055
3493     0.162211
3494     0.209898
3495     0.844807
3496     0.494519
3497     1.490147
3498     0.456531
3499     0.663358
3500     0.269885
3501     0.011957
3502    -0.581513
3503    -1.120684
3504    -0.740571
3505     0.032909
3506     1.042645
3507    -0.410097
3508    -0.445643
3509    -1.718176
3510     0.029339
3511    -1.296940
3512    -1.903413
3513    -0.575723
3514     0.584113
3515     1.074346
3516    -0.212084
3517     0.352712
3518     1.659564
3519     0.877086
3520    -0.221735
3521    -2.090340
3522     0.421206
3523     0.746611
3524    -1.774220
3525     1.453804
3526    -1.642129
3527    -1.275495
3528    -1.903340
3529    -0.126327
3530    -1.202879
3531     1.705688
3532    -0.619689
3533     0.637639
3534    -0.692744
3535    -0.971828
3536     0.362804
3537    -2.691922
3538     1.162082
3539     0.145477
3540     0.479926
3541    -0.785184
3542     1.304841
3543     1.901999
3544     1.955617
3545     0.750311
3546    -1.136780
3547     0.799796
3548     1.089311
3549    -0.801286
3550     0.602769
3551     0.426273
3552    -0.563031
3553     1.043513
3554     0.182161
3555    -0.391214
3556    -1.531693
3557     0.314151
3558     1.721537
3559     1.443023
3560     0.436047
3561    -0.813652
3562     0.402570
3563    -0.704583
3564     0.697399
3565    -1.609721
3566     0.320719
3567     1.085517
3568    -0.257062
3569    -1.036433
3570    -0.124182
3571    -0.695095
3572    -1.119215
3573    -0.216420
3574     1.051236
3575     1.075162
3576    -1.148233
3577    -1.662769
3578     0.340624
3579     2.112077
3580     0.143374
3581    -2.376038
3582    -1.458698
3583    -0.438079
3584    -1.441723
3585     1.029175
3586    -0.748503
3587    -0.903299
3588     0.007426
3589    -0.083825
3590    -0.930585
3591     0.413883
3592    -0.280824
3593     1.006849
3594    -0.912906
3595    -0.448834
3596     0.779963
3597    -1.295464
3598     1.099692
3599     0.485465
3600    -0.107146
3601    -1.666915
3602     1.225643
3603     1.366353
3604     0.903076
3605     0.848795
3606    -0.296401
3607     1.515188
3608     0.828536
3609    -0.042403
3610     1.667163
3611    -0.088869
3612    -0.594847
3613     1.664044
3614    -0.418915
3615    -0.584651
3616    -2.123514
3617     0.259702
3618     0.759055
3619     2.372951
3620    -0.322431
3621    -0.047343
3622    -0.803594
3623    -0.170299
3624     0.799495
3625    -1.588733
3626     0.660662
3627     0.634603
3628    -0.696254
3629    -0.766361
3630    -0.737622
3631    -0.624897
3632    -0.954900
3633    -0.988733
3634     1.222429
3635     1.349052
3636     0.272274
3637    -1.911462
3638     0.235359
3639     0.878211
3640    -0.014988
3641    -2.095701
3642    -1.477419
3643    -0.997336
3644    -1.014225
3645     0.166054
3646    -1.609786
3647    -0.345521
3648     0.074934
3649     0.205472
3650    -1.338355
3651    -0.724971
3652     0.533977
3653     0.764929
3654    -0.475709
3655     0.682193
3656     0.734746
3657     0.282591
3658     1.270985
3659     0.608154
3660     0.736530
3661    -0.720304
3662     1.288277
3663     1.104858
3664     2.452905
3665     0.758073
3666    -0.775889
3667     0.104947
3668     1.429244
3669     0.173410
3670     0.090705
3671    -0.617012
3672    -2.044354
3673     0.199705
3674    -0.849286
3675    -2.021945
3676    -1.554690
3677     0.536357
3678     1.059005
3679     2.362455
3680     0.026177
3681    -1.083629
3682    -0.033205
3683    -0.156271
3684     0.544715
3685    -0.502008
3686     0.453099
3687     0.564861
3688     0.068321
3689    -0.705054
3690    -0.362490
3691     0.326914
3692    -1.211186
3693    -0.127461
3694    -0.627581
3695     1.454683
3696     0.965729
3697    -1.035114
3698     0.021521
3699     0.718692
3700     0.817213
3701    -2.314936
3702    -0.943495
3703    -0.004788
3704    -1.241081
3705     0.289607
3706    -0.872836
3707    -0.465917
3708    -0.377529
3709     1.130659
3710    -1.270151
3711    -0.755616
3712    -0.669191
3713     1.420693
3714     0.446374
3715    -0.723951
3716     0.861049
3717     1.735302
3718    -0.810158
3719     0.581721
3720     0.889854
3721    -0.739655
3722     1.338703
3723    -0.141765
3724     2.957858
3725     0.722786
3726    -1.963440
3727     0.671084
3728     1.168538
3729    -1.636147
3730    -0.418654
3731    -0.888612
3732    -0.446980
3733    -0.489522
3734    -1.284369
3735    -0.440682
3736    -1.367896
3737     0.381164
3738    -0.406195
3739     1.624496
3740    -0.300628
3741     0.207613
3742     0.859480
3743    -0.119912
3744     2.449367
3745    -0.354203
3746     0.991624
3747     0.346342
3748    -0.090129
3749    -0.645083
3750     1.005488
3751     0.057211
3752    -1.307832
3753     1.351428
3754    -0.230842
3755     1.379984
3756    -0.630485
3757    -0.677897
3758     0.486293
3759     0.349581
3760    -0.147531
3761    -2.597776
3762    -0.621607
3763    -0.258177
3764    -1.078145
3765    -0.049263
3766    -0.561634
3767    -0.126781
3768     0.916978
3769     0.183467
3770    -1.421062
3771    -0.510861
3772    -0.616479
3773     1.535136
3774    -0.862806
3775    -0.699021
3776     0.611138
3777     0.142194
3778     0.298044
3779     1.154834
3780     0.941241
3781     0.544401
3782    -0.717672
3783    -1.370751
3784     0.757659
3785    -0.109663
3786     1.199606
3787     0.711626
3788     2.451039
3789    -0.294177
3790    -0.556390
3791    -0.383722
3792    -0.022008
3793    -0.705993
3794    -0.930310
3795     0.012153
3796    -0.058688
3797    -0.994235
3798    -0.833510
3799    -0.179386
3800     0.354594
3801    -0.260640
3802     0.127154
3803     0.555524
3804     2.708110
3805     0.517128
3806     0.092872
3807    -1.102418
3808    -0.448083
3809    -0.320336
3810     0.814885
3811    -0.462199
3812    -0.960294
3813     1.754658
3814     0.229221
3815     2.483402
3816     0.623500
3817     0.051556
3818    -0.523933
3819    -0.961196
3820    -0.848828
3821    -2.743916
3822    -0.912706
3823    -0.236971
3824    -1.736868
3825    -1.491348
3826    -0.373063
3827     0.201192
3828     0.992977
3829    -0.513369
3830    -0.918984
3831    -0.594562
3832     0.575737
3833     1.859819
3834    -0.718577
3835     0.210541
3836     0.580909
3837    -0.075387
3838     0.657947
3839     1.760583
3840     0.531391
3841     0.259891
3842    -1.630475
3843    -1.290138
3844     1.323516
3845     1.274963
3846     1.834767
3847     0.390314
3848     2.221099
3849     0.591132
3850    -0.548538
3851    -0.917457
3852    -0.792689
3853    -0.555029
3854    -1.222182
3855    -0.823772
3856     0.169768
3857    -0.929969
3858    -0.638931
3859    -0.002479
3860     2.993651
3861     0.799541
3862    -0.148259
3863     0.242809
3864     0.510290
3865     0.029156
3866    -0.901733
3867    -0.673008
3868    -0.131787
3869    -0.062848
3870     0.592014
3871    -0.007069
3872    -0.460670
3873     1.046014
3874     0.111086
3875     2.250134
3876     0.998876
3877     0.140445
3878    -0.476589
3879    -0.537090
3880    -0.532391
3881    -2.259623
3882    -0.829259
3883     0.043647
3884    -1.410240
3885    -1.242331
3886    -0.069594
3887     0.518987
3888     0.977127
3889    -0.487374
3890    -1.423946
3891    -1.871137
3892    -0.331060
3893     0.742722
3894    -0.138756
3895    -0.254991
3896    -0.020501
3897     0.844997
3898     0.600750
3899     1.471868
3900     0.642354
3901     0.085400
3902    -1.355344
3903    -0.414509
3904     1.490523
3905     3.382660
3906    -0.022681
3907     1.344056
3908     1.917370
3909     0.498669
3910    -0.974580
3911    -0.890199
3912    -0.883557
3913    -0.992091
3914    -1.382406
3915    -1.226415
3916     0.405296
3917    -0.707984
3918    -0.430634
3919     0.199951
3920     1.354701
3921     0.025141
3922    -0.015484
3923     0.696897
3924     0.862688
3925     0.296597
3926    -1.213895
3927    -0.233417
3928    -0.281530
3929     0.740568
3930     0.607804
3931    -0.256902
3932     0.621477
3933     1.375634
3934     0.048254
3935    -0.103812
3936     0.019952
3937     0.483499
3938    -0.440422
3939    -0.737441
3940    -1.475440
3941    -2.388228
3942    -0.804585
3943    -0.813694
3944    -0.121521
3945    -0.734630
3946     0.323446
3947    -0.577877
3948     0.707570
3949    -1.285900
3950    -1.477094
3951    -0.856332
3952     0.073138
3953    -0.256923
3954     0.338579
3955    -0.357907
3956     0.530955
3957     0.948551
3958     1.703368
3959     1.671077
3960     0.959610
3961     0.824640
3962    -1.957982
3963    -1.090392
3964    -0.676810
3965     3.084926
3966    -0.224840
3967    -0.786426
3968     0.504993
3969     0.609971
3970     0.237093
3971     0.758139
3972     0.273295
3973     0.633251
3974     0.597806
3975    -0.234345
3976     0.624419
3977    -1.880024
3978    -1.561372
3979    -0.610153
3980     1.134784
3981     0.418867
3982    -0.587142
3983     0.471915
3984     0.892657
3985     0.905233
3986    -1.992739
3987    -1.314852
3988    -1.016491
3989     0.576878
3990     0.253151
3991    -0.621415
3992     0.728236
3993     1.801223
3994    -0.163593
3995    -0.554470
3996     0.640536
3997     0.387394
3998    -1.952017
3999    -1.765795
4000     0.017963
4001    -0.216138
4002    -0.248060
4003     0.022053
4004     1.190322
4005     0.559840
4006     1.805769
4007    -0.228243
4008     0.693689
4009    -0.274895
4010    -0.278017
4011    -0.186510
4012     0.913766
4013    -0.050714
4014    -0.559896
4015    -0.886988
4016     0.347416
4017     0.929994
4018    -0.747667
4019    -0.285070
4020     0.112839
4021     0.420435
4022    -0.970974
4023    -1.134062
4024     0.259063
4025     0.396144
4026    -0.829351
4027    -0.761399
4028    -0.174229
4029     1.329016
4030     0.379102
4031     1.039024
4032    -0.201953
4033     0.726967
4034     0.803045
4035     0.202686
4036     0.626153
4037    -1.883471
4038    -1.326180
4039    -0.266938
4040     0.649045
4041     0.014674
4042    -0.274558
4043    -0.008852
4044     0.810679
4045     0.588177
4046    -1.331437
4047    -1.343407
4048    -0.852981
4049    -0.285452
4050     0.999874
4051    -0.359999
4052     1.578650
4053     0.720176
4054    -0.708406
4055     0.602122
4056     0.877621
4057     0.373604
4058    -2.179102
4059    -1.507485
4060     0.368572
4061    -0.772707
4062    -1.614679
4063    -0.188260
4064     1.609262
4065     1.310720
4066     1.018840
4067     1.395476
4068     0.971133
4069     0.469686
4070    -1.648404
4071    -1.982677
4072    -0.285986
4073     0.569468
4074     1.094564
4075    -0.546429
4076    -0.218242
4077     1.154947
4078    -0.985644
4079     0.830634
4080     0.453703
4081     0.762375
4082    -0.050397
4083    -1.229557
4084    -0.010096
4085    -0.829785
4086     0.967409
4087    -0.631668
4088     0.502957
4089     1.518381
4090    -0.345336
4091    -0.500859
4092    -1.125935
4093     0.469465
4094     0.210578
4095    -1.348623
4096     1.245405
4097    -0.762190
4098    -0.830636
4099    -0.011402
4100     1.376837
4101     0.861833
4102    -0.808884
4103    -1.119302
4104    -0.064581
4105     0.981730
4106    -0.761469
4107    -0.716858
4108    -0.973895
4109    -1.133829
4110     1.996267
4111    -1.254616
4112    -0.622201
4113    -0.101291
4114    -0.906234
4115     0.931823
4116     0.769414
4117     0.880585
4118    -0.977104
4119    -1.513502
4120     0.590660
4121    -0.579230
4122    -1.193331
4123    -0.116821
4124     2.140599
4125     1.024609
4126    -0.227936
4127    -0.844509
4128    -0.858044
4129     1.050168
4130    -0.543107
4131    -1.349412
4132    -0.362139
4133     0.972341
4134     0.909606
4135     0.436608
4136     1.337028
4137     1.227668
4138    -0.767969
4139     1.251820
4140     1.056585
4141     1.112730
4142     0.519010
4143    -2.276340
4144    -0.704125
4145    -0.546736
4146     2.462041
4147    -0.425034
4148    -0.771236
4149     1.658438
4150     0.146347
4151     0.148981
4152    -2.446235
4153    -0.474112
4154     0.440039
4155     0.424303
4156     0.783792
4157     0.022361
4158     0.135909
4159     0.365170
4160     0.360287
4161     0.623942
4162    -0.667488
4163    -0.760099
4164    -0.292416
4165     0.581320
4166     0.211943
4167    -0.037484
4168    -0.515844
4169    -0.982798
4170     1.324296
4171    -1.035850
4172    -1.067583
4173     0.183265
4174     0.428892
4175     0.232566
4176    -2.205632
4177     0.784529
4178     0.061264
4179    -2.175285
4180    -0.086717
4181    -0.098671
4182    -0.081127
4183     0.304333
4184     0.843525
4185     0.824016
4186    -0.540647
4187    -1.078348
4188     0.021958
4189    -0.319422
4190     0.691513
4191     0.337121
4192    -0.398023
4193     0.256061
4194     1.053808
4195     1.390290
4196     1.293155
4197    -0.829223
4198    -0.730141
4199     0.224768
4200     1.294644
4201     0.753685
4202     0.159408
4203    -1.483450
4204    -0.736447
4205    -0.110610
4206     0.015849
4207    -0.370116
4208    -0.729154
4209     0.741704
4210     0.206788
4211    -0.438077
4212    -1.153133
4213     0.295405
4214     2.173368
4215     2.187488
4216     0.491499
4217     0.330969
4218    -0.928135
4219     0.192593
4220    -0.354899
4221     0.550803
4222    -0.542653
4223    -0.513450
4224    -1.230161
4225     0.219715
4226     0.283344
4227    -1.519348
4228    -0.637172
4229    -0.402826
4230    -0.984363
4231    -0.760918
4232    -0.674256
4233    -1.077943
4234     0.049763
4235    -0.530415
4236    -1.796005
4237     0.449171
4238    -0.340523
4239    -1.108113
4240     0.182286
4241    -0.187805
4242     0.516071
4243     0.147115
4244     0.112953
4245     0.451872
4246    -0.415928
4247    -0.272705
4248    -1.332317
4249     0.513562
4250     1.969493
4251     2.435043
4252    -0.380932
4253    -0.641214
4254     0.576006
4255     0.404409
4256    -0.519260
4257     2.096563
4258    -0.061824
4259     0.685659
4260     3.041571
4261    -1.189335
4262     0.347493
4263     0.057275
4264     0.103503
4265    -0.090049
4266    -1.047579
4267     0.299421
4268    -0.557828
4269     0.283029
4270     0.422512
4271    -0.209254
4272    -1.127474
4273     0.627025
4274    -0.084887
4275     1.059176
4276    -1.217453
4277     0.253356
4278     0.350488
4279     0.475969
4280     0.183856
4281     0.553114
4282     0.147416
4283     0.009945
4284    -1.642651
4285     0.882805
4286     0.611732
4287    -1.901958
4288     0.250949
4289     0.090655
4290    -1.552987
4291     0.324550
4292     0.159385
4293    -1.756781
4294    -0.100882
4295    -0.257556
4296    -1.510403
4297    -1.182827
4298     0.166981
4299     0.304156
4300     0.409461
4301     0.068029
4302     0.573127
4303     0.221870
4304     0.159903
4305     0.585923
4306     0.318771
4307    -0.324148
4308    -1.852480
4309     0.650125
4310     0.363111
4311     2.141287
4312     0.061336
4313    -0.353637
4314     0.429773
4315    -1.921727
4316    -0.712390
4317     3.483469
4318     0.416511
4319     0.175305
4320     2.571495
4321    -1.215172
4322     0.285060
4323    -0.668418
4324     0.229324
4325     0.005263
4326     0.142108
4327     0.231504
4328     0.987203
4329    -1.364830
4330     0.543360
4331    -0.378513
4332     0.821605
4333     0.779611
4334     0.851115
4335     0.784015
4336    -1.039734
4337     0.383242
4338     0.157519
4339     0.395475
4340    -0.133275
4341     0.337865
4342     0.042448
4343    -0.106302
4344    -1.741504
4345     0.830152
4346     0.629121
4347    -1.625793
4348     0.031638
4349    -0.526384
4350    -1.654820
4351     0.118100
4352    -0.203042
4353    -2.095595
4354     0.257558
4355     0.220847
4356     0.321818
4357    -1.261096
4358    -0.538993
4359     0.084430
4360     0.407350
4361     0.328098
4362     0.498560
4363     0.239551
4364    -0.461085
4365     1.876578
4366     0.380572
4367     0.327792
4368    -1.732436
4369     0.579274
4370     0.709158
4371     0.675636
4372     0.200915
4373    -0.144890
4374     0.505013
4375    -1.812419
4376    -2.182000
4377     4.036283
4378     0.061589
4379    -0.052414
4380     0.641966
4381    -0.675411
4382     1.901915
4383     0.288034
4384    -0.128712
4385    -0.069597
4386     0.359678
4387     0.507084
4388     0.276800
4389    -1.905485
4390     0.516507
4391    -0.129352
4392     0.973122
4393     0.480459
4394     0.117966
4395     0.294024
4396    -0.725454
4397     0.573174
4398     0.274310
4399     0.543769
4400     0.183202
4401     0.526052
4402     0.349251
4403     0.298955
4404    -1.307533
4405     0.511197
4406     0.281185
4407    -1.413020
4408     0.508561
4409    -0.065466
4410    -1.318176
4411    -0.264898
4412    -0.047809
4413    -1.565218
4414     0.103046
4415    -0.011288
4416     0.294519
4417    -0.568268
4418     0.400295
4419     0.487088
4420     0.557872
4421     0.454694
4422     0.515232
4423     0.405885
4424     0.086658
4425     2.014519
4426     0.239997
4427     0.313802
4428    -1.315078
4429     0.676099
4430     0.204731
4431     0.214059
4432     0.097502
4433    -0.257381
4434     0.442001
4435    -3.216163
4436    -4.293309
4437     1.685987
4438     0.081676
4439    -0.219173
4440     0.455885
4441    -0.619219
4442     2.512088
4443     0.006585
4444    -0.021528
4445     0.168895
4446    -0.379165
4447     0.422904
4448    -0.594754
4449    -0.494375
4450     0.361023
4451     0.389065
4452    -0.001643
4453     0.222233
4454     0.975298
4455    -0.041769
4456    -0.713625
4457     1.597025
4458     1.129978
4459     0.482890
4460     0.577975
4461    -0.233146
4462     0.390598
4463    -0.496248
4464    -0.473783
4465     0.360096
4466     0.406580
4467    -0.389467
4468     0.528280
4469    -0.444469
4470    -0.465013
4471    -0.502785
4472    -2.030768
4473     0.625823
4474     0.133550
4475     0.562253
4476    -0.131712
4477    -0.657453
4478     1.409667
4479     1.492591
4480     0.372864
4481     1.013964
4482    -0.155840
4483     0.140565
4484     1.358679
4485    -0.151604
4486     0.268282
4487    -1.145909
4488    -0.496108
4489     0.601513
4490    -0.127901
4491    -0.372458
4492     0.178954
4493    -0.436843
4494     0.081069
4495    -2.114054
4496    -5.060122
4497     0.622939
4498     0.164911
4499    -0.634477
4500    -0.172902
4501    -1.614533
4502    -0.274605
4503     0.722143
4504     0.643465
4505     0.832169
4506    -0.809855
4507     0.357568
4508    -0.266874
4509    -0.159021
4510     0.851690
4511     0.829027
4512    -0.605713
4513     0.987789
4514     0.402439
4515    -0.953665
4516    -1.306664
4517     1.556848
4518     1.560484
4519     0.890013
4520     0.952324
4521    -0.608488
4522     0.345867
4523    -1.040622
4524    -0.302378
4525     0.448468
4526     0.208107
4527    -0.276674
4528     0.364848
4529    -0.692107
4530    -0.124882
4531    -1.859672
4532    -1.535168
4533     1.488990
4534     0.463521
4535     0.778508
4536    -0.303288
4537    -1.479250
4538     0.804239
4539     1.900134
4540     0.873860
4541     0.362215
4542    -0.750020
4543     0.172172
4544     0.786772
4545     0.045180
4546     0.511091
4547    -0.913873
4548    -0.489169
4549    -0.671370
4550    -0.699323
4551     0.728643
4552     0.699114
4553     0.828935
4554    -0.526471
4555    -1.454507
4556    -3.946606
4557     0.585988
4558     0.776530
4559     1.027596
4560    -1.121938
4561    -1.247402
4562    -0.415529
4563     1.848710
4564     0.343323
4565     0.779011
4566    -1.136968
4567     0.412340
4568    -0.063500
4569    -0.665774
4570     0.504486
4571     0.756994
4572    -1.242362
4573     0.069709
4574     0.276018
4575    -0.081483
4576    -1.920960
4577     0.968527
4578     2.426521
4579     0.349624
4580     0.826096
4581    -1.120939
4582     1.039308
4583    -0.776027
4584    -0.719184
4585    -0.001476
4586     0.294197
4587    -0.255909
4588     1.210187
4589    -0.583456
4590    -0.749726
4591    -0.026343
4592    -1.381720
4593     0.865335
4594     0.307618
4595     0.723573
4596    -0.776135
4597    -1.363300
4598     0.755667
4599     1.453603
4600     1.090852
4601     0.378226
4602    -0.585007
4603    -0.802775
4604     0.114661
4605     1.697200
4606     0.913339
4607    -0.638955
4608    -0.255600
4609    -0.303430
4610    -0.448219
4611    -0.138774
4612     0.448234
4613     0.737141
4614    -1.198094
4615    -1.555706
4616    -3.230957
4617     1.657335
4618     0.532371
4619     0.928254
4620    -1.022749
4621    -1.857513
4622    -0.261892
4623     2.294388
4624    -0.134717
4625     0.247353
4626    -1.595592
4627     0.083181
4628    -0.360203
4629    -0.515290
4630     0.083508
4631     0.361446
4632    -1.175176
4633    -0.078390
4634     1.082976
4635     0.597471
4636    -1.484910
4637     1.447249
4638     1.044220
4639    -0.176798
4640     0.538958
4641    -0.094199
4642     1.783040
4643    -0.153829
4644     0.009138
4645    -0.529087
4646    -0.364273
4647    -0.508182
4648     1.888159
4649    -0.114828
4650    -0.187453
4651     0.732410
4652    -1.048102
4653     0.530880
4654    -0.026562
4655     0.199653
4656    -1.505947
4657    -2.391222
4658     0.102232
4659     1.623540
4660     1.459770
4661     0.973625
4662    -0.075853
4663    -1.015413
4664     0.211418
4665     1.421535
4666     1.622330
4667    -0.162476
4668    -0.459264
4669    -0.419849
4670    -0.077025
4671    -0.684545
4672     0.019602
4673     0.078034
4674    -1.621628
4675     0.427246
4676    -2.703063
4677     1.303160
4678     0.015215
4679     0.002746
4680    -0.401205
4681    -2.591489
4682    -1.512912
4683     0.469528
4684     0.649037
4685     0.500765
4686    -0.224076
4687     0.268814
4688    -0.295190
4689     0.316496
4690     0.543999
4691     0.264766
4692    -0.144782
4693     0.405076
4694    -0.446116
4695     0.890269
4696    -1.701360
4697    -0.407988
4698    -0.527517
4699    -0.029008
4700     0.008244
4701     0.651476
4702     0.998631
4703     1.302185
4704    -1.641018
4705    -0.828904
4706    -0.875037
4707    -0.584255
4708     1.261520
4709     1.082760
4710    -1.305571
4711     0.331541
4712    -1.427349
4713     0.364097
4714     0.452441
4715     0.152353
4716    -0.455714
4717    -2.299813
4718    -1.376771
4719     1.788201
4720     1.555088
4721     2.587784
4722     0.389584
4723    -1.566989
4724    -1.016494
4725     0.621546
4726     1.187342
4727     1.083207
4728    -0.876955
4729    -0.593720
4730    -0.300851
4731    -0.491205
4732     1.557242
4733    -0.044006
4734     0.376230
4735     0.010123
4736     1.200053
4737    -0.129053
4738     0.390429
4739    -0.479402
4740     0.512718
4741    -0.676194
4742    -0.178697
4743    -0.085988
4744    -0.355423
4745     0.116812
4746    -0.052096
4747     0.880925
4748     0.570522
4749    -0.051107
4750     0.695199
4751     0.943269
4752    -0.011650
4753    -0.549367
4754    -0.172444
4755    -0.008087
4756    -0.427749
4757     0.275591
4758     0.061308
4759     0.854323
4760     1.331799
4761    -0.113730
4762     0.744103
4763     0.127104
4764     0.243286
4765    -0.535576
4766    -0.294176
4767    -0.314430
4768    -0.635029
4769    -1.604442
4770     0.203056
4771     1.884862
4772    -0.289945
4773     0.046630
4774    -1.322659
4775    -1.126210
4776     0.235047
4777    -0.745322
4778     0.124108
4779     0.119983
4780    -1.411281
4781     0.464874
4782    -0.095319
4783    -0.682889
4784     0.139342
4785    -0.064824
4786    -1.244702
4787    -1.489071
4788     0.029541
4789    -0.698588
4790    -0.033862
4791    -0.191396
4792     0.688612
4793    -0.209797
4794     0.105402
4795     5.002032
4796     2.716794
4797    -0.189253
4798    -1.465278
4799    -1.411571
4800     0.133626
4801    -0.262354
4802    -0.087421
4803    -0.209673
4804    -0.226334
4805     0.026074
4806    -0.255642
4807    -0.885454
4808    -0.237474
4809     0.082008
4810    -0.040106
4811     0.000512
4812    -0.152747
4813    -1.128717
4814    -0.096528
4815     0.097751
4816    -0.498000
4817     0.668452
4818     0.055710
4819    -0.171256
4820     1.060238
4821    -0.049246
4822    -0.848312
4823    -1.663852
4824     0.249390
4825    -0.311824
4826     0.395445
4827    -0.265735
4828    -0.220595
4829    -0.310904
4830     0.571211
4831     4.273750
4832     0.127018
4833     0.051055
4834    -0.294596
4835    -0.178465
4836     0.311611
4837    -0.650045
4838    -0.431714
4839    -0.116664
4840    -0.955766
4841     0.077266
4842    -0.312716
4843    -0.939688
4844    -0.399386
4845    -0.194732
4846    -0.416084
4847     0.049285
4848     0.463621
4849    -0.641186
4850     0.143934
4851    -0.222064
4852    -0.732598
4853    -0.532405
4854     0.234441
4855     5.153857
4856     1.743456
4857    -0.595997
4858    -0.204691
4859    -0.353531
4860     0.258420
4861    -0.501621
4862    -0.161127
4863    -0.232665
4864    -1.737729
4865     0.425301
4866     0.429399
4867     0.855462
4868    -0.002591
4869    -0.781080
4870    -1.980860
4871    -0.000650
4872     1.054037
4873    -0.885121
4874    -0.288247
4875    -0.146478
4876    -0.628727
4877    -0.115083
4878    -0.037495
4879    -1.729291
4880     0.417536
4881     0.742828
4882     0.128352
4883     0.435845
4884     0.113229
4885    -0.627700
4886     0.090776
4887    -0.323967
4888     0.369717
4889    -0.135188
4890     0.217478
4891     4.971353
4892    -0.993250
4893    -0.160025
4894     0.112670
4895    -0.324624
4896    -0.056805
4897    -0.646597
4898    -0.028640
4899    -0.237237
4900    -1.260148
4901     0.070654
4902    -0.294800
4903    -1.111971
4904     0.426487
4905    -0.124453
4906     0.285380
4907    -0.052711
4908     0.052540
4909    -0.858654
4910    -0.045299
4911    -0.303089
4912     1.170852
4913    -0.058290
4914    -0.653292
4915     3.369372
4916     0.363964
4917     1.072048
4918     0.705262
4919    -0.024862
4920    -0.330176
4921    -0.990723
4922     0.148963
4923    -0.181445
4924    -0.885285
4925    -0.448284
4926     0.113502
4927     0.795356
4928     1.519797
4929    -0.014621
4930    -1.739459
4931    -0.613206
4932     0.640088
4933    -1.190493
4934    -0.014414
4935    -0.041608
4936    -1.151737
4937     0.327459
4938    -0.005490
4939    -1.777143
4940    -0.368384
4941     0.120759
4942     0.991776
4943     0.024646
4944     0.291623
4945    -0.560158
4946    -0.174250
4947    -0.501004
4948     1.022792
4949    -0.216892
4950     0.415329
4951     4.851732
4952    -0.234405
4953    -0.006650
4954    -0.095391
4955    -0.047547
4956     0.008701
4957    -1.280054
4958     0.087810
4959    -0.275175
4960    -0.952296
4961    -0.346615
4962    -0.313362
4963    -1.249263
4964    -0.055780
4965    -0.291760
4966     1.016329
4967    -0.115559
4968     0.402998
4969    -1.311887
4970     0.143006
4971    -0.273925
4972     1.464894
4973     1.086372
4974    -0.080473
4975     2.187352
4976    -1.629937
4977    -0.212589
4978     0.853658
4979     0.927220
4980     0.205104
4981    -0.773286
4982    -0.297817
4983    -0.311122
4984    -0.967598
4985    -0.726589
4986    -0.102279
4987     0.778539
4988     2.428031
4989     0.063128
4990    -1.055233
4991    -0.784061
4992     0.510034
4993    -0.647800
4994    -0.417497
4995    -0.213569
4996    -0.805556
4997    -0.012430
4998    -0.254935
4999    -1.032970
5000    -0.715635
5001    -0.077464
5002     0.049401
5003    -0.081176
5004     0.565109
5005    -1.501554
5006    -0.267466
5007    -0.502306
5008    -0.176629
5009    -0.225470
5010     0.715833
5011     3.981896
5012    -0.767170
5013    -0.092655
5014    -0.907716
5015    -0.439540
5016    -0.068493
5017    -0.978431
5018     0.071744
5019    -0.312938
5020    -0.744898
5021    -0.461410
5022    -0.388275
5023    -0.638116
5024    -0.348639
5025    -0.419716
5026     0.380243
5027     0.176936
5028     0.735138
5029    -0.579169
5030     0.237376
5031    -0.346346
5032     0.197165
5033     1.683228
5034     0.166922
5035     3.269115
5036    -0.843237
5037    -0.024016
5038     2.152598
5039     1.790824
5040     0.357949
5041    -0.480859
5042    -0.607969
5043     0.257254
5044    -0.511359
5045    -0.746296
5046     0.173208
5047    -0.417788
5048     1.425200
5049     0.766116
5050    -0.396770
5051    -0.489663
5052     0.645354
5053     0.467160
5054    -0.227776
5055     0.488045
5056     0.105815
5057     0.230152
5058     0.342369
5059    -0.076710
5060    -0.241778
5061    -0.051425
5062    -0.445795
5063    -0.095362
5064     0.494621
5065    -0.114962
5066     0.148940
5067     0.550385
5068    -0.377255
5069    -0.017727
5070     0.616608
5071     2.557711
5072    -0.008868
5073    -3.488830
5074    -0.487288
5075    -0.363498
5076     0.138911
5077    -0.743459
5078    -0.325153
5079     0.760606
5080    -0.520016
5081    -0.808104
5082     0.009848
5083     0.077916
5084    -0.341002
5085     0.100788
5086    -0.644077
5087     0.184136
5088    -0.017981
5089    -0.737002
5090    -0.250903
5091     0.134050
5092     0.134178
5093     0.911948
5094     1.030240
5095     3.141267
5096     1.467947
5097    -3.834356
5098    -0.530705
5099     0.155778
5100     0.884191
5101    -0.511278
5102    -2.000461
5103    -0.758632
5104    -0.452416
5105     0.444833
5106     0.558403
5107    -0.749443
5108     0.809630
5109    -0.962841
5110    -0.405501
5111     0.279208
5112     0.453493
5113     0.566364
5114    -0.278564
5115     0.190730
5116     0.046060
5117     0.610389
5118    -0.364544
5119     0.046374
5120     0.514198
5121     0.442219
5122    -0.385284
5123     0.768046
5124     0.806131
5125    -0.376071
5126    -2.399040
5127    -0.330917
5128    -0.398439
5129     1.052044
5130     1.293113
5131     2.464812
5132     2.023408
5133    -0.525274
5134    -0.282552
5135    -0.095462
5136     0.480137
5137    -0.814637
5138    -1.585028
5139     0.149426
5140    -0.440759
5141    -1.769524
5142    -0.229217
5143     0.172871
5144     0.018530
5145    -0.042784
5146    -0.373590
5147     0.752346
5148     1.105090
5149    -0.696391
5150    -1.150006
5151    -0.148999
5152    -0.088280
5153    -0.329856
5154    -0.158629
5155     3.290858
5156     0.988174
5157    -2.179313
5158    -0.612697
5159     1.347134
5160     0.222409
5161    -0.506881
5162    -1.070684
5163    -0.714655
5164    -0.641482
5165    -0.618395
5166    -0.122003
5167    -1.419421
5168     0.690031
5169     0.237176
5170    -0.529037
5171    -0.691037
5172    -0.178479
5173    -0.621942
5174     0.104305
5175    -0.168305
5176     1.061297
5177     0.327372
5178    -0.097701
5179    -0.961135
5180     0.401569
5181    -0.066053
5182     0.949927
5183     0.319537
5184     0.598095
5185    -0.261595
5186    -1.636846
5187    -0.474612
5188    -0.277839
5189     0.893841
5190     0.750191
5191     2.533347
5192     2.796322
5193     0.721783
5194    -0.655116
5195    -0.722614
5196    -0.155308
5197    -0.994928
5198    -1.268566
5199    -0.241635
5200     0.558752
5201    -1.806291
5202    -0.364257
5203     1.173477
5204    -0.510025
5205    -0.065391
5206     0.854472
5207     0.629263
5208     0.888010
5209     0.313251
5210    -1.320416
5211    -0.260552
5212    -1.443657
5213    -0.679353
5214    -0.595029
5215     1.755942
5216     3.532351
5217     0.460901
5218    -0.887434
5219     0.629639
5220    -0.152176
5221    -0.080967
5222    -0.762671
5223    -0.844622
5224    -0.502127
5225    -1.006559
5226     0.334300
5227    -0.786840
5228     1.128587
5229     0.717208
5230    -0.611500
5231    -0.748391
5232    -0.429659
5233    -0.765418
5234    -0.263639
5235    -0.119650
5236     1.411578
5237    -0.034359
5238     0.542177
5239    -1.046638
5240     0.090490
5241     0.098518
5242     1.149450
5243     0.413270
5244     0.422476
5245     0.434182
5246    -1.471190
5247    -0.050080
5248     0.096088
5249     0.261527
5250     2.379783
5251     0.504838
5252     2.700225
5253    -0.792521
5254     0.148555
5255    -0.013627
5256     0.018155
5257    -1.692237
5258    -0.958751
5259    -1.429015
5260     0.762181
5261    -1.909159
5262    -0.599884
5263     0.415158
5264    -1.342007
5265    -0.300732
5266     0.874361
5267     0.574238
5268     0.771559
5269     0.367598
5270    -1.346121
5271    -0.609730
5272    -0.539979
5273     0.273394
5274    -0.320873
5275    -0.169383
5276     3.593765
5277    -1.113968
5278     0.031102
5279     0.820978
5280     1.326558
5281    -0.159220
5282    -0.560549
5283    -0.405660
5284     0.117478
5285    -0.928832
5286     0.575107
5287     0.633934
5288    -0.113891
5289    -0.049528
5290     0.006582
5291    -0.247419
5292     0.963291
5293     0.214950
5294    -0.866812
5295    -0.373643
5296     0.007336
5297     0.454841
5298     0.437065
5299     0.205939
5300    -0.769836
5301    -0.575592
5302     0.670365
5303     0.128194
5304     0.383986
5305    -0.041842
5306    -0.738418
5307     0.659240
5308     0.567084
5309    -0.447339
5310     0.688178
5311    -1.825851
5312     3.834131
5313    -1.097985
5314     1.021819
5315    -0.651073
5316     0.045356
5317    -1.009406
5318    -0.648487
5319    -0.268150
5320     0.189433
5321    -1.021115
5322     0.300288
5323    -0.912319
5324    -0.052418
5325    -0.093793
5326     0.998885
5327    -0.100780
5328     0.385812
5329     0.092657
5330    -0.639543
5331     0.556550
5332     0.507807
5333    -0.492487
5334    -0.049825
5335    -2.200836
5336     4.122234
5337    -2.233840
5338     0.915205
5339    -0.260402
5340     0.153144
5341    -0.106232
5342    -0.091367
5343    -0.274260
5344    -0.098733
5345    -0.726800
5346     0.597227
5347     0.350636
5348    -0.464506
5349    -0.316889
5350    -0.277181
5351    -0.713734
5352     0.772291
5353    -0.066522
5354    -0.754380
5355    -0.020764
5356    -0.139721
5357    -0.328532
5358    -0.180343
5359    -0.105166
5360    -0.665046
5361    -0.074766
5362     0.364743
5363     0.105895
5364     0.568121
5365     0.133490
5366    -0.710653
5367    -0.159964
5368     0.421247
5369     0.094140
5370     0.774569
5371    -0.544916
5372     4.430160
5373    -0.314817
5374     0.540555
5375    -0.566438
5376     0.175268
5377    -0.978926
5378    -0.620744
5379    -0.029000
5380    -0.011039
5381    -1.366238
5382    -0.131066
5383    -0.740537
5384    -0.182372
5385    -0.274090
5386     0.615244
5387     0.115549
5388     0.579680
5389     0.108315
5390    -1.241629
5391    -0.289034
5392     0.324935
5393    -0.972008
5394    -0.309863
5395    -0.289491
5396     5.222270
5397    -1.017899
5398     0.499299
5399    -0.563570
5400    -0.074403
5401    -0.015710
5402    -0.445079
5403    -0.322309
5404    -0.147139
5405    -0.519577
5406     0.495696
5407     1.223279
5408     0.400099
5409     0.146987
5410    -0.488869
5411    -0.446744
5412     0.608134
5413    -0.240239
5414    -0.562122
5415    -0.114656
5416    -1.389687
5417    -0.665641
5418    -0.407012
5419    -0.254620
5420    -0.500694
5421    -0.160600
5422     0.460754
5423     0.264299
5424     0.506697
5425    -0.476058
5426    -0.481980
5427    -0.349286
5428     0.540363
5429     0.394164
5430     0.730250
5431    -0.044356
5432     3.259899
5433    -0.156987
5434     0.225599
5435    -0.022299
5436     0.069143
5437    -1.234214
5438    -0.903950
5439    -0.170227
5440     0.455862
5441    -1.985308
5442    -0.051320
5443     0.068181
5444    -1.100544
5445     0.034352
5446     0.585969
5447     0.316638
5448     0.493237
5449    -0.027936
5450    -1.758504
5451    -0.436177
5452    -0.821455
5453    -0.686905
5454    -0.495400
5455     0.750051
5456     5.354250
5457    -0.491755
5458     0.830227
5459     0.089998
5460     0.071232
5461    -0.329949
5462    -0.539315
5463    -0.202127
5464     0.285228
5465    -0.457538
5466     0.241128
5467     1.845043
5468     0.536794
5469    -0.041396
5470    -0.244372
5471    -0.422279
5472     0.148730
5473    -0.160133
5474    -0.572135
5475    -0.018033
5476    -0.892469
5477    -0.503839
5478     0.224781
5479    -0.685591
5480    -0.625805
5481    -0.229212
5482     0.656693
5483     0.216739
5484     0.262904
5485     0.281722
5486    -0.260379
5487    -0.034149
5488     0.645169
5489     0.308671
5490     0.241422
5491    -0.601182
5492     2.791970
5493    -0.092629
5494    -0.084977
5495    -0.140458
5496    -0.085216
5497    -0.967811
5498    -0.866069
5499    -0.145867
5500     0.367845
5501    -1.806989
5502     0.775865
5503    -0.416797
5504    -1.195770
5505     0.287379
5506     0.746694
5507     0.258260
5508     0.283253
5509     0.109925
5510    -1.494310
5511     0.637132
5512    -0.383787
5513    -0.605957
5514    -0.386914
5515    -1.481843
5516     5.195456
5517    -1.946331
5518     1.310594
5519     0.182953
5520     0.079282
5521    -0.199905
5522    -0.096962
5523     0.286378
5524     0.277081
5525    -0.618285
5526     0.332430
5527     1.461428
5528     0.167216
5529    -1.125215
5530    -0.247535
5531    -0.311801
5532     0.186209
5533    -0.290364
5534    -0.265736
5535    -0.163031
5536    -0.433980
5537    -1.306095
5538     0.308121
5539    -0.788658
5540    -0.253420
5541    -0.547143
5542     0.518545
5543     0.058055
5544     0.236806
5545     0.239264
5546    -0.486427
5547    -0.210736
5548     0.640637
5549    -0.027517
5550     0.399575
5551    -0.602378
5552     2.408616
5553    -0.245428
5554    -0.273172
5555     0.223054
5556    -0.388157
5557    -0.423398
5558    -1.200384
5559     0.425451
5560     0.213409
5561    -1.356733
5562     0.749713
5563    -0.342258
5564    -1.295203
5565     0.253294
5566     0.702404
5567    -0.033526
5568     0.391182
5569     0.077997
5570    -1.172851
5571     0.696376
5572    -0.393890
5573    -0.190713
5574    -0.099749
5575    -1.185996
5576     5.881560
5577    -1.259381
5578     1.050768
5579    -0.122850
5580    -0.226695
5581    -0.523324
5582    -0.495108
5583     0.041450
5584     0.268923
5585    -0.361897
5586     0.863149
5587     2.410856
5588     0.862444
5589    -2.065334
5590    -0.498614
5591    -0.587043
5592     0.110307
5593    -0.196539
5594     0.205678
5595    -0.692610
5596    -0.599324
5597    -1.082162
5598     0.627959
5599    -1.407211
5600    -0.844474
5601    -0.656372
5602     0.869863
5603     0.423591
5604    -0.322845
5605     0.316734
5606    -0.178123
5607    -0.051182
5608     0.719616
5609    -0.429146
5610     0.175655
5611    -1.170821
5612     3.200933
5613     0.035055
5614    -0.727423
5615     0.180054
5616     0.170694
5617    -0.489551
5618    -0.877705
5619     0.706826
5620     0.626168
5621    -1.115891
5622     0.570944
5623    -0.409202
5624    -1.320823
5625     0.043776
5626     0.903748
5627    -0.427460
5628    -0.009025
5629     0.092975
5630    -0.992091
5631     0.856958
5632    -0.619230
5633     0.313440
5634     0.127091
5635    -1.126106
5636     3.949025
5637     0.673420
5638     1.558463
5639    -0.423243
5640    -1.205915
5641    -0.538506
5642     0.169102
5643     0.331021
5644     0.424859
5645     0.514830
5646     0.973942
5647     0.239564
5648    -0.354498
5649    -0.443590
5650     0.043734
5651     0.246699
5652     0.886821
5653     0.459955
5654     0.932743
5655    -0.044849
5656    -0.455963
5657    -1.710427
5658    -1.867545
5659    -0.362021
5660     0.208573
5661    -0.213544
5662     0.601016
5663     0.797229
5664     0.637845
5665    -0.704865
5666    -1.200365
5667    -1.543698
5668     0.757002
5669     0.367751
5670     0.582968
5671     0.165371
5672     2.718192
5673     0.906647
5674    -0.211628
5675     0.788820
5676     0.426067
5677    -0.353623
5678    -1.731698
5679    -1.885371
5680     0.024558
5681    -1.796289
5682    -1.710213
5683     0.574884
5684     0.024848
5685     0.284090
5686     0.655107
5687     0.275294
5688     0.555423
5689     0.169979
5690    -1.841716
5691    -1.882618
5692    -0.147678
5693     0.000368
5694     2.123753
5695    -1.294995
5696     2.331526
5697     1.657173
5698    -0.046750
5699    -0.740981
5700     0.225679
5701    -0.703644
5702     0.223961
5703    -0.339535
5704     2.415075
5705     1.069658
5706     1.256254
5707     1.662275
5708     0.048883
5709     1.456374
5710    -0.405901
5711    -0.114511
5712    -0.067026
5713    -0.422176
5714    -0.190164
5715    -1.019344
5716    -0.270636
5717    -1.011466
5718    -0.711157
5719    -1.346651
5720    -0.789872
5721    -0.902488
5722    -0.110686
5723     0.387139
5724    -0.164177
5725    -0.842956
5726    -0.633019
5727    -0.746125
5728     0.036898
5729    -0.220441
5730    -0.248127
5731    -0.704456
5732     2.416852
5733     1.035817
5734     2.629822
5735     0.821208
5736     0.961280
5737    -0.197822
5738    -1.005745
5739    -0.850741
5740     0.193271
5741    -1.124815
5742    -1.426583
5743    -0.002549
5744    -0.019035
5745    -0.089927
5746     0.807056
5747     0.148178
5748    -0.529035
5749     0.020972
5750    -1.227564
5751    -1.271381
5752    -0.067773
5753     0.462544
5754     1.959939
5755    -2.649406
5756     1.091220
5757     1.732473
5758    -0.040713
5759    -0.333012
5760    -0.036492
5761     0.060538
5762     0.522558
5763    -0.818463
5764    -0.056743
5765    -0.099384
5766    -1.107933
5767     2.394501
5768     0.395221
5769     0.411163
5770     0.083315
5771     0.175785
5772    -0.188291
5773    -0.643974
5774     0.062430
5775    -0.768141
5776     0.012876
5777    -1.176149
5778    -0.050022
5779    -0.646348
5780    -0.454755
5781    -1.298690
5782     0.451030
5783     0.326404
5784     0.254242
5785    -0.715542
5786    -0.858836
5787     0.073804
5788     0.581061
5789    -0.160497
5790     0.018328
5791    -0.826837
5792     2.537666
5793     1.359316
5794     0.620698
5795     0.559402
5796     0.903400
5797     0.393266
5798    -1.107828
5799    -0.364221
5800     0.165659
5801    -1.235212
5802    -0.674305
5803     0.379227
5804     0.351464
5805    -0.352427
5806     1.411726
5807     0.392419
5808    -0.718212
5809     0.638655
5810    -1.933124
5811    -0.264921
5812    -1.211273
5813     0.415358
5814     2.354857
5815    -3.831524
5816     1.470871
5817     1.392648
5818     0.739689
5819    -0.183793
5820    -0.162133
5821    -0.669995
5822     0.204811
5823    -0.605098
5824     0.150988
5825     0.322737
5826    -0.807348
5827     2.319903
5828     0.219949
5829     0.020316
5830    -0.392946
5831     0.221939
5832    -0.191865
5833    -1.045226
5834     0.115489
5835    -0.312070
5836     0.207243
5837    -0.785385
5838    -0.658329
5839    -0.560521
5840    -0.419353
5841    -0.621201
5842     0.263562
5843     0.758011
5844    -0.742191
5845    -0.712031
5846    -0.364645
5847    -0.163347
5848     0.789410
5849     0.378010
5850    -0.217839
5851    -2.159114
5852     1.857871
5853     2.123398
5854    -0.192232
5855     0.071343
5856     0.445682
5857     0.231268
5858    -1.162379
5859    -0.583778
5860     0.685109
5861    -0.764273
5862    -0.820385
5863    -0.078536
5864     0.249954
5865    -0.138530
5866     1.256526
5867     0.363805
5868    -0.828631
5869     0.994847
5870    -3.795691
5871     1.596433
5872    -1.961217
5873     0.229491
5874     0.830729
5875    -0.233434
5876     1.964164
5877     1.736399
5878     1.106395
5879     0.334152
5880    -0.062345
5881    -0.310366
5882     0.145240
5883    -0.118259
5884     1.237549
5885    -0.120267
5886    -0.143360
5887     1.811385
5888     0.652261
5889    -1.127044
5890    -0.320894
5891     0.503121
5892    -0.614766
5893     0.249248
5894     0.228984
5895    -0.662272
5896     1.464694
5897    -1.130767
5898    -0.076024
5899    -0.546771
5900    -0.179924
5901    -0.492883
5902     1.461642
5903     0.671044
5904    -0.745640
5905    -0.325252
5906     0.029025
5907    -0.533501
5908     0.878015
5909     0.656293
5910    -0.570957
5911    -2.247627
5912     1.467621
5913     2.265995
5914    -1.577967
5915    -0.067285
5916     0.112259
5917    -0.350297
5918    -0.816859
5919    -0.688880
5920     1.409756
5921    -0.766542
5922    -0.283509
5923    -0.235812
5924     0.451125
5925    -0.219896
5926     0.912385
5927     0.495303
5928    -0.678852
5929    -0.414514
5930    -3.033302
5931     0.275560
5932    -2.345017
5933     0.180484
5934     0.916332
5935    -1.115403
5936     0.944641
5937     2.492848
5938     0.365243
5939    -0.310195
5940     0.892851
5941    -0.933662
5942    -0.791598
5943     0.315942
5944     0.199096
5945    -0.350405
5946     0.130656
5947    -0.005097
5948     2.075061
5949    -1.974838
5950     0.750068
5951     0.630685
5952    -0.450474
5953     0.955686
5954    -0.607327
5955    -0.631891
5956    -0.809805
5957    -0.132511
5958    -0.756681
5959     0.140526
5960     0.286196
5961    -0.122573
5962     2.737356
5963    -0.424151
5964    -1.047480
5965    -1.544123
5966    -0.429809
5967    -0.239598
5968    -0.126009
5969     0.455987
5970    -0.505357
5971    -0.686395
5972     1.334787
5973     3.043181
5974    -1.267942
5975    -0.232688
5976     0.717487
5977     0.365960
5978    -0.089354
5979    -0.523636
5980    -0.548834
5981    -1.268307
5982    -0.662277
5983     1.870983
5984     1.102513
5985    -0.182405
5986     0.826304
5987    -0.275340
5988    -0.655626
5989     0.602144
5990    -0.697181
5991    -0.837253
5992    -0.738979
5993    -0.087057
5994     1.033006
5995    -0.112386
5996    -0.291348
5997     2.769459
5998    -1.674893
5999    -0.208152
6000     0.580358
6001    -1.227635
6002     0.271213
6003     0.865567
6004     0.495625
6005     0.192643
6006     0.867149
6007    -0.082776
6008    -0.369521
6009    -1.529385
6010    -1.362572
6011    -0.194468
6012    -0.098914
6013    -1.200918
6014     0.198865
6015     0.128910
6016    -1.044146
6017     0.441922
6018    -0.007625
6019    -1.982702
6020    -0.137415
6021     0.506165
6022    -0.841680
6023     0.178036
6024    -0.630306
6025    -0.317520
6026    -0.096332
6027    -0.612403
6028     0.380689
6029     0.407442
6030     0.006633
6031     2.203590
6032     1.457443
6033     2.224372
6034     0.819004
6035     0.234609
6036    -0.203142
6037    -1.739666
6038     0.033489
6039    -0.260966
6040    -0.397152
6041    -0.279091
6042    -1.567089
6043     1.436095
6044     0.651247
6045     0.167692
6046     2.241058
6047    -0.894243
6048    -0.516856
6049    -0.911203
6050    -0.002431
6051    -1.452495
6052     1.170295
6053     0.113109
6054     0.146652
6055     1.361128
6056    -0.579442
6057     2.766984
6058     1.000487
6059    -1.627079
6060    -0.800944
6061    -0.421581
6062     0.200276
6063    -0.095497
6064     0.381076
6065    -0.408618
6066    -0.388527
6067     1.170893
6068    -0.356236
6069    -2.851461
6070    -0.065905
6071     0.054207
6072    -0.796200
6073    -0.465701
6074     0.134646
6075    -0.633272
6076    -1.225464
6077     0.370638
6078     0.028525
6079    -1.195251
6080    -0.196959
6081    -0.502996
6082    -1.166020
6083     0.464513
6084     0.298920
6085    -0.822831
6086    -0.283315
6087    -0.503205
6088    -1.084568
6089     0.409242
6090     0.819049
6091     1.455661
6092     1.133353
6093     1.704906
6094     0.702233
6095    -0.013797
6096    -0.524839
6097    -1.050447
6098     0.358037
6099    -0.251786
6100    -0.489801
6101     0.124005
6102    -0.645503
6103     0.889698
6104     0.077718
6105    -1.468398
6106     0.670668
6107     0.007839
6108     2.169085
6109    -0.242749
6110     0.516104
6111    -1.419022
6112     0.920963
6113    -0.312342
6114    -0.002881
6115     1.856497
6116    -1.120725
6117     3.690801
6118     0.182629
6119    -1.158586
6120     1.372302
6121    -0.055589
6122     0.422120
6123    -0.917058
6124     0.040532
6125    -0.246224
6126    -1.121852
6127    -1.823404
6128    -1.076524
6129     1.613615
6130    -0.278554
6131    -0.152079
6132    -0.835224
6133     0.009380
6134     0.041258
6135    -1.102154
6136    -0.002889
6137     0.302952
6138     0.026004
6139    -0.141584
6140    -0.179976
6141    -1.044488
6142    -0.223945
6143    -0.141638
6144     1.644386
6145    -0.208130
6146     0.030312
6147    -1.401922
6148    -0.754837
6149    -0.124208
6150     1.888979
6151     0.450232
6152     1.490402
6153     1.292151
6154     1.014036
6155     1.222285
6156    -2.485644
6157    -0.369851
6158     0.160973
6159    -0.091906
6160    -0.191658
6161    -0.150209
6162    -0.435298
6163     1.409097
6164    -0.196802
6165    -1.439706
6166    -0.301281
6167     0.198090
6168     1.780929
6169    -0.216688
6170    -0.085965
6171    -0.181457
6172     1.358236
6173     0.542422
6174    -1.620246
6175     0.711302
6176    -0.875189
6177     3.145535
6178    -0.424406
6179    -1.182000
6180     1.285358
6181    -0.330780
6182     0.495919
6183    -0.620651
6184    -0.600862
6185    -0.100477
6186    -0.561635
6187     0.887514
6188    -1.167136
6189     1.493456
6190    -0.278118
6191    -0.044122
6192    -0.081233
6193    -0.248612
6194     0.206037
6195    -0.447382
6196    -0.486720
6197     0.140414
6198    -0.272078
6199    -0.306757
6200    -0.062664
6201    -0.443673
6202     0.403870
6203    -0.453644
6204     1.841456
6205    -0.297736
6206     0.272702
6207    -0.645257
6208     0.290381
6209    -0.417776
6210     2.056142
6211     2.514663
6212     1.420570
6213    -1.980626
6214    -0.782365
6215     1.894149
6216    -2.591340
6217    -0.380145
6218     0.220849
6219    -0.005039
6220    -0.034474
6221    -0.277109
6222    -0.504706
6223    -0.394618
6224     0.314165
6225    -0.641962
6226     0.404294
6227    -0.219830
6228     1.765989
6229     0.076549
6230    -0.144511
6231    -0.158318
6232    -0.700434
6233     1.201283
6234    -1.724832
6235     0.120961
6236    -1.985654
6237     1.530922
6238     0.143388
6239    -1.293166
6240     1.990768
6241     0.345894
6242    -0.205028
6243    -0.959566
6244    -0.480649
6245    -0.680678
6246     0.009607
6247    -0.245256
6248     0.012085
6249     0.797745
6250    -0.389296
6251    -0.528369
6252     1.323859
6253     0.343400
6254    -0.605360
6255     0.154805
6256    -0.085231
6257    -0.450667
6258     0.464899
6259     0.086123
6260    -0.711075
6261     0.051416
6262     0.245528
6263    -0.073418
6264     1.032553
6265     0.039925
6266    -0.412607
6267     0.268544
6268    -0.280308
6269     0.019001
6270     1.838522
6271     1.820392
6272     3.765903
6273    -3.542430
6274    -0.549203
6275     1.676527
6276    -2.091374
6277    -0.084750
6278    -0.374498
6279     0.707931
6280    -0.006437
6281    -0.683978
6282     0.384204
6283    -0.210664
6284    -0.395804
6285     0.573994
6286     0.553670
6287    -0.153664
6288     1.024953
6289    -0.197398
6290    -0.276932
6291     0.482574
6292    -0.110920
6293     0.834888
6294    -1.642794
6295    -0.461487
6296    -0.226019
6297    -1.486352
6298    -0.333331
6299    -0.530307
6300     0.606911
6301    -0.410487
6302     0.669590
6303     0.086469
6304    -0.317187
6305    -0.442042
6306    -0.283521
6307    -0.879321
6308    -0.766077
6309     0.891373
6310     0.066889
6311    -0.237892
6312     0.926226
6313    -0.024517
6314    -0.640305
6315     0.290303
6316    -0.317094
6317     0.143703
6318     0.867334
6319    -0.101370
6320    -0.489767
6321     0.204429
6322     0.982516
6323    -0.019814
6324     0.490384
6325    -0.545939
6326    -0.570394
6327     0.488468
6328     1.037138
6329     0.124090
6330     1.007466
6331    -0.418742
6332     2.233578
6333    -1.808603
6334    -0.727856
6335     1.992428
6336    -1.985298
6337    -0.347163
6338    -0.175589
6339     0.869378
6340    -0.171197
6341    -0.329142
6342     0.490051
6343    -0.020337
6344    -0.433353
6345     0.206471
6346     1.281280
6347    -0.282824
6348     0.425422
6349    -0.268230
6350    -0.199869
6351     0.406962
6352    -1.268921
6353     0.434638
6354    -0.403417
6355     3.189518
6356    -0.477287
6357    -3.797241
6358    -0.738980
6359    -0.533672
6360     0.627344
6361    -0.306267
6362     0.742540
6363    -0.020825
6364     0.025672
6365    -0.929062
6366     0.467330
6367    -0.636184
6368    -0.789553
6369     0.893004
6370     0.070358
6371    -0.314375
6372     0.533079
6373     0.365354
6374    -1.105844
6375     1.043397
6376     0.259420
6377    -0.712892
6378     0.902029
6379     0.303090
6380    -0.715241
6381     1.297034
6382    -0.277776
6383     2.051155
6384    -0.460241
6385    -0.310071
6386    -0.935435
6387     0.909574
6388     0.004085
6389     1.476112
6390    -0.149954
6391    -0.011332
6392     0.839487
6393    -0.780393
6394    -0.491581
6395     1.273661
6396    -1.147332
6397     0.116231
6398    -0.685933
6399     1.623127
6400    -0.017704
6401    -0.433963
6402     0.785215
6403     0.179826
6404    -0.771374
6405     0.465168
6406     0.121225
6407     1.429186
6408    -0.439926
6409     0.057234
6410    -0.591240
6411     0.674798
6412    -0.339281
6413    -0.838420
6414    -0.985903
6415     1.587366
6416     1.581434
6417    -4.529715
6418    -0.699663
6419    -0.570243
6420    -1.079468
6421    -1.115965
6422     0.784289
6423     0.393763
6424    -1.334063
6425     0.122338
6426     1.152367
6427     0.269104
6428    -0.240731
6429    -0.096343
6430    -0.567822
6431     0.474856
6432     0.480200
6433    -0.911525
6434     0.488093
6435     1.388480
6436    -1.060759
6437    -0.031577
6438     1.111487
6439    -0.682798
6440     0.031050
6441     1.290502
6442     1.750404
6443    -0.409534
6444    -0.748657
6445    -0.868582
6446     0.328494
6447     0.593993
6448     1.718484
6449     0.233702
6450    -0.728824
6451     0.872559
6452     0.704602
6453    -1.062604
6454     0.290577
6455    -0.140933
6456    -1.044410
6457    -0.988470
6458    -0.085789
6459     1.685461
6460    -0.698324
6461    -0.078737
6462     0.711263
6463    -0.780722
6464     0.141858
6465     0.663809
6466     1.343314
6467     0.324324
6468    -0.868393
6469    -0.963641
6470    -0.045335
6471     0.831577
6472     0.394818
6473    -1.341731
6474    -0.972152
6475     2.732271
6476    -0.208068
6477    -3.544364
6478     0.601139
6479    -1.051172
6480    -1.237155
6481     0.025564
6482    -0.698268
6483     1.649159
6484    -0.745810
6485    -0.062618
6486     1.883626
6487     0.004467
6488    -0.470379
6489    -0.224453
6490    -0.109912
6491    -0.535231
6492     0.905917
6493    -0.773327
6494     0.860429
6495     1.843205
6496    -0.783011
6497    -0.196321
6498     1.032390
6499    -0.795018
6500     0.855666
6501     0.687831
6502     0.774177
6503     1.041824
6504    -1.643076
6505     0.007761
6506    -0.845229
6507     1.630455
6508     0.970648
6509     0.697144
6510    -1.980042
6511     0.645365
6512    -0.239697
6513    -1.118069
6514    -0.088051
6515     0.225038
6516    -1.340892
6517    -0.480841
6518    -0.610444
6519     1.128460
6520    -0.268051
6521    -0.648423
6522     0.106231
6523    -0.263089
6524    -0.357689
6525     1.657068
6526     0.554289
6527     0.345058
6528    -1.496643
6529    -0.405308
6530    -0.716421
6531     0.323406
6532     0.103843
6533    -1.006833
6534     0.147439
6535     1.202744
6536     1.944592
6537    -2.907906
6538     0.423559
6539     0.417802
6540    -2.284105
6541    -0.639218
6542    -0.993727
6543     0.967147
6544    -0.146644
6545    -0.692270
6546     0.248742
6547    -0.025520
6548     0.213572
6549    -0.286248
6550    -0.594648
6551    -0.587517
6552     0.444162
6553    -0.646078
6554     0.022048
6555     0.551708
6556    -1.046740
6557     0.073184
6558     0.898237
6559    -0.838618
6560    -0.164955
6561     0.040593
6562     2.736574
6563     1.281762
6564    -0.929521
6565    -0.856972
6566    -0.988512
6567     1.365585
6568     1.855699
6569     0.956762
6570    -1.707444
6571    -0.552139
6572    -1.270178
6573     0.278790
6574    -0.157728
6575     0.816106
6576    -0.675743
6577    -0.938312
6578    -0.386349
6579     0.946365
6580    -0.966534
6581    -0.671180
6582     0.461536
6583    -0.841019
6584    -0.695734
6585     1.057898
6586     2.309463
6587     0.897561
6588    -1.063001
6589    -1.063299
6590    -0.531547
6591     0.647296
6592    -0.458873
6593    -0.307577
6594     0.328111
6595     1.693069
6596     2.236883
6597    -1.673873
6598     1.177538
6599     0.791668
6600    -1.900338
6601    -0.293112
6602    -0.670707
6603     0.812247
6604    -0.273150
6605    -0.473354
6606    -1.109656
6607     1.338747
6608     0.178478
6609    -0.847224
6610    -0.798603
6611    -0.310821
6612     1.187549
6613    -2.004584
6614     0.342811
6615     1.027620
6616     0.370199
6617    -0.312759
6618     0.149779
6619    -1.882113
6620     0.222951
6621     0.528452
6622     0.992723
6623     1.151085
6624    -1.819177
6625    -0.427302
6626    -0.690176
6627     1.167453
6628     0.584942
6629     1.334056
6630    -1.881925
6631    -1.157726
6632    -1.328021
6633     1.430458
6634     1.632601
6635     0.410285
6636    -0.793987
6637     0.194368
6638    -0.588807
6639     0.003339
6640    -1.063741
6641    -0.563553
6642     1.443487
6643    -0.286321
6644    -0.389846
6645     1.065331
6646     0.368084
6647     0.540038
6648    -1.575530
6649    -0.249606
6650    -0.506439
6651     1.146082
6652     0.480250
6653    -0.145130
6654     0.679344
6655    -0.373106
6656     1.260441
6657    -1.031383
6658     2.847451
6659     0.539468
6660    -1.582258
6661    -1.372245
6662     0.004097
6663     1.200560
6664     0.488938
6665    -0.974650
6666    -1.128993
6667     1.542137
6668     0.593822
6669    -0.692499
6670    -0.097247
6671     0.599681
6672     0.673787
6673    -0.820968
6674     0.061189
6675     1.343468
6676     0.150199
6677     0.291391
6678     0.473010
6679    -0.426231
6680    -0.222743
6681     0.033781
6682     0.890584
6683    -0.273353
6684    -1.392586
6685    -1.031723
6686     0.276912
6687     1.251433
6688     0.445831
6689    -1.051622
6690    -1.648841
6691    -1.451124
6692    -0.694660
6693    -0.607762
6694     1.088629
6695     0.437058
6696    -0.395269
6697    -0.642144
6698     0.032083
6699    -0.124104
6700    -0.922201
6701     0.389583
6702     1.003421
6703    -1.107468
6704     0.642146
6705     1.383535
6706     1.148602
6707    -0.195317
6708    -1.348220
6709    -1.339062
6710     0.286666
6711     1.652666
6712    -0.508484
6713     1.153949
6714     0.410852
6715     0.133150
6716    -1.658752
6717    -0.538833
6718     3.830826
6719     0.302519
6720    -1.549406
6721    -0.965395
6722    -0.277873
6723     0.455760
6724     0.400562
6725    -1.139414
6726    -0.782916
6727     1.994594
6728     0.841676
6729    -0.829812
6730    -0.489345
6731    -0.342429
6732     1.392272
6733    -0.578736
6734    -0.549369
6735     1.042392
6736     0.286375
6737    -0.281868
6738     0.610918
6739    -0.533242
6740    -0.103870
6741     0.208319
6742     1.427373
6743    -0.022166
6744    -2.245203
6745    -0.739970
6746    -0.205573
6747     1.112918
6748     0.484144
6749    -0.128638
6750    -2.132702
6751    -1.880431
6752    -0.525523
6753    -0.265383
6754     0.707733
6755     0.507209
6756     0.484779
6757    -1.334147
6758     0.668125
6759     0.519418
6760    -0.850568
6761    -0.244963
6762     1.159593
6763    -0.772868
6764     0.040398
6765     1.085200
6766     1.707958
6767     0.031693
6768    -2.102124
6769    -0.973499
6770    -0.274299
6771     1.177952
6772    -0.326736
6773     0.266977
6774     0.411869
6775    -0.797656
6776     0.414830
6777    -0.658623
6778     3.233854
6779     1.325077
6780    -0.644626
6781    -1.425474
6782     0.047725
6783     0.630624
6784     1.202242
6785    -1.244000
6786    -1.455036
6787     0.760372
6788     0.749716
6789    -0.882411
6790    -0.392763
6791     0.264663
6792     1.559123
6793     0.311173
6794    -0.252176
6795     1.084573
6796     0.488458
6797     0.186561
6798     0.581385
6799     0.550594
6800     0.245924
6801    -0.137297
6802     0.490904
6803    -1.666991
6804    -2.304205
6805    -0.900434
6806     0.259775
6807     1.790912
6808    -0.188369
6809    -1.212979
6810    -2.312600
6811    -1.222360
6812    -0.119936
6813    -0.952382
6814     0.187757
6815     0.866312
6816     0.838888
6817    -0.901974
6818    -0.104978
6819     1.604600
6820     0.596091
6821    -0.047392
6822     1.348829
6823     0.791192
6824     0.346058
6825     1.241975
6826     0.411518
6827    -1.170720
6828    -2.275080
6829    -0.585145
6830     0.033168
6831     1.514194
6832     0.322247
6833     1.058836
6834     0.192461
6835    -1.201949
6836     0.763665
6837    -0.845606
6838     0.705918
6839     0.996768
6840    -1.222946
6841    -1.734126
6842     0.342078
6843     0.926329
6844     0.051241
6845    -0.360845
6846    -0.242295
6847     0.732309
6848     1.214101
6849    -0.494184
6850     0.137405
6851    -0.100935
6852     0.991669
6853     0.390257
6854     0.195798
6855     0.895077
6856    -0.042089
6857     0.202405
6858     1.786075
6859     0.045671
6860    -0.140161
6861     1.000329
6862    -0.633805
6863    -0.196071
6864    -1.885855
6865     0.210945
6866    -0.362128
6867     0.106337
6868    -0.752479
6869    -0.208569
6870    -2.240422
6871    -0.596915
6872    -1.849030
6873    -2.133580
6874     0.675986
6875     0.052493
6876     0.887301
6877    -0.626155
6878    -0.062761
6879     1.141146
6880     1.264984
6881    -0.108058
6882     0.942448
6883     1.652342
6884     0.162808
6885     0.559043
6886     0.877823
6887    -1.127010
6888    -3.111392
6889    -0.197880
6890     0.239495
6891     0.940559
6892    -0.202353
6893     1.598997
6894     1.308190
6895    -0.877067
6896    -0.321419
6897    -1.728645
6898    -0.376094
6899     0.828811
6900     0.351871
6901    -0.308100
6902     0.403166
6903     0.938905
6904     0.747336
6905     0.470185
6906    -0.579121
6907     1.468775
6908    -0.433720
6909     0.239584
6910     0.350437
6911     0.898753
6912     0.443293
6913    -0.236777
6914     0.388356
6915     0.807086
6916    -0.565911
6917     0.385452
6918     1.691068
6919    -0.385645
6920     0.319579
6921     0.812241
6922    -1.478738
6923    -1.460144
6924    -1.437741
6925     0.142755
6926     0.814537
6927    -0.468350
6928    -0.430193
6929    -1.112655
6930    -1.851803
6931    -1.490654
6932    -1.232199
6933    -2.165910
6934     0.628591
6935     0.098166
6936     0.961300
6937    -0.374079
6938     0.493133
6939     0.979946
6940     1.254425
6941     0.875568
6942     0.530036
6943     1.158975
6944     0.650069
6945     0.404092
6946    -0.658976
6947    -1.337691
6948    -3.120143
6949     0.415052
6950     0.312494
6951     0.854921
6952    -0.740841
6953     0.064891
6954     1.850481
6955    -0.831078
6956    -0.976471
6957    -1.368897
6958     1.334647
6959     0.378533
6960     0.479013
6961    -0.156577
6962     0.519083
6963     0.678924
6964     0.485682
6965     0.230446
6966     0.649621
6967     1.088068
6968     0.924978
6969    -0.078056
6970     0.120235
6971     0.499206
6972     1.560495
6973     0.178946
6974     0.194412
6975     0.098801
6976    -0.305118
6977     0.654349
6978     0.963302
6979    -0.389511
6980     0.558320
6981     0.998788
6982    -1.774521
6983    -1.250474
6984    -1.594454
6985     0.236706
6986     0.634320
6987    -0.370749
6988    -1.056880
6989    -1.110558
6990    -1.168436
6991    -0.922817
6992    -1.985864
6993    -2.855421
6994     0.787923
6995    -0.174763
6996     1.498908
6997    -0.074671
6998     0.395569
6999     0.601940
7000     1.921018
7001     0.329271
7002    -0.227189
7003     1.140142
7004     0.630697
7005     0.674750
7006    -1.635652
7007    -0.739720
7008    -2.092502
7009     0.527139
7010     0.732464
7011     0.093326
7012    -0.049729
7013     0.150123
7014     0.351708
7015    -1.913758
7016    -1.330314
7017     0.649456
7018     1.793373
7019     0.138455
7020    -0.433212
7021     0.824372
7022     0.139630
7023     0.297299
7024    -1.327711
7025    -0.460272
7026     1.125678
7027     1.950590
7028    -0.279987
7029    -0.213807
7030    -0.485643
7031     1.481215
7032     0.957465
7033     0.652240
7034     0.489205
7035    -0.143657
7036     0.670008
7037     0.867505
7038     0.372016
7039    -1.545725
7040     1.085073
7041     0.894087
7042    -0.416650
7043    -1.096056
7044    -1.392656
7045    -0.496751
7046     0.351690
7047    -0.026622
7048    -0.389545
7049    -1.311494
7050    -0.822504
7051    -1.275594
7052    -1.166632
7053    -1.754533
7054     0.215323
7055     0.551572
7056     0.938387
7057     0.014151
7058     0.152377
7059     0.550257
7060     1.393710
7061     0.377010
7062    -0.131767
7063     1.805230
7064     0.444885
7065     0.084039
7066    -2.204338
7067    -1.429123
7068    -1.003527
7069     0.266554
7070     0.430695
7071     0.182684
7072     1.221534
7073     0.386638
7074    -0.280820
7075    -2.862730
7076    -1.148376
7077     1.006169
7078     1.990974
7079     0.134443
7080    -0.638188
7081     0.857486
7082    -0.068438
7083     0.386590
7084    -1.493379
7085     0.157379
7086     1.604062
7087     1.921152
7088    -0.315083
7089    -0.009365
7090    -0.244374
7091     1.153451
7092     1.018988
7093     1.014130
7094    -0.414616
7095    -0.750215
7096     0.255699
7097     1.025845
7098    -1.098451
7099    -1.360683
7100     0.891246
7101     2.177622
7102    -0.539042
7103    -0.536863
7104    -1.508034
7105    -0.294704
7106     0.100557
7107    -0.352899
7108    -0.652568
7109    -0.651256
7110    -1.196966
7111    -1.324701
7112    -0.827480
7113     0.049263
7114    -0.026598
7115     0.998061
7116     0.733584
7117    -0.530850
7118     0.838448
7119    -0.271026
7120     1.469019
7121    -0.119891
7122    -0.635685
7123     1.952430
7124    -0.123086
7125     0.064232
7126    -2.195562
7127    -0.991486
7128     0.194429
7129     0.531923
7130     0.009855
7131    -0.153522
7132     0.956539
7133     0.612522
7134    -1.385407
7135    -2.327777
7136    -1.340902
7137     1.032237
7138     2.031860
7139    -0.398261
7140     0.100563
7141     0.739550
7142     0.195130
7143     0.293040
7144    -1.041383
7145    -0.845911
7146     1.645289
7147     0.967705
7148    -0.618335
7149     0.296672
7150    -0.154094
7151    -0.050391
7152     1.129105
7153     1.410345
7154    -0.734244
7155    -0.497003
7156     0.784247
7157     0.839088
7158    -0.956524
7159    -2.478424
7160    -0.124469
7161     2.210307
7162    -0.732826
7163    -0.278999
7164    -1.060015
7165    -0.442254
7166     0.142296
7167    -0.144834
7168    -1.006635
7169    -0.438293
7170    -0.768383
7171    -1.718109
7172     0.190418
7173    -0.145338
7174     0.627767
7175    -0.211709
7176     0.817873
7177     1.237730
7178     1.328888
7179    -1.121021
7180     3.309660
7181    -0.104326
7182    -1.341901
7183     0.626289
7184     0.163260
7185     0.195482
7186    -1.485826
7187     0.241530
7188    -0.326156
7189     0.506541
7190    -0.075642
7191     0.045821
7192     0.986583
7193     0.708211
7194    -1.188444
7195    -2.529356
7196    -0.359443
7197     0.790139
7198     0.392487
7199     0.032939
7200     0.125891
7201     1.137268
7202     0.063384
7203    -0.290030
7204    -0.229060
7205    -1.075770
7206     1.078155
7207     0.365562
7208    -0.891430
7209     0.389588
7210    -0.974448
7211    -0.304336
7212     0.591873
7213     0.819657
7214    -0.878056
7215    -0.004461
7216     0.290612
7217     0.975416
7218    -1.115910
7219    -2.646998
7220    -0.250743
7221     2.190076
7222    -0.254007
7223    -0.248078
7224    -1.010223
7225    -0.354967
7226     0.389418
7227     0.814340
7228     0.449984
7229    -0.163224
7230    -0.456864
7231    -1.618904
7232     0.469254
7233     0.674434
7234    -0.120520
7235    -0.538522
7236    -0.359233
7237     1.113003
7238     1.453553
7239    -1.670061
7240     2.511557
7241    -0.208455
7242    -1.893696
7243    -0.229249
7244     0.319424
7245     1.129863
7246    -0.735964
7247     0.419366
7248    -0.060266
7249     1.067822
7250    -0.156395
7251    -0.229783
7252     1.105293
7253     0.809766
7254    -1.564143
7255    -2.289332
7256    -0.038970
7257     2.134107
7258     0.592689
7259    -0.145602
7260    -0.347765
7261     0.595421
7262    -0.253876
7263    -0.332599
7264    -1.634664
7265     0.417377
7266     0.216856
7267     0.202252
7268    -0.656200
7269    -0.029602
7270    -1.528253
7271     0.471421
7272     0.046094
7273     0.618091
7274    -0.410103
7275    -0.566807
7276    -0.061644
7277     0.994788
7278    -1.459170
7279    -2.428484
7280     0.718618
7281     1.929227
7282     0.481230
7283     0.214426
7284    -1.441728
7285    -0.206984
7286     0.098760
7287     1.095675
7288     0.937390
7289     0.351602
7290    -1.007828
7291    -0.112682
7292    -0.443802
7293     2.047671
7294    -0.527868
7295     0.653727
7296    -1.386864
7297     0.093549
7298     0.652369
7299    -1.248772
7300     1.282467
7301    -0.914314
7302    -1.785947
7303    -0.398513
7304    -0.256080
7305     1.549833
7306     0.257174
7307     0.400105
7308     0.251551
7309     0.331748
7310    -0.331090
7311    -0.474728
7312     1.380750
7313    -0.576543
7314    -0.625503
7315    -0.790727
7316    -0.681768
7317     3.373129
7318     1.509747
7319    -0.449416
7320    -0.150488
7321     0.161199
7322     0.321429
7323     0.772414
7324    -2.333982
7325    -0.062888
7326     1.616697
7327     0.505882
7328    -1.682194
7329     0.634983
7330    -2.166248
7331     0.079115
7332     0.244154
7333     0.215262
7334     0.003270
7335     0.352913
7336     0.442329
7337     0.560824
7338     0.480628
7339    -2.809831
7340     0.000326
7341     1.937958
7342     0.883412
7343    -0.085369
7344    -2.691086
7345    -0.335990
7346     0.239098
7347     0.695210
7348     1.773709
7349    -0.272700
7350    -1.527870
7351     0.531414
7352    -0.647906
7353     0.279656
7354    -0.367213
7355     0.057957
7356    -0.004187
7357     0.033550
7358     0.768169
7359     0.049110
7360     0.231157
7361     0.999770
7362    -0.834339
7363    -0.615384
7364     0.086479
7365     0.683136
7366     1.048113
7367    -0.055535
7368    -1.390644
7369    -0.287098
7370     0.267066
7371     0.472368
7372     1.499448
7373    -0.116730
7374    -1.293323
7375    -0.331937
7376    -0.012795
7377     0.433027
7378     1.922211
7379    -0.447385
7380    -0.910804
7381     0.419693
7382     0.365193
7383     0.900946
7384    -1.335002
7385     0.663273
7386     0.911905
7387     3.057716
7388    -1.129909
7389    -0.812494
7390    -0.302332
7391     0.205498
7392    -0.946225
7393    -0.544803
7394     0.819675
7395     0.771881
7396    -0.017219
7397     0.100011
7398     1.181295
7399    -0.306462
7400    -0.594055
7401     1.306482
7402    -1.191146
7403    -0.584688
7404    -2.165966
7405    -0.136982
7406     0.805421
7407     0.692714
7408     1.185928
7409     0.143258
7410    -2.162272
7411     1.449175
7412    -0.318376
7413    -0.604203
7414    -0.905206
7415    -0.616126
7416     0.534347
7417    -0.192929
7418    -0.588160
7419     0.864575
7420     0.053811
7421    -1.101209
7422    -0.284887
7423    -0.071048
7424     0.375063
7425     0.400724
7426     1.411764
7427    -0.198105
7428    -2.445713
7429    -0.742311
7430     1.038738
7431     0.716615
7432    -1.139935
7433     0.020236
7434     0.408128
7435     0.736297
7436     0.154635
7437    -0.378501
7438    -1.429008
7439     0.439626
7440     1.110648
7441     0.266824
7442     0.579291
7443     1.610690
7444    -1.023268
7445     0.115106
7446    -0.124117
7447     2.639782
7448    -0.587826
7449    -1.715855
7450    -0.406097
7451     0.470462
7452    -1.082995
7453    -0.295057
7454     0.398901
7455    -0.274202
7456    -0.131617
7457     0.545550
7458     0.442470
7459    -0.241894
7460    -0.064822
7461    -0.613736
7462    -1.876095
7463     0.194348
7464     0.896189
7465    -0.045888
7466     0.756282
7467     0.010574
7468     1.204578
7469    -0.161985
7470     0.458308
7471     1.857754
7472    -0.640424
7473    -2.184570
7474    -1.290037
7475    -0.226319
7476     2.363944
7477    -0.397699
7478    -0.008365
7479     0.466728
7480    -0.875744
7481     0.182989
7482     1.729377
7483    -0.350979
7484     0.946326
7485     0.845313
7486     1.478677
7487    -0.439512
7488    -0.069521
7489    -0.260460
7490     0.120217
7491     0.073473
7492    -0.772097
7493    -0.696335
7494    -0.436048
7495     1.233195
7496    -0.518389
7497    -2.113490
7498    -0.713879
7499    -0.965497
7500    -0.282532
7501     1.097135
7502     0.161381
7503     2.437415
7504     0.142010
7505    -0.721948
7506    -0.005416
7507    -0.050794
7508    -1.338740
7509    -0.802612
7510     0.928347
7511    -0.319658
7512    -1.309152
7513     0.531734
7514     0.738603
7515    -0.944022
7516     0.680662
7517     1.001087
7518     0.025439
7519     1.020781
7520    -0.181461
7521    -1.367173
7522    -0.557964
7523    -0.030805
7524     0.277305
7525     0.519076
7526     0.313265
7527    -0.055125
7528    -0.956598
7529     0.842995
7530     0.802474
7531    -1.658033
7532    -0.998550
7533    -0.956900
7534     0.062954
7535    -0.601623
7536     2.621289
7537     0.221281
7538     0.289703
7539     0.103794
7540     0.770444
7541     0.744430
7542     1.543032
7543     0.697895
7544     0.476379
7545     1.333917
7546    -0.849006
7547     0.053704
7548     0.359338
7549     0.118156
7550     0.829682
7551    -0.475677
7552    -0.019679
7553    -0.643727
7554    -1.167553
7555    -2.183584
7556    -0.105275
7557    -1.393700
7558    -0.514817
7559    -0.509441
7560    -1.026673
7561     1.023020
7562    -1.053822
7563     0.921326
7564     0.209235
7565     0.384827
7566    -0.726613
7567    -0.171128
7568     0.836522
7569     0.617262
7570     0.711657
7571    -0.588504
7572     0.191809
7573     0.484353
7574    -0.686836
7575    -0.221276
7576     1.000279
7577    -2.050818
7578     0.193701
7579     0.761747
7580     1.344735
7581    -0.711444
7582    -0.604624
7583     0.274865
7584    -0.096284
7585     0.776080
7586    -2.430739
7587     0.072411
7588    -0.766962
7589    -0.058247
7590     0.579453
7591    -1.648010
7592     1.151911
7593    -0.034680
7594     0.223924
7595     0.870710
7596     0.492912
7597     0.131439
7598    -1.061385
7599    -0.003972
7600     0.763286
7601    -1.165890
7602     0.704814
7603     0.619733
7604    -0.508190
7605     0.288472
7606    -0.864449
7607     0.530575
7608     0.370590
7609     0.207721
7610    -1.361906
7611     0.014463
7612    -0.101776
7613     1.380257
7614    -0.467451
7615    -2.210494
7616     3.049773
7617    -1.480392
7618    -0.545031
7619     1.142163
7620    -0.705101
7621     2.614262
7622    -0.838371
7623    -0.961011
7624    -0.114339
7625     1.559680
7626    -0.888863
7627    -0.116340
7628    -0.150542
7629     0.876957
7630     0.482056
7631     0.879256
7632    -0.407353
7633     0.389600
7634    -0.471606
7635    -0.203558
7636     2.331310
7637    -1.608717
7638    -1.206132
7639    -0.638210
7640     1.880956
7641     0.213511
7642    -1.845787
7643     0.087504
7644     1.189635
7645     0.264510
7646    -0.877572
7647    -0.507876
7648    -1.486261
7649     0.506944
7650     0.650003
7651    -1.190093
7652    -0.883437
7653     1.022561
7654    -0.375657
7655     2.020584
7656     0.139152
7657     1.566520
7658    -0.246577
7659    -1.611624
7660     0.114151
7661     0.675759
7662     0.112529
7663     0.304176
7664    -0.034172
7665     0.026914
7666    -1.881852
7667     0.426845
7668     1.288427
7669     0.238003
7670    -1.699236
7671     0.291032
7672     0.209041
7673    -0.525809
7674     0.534687
7675    -0.490763
7676    -0.265229
7677    -0.817246
7678    -0.374326
7679    -0.436261
7680     0.258253
7681     1.621289
7682    -0.819252
7683    -1.014060
7684    -0.601825
7685    -0.247953
7686    -1.337703
7687    -0.263629
7688     0.326299
7689     0.595738
7690    -0.011737
7691    -0.240365
7692    -1.713084
7693     0.026914
7694    -0.789667
7695    -2.176129
7696     1.739498
7697    -0.314651
7698    -1.085937
7699    -0.100907
7700     0.771220
7701    -1.021166
7702    -1.719532
7703     0.139372
7704     1.094022
7705     0.435962
7706     0.845783
7707     0.456183
7708    -1.099279
7709     1.002909
7710     1.222344
7711     0.609629
7712     0.073107
7713     2.351879
7714    -0.705430
7715     0.671553
7716     0.164817
7717     2.410189
7718     1.755405
7719    -1.479750
7720    -0.174688
7721     0.441695
7722    -0.279367
7723    -0.080015
7724    -0.437341
7725     0.264893
7726    -1.788902
7727     0.093349
7728     1.670633
7729     0.090295
7730    -0.567272
7731     0.204823
7732    -0.282041
7733    -1.273947
7734     0.094666
7735     0.529590
7736    -0.300177
7737     0.586901
7738    -0.635381
7739    -1.130065
7740     1.400299
7741    -0.172464
7742     0.214064
7743    -0.950331
7744     0.305602
7745     0.002710
7746    -2.075522
7747     0.195929
7748    -0.307076
7749     0.574011
7750     0.856264
7751    -0.003449
7752    -2.338309
7753     0.981385
7754    -0.583099
7755    -2.227950
7756    -0.152898
7757     0.340418
7758    -0.320642
7759     0.405161
7760     0.239811
7761    -1.343918
7762    -0.765599
7763    -0.349307
7764     1.746793
7765    -1.038699
7766     1.734461
7767    -0.461080
7768    -1.077264
7769     0.431175
7770     1.660715
7771     0.065131
7772    -0.268522
7773     2.311652
7774    -0.178473
7775    -0.245054
7776     1.048447
7777     0.053316
7778     1.477202
7779    -0.416762
7780     0.066497
7781     0.644906
7782    -1.557792
7783    -0.804031
7784     0.440975
7785    -0.577478
7786    -0.022413
7787    -0.569278
7788     1.615768
7789    -0.906230
7790     0.599565
7791    -0.661740
7792     1.061957
7793    -1.588973
7794     1.162032
7795     0.531741
7796    -0.778764
7797     1.376123
7798     0.595088
7799    -1.431765
7800     1.435986
7801    -0.802872
7802     1.563535
7803    -0.544148
7804    -0.137785
7805    -0.498045
7806    -1.029623
7807     0.850426
7808     0.300401
7809    -1.103552
7810    -0.041860
7811    -0.124261
7812    -1.373951
7813     0.126663
7814    -0.529974
7815    -1.331398
7816    -0.868697
7817     1.854021
7818     0.490253
7819    -0.135179
7820    -0.074986
7821    -1.035298
7822     0.529707
7823    -1.394166
7824     1.806274
7825    -1.252225
7826     2.241487
7827     0.089216
7828     0.293382
7829    -1.038041
7830     1.196790
7831     0.977762
7832    -1.365837
7833     1.476591
7834     1.025591
7835    -0.457691
7836    -0.651584
7837    -0.850284
7838     1.541762
7839    -0.145768
7840    -0.706334
7841     0.306503
7842    -0.365461
7843    -1.269181
7844     0.772390
7845     0.044767
7846     0.317004
7847    -1.342289
7848     1.465793
7849    -1.301441
7850     1.303206
7851     0.275321
7852     1.363261
7853    -0.885689
7854    -0.670103
7855     0.509346
7856    -1.290300
7857     1.938491
7858     1.372717
7859    -0.882026
7860    -0.532611
7861    -1.484578
7862     1.857317
7863     0.198675
7864     0.678238
7865    -1.026948
7866    -0.420768
7867     2.394724
7868    -0.133138
7869    -1.850482
7870     1.128256
7871    -0.684571
7872    -0.729046
7873     1.114225
7874    -1.050469
7875    -0.696400
7876    -1.358788
7877     1.726602
7878     0.213089
7879     0.663245
7880    -0.705810
7881    -0.895416
7882    -0.235086
7883    -0.700263
7884     0.595341
7885    -1.438820
7886     1.903794
7887    -0.253086
7888     0.233995
7889    -0.988291
7890     0.597730
7891    -0.053314
7892    -0.688369
7893     0.886245
7894     0.773210
7895    -0.733671
7896    -0.190718
7897    -1.543526
7898     3.073610
7899     1.192320
7900     0.345551
7901    -0.141697
7902     0.492323
7903    -1.374256
7904     0.505653
7905     0.735146
7906     0.067046
7907    -0.395641
7908    -0.299843
7909    -1.422006
7910     0.934317
7911     0.563848
7912     0.588296
7913    -0.752609
7914    -0.437681
7915     0.271361
7916    -1.211041
7917     0.711981
7918     0.652225
7919    -0.788775
7920    -0.413259
7921    -1.818705
7922     2.037163
7923     1.807907
7924     0.794051
7925    -1.043212
7926    -0.758524
7927     0.932125
7928    -0.444614
7929    -0.979407
7930     1.021187
7931    -0.664487
7932    -0.813360
7933     1.226029
7934    -1.106183
7935    -0.837764
7936    -1.639376
7937     1.321647
7938     1.734902
7939     1.003369
7940    -0.900247
7941    -0.887899
7942     0.526067
7943    -0.002494
7944    -0.410897
7945    -2.171343
7946     2.003824
7947     1.001063
7948     0.636669
7949    -0.505204
7950    -0.393878
7951     0.095347
7952     0.268720
7953    -0.287657
7954     0.646597
7955    -0.943062
7956    -0.469942
7957    -1.673467
7958     1.628937
7959     1.535474
7960     0.817716
7961    -0.012751
7962    -0.377476
7963     0.194583
7964    -0.046735
7965     1.116655
7966     0.102199
7967    -1.030733
7968     0.388802
7969    -1.901352
7970     0.737066
7971     0.867749
7972     0.462643
7973    -0.518652
7974    -1.037677
7975     0.068650
7976     0.044923
7977    -0.340115
7978     0.677011
7979    -0.823908
7980    -0.857958
7981    -1.458696
7982     2.058611
7983     2.277195
7984     1.078522
7985    -1.209761
7986    -0.579273
7987     1.013430
7988    -0.636219
7989    -0.983282
7990     0.725497
7991    -0.733519
7992    -0.366560
7993     0.899716
7994    -1.185944
7995    -0.431020
7996    -0.975925
7997     1.459956
7998     2.249321
7999     0.832702
8000    -1.089916
8001    -1.088559
8002     0.615352
8003    -0.193209
8004    -0.619325
8005    -1.641727
8006     2.182290
8007     1.758478
8008     0.408502
8009    -0.696879
8010    -0.417798
8011    -0.172155
8012     0.185922
8013    -0.789155
8014     0.203216
8015    -1.061031
8016    -0.326080
8017    -0.978403
8018     1.753994
8019     2.019131
8020     0.817171
8021    -0.201301
8022    -0.450492
8023     0.293443
8024     0.412395
8025    -0.194964
8026     0.364936
8027    -0.748142
8028    -0.816774
8029    -1.110051
8030     0.731865
8031     0.741051
8032     0.134243
8033    -0.683618
8034    -0.913219
8035    -1.109788
8036     0.495126
8037    -0.421154
8038     0.060015
8039    -0.840618
8040    -0.647519
8041    -1.054953
8042     1.859424
8043     2.934346
8044     0.967490
8045    -1.458468
8046    -0.732043
8047     0.868196
8048    -0.825300
8049    -1.457864
8050     0.424024
8051    -0.811787
8052    -0.723284
8053     0.497049
8054    -0.867756
8055    -0.486706
8056    -1.178180
8057     1.295094
8058     2.287873
8059     0.481651
8060    -1.144220
8061    -1.683152
8062     0.444099
8063    -0.404232
8064    -1.094664
8065    -0.843968
8066     1.629597
8067     1.365897
8068     0.198371
8069    -0.915538
8070    -0.616264
8071     0.076286
8072     0.655826
8073     0.021373
8074    -0.204651
8075    -0.354177
8076    -0.056867
8077    -0.905246
8078     1.441151
8079     2.158753
8080     0.588125
8081    -0.243744
8082    -0.682718
8083     0.144400
8084     0.193588
8085    -0.626185
8086     1.627482
8087    -1.552970
8088    -0.936346
8089    -1.271317
8090     0.458628
8091     0.749467
8092    -0.261809
8093     0.430316
8094    -0.694292
8095    -0.473191
8096     0.567907
8097     0.395625
8098    -0.123860
8099     0.046660
8100    -0.122948
8101    -0.994612
8102     1.757664
8103     2.653489
8104     1.582197
8105    -1.565891
8106    -0.196818
8107     0.477325
8108    -0.809002
8109    -1.282883
8110     0.399781
8111    -0.764379
8112    -0.167968
8113     0.315558
8114    -0.691834
8115     0.185158
8116    -1.072236
8117     1.127086
8118     1.956574
8119     0.631049
8120    -0.828695
8121    -0.902438
8122     1.201679
8123    -0.719346
8124    -1.449395
8125    -1.071289
8126     1.818017
8127     1.979062
8128     0.398333
8129    -1.027409
8130    -0.124334
8131    -0.898924
8132     0.945403
8133    -0.765726
8134     0.265743
8135    -0.650347
8136     0.003712
8137    -1.083793
8138     1.394597
8139     1.404521
8140     1.203372
8141    -0.594641
8142    -1.425752
8143     0.604315
8144    -0.083039
8145    -1.722622
8146     0.746220
8147    -1.021485
8148    -0.640874
8149    -0.730459
8150     0.219247
8151     0.022824
8152    -0.962168
8153     0.594026
8154    -0.576512
8155    -0.122772
8156     0.492388
8157     0.719703
8158    -0.889319
8159     0.407641
8160     0.330279
8161    -1.080674
8162     0.942590
8163     2.131469
8164     1.667490
8165    -0.379666
8166    -0.129371
8167    -0.700046
8168     0.387641
8169    -0.816124
8170     0.434664
8171    -0.516640
8172     0.563188
8173     0.190160
8174    -0.413443
8175     1.193766
8176    -0.956142
8177     0.436070
8178     1.603365
8179     0.598364
8180     0.213626
8181    -0.791201
8182     1.539723
8183    -0.493656
8184    -1.224053
8185    -1.177768
8186     1.184533
8187     0.829793
8188     0.086279
8189    -0.944714
8190     0.876937
8191    -0.835672
8192     0.109887
8193    -2.798540
8194     0.334229
8195    -0.873752
8196     0.854625
8197    -1.208087
8198     1.057130
8199     2.179713
8200     1.836304
8201    -0.838008
8202    -1.440827
8203     0.945004
8204    -0.278557
8205    -1.702129
8206     0.216267
8207    -0.796820
8208     0.373831
8209    -0.556077
8210     1.082499
8211    -1.790756
8212    -0.941689
8213     0.653820
8214    -0.502658
8215     0.289565
8216    -0.592583
8217     0.287751
8218    -0.681895
8219     0.060042
8220     0.301223
8221    -0.388095
8222     1.729219
8223     1.844938
8224    -0.389286
8225    -0.245084
8226     0.376791
8227    -0.531874
8228     1.385602
8229    -0.910291
8230    -0.543545
8231     0.247319
8232     1.092550
8233    -0.771947
8234     0.273392
8235     0.459570
8236     0.221414
8237     0.089292
8238     0.194104
8239    -0.550017
8240     0.770962
8241     0.587762
8242    -0.292634
8243    -0.489097
8244    -0.349708
8245     0.005770
8246     1.793110
8247     0.719677
8248     0.229295
8249    -0.568958
8250     0.060938
8251     1.473608
8252    -2.312098
8253    -2.701197
8254    -0.252931
8255    -0.275439
8256     0.346232
8257    -0.643432
8258     1.336277
8259     0.888909
8260     0.646349
8261    -1.247325
8262    -0.003570
8263     0.844894
8264    -1.023914
8265     0.465463
8266    -0.366421
8267    -0.132080
8268     0.525042
8269     0.837790
8270    -1.069397
8271     0.101548
8272    -0.286364
8273     1.521418
8274    -0.621809
8275     0.613462
8276    -2.409144
8277    -3.277402
8278     0.143964
8279     0.625946
8280     0.200455
8281    -0.878394
8282     1.091192
8283     0.547744
8284    -1.038974
8285     1.724301
8286     1.058164
8287     0.111784
8288    -0.040252
8289    -1.397386
8290    -0.740115
8291     1.056716
8292     1.059382
8293    -0.570385
8294     0.899535
8295     1.670156
8296     0.949008
8297    -1.316642
8298    -0.812980
8299    -0.581741
8300     2.177882
8301     1.141040
8302    -0.545940
8303     0.891444
8304     0.135565
8305     0.627872
8306     1.290693
8307     0.319505
8308     1.240157
8309    -2.766476
8310    -0.596073
8311    -1.274247
8312     0.089913
8313    -0.590568
8314     0.240865
8315    -0.553761
8316     0.207114
8317    -0.412161
8318     0.628464
8319     0.780794
8320     0.680038
8321     0.181694
8322     1.211414
8323     1.305378
8324    -1.019340
8325    -0.725727
8326     0.136682
8327    -1.220124
8328     0.152637
8329     0.695188
8330     0.747434
8331     0.146461
8332     0.160523
8333    -1.246124
8334    -1.516128
8335    -0.653997
8336    -1.046035
8337    -1.612460
8338     0.548461
8339    -1.570513
8340    -1.178652
8341    -0.021174
8342     0.929144
8343     1.802341
8344    -0.070022
8345     0.079780
8346    -0.753955
8347     0.164686
8348     0.351705
8349    -0.992791
8350    -0.152977
8351     0.413785
8352     0.061951
8353     0.012515
8354    -0.169339
8355     0.031169
8356    -0.011645
8357    -0.268202
8358     1.807686
8359    -0.021690
8360     1.130280
8361    -0.375438
8362    -0.073673
8363     0.109520
8364    -1.213986
8365     0.725948
8366     1.695210
8367     2.376816
8368     0.181877
8369    -1.847477
8370    -0.963635
8371    -0.594613
8372    -0.961478
8373    -1.968346
8374     0.090768
8375    -0.617920
8376    -0.962166
8377     0.185341
8378     0.666184
8379     1.896045
8380    -0.022804
8381     0.928191
8382     1.438815
8383     0.071972
8384     0.035590
8385     0.492831
8386     0.012810
8387    -1.310365
8388    -0.990796
8389     0.006001
8390     1.552593
8391     2.580473
8392     0.005412
8393    -0.611151
8394    -1.136618
8395    -0.264396
8396    -1.441096
8397    -2.496668
8398    -0.224335
8399    -0.664955
8400    -0.633728
8401    -0.279850
8402     1.301244
8403     1.590339
8404     0.144125
8405    -1.056087
8406    -0.316666
8407     0.241423
8408    -0.534970
8409    -1.115564
8410    -0.001132
8411     0.451212
8412     0.117769
8413     0.293376
8414    -0.285018
8415     0.307980
8416    -0.340565
8417     1.961915
8418     2.124362
8419    -0.022389
8420    -0.274173
8421    -0.168391
8422    -0.036728
8423    -0.094954
8424    -1.363764
8425     0.304364
8426     1.285435
8427     1.913103
8428     0.278475
8429    -1.272430
8430    -1.126452
8431     0.118397
8432     0.097258
8433    -0.709308
8434     0.072988
8435    -1.482670
8436    -1.223562
8437    -0.023716
8438     0.683473
8439     1.705717
8440    -0.181054
8441     1.106806
8442     1.267740
8443    -0.363633
8444     0.963113
8445    -0.071122
8446     0.015897
8447    -1.256140
8448    -1.322980
8449    -0.454823
8450     1.979434
8451     2.244721
8452     0.198921
8453    -1.237980
8454    -1.296228
8455     0.003425
8456    -0.967178
8457    -2.312540
8458     0.032498
8459    -1.368290
8460    -0.245155
8461     0.680692
8462     0.205746
8463     1.672952
8464    -0.644956
8465    -0.266452
8466    -0.637015
8467    -0.947391
8468     0.594497
8469    -0.713201
8470     0.288048
8471     0.297367
8472     0.880892
8473     0.359840
8474    -0.140957
8475     0.855300
8476     0.787513
8477     0.529837
8478     1.710677
8479    -0.309855
8480     0.098957
8481    -0.235407
8482    -0.602996
8483     0.159537
8484    -0.117332
8485     1.310307
8486     0.211158
8487     2.469967
8488    -0.579782
8489    -0.033282
8490    -2.735973
8491    -1.464217
8492     1.728854
8493    -1.079576
8494     0.087588
8495    -1.332316
8496    -1.168483
8497     0.683062
8498     0.058192
8499     1.357076
8500     0.644059
8501     0.238577
8502     1.197533
8503     0.247909
8504     0.220806
8505     0.298347
8506    -0.684006
8507    -0.137963
8508    -2.726454
8509     0.738605
8510     0.301519
8511     1.457375
8512     0.034529
8513    -1.317566
8514     0.146177
8515    -0.914327
8516    -0.079384
8517    -2.173346
8518     0.285377
8519    -1.337128
8520    -0.459505
8521    -0.028187
8522     0.910334
8523     1.812133
8524    -0.753780
8525     0.306860
8526    -0.896757
8527     0.053547
8528    -0.739938
8529     0.268497
8530     0.087623
8531     0.444392
8532     0.897026
8533     0.024394
8534    -0.112044
8535     0.711182
8536     0.097251
8537     0.229665
8538     1.560328
8539    -1.104519
8540     0.395403
8541    -1.159778
8542     0.103675
8543     0.223522
8544     0.934834
8545    -0.255673
8546     0.118563
8547     2.031723
8548     0.622711
8549     0.813352
8550    -3.062898
8551    -1.191700
8552    -0.614335
8553    -0.973012
8554     0.304436
8555     0.160081
8556    -0.696495
8557     0.172977
8558     0.343296
8559     1.234005
8560     0.441038
8561     0.611365
8562     1.306713
8563     0.158217
8564     0.251913
8565     0.341779
8566     0.807115
8567     0.225118
8568    -2.639084
8569    -0.121377
8570     0.163761
8571     1.084749
8572     0.257861
8573    -2.212802
8574     0.344347
8575    -0.136248
8576     0.346207
8577    -1.944305
8578     0.460640
8579    -1.864712
8580    -1.154987
8581     0.711477
8582     0.724144
8583     2.114827
8584    -0.406707
8585    -1.066255
8586     0.377059
8587     0.125585
8588    -0.365633
8589     0.449773
8590     0.190167
8591     1.602814
8592    -1.159188
8593     0.735469
8594    -0.077299
8595    -1.259084
8596     0.264067
8597     1.566681
8598    -1.193745
8599    -0.250509
8600    -0.974649
8601    -2.078218
8602    -0.503693
8603     1.507488
8604     1.821161
8605     0.842507
8606    -0.473121
8607    -0.487707
8608    -0.573912
8609    -0.823307
8610     0.970628
8611    -1.718238
8612    -1.006002
8613    -1.105428
8614     0.177400
8615    -0.259196
8616    -0.005135
8617     1.100302
8618    -0.102953
8619     0.180008
8620     1.554548
8621     1.107748
8622     0.150036
8623     0.778302
8624    -0.035519
8625    -0.821006
8626    -0.781426
8627     0.261998
8628     0.726383
8629     0.626821
8630     0.117593
8631    -0.964235
8632    -0.518193
8633    -0.564452
8634     0.789663
8635    -1.193752
8636    -1.114114
8637     1.364188
8638    -1.160215
8639    -0.025965
8640     0.130022
8641    -0.173053
8642    -0.137219
8643     0.084711
8644    -0.133972
8645    -0.160663
8646     0.693314
8647    -1.410726
8648    -0.127728
8649    -1.087255
8650     1.779556
8651    -0.954207
8652    -0.224004
8653     1.348360
8654    -0.288227
8655    -0.704184
8656     0.836348
8657     0.336109
8658    -1.040275
8659     0.775573
8660    -0.385719
8661     0.129479
8662    -0.443542
8663    -0.396279
8664     0.674722
8665     0.281286
8666     1.304865
8667     0.264950
8668    -0.771193
8669     0.899968
8670     1.702313
8671    -1.338294
8672    -0.089933
8673     0.408169
8674    -0.272248
8675     0.517788
8676     0.463354
8677     0.572469
8678     1.006695
8679     0.078862
8680     0.355611
8681     1.386236
8682    -1.757580
8683     0.864998
8684    -0.561984
8685    -1.206033
8686    -0.607243
8687     0.684543
8688     0.945209
8689     0.817072
8690     0.005189
8691    -0.827453
8692    -0.667157
8693     0.604034
8694     1.015317
8695    -1.179427
8696    -3.146278
8697     0.432892
8698    -0.634416
8699    -0.497190
8700    -0.046508
8701    -0.586605
8702     1.361241
8703     0.738436
8704     0.335205
8705    -1.011661
8706     0.247959
8707    -0.007961
8708     0.021552
8709    -2.077385
8710    -0.332494
8711     0.658890
8712     2.053765
8713    -0.303541
8714     0.666593
8715     1.259798
8716    -0.494056
8717    -0.037613
8718     1.045274
8719     1.580291
8720    -0.329552
8721    -2.021262
8722    -0.983063
8723     1.122967
8724     1.634813
8725     1.164386
8726     0.317553
8727    -1.930432
8728    -0.309385
8729    -0.458276
8730     1.084757
8731    -0.236517
8732    -0.983795
8733    -0.685951
8734     0.742097
8735    -0.215987
8736    -1.878086
8737     0.025729
8738    -0.326598
8739     1.055287
8740     1.070340
8741     0.672653
8742    -2.147555
8743    -0.680734
8744     0.541661
8745     1.137927
8746    -0.111297
8747    -0.455060
8748     0.582950
8749    -0.372081
8750     0.640908
8751     0.935525
8752     0.441209
8753    -0.494683
8754    -1.401768
8755    -0.340649
8756    -0.779404
8757    -0.267057
8758    -0.600873
8759    -0.911387
8760     0.633005
8761     0.757685
8762    -0.053880
8763    -1.523825
8764     0.560982
8765     0.457384
8766    -1.239463
8767    -1.465836
8768    -0.135265
8769     1.705686
8770     1.135361
8771    -0.740444
8772    -0.787012
8773     0.833004
8774    -0.081366
8775    -0.927907
8776     0.480234
8777     0.327635
8778    -1.225131
8779    -0.097498
8780    -0.761007
8781     1.963099
8782     0.299572
8783     0.080048
8784    -1.060782
8785    -0.291866
8786    -0.466157
8787     1.681832
8788    -0.363515
8789     0.815387
8790     0.449710
8791    -1.178855
8792    -0.204789
8793     1.453576
8794    -0.657836
8795    -0.580029
8796     1.754235
8797     0.882081
8798     0.181673
8799    -1.162547
8800    -0.214985
8801    -1.503123
8802     1.954039
8803     0.676000
8804    -0.329714
8805    -1.565076
8806    -0.107007
8807     1.062970
8808    -0.405592
8809     0.713125
8810     0.541644
8811    -1.271306
8812    -0.589864
8813    -0.723910
8814     1.232717
8815    -1.387337
8816     1.858274
8817     0.013534
8818     0.016554
8819     0.254670
8820    -1.039787
8821     0.024324
8822     0.125192
8823     0.612488
8824    -0.318193
8825    -1.670063
8826     1.045599
8827    -1.313708
8828     1.589925
8829    -1.040541
8830     0.566501
8831    -1.753273
8832     1.778828
8833     0.918311
8834    -2.133874
8835     0.403195
8836    -0.123828
8837    -0.620433
8838     0.698673
8839     1.150145
8840     0.289226
8841    -1.030139
8842    -0.286635
8843     0.415224
8844     0.358563
8845     0.496087
8846     0.424391
8847    -0.441427
8848     0.264563
8849    -1.130198
8850     0.103927
8851    -0.718414
8852     1.118397
8853    -1.151735
8854     0.273424
8855     0.283353
8856    -1.396547
8857     0.397949
8858     1.089179
8859     0.934706
8860     0.683241
8861     0.349268
8862    -1.046220
8863     0.082280
8864    -1.103461
8865     0.207657
8866    -0.028421
8867     0.966228
8868    -0.109221
8869     0.299118
8870    -0.326983
8871     0.658203
8872    -0.137509
8873    -0.165384
8874    -0.602202
8875    -1.626752
8876     1.883247
8877    -0.663536
8878    -0.602481
8879     0.370038
8880     0.679730
8881     0.095055
8882    -0.573477
8883     2.122415
8884     0.144207
8885    -0.596072
8886     0.675610
8887    -0.965858
8888     0.467215
8889     0.502805
8890     0.748696
8891    -0.608242
8892     0.534188
8893     0.794555
8894    -0.775709
8895    -0.718770
8896     0.171146
8897    -0.075841
8898    -0.344007
8899     0.145306
8900    -0.755423
8901     0.582733
8902    -0.062957
8903     1.194657
8904    -1.961652
8905     0.295480
8906     0.048493
8907     0.463016
8908     0.930940
8909     0.489666
8910    -1.698451
8911     2.085271
8912     1.867229
8913     1.160940
8914    -0.089139
8915    -0.289893
8916    -0.568716
8917     0.583406
8918     0.507437
8919     0.871384
8920     0.621640
8921    -0.270364
8922     0.805735
8923    -0.031635
8924    -0.614678
8925    -0.702590
8926    -0.187065
8927     0.787820
8928    -1.212189
8929    -0.693163
8930    -0.664367
8931     0.069237
8932    -0.343985
8933     0.092637
8934    -0.934977
8935    -4.425138
8936    -0.489408
8937    -0.374385
8938     0.183238
8939     0.258320
8940     0.727672
8941    -0.237068
8942     0.453807
8943     2.412340
8944     0.260860
8945    -0.688130
8946     0.604028
8947     0.638685
8948     0.701796
8949    -0.086630
8950     0.909472
8951    -0.112792
8952     0.747088
8953    -0.423051
8954    -0.469419
8955     0.128921
8956     1.255789
8957     1.546373
8958    -0.178141
8959     0.941108
8960     0.693656
8961     0.740087
8962    -0.631505
8963     0.193836
8964    -1.763186
8965     1.518235
8966    -0.046277
8967    -0.120143
8968    -1.633382
8969    -0.164428
8970    -0.884787
8971    -0.515225
8972    -2.987108
8973    -0.465273
8974    -2.353494
8975    -0.264737
8976     0.207179
8977    -0.296563
8978    -0.104266
8979     0.882217
8980     1.057475
8981    -0.320554
8982     0.546350
8983    -0.386795
8984    -0.176457
8985    -0.097728
8986     1.406500
8987     0.980417
8988    -1.689135
8989     1.346391
8990     1.182760
8991    -0.233387
8992    -0.938662
8993     0.082005
8994    -0.528205
8995    -2.210167
8996    -0.421601
8997    -0.838489
8998     0.291396
8999    -0.078881
9000     0.616895
9001    -0.190578
9002     0.758853
9003     2.214255
9004     0.223173
9005     0.912018
9006    -0.218697
9007     0.395538
9008     1.482475
9009    -0.149642
9010     0.556042
9011     0.868916
9012     0.304416
9013    -0.211434
9014    -0.732800
9015     0.290430
9016     0.939004
9017     0.634403
9018    -0.154945
9019     0.690916
9020     1.082513
9021     0.026414
9022    -0.519944
9023     0.079617
9024     0.233184
9025     1.007129
9026     0.423153
9027     0.051254
9028    -1.158143
9029    -2.111642
9030    -1.097006
9031    -0.311148
9032    -2.350839
9033     0.766402
9034    -1.205493
9035     0.368945
9036     0.208416
9037    -0.100210
9038     0.485558
9039     0.378955
9040     0.689189
9041    -0.361180
9042     0.639787
9043    -0.139178
9044    -0.354183
9045    -0.021532
9046     0.584632
9047    -0.615851
9048    -0.052250
9049     0.936439
9050     0.995600
9051    -0.071952
9052    -0.438372
9053    -0.117100
9054     0.813234
9055    -1.938871
9056    -2.795329
9057    -3.622197
9058     0.191308
9059     1.346874
9060    -0.538526
9061     0.205084
9062     0.647142
9063     1.617881
9064    -0.500744
9065     0.670449
9066    -0.009613
9067    -0.936517
9068     0.946839
9069    -0.423339
9070     0.475322
9071     0.697739
9072    -0.465012
9073     0.526471
9074    -0.436640
9075     0.282714
9076     0.995366
9077     0.566796
9078     0.798003
9079    -0.248157
9080     0.825719
9081    -0.111660
9082    -0.090355
9083     0.128036
9084    -0.083456
9085    -0.025535
9086     0.237885
9087     1.034681
9088    -0.032921
9089    -1.342975
9090    -0.009935
9091    -0.842807
9092    -1.881408
9093    -0.988514
9094     0.080469
9095     0.437746
9096     0.211172
9097     1.181108
9098     0.399857
9099     0.942757
9100    -0.352798
9101    -0.304740
9102     0.813913
9103     1.072317
9104    -0.209642
9105     0.141026
9106     0.155802
9107    -0.317360
9108     0.196533
9109    -0.060324
9110     0.572863
9111     1.209970
9112    -0.460147
9113     0.067278
9114     0.071282
9115    -0.566539
9116    -2.675737
9117    -5.343511
9118    -0.575096
9119     0.970152
9120     0.115108
9121     0.518562
9122     0.574410
9123     2.354989
9124     0.220041
9125    -0.440264
9126    -0.569519
9127    -0.090160
9128    -0.031314
9129    -0.680417
9130    -0.427138
9131     0.615536
9132    -1.584563
9133     0.414613
9134    -0.369733
9135    -0.182123
9136     0.806465
9137     0.910741
9138     2.010075
9139    -0.063168
9140     0.332834
9141    -0.768090
9142     0.073197
9143    -0.073007
9144    -0.647746
9145    -0.798729
9146     1.188835
9147     1.796037
9148    -0.017404
9149    -0.868430
9150    -0.220862
9151    -1.117051
9152    -0.882227
9153    -0.875321
9154     0.219358
9155    -0.111753
9156    -0.625107
9157     1.848471
9158    -0.455032
9159     1.845456
9160    -1.119573
9161     0.526980
9162     0.380875
9163     0.947266
9164     0.149233
9165     1.118437
9166     0.532197
9167    -0.613075
9168     0.069066
9169    -0.928125
9170     1.472203
9171     1.694297
9172    -0.233974
9173    -0.221520
9174    -0.564250
9175    -0.821930
9176    -1.467167
9177    -3.850732
9178     0.037084
9179    -0.237249
9180    -0.700501
9181    -0.654533
9182     2.030465
9183     2.554056
9184     0.509704
9185    -0.510853
9186    -0.636105
9187     0.143245
9188    -0.719984
9189    -1.355832
9190    -0.092121
9191     1.190158
9192    -0.718531
9193     0.559053
9194    -0.513033
9195     0.199075
9196     0.613990
9197    -0.215272
9198     1.816212
9199     0.207075
9200    -0.264429
9201    -1.515008
9202     0.200229
9203    -1.173320
9204    -1.058831
9205    -0.113959
9206     0.606256
9207     0.427957
9208     0.224448
9209    -1.560296
9210    -0.713809
9211    -0.445783
9212    -0.430358
9213     0.152338
9214     0.208286
9215    -1.105705
9216    -1.485037
9217     1.031723
9218    -0.677311
9219     2.279504
9220    -0.327749
9221     0.254989
9222    -0.243446
9223     0.569344
9224    -0.228003
9225     1.717317
9226    -0.913838
9227     1.856283
9228     0.006112
9229    -0.730409
9230     1.981137
9231     1.814189
9232     0.078653
9233    -0.963733
9234    -1.139120
9235    -1.450968
9236     0.812633
9237    -1.189111
9238     0.383610
9239    -0.369623
9240    -0.911931
9241    -0.154870
9242     0.785838
9243     2.146372
9244    -0.194284
9245    -1.686805
9246    -0.593137
9247     0.551718
9248    -0.754733
9249    -1.061256
9250     0.159942
9251    -0.519900
9252    -1.512723
9253     0.430301
9254     1.049572
9255     0.377530
9256     0.044778
9257     0.915348
9258     2.218307
9259     0.427120
9260    -0.783761
9261    -1.302684
9262    -0.443421
9263    -2.362935
9264    -1.027914
9265     0.484587
9266     0.854371
9267     0.622656
9268     0.551030
9269    -0.740580
9270    -0.419900
9271    -0.530762
9272     1.112385
9273     0.354261
9274     0.377370
9275    -0.386153
9276    -1.074190
9277    -0.017351
9278     0.965906
9279     2.439292
9280    -0.292730
9281     1.381910
9282     0.084240
9283    -0.181655
9284     1.260522
9285     1.995091
9286    -0.312629
9287     1.427273
9288     0.068397
9289    -0.281668
9290     0.193789
9291     0.541999
9292     0.649010
9293    -0.270756
9294    -0.916184
9295    -0.894945
9296    -0.471794
9297    -1.672361
9298    -0.371541
9299    -1.969498
9300    -1.267797
9301    -0.773642
9302     0.517249
9303     2.943857
9304     0.449267
9305     0.053363
9306    -0.713356
9307     0.602352
9308    -0.593448
9309    -1.469899
9310     0.731401
9311    -0.221442
9312    -1.200586
9313     0.135911
9314     0.932837
9315     0.002261
9316    -0.561078
9317     0.546124
9318     2.322925
9319     0.912912
9320    -0.603251
9321    -1.118446
9322     0.694665
9323    -0.744687
9324    -1.111562
9325     0.523675
9326     0.337443
9327     0.908644
9328     0.488500
9329    -0.536961
9330    -0.696646
9331    -0.922715
9332     0.082807
9333     0.273385
9334     0.671388
9335    -0.015509
9336    -0.949352
9337    -0.638070
9338     0.467705
9339     2.549383
9340    -0.420792
9341     0.466739
9342     0.111804
9343    -0.693716
9344     0.502573
9345     2.009316
9346    -0.485582
9347     0.480814
9348    -0.202401
9349    -0.492236
9350    -0.481145
9351     1.359580
9352     0.707182
9353    -0.109622
9354    -1.237645
9355    -1.925561
9356    -0.592132
9357    -2.835094
9358     0.996139
9359    -0.489459
9360    -0.946169
9361    -0.255188
9362    -0.694310
9363     2.281574
9364    -1.070513
9365     0.815577
9366    -1.223888
9367    -0.279524
9368     0.634878
9369    -0.809322
9370    -0.379263
9371     1.529805
9372    -0.458647
9373     0.296327
9374     1.189596
9375     0.667508
9376    -0.518852
9377    -0.440945
9378     1.657970
9379     0.209401
9380     0.644036
9381    -0.344820
9382    -0.147274
9383    -0.288792
9384    -0.960513
9385     1.490051
9386    -0.534576
9387     1.197129
9388    -0.323173
9389    -0.125362
9390    -0.292109
9391    -0.769517
9392    -1.410726
9393    -2.285362
9394    -0.254062
9395     1.877176
9396     0.094567
9397    -0.131282
9398    -0.663531
9399     1.301888
9400     1.208891
9401    -0.693646
9402     0.115899
9403     0.259701
9404    -0.840906
9405     1.461581
9406     0.492921
9407    -0.538142
9408    -0.578624
9409     1.567382
9410    -2.699936
9411     1.308863
9412    -0.024051
9413     1.445954
9414    -0.399219
9415    -0.975915
9416     0.193736
9417    -1.473788
9418    -0.396061
9419     0.600115
9420    -1.260688
9421     0.074456
9422    -0.674311
9423     0.746197
9424    -0.162992
9425    -0.043910
9426     1.284795
9427    -0.028846
9428     0.434033
9429    -0.832706
9430     0.332538
9431     1.607405
9432     0.555919
9433    -0.137536
9434     2.357466
9435     0.920449
9436     0.256128
9437    -0.159135
9438    -1.059008
9439     0.120142
9440     0.842505
9441     0.490506
9442    -0.110832
9443    -1.292009
9444     0.413236
9445     0.573543
9446     0.891150
9447     0.091196
9448     0.182204
9449    -1.356829
9450     0.137542
9451    -0.910311
9452    -3.061906
9453     1.084841
9454    -0.324071
9455     3.150445
9456    -0.057153
9457    -0.088942
9458    -0.783841
9459    -0.348289
9460     0.304780
9461    -0.233524
9462    -0.988642
9463    -0.529753
9464    -0.253638
9465    -0.189100
9466    -0.125362
9467    -0.854639
9468    -0.758824
9469     0.209025
9470    -1.636051
9471    -2.095378
9472     0.249766
9473     2.189882
9474     0.861742
9475    -0.184998
9476    -1.070671
9477    -0.326117
9478     0.301062
9479    -0.052422
9480     0.068796
9481     0.387294
9482    -0.971520
9483     2.618430
9484    -0.645112
9485     0.712488
9486    -0.200490
9487    -0.204210
9488    -0.119145
9489    -0.527751
9490    -0.022624
9491     2.878831
9492     0.084457
9493    -0.669256
9494     1.411900
9495     0.232228
9496     0.430311
9497     0.333181
9498    -0.969478
9499     0.214140
9500     0.432065
9501    -0.592100
9502     0.063728
9503    -0.392912
9504     0.386321
9505     0.442295
9506    -0.397869
9507     0.240867
9508     0.374983
9509    -0.712572
9510    -0.323505
9511     0.011215
9512    -0.130014
9513    -0.270841
9514    -0.604871
9515     2.024084
9516     0.643278
9517     0.033572
9518    -0.220700
9519    -0.239289
9520     0.312215
9521    -0.067213
9522     0.161983
9523    -0.338942
9524     1.309931
9525     0.092059
9526     0.202581
9527     0.613734
9528    -0.148897
9529     0.456784
9530    -0.812584
9531    -0.445347
9532    -0.027308
9533     0.666199
9534    -0.192563
9535    -0.445849
9536    -2.421027
9537    -0.815403
9538     0.029054
9539    -4.136856
9540     0.266041
9541    -0.460091
9542     0.225529
9543     0.997965
9544    -0.337593
9545     0.167782
9546     0.215045
9547    -0.218489
9548     0.125632
9549     0.468341
9550     1.308769
9551     0.855715
9552     1.431355
9553     0.669171
9554    -0.442198
9555     1.236080
9556     0.395819
9557     0.494298
9558     0.467252
9559     0.113236
9560     0.518787
9561     0.770464
9562    -0.266901
9563     0.608002
9564    -2.146423
9565     0.217348
9566    -0.052925
9567     0.681952
9568    -0.390892
9569     0.481337
9570    -2.447467
9571    -0.192119
9572     0.566369
9573    -2.251811
9574     0.184756
9575     1.047028
9576     0.552688
9577     0.658729
9578    -0.964529
9579     1.306875
9580     0.804461
9581    -0.761612
9582     1.077364
9583    -0.211778
9584     0.831905
9585     0.521096
9586     0.298012
9587     0.680538
9588    -1.612936
9589     0.343483
9590    -0.819500
9591     0.317153
9592    -0.029630
9593     0.366452
9594     0.535888
9595    -1.558783
9596    -1.453003
9597    -0.045106
9598    -1.327507
9599    -2.475608
9600    -2.075774
9601    -0.546356
9602     0.223714
9603    -1.581441
9604    -1.030375
9605    -0.687592
9606    -0.442344
9607    -0.572367
9608    -0.417383
9609     0.304704
9610     0.532771
9611    -1.566393
9612     0.852002
9613     1.006775
9614     0.601742
9615     1.298498
9616     0.497424
9617     0.230434
9618     0.174615
9619    -0.060032
9620    -0.208063
9621     0.331174
9622    -0.841786
9623     0.128323
9624     0.091605
9625     0.453519
9626     0.021563
9627     0.296109
9628    -0.624340
9629     0.605535
9630    -3.913486
9631    -0.840140
9632    -0.263995
9633    -0.180615
9634    -0.454071
9635    -0.477365
9636     0.448078
9637     1.758269
9638     0.974953
9639     0.972800
9640     1.141305
9641    -0.112248
9642     1.006083
9643    -0.805839
9644    -0.390210
9645    -0.459096
9646     0.107522
9647     0.480058
9648    -0.604643
9649     1.148093
9650     0.803809
9651     0.211723
9652    -0.579925
9653    -0.790427
9654    -0.129448
9655    -0.474958
9656     0.962143
9657     2.418550
9658     0.184511
9659    -0.118598
9660    -1.094871
9661     1.533695
9662    -0.529685
9663     0.657664
9664    -0.684262
9665    -0.140373
9666     0.454466
9667    -0.493321
9668    -0.359280
9669     0.499061
9670     0.166386
9671    -0.711305
9672     0.741907
9673     0.093720
9674    -0.115838
9675     0.062918
9676     0.815634
9677     0.639245
9678     0.777928
9679    -0.041785
9680     0.437714
9681     0.691611
9682    -0.488362
9683    -0.937863
9684     0.364072
9685     0.337043
9686     1.109367
9687     0.781971
9688     0.017595
9689    -0.389457
9690    -3.491039
9691    -0.765327
9692    -0.686223
9693     0.067449
9694    -0.733371
9695    -0.339334
9696     0.535652
9697     1.255591
9698     0.035283
9699     0.005960
9700     0.215084
9701     0.158662
9702     0.311874
9703    -0.130605
9704     0.893895
9705     0.840524
9706    -0.441931
9707    -0.955327
9708    -2.659987
9709     0.553403
9710     0.813119
9711    -0.164699
9712    -0.000018
9713    -0.515301
9714     0.879028
9715    -0.855587
9716    -0.679200
9717     0.401392
9718    -0.353580
9719     2.271904
9720    -1.757752
9721     2.312298
9722     0.335270
9723    -0.954984
9724    -0.680316
9725     0.035043
9726     0.128998
9727    -0.250968
9728    -0.736726
9729    -0.635259
9730     0.717595
9731     0.307391
9732     0.194527
9733     0.067992
9734     0.369136
9735     0.368678
9736     0.844186
9737     0.863681
9738     0.835892
9739    -0.023600
9740    -0.337669
9741    -0.165282
9742    -0.235219
9743    -0.557253
9744    -0.324890
9745     0.312676
9746     0.559948
9747     0.483382
9748    -1.329693
9749    -0.275622
9750     0.379166
9751    -1.195610
9752    -0.486783
9753     0.829527
9754    -0.354433
9755    -0.880529
9756    -1.025311
9757     1.467359
9758     0.086230
9759    -0.021253
9760     0.012066
9761     0.066053
9762     0.732973
9763     0.380020
9764     0.144676
9765    -1.072613
9766    -0.990090
9767    -0.497846
9768    -0.478756
9769     0.244928
9770     0.364117
9771     0.041889
9772    -0.769859
9773    -0.714165
9774     3.283866
9775     0.223514
9776     1.348820
9777    -0.575364
9778    -0.752846
9779     0.006230
9780    -2.025187
9781     1.320682
9782     0.492473
9783    -1.604292
9784    -0.651833
9785     0.253115
9786     0.366086
9787    -1.021731
9788    -0.822247
9789    -1.802851
9790     0.098961
9791     0.501069
9792    -0.730940
9793     0.096970
9794     0.519332
9795     0.663421
9796     0.716877
9797     0.154595
9798     1.185394
9799     0.463960
9800    -0.385205
9801     0.722348
9802    -0.549361
9803    -0.033493
9804    -0.968532
9805     0.178989
9806     0.171715
9807     0.786363
9808    -0.753853
9809    -1.481207
9810     1.249687
9811    -0.588676
9812    -0.847618
9813     1.574632
9814    -0.253067
9815    -0.247114
9816    -1.321817
9817     1.073882
9818     0.937303
9819    -0.852732
9820     0.390567
9821     0.302817
9822     1.337096
9823     0.022248
9824     0.932990
9825    -1.753093
9826     0.259431
9827    -1.088255
9828     1.142580
9829     0.831102
9830     0.967268
9831     0.991631
9832    -1.033169
9833    -0.470961
9834     1.864396
9835    -0.175793
9836    -0.331235
9837    -1.077529
9838    -0.426187
9839     0.474659
9840    -1.771848
9841     1.088467
9842    -0.367644
9843    -1.666733
9844    -0.361687
9845     0.717177
9846    -0.249374
9847    -1.462136
9848     0.441118
9849     1.199727
9850     0.019535
9851     1.752512
9852     0.338286
9853     0.341497
9854    -0.527714
9855    -1.078889
9856     1.026157
9857    -1.316922
9858    -1.232556
9859     0.449364
9860     1.532525
9861     0.381763
9862    -0.658558
9863     0.550737
9864     0.552993
9865     0.244851
9866    -1.052418
9867    -1.000245
9868    -0.501852
9869     0.967043
9870     1.242374
9871    -0.516776
9872     0.227010
9873     1.348667
9874    -0.520835
9875     0.604104
9876     0.527837
9877     0.934531
9878    -1.609747
9879    -1.386487
9880     0.470383
9881    -1.637464
9882     0.096943
9883     0.263498
9884    -1.388949
9885    -2.058918
9886     0.207443
9887     0.147411
9888     0.834567
9889     0.477424
9890    -2.329373
9891     0.614331
9892    -0.455546
9893     0.590414
9894     0.543234
9895    -0.285916
9896     1.561373
9897     0.629319
9898    -0.759841
9899     1.138806
9900     0.363160
9901     0.811286
9902    -0.989030
9903    -1.515506
9904    -0.478353
9905     0.159941
9906    -0.154192
9907    -0.276486
9908     1.648161
9909     1.997914
9910    -0.025970
9911     1.037362
9912     0.845091
9913     0.547715
9914     0.431236
9915    -0.913136
9916     0.725368
9917    -1.651387
9918    -1.510526
9919    -0.065802
9920     0.881582
9921     0.160358
9922    -0.809337
9923     0.235634
9924     0.794513
9925     0.700384
9926    -0.085417
9927    -0.584529
9928    -0.916349
9929     0.522989
9930     1.290169
9931    -0.285509
9932     0.321761
9933     1.701252
9934    -0.332105
9935     0.695592
9936     0.734006
9937     0.818376
9938    -1.779837
9939    -1.518078
9940     0.149267
9941    -0.992104
9942    -1.499082
9943     0.614429
9944    -0.961387
9945    -2.088169
9946    -0.000947
9947    -0.472266
9948     1.019468
9949     0.303253
9950    -1.070451
9951    -1.687154
9952    -0.721051
9953     0.592520
9954     0.170008
9955    -0.295495
9956     0.697819
9957     1.485102
9958    -0.462673
9959     0.777280
9960     1.272492
9961     0.647661
9962    -1.892574
9963    -1.939343
9964    -0.203970
9965     1.362546
9966     0.348337
9967    -0.390215
9968     1.073275
9969     0.967105
9970     0.056579
9971     1.201969
9972     0.545912
9973     0.433944
9974    -0.262953
9975    -1.198904
9976     0.748902
9977    -1.739644
9978    -1.963802
9979     0.149732
9980     0.182627
9981    -0.664663
9982    -0.709800
9983     0.721494
9984     1.188153
9985     0.677419
9986    -2.118867
9987    -2.082662
9988    -0.545559
9989     1.000755
9990     0.807828
9991    -0.335937
9992     0.420735
9993     1.816452
9994    -0.274948
9995     0.804087
9996     1.050272
9997     0.661557
9998    -2.042725
9999    -1.678206
10000     0.039885
10001    -0.162987
10002    -0.534655
10003     0.290323
10004    -0.684574
10005    -0.701328
10006     0.021403
10007     0.482812
10008     1.284246
10009     0.014574
10010    -0.625369
10011    -0.376178
10012    -0.514305
10013     0.570574
10014     0.443927
10015    -0.327991
10016     0.573292
10017     1.479772
10018    -0.439253
10019     1.135524
10020     1.207737
10021    -0.007887
10022    -1.647214
10023    -0.903908
10024     2.192873
10025     1.750263
10026     0.702798
10027     0.968552
10028     1.208333
10029     1.519056
10030    -1.678116
10031     0.263016
10032    -1.245018
10033    -1.573932
10034    -1.298505
10035    -1.302329
10036     1.367963
10037    -0.734489
10038    -1.005000
10039     1.320141
10040     0.535993
10041     0.065689
10042    -0.717128
10043     0.501465
10044     0.559763
10045     1.361290
10046    -0.970710
10047    -0.829436
10048    -0.842768
10049     0.572178
10050     0.304771
10051    -0.686859
10052     0.270236
10053     0.977885
10054    -0.235748
10055     0.700222
10056     0.337616
10057     1.106264
10058    -0.732009
10059    -1.419872
10060     0.525474
10061    -0.731819
10062     1.291809
10063    -1.960455
10064    -1.707129
10065    -1.236771
10066    -0.730513
10067     0.333393
10068     0.128806
10069     0.652454
10070    -0.673374
10071     1.042616
10072    -0.893760
10073     0.433659
10074    -0.375964
10075     0.166085
10076     0.810065
10077     0.538008
10078    -0.333930
10079     1.116424
10080     0.849482
10081     0.326875
10082     0.328228
10083    -0.958250
10084     1.800549
10085     2.173284
10086     1.698214
10087     0.377952
10088     0.745042
10089     0.670094
10090    -1.243118
10091    -1.260525
10092    -1.063632
10093    -1.216601
10094    -1.453399
10095    -0.863871
10096     0.633630
10097    -0.747793
10098    -0.955386
10099     1.620147
10100     1.962108
10101     1.334297
10102     0.105799
10103     1.633588
10104     1.405592
10105     0.580063
10106    -0.874506
10107    -1.043910
10108    -0.355240
10109     1.120119
10110     0.173392
10111    -0.602655
10112    -0.231231
10113     0.478081
10114    -0.156363
10115     0.587042
10116     0.358810
10117     0.394125
10118    -0.751736
10119    -0.960022
10120     0.433796
10121     0.489359
10122     0.444525
10123    -1.176687
10124    -2.887293
10125    -2.302485
10126    -0.559869
10127    -0.193190
10128     0.973065
10129     0.470490
10130     0.271802
10131    -0.267983
10132    -0.753186
10133    -0.142176
10134    -0.445767
10135    -0.108413
10136    -0.410404
10137     0.693189
10138    -0.571294
10139    -0.358320
10140     0.632046
10141     0.517734
10142    -0.428619
10143     0.946875
10144     2.148265
10145     1.890760
10146     0.206899
10147     0.311884
10148     0.957378
10149    -0.186905
10150    -1.571383
10151    -0.721899
10152    -1.150434
10153    -0.603843
10154    -0.426489
10155    -0.556822
10156    -0.602563
10157    -0.741160
10158    -0.492082
10159     2.358882
10160     1.531322
10161     1.120482
10162     1.420038
10163     1.488912
10164     0.771843
10165    -1.255250
10166    -1.682325
10167    -0.493987
10168     0.329010
10169     1.032755
10170     0.318787
10171    -0.244277
10172     0.356769
10173    -0.717969
10174    -0.051178
10175     0.787244
10176    -0.265594
10177     0.272413
10178    -0.342684
10179     0.051515
10180    -0.046764
10181    -0.854446
10182     1.861944
10183    -1.493373
10184    -1.635293
10185    -2.553789
10186    -0.455723
10187     0.026531
10188     0.961612
10189    -0.963058
10190    -1.286131
10191     0.840070
10192     1.297319
10193     0.228170
10194     0.000666
10195    -0.204716
10196     0.087303
10197    -1.000856
10198    -1.163417
10199    -0.268099
10200     0.337746
10201    -0.505759
10202     0.290610
10203    -0.743767
10204     1.247007
10205     1.653785
10206     0.571871
10207     0.268577
10208     0.329790
10209     0.490392
10210    -1.037006
10211    -1.281420
10212    -0.435793
10213    -1.061995
10214     0.060233
10215    -0.401486
10216    -1.050994
10217    -1.043639
10218    -0.617332
10219     1.329629
10220     0.957408
10221     1.180931
10222     0.636087
10223     1.434206
10224     0.859832
10225    -1.463331
10226    -1.799472
10227    -0.627876
10228     0.150623
10229     1.192303
10230     0.741173
10231     0.105977
10232     0.191354
10233     0.292977
10234     0.944049
10235     0.539226
10236     0.728648
10237    -0.690799
10238    -0.578375
10239    -0.905964
10240    -0.725425
10241    -0.753207
10242    -0.660048
10243    -1.534858
10244    -1.626019
10245    -1.732343
10246     1.521797
10247     1.176937
10248     1.087061
10249    -1.451667
10250    -0.646663
10251    -1.191257
10252     3.343353
10253     0.448651
10254     0.317694
10255     0.435981
10256     0.226244
10257     0.163702
10258    -0.461245
10259    -0.771951
10260     0.881585
10261    -1.804046
10262    -0.417998
10263    -1.318341
10264     0.833965
10265     0.843006
10266     0.325972
10267     1.216181
10268     1.276551
10269     0.319768
10270    -0.403516
10271    -1.251305
10272    -0.472729
10273    -1.277828
10274    -0.358266
10275    -0.241841
10276    -0.474190
10277    -0.932034
10278    -0.442325
10279     2.143670
10280     1.526213
10281     1.022605
10282     0.419885
10283     0.675166
10284     0.555188
10285    -1.022535
10286    -1.432949
10287    -0.231479
10288     0.858575
10289     1.152026
10290     0.564764
10291     1.058813
10292     1.217995
10293     0.141746
10294     0.015799
10295     0.192390
10296     0.887035
10297    -0.701203
10298    -0.703335
10299    -0.536226
10300    -1.191899
10301    -1.329399
10302    -0.690503
10303    -1.073723
10304    -0.383626
10305    -1.133814
10306     1.141855
10307     0.949971
10308     1.374039
10309    -2.186951
10310    -1.492807
10311    -2.070729
10312     2.043290
10313     1.042381
10314     0.951993
10315    -0.047142
10316    -0.030327
10317     0.440249
10318     0.450999
10319    -0.543653
10320     0.554625
10321    -1.391417
10322    -0.717915
10323    -0.848981
10324     1.554290
10325     0.826833
10326     1.083134
10327     0.764171
10328     0.550900
10329     0.640100
10330     0.471416
10331     0.545328
10332     0.426862
10333    -0.182442
10334     0.631546
10335    -0.018928
10336    -1.408981
10337    -1.408161
10338    -1.174208
10339     1.429944
10340     0.817791
10341     1.159771
10342     1.401579
10343     1.061414
10344     0.779566
10345    -1.308934
10346    -1.670557
10347    -1.184371
10348     0.003718
10349     0.592927
10350     0.110188
10351     0.464159
10352     0.507379
10353     0.775676
10354     0.541646
10355     0.003591
10356     0.836328
10357    -1.451372
10358    -1.274582
10359    -1.110903
10360    -1.683040
10361    -1.158128
10362    -1.999554
10363    -1.593143
10364    -1.116083
10365    -0.624497
10366     0.605943
10367     0.501952
10368     0.752215
10369    -1.349691
10370    -1.057110
10371    -1.684737
10372     0.767899
10373     0.561979
10374     0.551881
10375     0.949371
10376     0.458187
10377     0.912656
10378     1.414884
10379     1.342711
10380     0.617803
10381    -1.717399
10382    -0.898027
10383    -1.300471
10384     1.433962
10385     0.891421
10386     0.572542
10387     1.068470
10388     0.704728
10389     0.830469
10390     0.817191
10391     0.844558
10392     0.621362
10393    -1.387614
10394    -0.365383
10395     0.026210
10396    -1.308402
10397    -1.295285
10398    -1.245261
10399     1.299296
10400     0.844232
10401     0.716131
10402     1.313859
10403     0.944046
10404     0.456362
10405    -1.167896
10406    -1.543272
10407    -1.230381
10408     0.263423
10409     0.750066
10410     0.399360
10411     0.667259
10412     0.445101
10413     1.058175
10414     0.695375
10415     0.630339
10416     0.531678
10417    -1.309048
10418    -1.145712
10419    -0.561937
10420    -1.580807
10421    -1.012997
10422    -1.616367
10423    -1.555065
10424    -1.082189
10425    -0.435576
10426     0.753213
10427     0.387423
10428     0.943002
10429    -1.494870
10430    -1.332348
10431    -1.754512
10432     0.947961
10433     0.598942
10434     0.517783
10435     1.178639
10436     0.906475
10437     0.725973
10438     1.082453
10439     0.727883
10440     0.745457
10441    -1.686865
10442    -0.975717
10443    -2.046931
10444     1.155689
10445     0.485401
10446     0.882759
10447     1.621481
10448    -0.110957
10449     0.871745
10450     0.918538
10451     0.807015
10452    -1.281505
10453     0.489843
10454     1.914548
10455    -0.339373
10456    -0.850392
10457    -0.256389
10458     0.847103
10459     0.696277
10460     0.602467
10461     0.987612
10462     0.613603
10463     0.566558
10464     1.264729
10465     0.215639
10466     0.309271
10467    -0.261316
10468    -0.052215
10469    -0.258385
10470    -0.041042
10471    -0.654442
10472    -0.472815
10473    -0.174960
10474     0.028201
10475    -0.099950
10476    -1.645792
10477     0.493549
10478     0.525972
10479     1.079434
10480    -2.412306
10481    -0.764290
10482    -0.928599
10483    -0.342743
10484    -0.053131
10485     1.126203
10486    -0.266065
10487    -0.574853
10488    -1.038502
10489    -2.221591
10490    -1.264471
10491    -1.166911
10492     0.224231
10493    -0.326289
10494    -1.366035
10495     1.898477
10496     0.197378
10497     1.843524
10498     0.131092
10499    -0.251363
10500     1.387857
10501    -0.905927
10502    -0.987000
10503    -2.489498
10504     0.408897
10505     1.154017
10506    -0.768245
10507     1.023898
10508    -0.073451
10509     0.190521
10510     0.896107
10511    -0.372243
10512     1.173645
10513     1.056038
10514     2.035011
10515     1.055935
10516    -0.964500
10517     0.439228
10518    -0.444054
10519     0.683244
10520     1.774468
10521    -0.460487
10522     0.366644
10523     1.032942
10524     0.672517
10525    -1.160318
10526    -0.689602
10527    -0.313894
10528     0.316654
10529    -0.215602
10530    -0.101860
10531     0.018786
10532    -1.297489
10533     1.349377
10534     0.478182
10535    -1.157354
10536     0.601935
10537    -0.623464
10538     0.624191
10539    -0.201317
10540    -1.385675
10541     0.208272
10542    -1.445583
10543    -1.070180
10544     0.716845
10545    -0.675334
10546     0.556306
10547    -1.593694
10548     1.122876
10549    -1.081961
10550    -0.491522
10551    -1.549914
10552     0.046700
10553    -1.571742
10554     0.026926
10555     1.006042
10556    -0.550371
10557     2.329382
10558     0.334524
10559     1.015095
10560    -0.072926
10561    -0.835864
10562    -0.495925
10563    -1.015590
10564     0.542157
10565     0.727605
10566    -0.069571
10567     0.898254
10568    -0.046945
10569     0.116209
10570     1.092476
10571     1.228175
10572     0.021931
10573     1.019873
10574     1.293660
10575     0.716557
10576    -1.365507
10577    -0.813204
10578    -0.617590
10579     0.715139
10580     0.645745
10581     0.597105
10582     0.407876
10583     0.192570
10584     1.242119
10585    -1.364889
10586    -1.039933
10587    -1.245848
10588     0.671930
10589     0.464091
10590     0.652387
10591     0.405758
10592     0.539736
10593     1.394483
10594     0.866344
10595     0.724968
10596     0.843968
10597    -0.959742
10598    -0.899143
10599    -0.880634
10600    -1.763160
10601    -0.749117
10602    -1.707535
10603    -1.753998
10604    -0.754693
10605    -1.977234
10606     0.846575
10607    -0.158455
10608     0.330407
10609    -1.320520
10610    -1.009090
10611    -1.724955
10612     0.306449
10613     0.510405
10614     0.213848
10615     1.114090
10616    -1.207658
10617     1.987653
10618     0.476759
10619     0.847207
10620     1.122289
10621    -0.148780
10622    -0.837729
10623     1.172770
10624     0.588444
10625     1.066740
10626    -1.267182
10627    -1.117992
10628    -2.073693
10629     0.225741
10630     1.110410
10631     1.196091
10632     0.027092
10633    -1.238666
10634    -0.193956
10635    -0.264685
10636    -0.831564
10637    -0.759663
10638     0.410920
10639    -1.088384
10640    -0.298766
10641    -1.064176
10642     0.921265
10643     1.232566
10644    -0.127070
10645    -0.881917
10646    -1.476395
10647     0.474216
10648     1.086564
10649     1.115078
10650     0.144439
10651     0.921857
10652     0.826972
10653     1.456183
10654     1.023440
10655     1.212372
10656    -0.330971
10657    -0.191942
10658    -1.001370
10659     0.738147
10660    -1.420011
10661    -1.242213
10662     0.321076
10663    -1.161288
10664    -0.976394
10665    -0.005949
10666     1.453021
10667     0.443179
10668    -0.416091
10669    -0.744430
10670    -1.253191
10671     0.111233
10672     0.955946
10673     1.107754
10674    -0.229398
10675     1.926447
10676     0.872734
10677    -0.147831
10678    -1.162421
10679     1.039882
10680    -1.228466
10681    -0.295600
10682     0.440903
10683     0.158052
10684     0.856836
10685     0.637811
10686     0.026414
10687    -1.581785
10688    -1.091422
10689    -1.757132
10690     0.835854
10691    -0.218240
10692    -0.984655
10693    -1.044302
10694     0.033101
10695     0.303956
10696    -0.677447
10697    -0.313024
10698     0.357896
10699    -1.298838
10700    -0.299134
10701    -2.025403
10702     0.890670
10703    -0.729992
10704     0.468175
10705    -0.849168
10706    -0.194534
10707     0.312263
10708     1.197490
10709    -1.026758
10710     1.843454
10711     0.742099
10712    -0.680101
10713     0.410125
10714     1.147322
10715    -0.198722
10716     0.344487
10717    -0.173764
10718     0.450469
10719     0.119981
10720    -1.316583
10721     0.276976
10722     0.080074
10723    -1.045021
10724    -0.108438
10725     0.172191
10726     1.644519
10727    -0.948809
10728     1.579396
10729    -0.643292
10730     0.006191
10731     0.193497
10732     0.891844
10733     2.968048
10734    -0.481867
10735     1.952709
10736     0.920600
10737     0.151625
10738    -1.233539
10739     0.075074
10740    -1.272529
10741    -0.096505
10742     0.522413
10743     0.027664
10744    -0.816691
10745    -1.369320
10746    -0.383836
10747    -0.913882
10748    -0.846320
10749    -1.494778
10750    -0.169720
10751     0.599354
10752    -1.624210
10753    -0.177129
10754     1.081326
10755     0.595624
10756     0.216858
10757     1.104659
10758     0.434459
10759     0.189546
10760    -0.369418
10761    -1.224949
10762     0.020813
10763    -0.118271
10764    -0.250005
10765    -0.056951
10766     1.181753
10767     0.497956
10768     2.173979
10769     0.240649
10770     2.708823
10771    -1.050261
10772    -0.004914
10773    -0.724194
10774    -0.882422
10775    -0.420563
10776    -0.714459
10777     0.903576
10778    -0.771948
10779     0.944756
10780    -0.601863
10781     0.424384
10782     0.395413
10783    -0.672327
10784     0.003308
10785     0.119773
10786     2.525325
10787    -0.454033
10788     2.391536
10789     0.199701
10790     0.450467
10791     0.442596
10792    -0.962615
10793    -0.643686
10794    -0.547216
10795     0.618119
10796    -0.345763
10797    -0.429061
10798    -0.447552
10799    -0.264079
10800    -1.165895
10801     0.096970
10802     0.284478
10803     0.244422
10804    -1.224811
10805     0.576154
10806     0.155789
10807    -1.073301
10808    -0.397374
10809     0.238018
10810    -0.159646
10811    -0.154385
10812     0.646586
10813    -0.089684
10814     0.443057
10815     1.181289
10816     0.591889
10817     0.218961
10818     0.665858
10819     0.364616
10820     0.396315
10821     0.024458
10822    -0.014829
10823    -0.993952
10824     0.183352
10825     0.052075
10826     0.621485
10827     0.700791
10828     1.431787
10829    -1.526994
10830    -2.162738
10831    -1.206381
10832    -0.722283
10833    -0.421299
10834    -0.833008
10835    -1.107725
10836     0.251902
10837     1.607926
10838     0.193412
10839    -0.018102
10840    -0.397834
10841     0.643635
10842     0.602653
10843    -0.928919
10844     1.230409
10845     0.362971
10846     1.976745
10847    -1.746806
10848    -1.400595
10849     0.309938
10850     1.027154
10851     0.293904
10852    -1.062819
10853    -0.373794
10854    -0.193331
10855     0.973973
10856     0.973266
10857    -1.076674
10858    -0.414687
10859     0.414987
10860    -0.279255
10861     0.937059
10862    -0.151039
10863     0.322064
10864    -0.833032
10865    -1.171676
10866    -0.234542
10867    -0.235425
10868    -0.197908
10869     0.496129
10870     0.369725
10871    -0.323201
10872     0.619318
10873     0.266715
10874    -0.706359
10875     0.984567
10876     0.648827
10877     0.669496
10878     0.724891
10879     1.278834
10880    -0.585649
10881    -0.041015
10882     0.319099
10883    -0.612074
10884     0.279072
10885     0.445378
10886     0.599201
10887     0.700502
10888    -0.471659
10889     1.118066
10890    -0.982689
10891     0.153227
10892    -0.274178
10893    -0.089624
10894    -0.451602
10895    -0.589858
10896     0.341918
10897    -1.596131
10898     0.834877
10899    -0.972054
10900     0.769316
10901    -0.272522
10902     0.503227
10903    -0.172030
10904    -0.383082
10905    -0.127061
10906    -1.041167
10907     0.931728
10908    -0.347940
10909     0.909712
10910    -0.465075
10911    -0.013336
10912    -0.076581
10913    -0.948030
10914    -0.248458
10915    -2.126744
10916     3.203937
10917    -1.535223
10918     0.906478
10919    -0.676652
10920    -0.379746
10921     0.577301
10922     0.413242
10923    -0.334620
10924    -0.577004
10925    -0.645972
10926    -0.387425
10927    -0.518550
10928     0.582551
10929    -0.639376
10930     0.672006
10931    -0.124618
10932     0.801873
10933     0.167251
10934    -0.718811
10935     0.527581
10936    -0.286526
10937    -0.264486
10938    -0.583441
10939     1.169870
10940    -0.359749
10941     0.325481
10942     0.222034
10943     0.015633
10944    -0.164779
10945    -0.028117
10946    -0.021858
10947    -0.242504
10948    -0.553955
10949     2.756523
10950    -0.486443
10951     0.183937
10952     0.069947
10953    -0.654059
10954    -0.244770
10955    -0.720228
10956     0.261908
10957    -0.149014
10958     0.424170
10959     0.906003
10960     0.715585
10961     0.637007
10962     0.296832
10963    -0.037979
10964    -0.672302
10965     0.025459
10966    -1.486059
10967     2.809867
10968    -0.405031
10969     0.949965
10970     0.481872
10971     0.023009
10972    -0.078323
10973    -1.230289
10974    -0.458209
10975    -1.540911
10976    -3.460555
10977     1.916471
10978     0.843260
10979     0.028057
10980    -0.728730
10981    -0.337267
10982    -0.211879
10983    -0.648334
10984    -0.468792
10985    -0.070150
10986     0.067674
10987     0.485545
10988    -0.018975
10989    -0.838868
10990    -0.113535
10991    -0.796195
10992     0.206292
10993    -0.560751
10994    -0.177806
10995     0.719107
10996     1.463001
10997    -0.079582
10998     0.057573
10999    -0.574196
11000    -0.367251
11001     0.163529
11002     3.386992
11003     0.230306
11004     0.383250
11005     0.895996
11006     0.258134
11007     0.175697
11008    -2.014352
11009     1.786288
11010    -0.726427
11011     2.459521
11012     0.409861
11013    -0.136308
11014    -0.728132
11015    -0.323713
11016     0.438622
11017     0.538881
11018     0.200168
11019     0.537194
11020    -1.598494
11021    -0.287892
11022    -0.353385
11023    -0.955425
11024    -0.739764
11025    -0.104192
11026     0.028053
11027     1.406525
11028    -0.409316
11029    -0.809132
11030     0.162285
11031    -0.072765
11032     0.458435
11033     0.962797
11034     0.774632
11035    -0.414079
11036    -3.057183
11037     0.438138
11038    -1.142271
11039     0.714026
11040    -0.672113
11041    -0.837135
11042     1.367577
11043    -1.061712
11044    -1.292798
11045    -0.253495
11046    -0.838264
11047     1.763640
11048     0.377789
11049     0.582800
11050    -0.787244
11051     0.300226
11052    -0.714713
11053    -1.069863
11054    -0.050642
11055    -0.339113
11056    -0.998717
11057    -0.242182
11058    -1.209099
11059    -0.623845
11060    -0.370997
11061    -0.272522
11062     3.416794
11063    -0.862666
11064     1.756427
11065    -0.883294
11066     0.098969
11067    -0.891626
11068     0.785658
11069     0.173327
11070     1.612419
11071     0.732296
11072     1.139361
11073    -0.704090
11074    -0.800639
11075    -0.459876
11076    -0.176853
11077    -0.865988
11078     0.308516
11079    -0.623796
11080    -0.419519
11081    -0.575748
11082     0.065228
11083    -1.055981
11084    -0.503433
11085    -0.569686
11086     1.099002
11087     0.482820
11088     0.550113
11089    -0.758144
11090     0.089917
11091    -0.417860
11092    -0.821498
11093    -0.166518
11094    -0.400115
11095     1.699877
11096     0.624727
11097     1.428784
11098     1.717397
11099    -1.477672
11100     2.223677
11101     1.158771
11102     0.860163
11103     0.090428
11104     0.480221
11105     0.011263
11106    -1.232772
11107    -2.564379
11108    -0.103983
11109     1.686457
11110     0.351945
11111     0.009659
11112    -0.272484
11113     0.532522
11114     0.043893
11115    -0.403131
11116     0.136570
11117    -0.720571
11118     0.419530
11119     0.919919
11120    -0.038108
11121    -1.040819
11122    -1.849661
11123    -0.739873
11124     2.990116
11125     0.003481
11126    -0.165654
11127    -0.673838
11128    -0.256281
11129    -0.059208
11130     0.589298
11131    -1.148389
11132     0.063151
11133     2.563887
11134     0.936223
11135    -0.126271
11136    -0.589477
11137     0.711076
11138     0.260153
11139    -0.518001
11140     1.507686
11141     0.488614
11142    -1.658570
11143     0.627098
11144    -0.201652
11145    -1.001717
11146    -1.631195
11147    -0.119574
11148     1.346598
11149     0.780349
11150     0.398982
11151    -1.301339
11152     0.744046
11153     0.267440
11154    -1.265109
11155     0.698725
11156     0.216350
11157     0.558029
11158    -2.138727
11159    -0.344774
11160    -0.287084
11161     1.039707
11162     0.953849
11163     0.105365
11164     0.250106
11165    -0.752176
11166    -1.115198
11167     0.044235
11168     1.216546
11169     0.344987
11170    -0.844315
11171     0.408593
11172    -0.297934
11173    -0.670291
11174     0.273236
11175    -0.300270
11176    -0.273931
11177    -0.543984
11178     0.002336
11179     0.856851
11180    -0.976457
11181    -0.775217
11182    -0.648721
11183     1.513103
11184     1.857087
11185    -1.355831
11186    -0.440631
11187    -0.454560
11188     1.085791
11189    -1.315610
11190     1.041806
11191     0.682084
11192     1.220706
11193     1.692050
11194     1.187879
11195    -1.175284
11196    -0.069645
11197    -0.569671
11198     0.550760
11199    -0.340490
11200    -1.780559
11201     0.819558
11202    -0.015938
11203     0.580258
11204    -1.198668
11205    -0.649995
11206     1.192189
11207    -1.632868
11208     2.152753
11209    -0.719701
11210     0.465493
11211    -0.918857
11212    -0.164983
11213     1.916416
11214    -2.474475
11215     0.524173
11216    -0.564120
11217     1.341777
11218    -0.415268
11219    -0.738464
11220    -1.125581
11221     0.088553
11222     0.793061
11223    -0.694259
11224    -0.183665
11225     0.057383
11226    -0.641963
11227     0.233700
11228    -0.458469
11229    -0.448231
11230    -0.795213
11231     0.037385
11232     0.207268
11233    -1.230620
11234    -0.478796
11235    -0.661608
11236    -1.176530
11237    -0.059107
11238    -0.150308
11239     0.760212
11240    -0.568527
11241    -0.298970
11242    -2.918314
11243     0.252822
11244    -1.135161
11245     0.594529
11246     0.329015
11247    -0.795788
11248     1.293029
11249    -0.123907
11250     2.125429
11251     0.510993
11252    -0.020731
11253     1.358950
11254     1.540022
11255    -0.540869
11256     0.674350
11257     0.109072
11258     0.037567
11259     0.446277
11260    -1.251356
11261    -0.424052
11262     0.239433
11263    -0.728785
11264    -0.123521
11265    -0.814349
11266    -0.115138
11267    -0.224887
11268     2.332125
11269    -0.688743
11270     0.399810
11271    -0.239225
11272     2.009106
11273     0.915997
11274    -2.247986
11275     0.060216
11276    -0.297244
11277     2.095890
11278     1.888931
11279     0.497071
11280    -1.351873
11281     1.066184
11282     1.305317
11283    -2.598348
11284    -0.534953
11285     0.315137
11286    -1.670694
11287    -0.277393
11288    -0.696107
11289     2.089101
11290    -0.557616
11291     0.382658
11292    -1.231411
11293    -0.584662
11294    -0.372796
11295    -1.344570
11296    -1.837472
11297     0.183870
11298    -0.905091
11299     0.208750
11300    -0.549572
11301    -0.625932
11302     1.058108
11303     0.238922
11304     0.506700
11305    -0.084157
11306    -0.086924
11307     0.885221
11308    -0.511040
11309     0.004591
11310     1.136043
11311    -0.092458
11312    -0.300213
11313     1.730930
11314     0.036282
11315    -0.453076
11316     0.294761
11317    -1.203189
11318     0.095642
11319    -0.357030
11320    -0.051580
11321    -0.297577
11322    -0.538232
11323    -0.307277
11324    -0.042102
11325    -1.131937
11326    -1.344246
11327    -0.205217
11328     1.644313
11329     0.798825
11330     0.504741
11331    -1.004017
11332     2.941225
11333     0.242462
11334     1.686518
11335    -0.568513
11336    -0.252703
11337     1.239055
11338     1.845183
11339    -0.017053
11340     0.194620
11341    -0.192101
11342    -0.140952
11343     0.035377
11344    -1.236731
11345    -1.423379
11346    -0.019055
11347     0.332170
11348     1.286228
11349     0.547793
11350    -0.991239
11351    -1.224158
11352    -0.572577
11353     0.153208
11354     1.210657
11355    -2.381291
11356    -2.475834
11357    -2.452341
11358    -0.687674
11359     0.491157
11360    -0.175002
11361    -0.812707
11362     1.058359
11363     1.423125
11364     0.962388
11365    -0.368604
11366    -1.434268
11367     0.226819
11368    -0.013595
11369     0.068389
11370    -0.066618
11371     0.331782
11372     0.188075
11373     0.318812
11374     0.310793
11375    -0.109068
11376     0.374820
11377    -0.841548
11378    -0.824647
11379    -0.774150
11380     0.367590
11381     1.426231
11382    -0.006690
11383    -0.708864
11384    -1.477410
11385    -0.528497
11386    -0.708122
11387    -0.051184
11388     0.472716
11389     0.645826
11390     0.244800
11391    -0.401740
11392     2.537605
11393     1.608265
11394     1.560029
11395     0.088895
11396     0.947676
11397     0.119629
11398     1.219254
11399     0.908962
11400     1.632615
11401    -0.688081
11402     0.480356
11403    -0.275865
11404    -0.050826
11405    -0.025851
11406    -1.728020
11407    -0.741013
11408     1.909904
11409     0.679874
11410    -0.180783
11411    -0.484158
11412    -1.492478
11413    -0.378013
11414    -0.509369
11415    -1.742953
11416    -0.572270
11417    -2.038112
11418    -1.852124
11419     0.632943
11420    -0.344363
11421    -0.666300
11422     1.872684
11423     0.293080
11424     2.063556
11425     0.670347
11426    -1.076427
11427    -0.079259
11428     0.619068
11429     0.362980
11430    -0.030014
11431     0.385985
11432     0.065868
11433     0.681416
11434    -0.045115
11435    -0.589333
11436     0.925092
11437     0.212289
11438    -1.510198
11439    -0.487369
11440    -1.392770
11441     1.628606
11442     0.156544
11443    -0.429530
11444    -0.570540
11445    -1.416596
11446     0.304765
11447    -0.122942
11448     0.701135
11449    -1.580531
11450    -0.178410
11451    -0.323225
11452     0.082983
11453     0.740497
11454     2.302704
11455     0.490833
11456     0.316496
11457     0.798688
11458     0.787036
11459     1.651916
11460     1.785195
11461    -1.040547
11462     0.046291
11463    -0.874022
11464     0.050974
11465     0.236112
11466    -1.686825
11467     0.649476
11468     1.609844
11469     2.879779
11470     0.192229
11471    -0.379363
11472    -0.513607
11473     0.678681
11474     0.110643
11475     0.495138
11476    -1.245980
11477     0.165356
11478    -0.579654
11479     0.426303
11480    -0.527588
11481    -1.091035
11482     0.972952
11483     1.188748
11484     0.894228
11485    -0.229479
11486     0.375193
11487     0.080388
11488     0.779164
11489     0.005650
11490     0.055563
11491     0.359791
11492    -0.506026
11493     0.257792
11494     0.056671
11495    -2.535584
11496    -1.159844
11497    -1.174739
11498     0.053638
11499    -1.009686
11500    -1.070438
11501     0.254611
11502    -0.632373
11503    -0.369027
11504    -0.577853
11505    -0.832646
11506    -0.048654
11507     0.167515
11508     1.022090
11509    -0.998212
11510     0.303856
11511     1.882886
11512     1.061910
11513    -2.193253
11514    -1.591833
11515     0.501965
11516     0.091282
11517     1.010448
11518     0.446961
11519     2.110926
11520     1.393213
11521    -0.086974
11522     0.198266
11523    -0.496570
11524    -1.540486
11525    -0.193198
11526     2.617796
11527     1.633140
11528     2.100896
11529     1.315923
11530    -0.900707
11531    -0.839172
11532    -0.777426
11533     0.025324
11534     0.003449
11535    -1.137508
11536    -2.357353
11537    -0.598172
11538    -0.344571
11539     0.531301
11540    -0.518423
11541    -0.327808
11542    -0.196914
11543     0.665709
11544     0.024268
11545    -0.991798
11546    -0.264354
11547     0.201636
11548     1.336817
11549     0.254092
11550    -0.271321
11551     1.287008
11552     0.111656
11553    -0.254788
11554     0.982195
11555    -1.562548
11556    -0.430360
11557    -1.773514
11558    -0.538287
11559    -0.522234
11560     0.949326
11561     1.134566
11562    -0.102876
11563    -0.170489
11564    -0.467615
11565    -1.059031
11566    -0.055294
11567    -0.014358
11568     0.900529
11569    -1.497647
11570     0.194042
11571    -0.436790
11572     2.248701
11573    -1.092190
11574    -0.800590
11575    -0.345651
11576    -0.431950
11577     0.743406
11578     0.923017
11579     1.857591
11580     1.158313
11581    -0.639987
11582     1.015569
11583    -0.028883
11584    -0.926655
11585     0.805390
11586     0.379535
11587     2.215607
11588     2.851206
11589    -0.777930
11590     0.004460
11591    -1.414279
11592    -1.548666
11593     0.524264
11594    -0.217109
11595    -1.525723
11596    -1.577853
11597    -1.349316
11598    -0.530241
11599     0.575495
11600     0.098305
11601    -0.563764
11602     0.241688
11603    -0.392587
11604     0.237433
11605    -0.890112
11606    -1.419789
11607     0.933152
11608     0.815849
11609     0.694428
11610     0.235326
11611     0.699859
11612     0.544532
11613     0.337712
11614    -0.326460
11615    -0.809694
11616     0.820162
11617    -1.462868
11618    -1.347109
11619     0.030013
11620     0.559868
11621     2.273730
11622    -0.265288
11623     0.062697
11624    -0.208389
11625    -1.220522
11626    -0.077432
11627     0.604648
11628     0.732895
11629    -1.254551
11630    -1.152105
11631     0.207545
11632    -0.171228
11633    -0.965053
11634     1.644178
11635     0.604850
11636    -1.069943
11637    -0.367818
11638     1.022507
11639     1.457565
11640     1.270882
11641    -0.798431
11642    -0.002924
11643     0.207011
11644    -1.007184
11645     0.824982
11646     0.203403
11647     3.307153
11648     2.391277
11649     0.256485
11650     0.784415
11651    -0.397498
11652    -1.226406
11653     0.782949
11654    -0.014864
11655    -1.258865
11656    -1.049354
11657    -0.765437
11658    -0.231337
11659     0.485768
11660     0.788053
11661    -0.818481
11662     0.675661
11663    -0.787499
11664     0.834200
11665    -1.190362
11666    -0.827301
11667     0.404533
11668     0.279516
11669     0.472004
11670    -0.057798
11671    -0.045636
11672     0.487978
11673    -0.106140
11674    -1.008389
11675    -1.843143
11676     0.615179
11677    -0.905917
11678    -0.915017
11679     0.311436
11680     0.323902
11681     1.957853
11682    -0.250501
11683     0.239159
11684     0.183410
11685    -1.071052
11686    -0.023288
11687     0.848224
11688     0.722418
11689    -1.092896
11690    -0.893904
11691     0.235794
11692    -2.283112
11693    -1.744944
11694    -0.500103
11695     1.578185
11696    -0.583436
11697     0.258737
11698     0.947860
11699     0.822186
11700     1.471489
11701    -0.835699
11702     0.047179
11703    -0.505785
11704    -0.510695
11705     0.461649
11706     0.272878
11707     4.367675
11708     1.363441
11709     1.265283
11710     0.041493
11711     0.034806
11712    -0.220501
11713     1.536816
11714    -0.476795
11715    -0.700478
11716    -1.780259
11717    -0.169137
11718    -0.166507
11719     0.697111
11720     0.490076
11721     0.042035
11722     0.831065
11723    -0.772335
11724    -0.332404
11725    -1.668737
11726    -0.341183
11727    -0.152042
11728     0.570202
11729     0.117515
11730     0.085286
11731     0.117721
11732     0.223274
11733     0.381334
11734    -1.745275
11735    -0.841801
11736    -0.792420
11737    -1.568985
11738    -0.312277
11739     0.019948
11740     0.870974
11741     1.286192
11742     0.209812
11743     0.097668
11744     0.222569
11745    -0.004570
11746    -0.682522
11747     0.989025
11748     0.735948
11749    -1.668181
11750    -0.321066
11751    -0.634742
11752    -1.165871
11753    -1.893285
11754    -1.071502
11755     1.540981
11756    -0.657217
11757     0.733742
11758     0.954519
11759     0.549370
11760     0.834684
11761    -0.494127
11762    -0.063990
11763     0.068807
11764     0.071993
11765     1.085589
11766     0.710531
11767     3.320263
11768     1.679030
11769    -0.834945
11770    -0.065099
11771    -0.398336
11772    -0.546238
11773     1.552218
11774     0.240515
11775    -0.884370
11776    -1.282053
11777    -0.419449
11778     0.211458
11779     0.717584
11780     0.698321
11781     0.784123
11782    -1.252844
11783    -2.265750
11784    -1.793297
11785    -1.269982
11786    -0.638122
11787     0.195209
11788     0.731315
11789     0.682691
11790     0.596809
11791     0.331709
11792     1.231259
11793     1.528095
11794    -1.697411
11795    -1.484241
11796    -1.166416
11797    -1.325752
11798    -0.866538
11799    -0.489528
11800     0.839481
11801     0.979812
11802    -0.167607
11803     0.146036
11804    -0.055803
11805    -0.387418
11806    -0.767556
11807     0.284974
11808     1.187899
11809    -1.263165
11810    -0.675799
11811    -0.499676
11812    -0.706861
11813    -0.773640
11814     0.552518
11815     1.511072
11816     0.020355
11817    -0.113753
11818     0.903177
11819     0.739120
11820     1.047799
11821    -0.883956
11822     0.196426
11823     0.349035
11824    -0.521251
11825     1.089223
11826     0.557968
11827     2.885934
11828    -0.203444
11829    -0.292841
11830     0.449267
11831    -0.271280
11832    -0.266770
11833     1.084297
11834     0.522283
11835    -0.557967
11836    -1.221029
11837     0.053687
11838     0.350270
11839    -0.097230
11840     1.010009
11841     0.470644
11842     0.757277
11843    -2.588018
11844    -4.640823
11845    -1.083408
11846    -0.072710
11847     0.313913
11848    -0.181347
11849     0.745548
11850     0.581763
11851     0.840417
11852     0.990471
11853     0.704170
11854    -0.284208
11855    -1.264172
11856    -0.592721
11857    -0.827819
11858    -1.116121
11859     0.287575
11860     0.951000
11861     0.761963
11862    -0.130088
11863     0.342953
11864     0.353302
11865    -0.329917
11866    -0.433134
11867    -0.062676
11868     1.129217
11869    -1.153277
11870    -0.769886
11871     0.287249
11872    -1.244759
11873    -0.271137
11874     0.679203
11875     0.781893
11876     0.171159
11877     0.193292
11878    -0.161621
11879     0.725371
11880     0.906830
11881    -0.786289
11882     0.195647
11883     0.559949
11884    -0.448202
11885    -0.036090
11886     0.636127
11887     3.285684
11888     1.109069
11889    -1.017379
11890     2.541088
11891    -0.593895
11892    -0.804562
11893     0.478659
11894     1.074457
11895    -0.037653
11896    -1.228718
11897    -0.166915
11898     0.120013
11899    -0.569039
11900     0.114726
11901     0.171464
11902     0.998565
11903    -1.404244
11904    -4.623338
11905    -0.878586
11906     0.394627
11907     0.475198
11908    -0.161012
11909     0.016378
11910     0.849744
11911     0.050433
11912     0.856246
11913     0.583221
11914     0.123715
11915    -0.295524
11916     0.429323
11917    -0.711077
11918    -0.879726
11919     0.538563
11920     0.683867
11921     1.350636
11922     0.300548
11923    -0.010913
11924    -0.101448
11925     0.275725
11926    -0.831503
11927     0.463519
11928     0.147169
11929    -1.134384
11930    -0.761448
11931     0.143589
11932    -1.017608
11933    -0.746143
11934     0.491847
11935     0.210521
11936    -0.714135
11937     0.226890
11938    -0.595203
11939     0.124264
11940     0.533562

