1      -1.431944
2      -0.789350
3      -1.297778
4       1.200412
5      -0.117623
6      -0.845847
7       0.266393
8      -0.988164
9      -0.573401
10     -0.160819
11     -1.224814
12     -1.220604
13      0.299541
14      1.934626
15      0.870815
16     -0.471924
17      1.612592
18     -0.308018
19      0.120371
20     -1.199052
21     -0.289447
22     -0.494547
23      1.361269
24     -0.217116
25      0.241720
26     -0.994540
27     -0.504574
28     -0.072756
29     -0.495920
30     -0.514349
31     -0.708875
32      0.168823
33      0.750162
34      0.320832
35     -0.656421
36     -0.902411
37      0.180092
38     -0.826058
39     -0.633180
40      0.118284
41     -0.789374
42     -0.261437
43     -0.715786
44      0.159061
45      1.538526
46     -0.754423
47      1.681030
48     -0.279244
49      1.886612
50      0.018261
51      4.108174
52     -0.517274
53      1.585989
54     -0.156428
55     -0.407135
56     -0.145574
57      1.643626
58      1.101228
59     -0.294760
60     -0.907468
61      0.736522
62     -0.126446
63     -0.136862
64      0.386104
65     -0.262482
66     -1.556797
67     -0.298010
68     -0.750127
69     -1.194315
70      1.696093
71     -1.716425
72     -0.025901
73      0.091960
74      2.129407
75      1.379221
76     -0.793022
77      1.480954
78      0.399521
79     -0.823006
80     -1.411940
81     -1.630405
82     -0.593950
83      0.792167
84      0.939047
85     -0.405534
86     -0.993629
87     -0.975732
88      0.593879
89     -0.275567
90     -0.956215
91     -0.691630
92      0.296392
93      1.575299
94      0.080114
95     -0.146333
96     -1.304700
97     -0.525145
98     -0.952594
99     -0.903914
100    -0.069962
101    -0.131692
102    -1.006660
103     0.561158
104     0.358844
105     1.724440
106    -0.856767
107     1.144221
108     0.929547
109     0.831899
110    -0.354952
111     2.551625
112    -1.258469
113     0.790805
114     0.438995
115     0.867338
116     0.154951
117     1.712004
118     0.470429
119    -0.025555
120    -1.958196
121     0.210325
122     0.525807
123     0.031500
124     0.490504
125     0.100070
126    -1.222753
127    -0.429268
128     0.774619
129    -0.954939
130     0.181455
131    -0.598758
132    -1.252646
133     0.793066
134    -0.347120
135     0.305635
136    -0.042418
137     2.198738
138     1.323499
139    -0.299387
140    -0.396688
141    -1.037202
142    -0.716783
143    -0.524248
144     0.802896
145    -0.094898
146     0.710321
147    -0.564073
148    -0.118674
149    -0.146283
150    -1.049308
151    -1.053097
152    -1.873837
153     0.721957
154     0.325304
155     0.981808
156    -0.808409
157    -0.330440
158     0.646134
159    -0.451629
160    -0.314921
161     0.798211
162    -0.772701
163     0.182924
164    -1.292194
165     1.067255
166    -1.221973
167    -0.801866
168    -0.090140
169     2.492587
170     0.958459
171     3.813032
172    -1.048091
173    -0.434703
174     0.605419
175     0.584141
176    -1.515773
177     1.295598
178     0.409646
179     0.237305
180    -1.762993
181     1.176599
182    -1.183701
183    -0.607226
184     0.824035
185    -0.857659
186    -0.512879
187    -0.142392
188    -0.644590
189    -1.069730
190     0.662420
191    -1.191963
192    -0.274785
193    -0.365606
194     1.887714
195     0.407897
196     0.652355
197     0.223458
198     0.875488
199     1.156353
200    -1.366022
201    -0.180929
202    -1.011739
203     1.736848
204     1.381130
205     0.385066
206    -0.812668
207    -0.794139
208     0.482599
209    -1.204054
210    -0.521765
211    -2.042768
212    -0.522089
213     0.081266
214    -0.165934
215    -0.177370
216    -1.322282
217     0.790807
218    -0.984799
219    -0.479766
220    -0.038677
221    -0.607980
222    -0.971349
223    -0.205265
224     2.054721
225     1.122888
226    -1.265341
227     0.356038
228     0.947122
229     0.463070
230     2.813820
231     1.384545
232    -1.268411
233     1.541571
234     1.340619
235    -0.938733
236    -0.185112
237     0.204519
238     0.851564
239    -0.876160
240    -1.010623
241     0.977132
242    -0.591176
243    -0.355315
244     0.291199
245     0.355631
246    -0.552411
247    -0.739828
248    -0.550662
249    -1.053982
250     0.264716
251    -1.188207
252    -0.261197
253     0.244433
254     0.865191
255    -1.111067
256     0.373998
257     0.386458
258    -1.273636
259     0.964943
260    -0.915918
261     0.352778
262    -0.924667
263     1.039452
264     1.640876
265    -0.151838
266    -0.436681
267    -0.892141
268    -0.023073
269    -1.210142
270    -0.526527
271    -1.710548
272     0.171721
273     2.691118
274     0.075749
275    -0.547947
276    -0.629934
277     0.481800
278    -0.994603
279    -0.442332
280    -0.701753
281     0.094789
282    -0.833127
283     0.402576
284     1.542416
285    -0.987468
286    -1.250525
287    -1.029132
288     0.644683
289     0.890983
290     3.133047
291     2.373377
292     0.063184
293     0.162167
294    -0.867771
295    -0.289258
296    -0.210133
297     2.473095
298     0.760778
299    -0.076273
300    -0.389018
301     0.662302
302    -0.563874
303     1.187810
304     0.417049
305    -0.653622
306    -0.021900
307     0.152185
308    -1.184681
309     0.088544
310     0.800261
311    -1.550514
312     0.460818
313    -1.164593
314     1.752477
315    -1.070655
316    -0.783890
317     1.644709
318     0.327741
319     0.416411
320    -1.191590
321     0.619081
322     1.652900
323    -0.099762
324    -0.082618
325     0.407561
326    -1.098572
327     0.098764
328     0.507091
329    -1.576901
330     0.316394
331    -1.934582
332     2.424982
333     0.590538
334     1.021362
335    -1.339305
336    -0.047646
337     1.057215
338    -1.534339
339     0.139857
340     0.448246
341    -0.928480
342     0.018568
343    -0.927278
344     1.437721
345    -0.659048
346    -1.903194
347     1.428689
348    -0.247572
349     0.104621
350     2.135324
351    -0.400070
352    -1.168809
353     0.720887
354    -0.764669
355    -0.600768
356     1.167982
357    -0.661936
358     0.835909
359    -0.991127
360     0.107999
361     0.483067
362    -0.265727
363     0.958871
364    -0.061088
365    -0.272044
366    -0.515971
367    -0.248454
368    -1.582113
369     0.025228
370     0.254803
371    -1.259612
372     1.496162
373    -1.824168
374     2.302191
375    -0.177133
376    -0.301668
377     1.375470
378     0.341599
379     0.368387
380    -1.504692
381     0.102562
382     1.802686
383     0.422712
384    -0.775177
385    -0.257996
386    -0.252372
387    -0.362372
388    -0.074296
389    -1.373903
390     0.187091
391    -1.142918
392     2.350623
393     0.225968
394     0.751332
395    -1.286481
396     1.122248
397     0.940780
398    -1.825239
399    -0.010099
400     0.206995
401    -1.256738
402    -0.214919
403    -0.271098
404     0.866381
405    -0.429577
406    -1.514702
407     0.750586
408    -0.303499
409    -0.142943
410     3.075845
411     0.508141
412    -0.911556
413    -0.041813
414    -1.195873
415     1.527320
416     0.139561
417    -0.681719
418     0.415521
419    -0.362636
420    -0.301533
421     0.259596
422    -0.631271
423     0.321462
424    -0.017954
425    -0.550890
426    -0.035097
427     0.068109
428    -1.481635
429     0.473212
430     1.046423
431    -1.138570
432     2.061088
433    -1.895226
434     2.204357
435    -0.456077
436    -0.564297
437     0.754742
438     0.152950
439    -0.078993
440    -1.325163
441    -0.121762
442     1.401993
443     0.008671
444    -0.001353
445     0.048817
446    -0.655287
447    -0.072513
448    -0.032362
449    -1.433790
450    -0.028687
451     1.906394
452     1.581413
453    -1.028470
454     1.503911
455    -1.575150
456     1.008511
457     0.614444
458    -1.070263
459    -0.296826
460     0.011834
461    -1.122315
462     0.288609
463    -1.343742
464     1.594320
465    -0.294534
466    -1.856222
467     1.571723
468     0.689027
469     0.753697
470     1.597049
471    -1.114841
472    -1.554943
473     0.734702
474    -0.309603
475    -0.091378
476     1.365799
477    -0.322708
478    -0.180101
479    -0.428443
480    -0.912388
481     0.404507
482    -0.693633
483    -0.598744
484     0.046797
485    -0.522826
486    -1.233218
487     0.791546
488    -1.262512
489    -0.549824
490     0.948116
491    -1.075199
492     0.742838
493    -1.583261
494     2.115858
495     0.863870
496    -0.640608
497     0.491428
498     0.999156
499     0.695962
500    -1.293780
501    -0.648524
502     1.295757
503    -0.272382
504     0.504189
505     0.275093
506    -0.707913
507    -0.958509
508     0.742758
509    -1.266061
510    -0.879293
511     0.220192
512     1.612638
513    -0.696088
514     0.811484
515    -1.140166
516    -0.602980
517     0.956145
518    -1.300319
519     0.038012
520     0.674474
521    -1.010620
522    -0.665905
523    -0.935130
524     1.359257
525     0.583045
526    -1.928330
527     1.220056
528     1.433373
529    -0.522330
530     1.986651
531     0.541683
532    -1.799387
533     0.816728
534     1.197417
535    -0.718108
536     1.514239
537     1.238331
538     0.264322
539    -0.571444
540    -1.308831
541    -1.271196
542    -0.302188
543    -0.521301
544    -1.154493
545    -0.605870
546     0.046199
547    -0.323143
548    -1.708309
549     0.205607
550     0.638853
551    -1.654093
552    -0.308821
553     0.509960
554     3.006299
555    -0.034614
556     0.334516
557    -0.131138
558     0.013042
559    -0.641938
560    -1.421208
561     0.280325
562     0.510293
563     0.320151
564    -0.093546
565     0.015841
566    -1.788578
567     0.115569
568    -0.453865
569    -1.487830
570     0.102215
571     1.733512
572     1.421388
573    -1.615019
574    -0.644403
575    -0.704900
576     0.215141
577    -0.562711
578    -0.982826
579     0.472809
580    -0.388356
581    -1.413216
582     0.223721
583     0.912759
584     1.452569
585    -0.634432
586    -0.694721
587     1.300672
588     1.015149
589     1.341745
590     2.134505
591     0.457616
592    -0.176655
593     0.592560
594     0.564017
595     1.516963
596     2.171157
597    -0.034393
598    -1.202962
599    -0.199146
600    -0.469285
601    -1.721905
602     0.168622
603    -0.941786
604    -1.549082
605    -0.065936
606    -0.693371
607    -1.056509
608    -0.596133
609    -0.547064
610     0.639011
611    -1.716302
612    -0.727273
613     1.221458
614     1.960126
615     1.353409
616     0.303246
617    -0.452619
618     1.002402
619    -1.211866
620    -0.676608
621    -0.351192
622     1.138554
623    -0.200036
624    -0.844864
625     0.984058
626    -2.403059
627     0.348589
628    -0.943724
629    -0.918622
630    -0.472500
631     1.125409
632     1.698236
633     0.338240
634    -0.936251
635    -0.389205
636    -0.421671
637    -0.963156
638    -0.112681
639    -0.824526
640    -0.912243
641    -0.883987
642    -0.179434
643     0.548468
644     1.261308
645     0.379630
646     1.323373
647     0.290831
648     0.202672
649     1.061238
650     1.668101
651     1.353303
652     1.214719
653    -0.399099
654     0.301491
655     1.245373
656     1.776890
657     1.271880
658    -1.510170
659    -0.009826
660    -0.547935
661    -1.499759
662     1.551931
663     0.938350
664    -1.526282
665     1.218892
666     0.901985
667    -1.010784
668     1.002796
669     0.863731
670    -0.080148
671    -1.073957
672    -1.219690
673     1.447367
674    -0.215393
675     0.003831
676     0.545133
677    -1.529385
678    -0.966814
679    -1.156846
680     1.080279
681     0.846249
682     0.786341
683    -1.456364
684    -1.605023
685     0.574835
686    -0.791692
687    -0.543052
688    -0.977376
689     0.776970
690     0.736375
691     1.495164
692    -0.786474
693    -0.537528
694    -0.983646
695     1.034747
696     0.920565
697    -1.075567
698     0.875016
699     0.837036
700    -0.866218
701     0.919136
702     0.954676
703     1.148195
704    -1.188985
705    -0.734250
706     1.024085
707    -1.079478
708    -0.860490
709     1.274451
710    -0.285593
711    -0.215256
712     0.944330
713    -1.046987
714    -1.268743
715     1.408160
716    -0.212492
717    -0.174833
718    -1.471434
719     1.207033
720     1.122882
721    -1.855925
722    -0.386832
723    -0.894274
724    -2.242281
725    -0.254122
726    -0.378916
727    -1.672703
728    -0.445277
729    -0.363279
730     1.539868
731     0.735837
732     0.681691
733     1.363670
734     0.601821
735     0.752222
736     1.637747
737     0.201119
738     0.242924
739    -1.809424
740    -0.191282
741    -0.539538
742     1.628471
743    -0.351496
744     0.103690
745     1.601225
746     1.173933
747     0.562520
748    -1.663043
749    -0.262209
750    -0.657434
751     1.366283
752    -0.253918
753     0.102980
754    -1.696559
755    -0.378533
756    -0.147364
757    -1.700798
758    -0.665951
759    -0.453696
760    -1.509797
761    -0.403319
762    -0.321328
763     1.421573
764    -0.049722
765     0.326740
766     1.691220
767     0.197541
768     0.500577
769     1.112203
770     0.600914
771     0.060439
772     1.455758
773    -0.113112
774     0.227599
775     1.350473
776     0.598038
777     0.669430
778    -2.017958
779    -0.353430
780    -0.474982
781    -1.101478
782     0.247371
783     1.071963
784    -1.852088
785     0.715400
786     0.822588
787    -1.459504
788     0.376179
789     0.763841
790     1.042935
791     1.067425
792     0.187181
793     1.084557
794    -0.735890
795    -0.817160
796     1.109727
797     0.334987
798    -0.289362
799    -1.457085
800     0.877930
801     0.501328
802     1.072531
803    -0.587750
804    -0.863166
805     1.054764
806     0.744052
807    -0.357420
808    -1.364829
809     0.401951
810     0.708305
811     1.093836
812    -1.308663
813    -1.543304
814    -1.247334
815     0.852220
816     0.944126
817    -1.225025
818     0.520567
819     0.854556
820    -0.946752
821     0.753472
822     1.032883
823     1.505562
824    -2.276323
825    -1.083565
826     1.207142
827     0.327788
828    -0.508100
829     0.952332
830    -0.917309
831    -1.532745
832     0.919140
833    -0.072866
834    -0.097417
835     1.329978
836    -1.538820
837    -0.639189
838    -1.718409
839     0.218278
840     0.844655
841    -1.383555
842     0.564543
843     0.543879
844    -1.710000
845    -0.399466
846    -0.000016
847    -1.097433
848    -1.038159
849     0.309886
850     1.566246
851     2.248729
852     1.465636
853     0.641109
854     0.304377
855    -0.527706
856     1.100847
857     2.018805
858     0.192005
859    -0.976450
860    -0.691566
861     0.260620
862     0.829119
863    -0.243084
864    -0.032435
865     0.656663
866     0.989140
867     0.090940
868    -1.078328
869    -1.007886
870     0.045431
871     0.600504
872     0.002744
873    -1.354179
874    -1.112958
875    -0.250684
876     0.675950
877    -0.628564
878    -1.288642
879    -0.544237
880    -1.032234
881     0.071859
882     0.577482
883     1.242808
884    -2.777292
885    -0.753023
886     1.057546
887     2.030286
888    -0.243568
889     0.961555
890     1.100539
891    -0.927080
892     0.842489
893     0.832996
894     0.747816
895     0.764045
896    -1.146218
897    -0.551557
898    -1.243409
899    -1.321021
900     0.024157
901    -1.543263
902    -0.426838
903    -0.656818
904    -1.402887
905     0.252009
906    -0.493851
907    -1.424307
908    -1.034633
909     0.135268
910     1.401174
911     0.252951
912     1.485602
913     0.428341
914     0.603112
915    -0.508878
916     0.872013
917     1.103571
918    -0.424524
919    -1.291888
920    -0.370888
921     0.421859
922     1.160058
923     0.711432
924     0.883561
925     2.025492
926     1.997159
927    -0.616496
928    -1.205328
929    -0.580078
930     0.104817
931     1.205772
932     1.071634
933    -1.572515
934    -0.862679
935    -0.348172
936    -0.146125
937    -0.855886
938    -0.732302
939     0.149849
940    -1.615750
941    -0.646028
942    -0.043025
943     2.744032
944    -2.137877
945     1.442303
946     0.295295
947     1.255090
948    -0.322689
949     0.243944
950     0.340228
951    -1.171114
952     0.132098
953     0.289424
954     1.109496
955     0.809349
956    -0.810483
957     0.138934
958    -1.115578
959    -0.789310
960     0.084345
961    -0.158683
962    -0.285169
963     0.032231
964    -0.238234
965     0.975821
966    -0.051713
967    -0.306214
968    -0.101657
969     1.063899
970     0.907008
971    -0.318758
972     1.950724
973     0.420910
974    -0.006945
975    -1.273854
976     0.731766
977     0.110804
978    -1.161578
979    -0.656532
980    -0.340403
981     1.169241
982     0.999389
983     0.748779
984     0.804305
985     1.894417
986     0.885917
987    -1.201240
988    -0.261370
989     0.050936
990     0.703461
991     0.334084
992    -0.903263
993    -2.741485
994    -0.385771
995     1.120208
996    -0.104941
997    -0.511292
998     0.587810
999     0.185652
1000    -0.492478
1001    -0.530824
1002     0.737225
1003    -0.000749
1004    -1.768202
1005     2.121176
1006     0.732196
1007     1.491226
1008    -0.944016
1009    -1.677487
1010    -0.599618
1011    -2.747357
1012     0.569262
1013    -0.367131
1014     1.704381
1015    -1.515783
1016    -0.993800
1017    -0.658274
1018    -0.384440
1019     0.244267
1020     0.412164
1021     1.418487
1022    -0.008445
1023     0.961050
1024     0.822857
1025     1.605576
1026     0.961377
1027     0.439211
1028     0.013263
1029     1.016164
1030    -1.214021
1031    -0.021775
1032    -1.365889
1033    -0.505761
1034    -0.885051
1035    -0.748930
1036    -0.831986
1037    -0.971567
1038    -1.169760
1039     0.838204
1040     0.352480
1041     1.216038
1042    -1.174499
1043     0.491865
1044    -0.948051
1045    -1.121995
1046     0.022976
1047    -1.396526
1048     0.696701
1049     0.411336
1050     0.703356
1051    -0.740252
1052    -2.475604
1053    -1.470358
1054     1.069295
1055     2.147958
1056     0.947960
1057     0.346773
1058     0.956704
1059     0.716494
1060     1.532344
1061     0.301727
1062     0.834599
1063    -0.417993
1064    -2.347893
1065    -0.077268
1066    -0.342968
1067     1.334926
1068    -0.137225
1069    -0.565334
1070    -0.181881
1071    -0.558316
1072    -0.952865
1073    -0.364910
1074    -0.926748
1075    -0.509204
1076    -1.292439
1077     0.518741
1078     1.213007
1079     0.910755
1080     0.923290
1081     1.478932
1082     0.651247
1083     0.117689
1084    -0.747856
1085     0.090095
1086     0.306055
1087    -0.158574
1088     0.701173
1089     0.908411
1090    -0.067057
1091    -0.282557
1092    -0.202807
1093     0.903588
1094    -1.065109
1095     0.073350
1096     1.209352
1097    -0.472070
1098     0.464260
1099    -0.681943
1100    -0.020522
1101     0.353932
1102    -0.592844
1103    -1.303821
1104    -0.133906
1105     0.282935
1106    -0.324978
1107    -0.154828
1108    -0.850470
1109     0.427212
1110    -0.677844
1111     0.479271
1112     1.920296
1113    -1.303953
1114    -0.699147
1115     0.590745
1116    -0.078969
1117     0.184975
1118     2.124839
1119     1.023519
1120     1.951662
1121     2.014924
1122     0.213114
1123     1.023285
1124    -1.253550
1125     1.516346
1126    -0.076370
1127    -0.401273
1128     0.629917
1129    -0.729598
1130    -0.672569
1131    -1.442574
1132    -0.908933
1133    -0.880982
1134    -1.578762
1135    -1.117574
1136    -0.812885
1137     0.690375
1138    -0.883633
1139    -1.030216
1140    -0.723327
1141    -1.334106
1142    -1.105846
1143    -2.275950
1144    -0.678809
1145     0.519653
1146    -0.432323
1147    -1.353623
1148    -0.263159
1149    -1.192831
1150     0.707176
1151     0.275662
1152     0.372401
1153     1.177745
1154    -0.269202
1155     1.134888
1156     1.354505
1157    -0.240202
1158     1.138740
1159    -1.104181
1160    -0.382615
1161    -0.701024
1162     0.833028
1163    -0.029804
1164     1.156310
1165     1.154364
1166     0.449610
1167     0.739171
1168    -1.330304
1169    -0.235408
1170    -1.335216
1171     0.974954
1172     0.390440
1173     1.038465
1174    -1.010850
1175    -0.357096
1176    -0.525462
1177    -1.764760
1178     0.368366
1179    -1.524854
1180    -0.591938
1181    -0.788604
1182    -0.680968
1183     1.131017
1184    -0.095301
1185     0.847338
1186     1.065642
1187     0.879311
1188     1.495343
1189     0.984767
1190     0.522077
1191     0.966164
1192     0.789295
1193     0.667900
1194     0.499879
1195     0.535908
1196     0.745005
1197     1.166101
1198    -1.539828
1199    -1.050785
1200    -1.886170
1201     0.682580
1202     1.902895
1203    -1.172619
1204    -1.299519
1205     0.829870
1206    -0.715965
1207    -0.609188
1208     0.689085
1209    -0.654049
1210    -0.278705
1211    -0.691979
1212    -0.917747
1213     1.572675
1214    -1.196295
1215     1.141749
1216     1.300920
1217    -0.533437
1218     0.962950
1219    -1.016989
1220     0.007045
1221    -0.338907
1222    -0.417483
1223     0.662483
1224     0.796701
1225    -0.455091
1226     0.105407
1227    -0.554004
1228    -0.199995
1229     0.542611
1230    -0.551609
1231    -0.049011
1232    -1.181405
1233     0.287581
1234    -1.572459
1235     0.189847
1236    -0.615601
1237     0.687927
1238     0.266768
1239     0.332015
1240     0.369025
1241     0.966782
1242     0.516111
1243     1.066090
1244    -1.344449
1245     0.434696
1246    -1.145609
1247    -1.154189
1248     0.304783
1249     0.582612
1250    -2.077978
1251     0.127028
1252     0.617482
1253    -0.376396
1254    -0.123272
1255    -0.863673
1256     1.203076
1257     0.742415
1258     1.028413
1259     1.190259
1260    -0.002257
1261    -1.347083
1262     0.019663
1263     0.309515
1264     0.248129
1265    -0.843700
1266     1.589815
1267     0.356490
1268    -0.430619
1269     0.757241
1270    -0.760041
1271     0.084313
1272    -1.125027
1273    -0.587883
1274     0.335697
1275    -1.023287
1276    -0.429799
1277     0.780792
1278    -0.906160
1279     0.923704
1280    -0.777816
1281     1.232212
1282    -0.877881
1283     1.530803
1284    -1.317532
1285     1.451886
1286    -0.160813
1287     0.059240
1288     0.668307
1289    -0.658663
1290     1.176125
1291     0.305041
1292     0.301206
1293    -1.027868
1294     0.544691
1295    -0.875996
1296     1.167883
1297     1.121773
1298    -0.696202
1299     1.498723
1300     1.547423
1301    -0.555732
1302     1.852097
1303    -0.523976
1304     1.762393
1305    -2.405517
1306    -0.953294
1307     0.213363
1308    -1.215053
1309    -1.041011
1310    -0.621988
1311    -0.672281
1312     0.003902
1313    -0.898367
1314     0.867445
1315     0.958911
1316     1.628511
1317    -1.285596
1318    -1.609290
1319    -0.136845
1320     0.468027
1321    -1.002602
1322    -2.525248
1323     1.077347
1324     0.059179
1325    -0.167317
1326     0.819816
1327     0.114123
1328     0.598858
1329     0.219274
1330    -0.257798
1331     0.943066
1332    -0.916773
1333    -0.001310
1334     1.036550
1335    -0.808489
1336     0.273098
1337     0.182743
1338    -0.057369
1339     0.282446
1340     0.039418
1341     0.301270
1342     0.798749
1343     0.057474
1344     0.989619
1345    -0.095521
1346     1.870428
1347    -1.307553
1348     0.221742
1349     0.411341
1350     0.417414
1351     0.500537
1352     1.534567
1353    -0.843205
1354    -0.119679
1355     0.309144
1356     0.181300
1357     0.324124
1358     0.086859
1359     0.601630
1360     0.451193
1361     0.290447
1362     0.674388
1363     0.279241
1364     0.849989
1365    -1.082782
1366     0.046998
1367     0.148728
1368    -0.609194
1369    -1.322662
1370    -3.114084
1371    -0.548301
1372     0.521676
1373    -0.070933
1374     0.869815
1375    -0.171149
1376     0.903528
1377    -1.965971
1378    -0.902385
1379    -3.385557
1380     1.987764
1381    -1.612981
1382    -1.209427
1383    -2.288561
1384    -0.434280
1385    -0.837304
1386     1.743827
1387    -0.022664
1388     0.440895
1389     0.415098
1390     0.653516
1391     0.655912
1392     0.755031
1393     0.290386
1394     0.596113
1395     0.501699
1396    -0.228330
1397    -0.273742
1398     0.702428
1399     0.371918
1400    -0.040401
1401     0.245648
1402    -0.774923
1403     0.238861
1404    -0.866582
1405    -1.658642
1406     1.361716
1407    -1.569728
1408    -0.063570
1409     0.329978
1410     0.043520
1411     0.047268
1412     1.498143
1413    -1.286024
1414     0.046780
1415     0.334807
1416    -0.163338
1417     0.233856
1418    -0.080734
1419     0.477503
1420     0.107548
1421     0.352360
1422    -0.200126
1423     0.399879
1424     0.266859
1425     0.678180
1426     1.615976
1427     0.383900
1428     0.025772
1429     0.748952
1430    -3.283511
1431     2.809411
1432     1.164998
1433     0.051507
1434     0.579736
1435    -0.355021
1436     0.246903
1437    -0.220600
1438    -0.530665
1439    -1.032835
1440    -2.382895
1441     0.536274
1442    -2.580263
1443     2.690312
1444    -1.053702
1445     0.319715
1446     0.426212
1447     0.354252
1448     0.440482
1449     0.526542
1450     0.342597
1451     0.134066
1452     0.303435
1453     0.019144
1454     0.023559
1455    -0.002324
1456    -0.744977
1457    -0.143981
1458    -0.139250
1459     0.114699
1460     0.217218
1461    -0.130868
1462     0.438314
1463     0.434380
1464     0.615552
1465    -1.150346
1466     1.855188
1467    -1.376090
1468     0.413129
1469     0.249162
1470     0.315337
1471    -0.614040
1472     0.918763
1473    -1.916594
1474    -0.733934
1475     1.646896
1476    -1.125033
1477     0.130748
1478     0.532736
1479     0.083266
1480    -1.007462
1481     1.731768
1482    -1.486162
1483     0.079114
1484    -0.291495
1485     0.123585
1486     0.372360
1487    -0.213576
1488    -1.082635
1489     0.415695
1490    -3.271719
1491     2.081531
1492     0.901647
1493    -0.217658
1494     0.280928
1495     0.467709
1496    -0.511414
1497     0.539208
1498     0.718780
1499    -1.273826
1500    -0.726951
1501     0.406264
1502    -2.028724
1503     3.015639
1504    -0.616516
1505     0.477586
1506     0.372406
1507     0.716472
1508     0.635363
1509    -0.723409
1510     0.871824
1511     0.857510
1512     0.317040
1513     0.508074
1514     0.457107
1515    -0.828771
1516    -1.706515
1517    -1.233613
1518     0.623694
1519     0.708969
1520     0.933936
1521    -0.161447
1522     0.776153
1523     0.594549
1524    -0.895496
1525    -2.048871
1526     0.464823
1527    -0.110996
1528     0.826418
1529     0.636197
1530    -0.539776
1531    -2.000464
1532    -0.254869
1533     0.418617
1534    -1.702833
1535     0.057905
1536    -0.763251
1537     0.674856
1538     1.139700
1539     0.026512
1540    -1.662748
1541     0.267050
1542    -1.049625
1543     0.750817
1544     0.418852
1545    -0.892669
1546     0.909568
1547     0.597237
1548    -0.885297
1549     0.980645
1550    -1.787915
1551     2.042859
1552     0.946184
1553    -0.057912
1554    -0.277924
1555     0.246057
1556    -0.674463
1557     0.813932
1558     0.415649
1559    -1.500319
1560    -0.502038
1561     0.671875
1562    -0.340766
1563     2.034863
1564    -1.081743
1565    -1.158923
1566    -0.254536
1567     1.485530
1568     0.409032
1569     0.257886
1570     0.633705
1571     0.848577
1572    -0.081826
1573    -0.243133
1574     0.217742
1575    -1.203409
1576    -1.357834
1577    -1.894622
1578     0.022436
1579    -0.198762
1580     0.733745
1581    -0.866043
1582     0.352574
1583     0.089178
1584    -0.949693
1585    -0.086946
1586    -1.002823
1587     1.272859
1588     1.582241
1589    -0.166099
1590     0.532725
1591    -0.875812
1592    -0.791584
1593     0.264528
1594    -0.528815
1595    -0.289951
1596    -0.324186
1597    -0.003321
1598     0.683833
1599    -0.639576
1600    -2.575397
1601    -1.263873
1602    -1.460220
1603    -1.083647
1604     2.555906
1605    -1.098701
1606     0.112529
1607     0.083514
1608    -1.160843
1609    -0.837372
1610     1.377518
1611     0.891935
1612     1.903203
1613    -0.553713
1614     1.147428
1615     1.149301
1616     0.658583
1617     1.471921
1618     0.981823
1619    -0.195274
1620     0.142452
1621    -0.810613
1622    -0.134212
1623     1.663822
1624    -0.603429
1625    -0.417283
1626    -0.084469
1627     0.605132
1628     1.165437
1629     0.416039
1630     0.626042
1631     1.587561
1632     0.103885
1633    -0.126209
1634     1.134937
1635    -0.732059
1636    -0.336824
1637    -1.465437
1638    -0.057046
1639     0.664184
1640     1.539762
1641    -0.359666
1642     0.761509
1643     0.949957
1644    -0.511175
1645    -0.447536
1646    -0.266239
1647     1.353201
1648     0.735018
1649     0.509733
1650     0.604781
1651    -0.697817
1652    -0.023967
1653     0.332708
1654     0.108502
1655     0.474594
1656    -0.005976
1657     0.756736
1658     1.412424
1659    -0.337445
1660    -0.765167
1661    -0.301634
1662     0.369511
1663     0.719712
1664    -1.338048
1665    -2.251140
1666    -0.072383
1667     0.797002
1668    -0.986604
1669    -2.141093
1670    -1.510407
1671    -0.840929
1672     0.040145
1673    -0.245479
1674     1.061533
1675     1.138549
1676    -4.272580
1677     0.089748
1678    -0.154460
1679     0.403880
1680     0.171281
1681    -1.247119
1682     0.342219
1683     1.022542
1684    -0.234008
1685     0.751578
1686    -0.162812
1687    -0.599612
1688     0.299373
1689     0.181272
1690    -0.219922
1691     0.702822
1692    -0.242046
1693     0.246082
1694     0.054317
1695    -1.024004
1696    -0.177615
1697    -1.094567
1698    -0.605668
1699    -0.637529
1700     0.796976
1701    -0.258692
1702     0.457096
1703     0.953495
1704    -0.692688
1705    -1.255420
1706     0.437320
1707     1.161641
1708    -0.672683
1709     0.834508
1710     0.730199
1711    -0.148964
1712     0.539176
1713    -0.165906
1714    -0.593314
1715     0.072526
1716    -0.220329
1717    -0.047022
1718     0.278146
1719    -0.588961
1720    -0.951146
1721     1.004878
1722     0.554184
1723     3.706458
1724    -0.381747
1725    -0.046098
1726    -0.596793
1727     0.095217
1728    -0.936746
1729     1.699076
1730    -1.931020
1731     0.002006
1732    -1.394981
1733    -1.349791
1734     1.162970
1735     3.334945
1736    -2.510486
1737     0.273100
1738    -0.667529
1739     0.105057
1740    -0.143965
1741    -0.773906
1742     0.207714
1743     0.688392
1744     0.259537
1745     1.147929
1746     0.114827
1747     0.003948
1748     0.607696
1749     0.355676
1750     0.402326
1751     1.053842
1752    -0.073094
1753     0.313513
1754     0.754204
1755    -0.493790
1756     0.540531
1757    -0.607311
1758     0.378160
1759    -0.026973
1760     1.068005
1761    -0.234024
1762     0.912239
1763     1.437276
1764    -0.378037
1765    -0.782227
1766    -0.004764
1767     0.563080
1768    -0.335815
1769     0.635098
1770     0.189977
1771     0.344171
1772     0.879370
1773     0.110413
1774    -0.300061
1775     0.382497
1776    -0.249745
1777     0.454675
1778     0.797402
1779    -0.194195
1780    -0.050972
1781     0.370868
1782     0.121509
1783     2.145003
1784    -2.385927
1785    -1.426454
1786     0.193006
1787     0.481341
1788    -0.331603
1789    -0.575948
1790    -3.679846
1791    -1.050708
1792    -3.220903
1793    -1.282791
1794     0.865597
1795     1.081548
1796    -2.173261
1797     1.415626
1798    -0.583694
1799     0.310657
1800    -0.371606
1801    -1.340244
1802    -0.243694
1803     0.547693
1804    -0.078506
1805     0.579042
1806    -0.261006
1807    -0.746292
1808     0.288407
1809     0.538724
1810    -0.055357
1811     0.621947
1812    -0.300754
1813     0.098271
1814     1.443686
1815    -0.286816
1816     0.534522
1817    -1.457099
1818    -0.101508
1819    -0.427568
1820     1.373682
1821    -0.314208
1822     0.222147
1823     1.311041
1824    -0.013436
1825    -0.807412
1826     0.145667
1827     0.212359
1828    -1.118295
1829     0.359171
1830     0.337709
1831     0.653282
1832     1.348208
1833    -0.275111
1834    -0.180295
1835     1.009943
1836    -0.456689
1837     0.180733
1838     0.943598
1839    -0.272444
1840    -0.098598
1841     0.311472
1842    -0.263447
1843     2.774929
1844    -1.766402
1845    -0.220738
1846     0.049112
1847     1.008438
1848    -0.219530
1849     1.068003
1850    -2.714540
1851     0.624867
1852    -1.214431
1853    -1.478215
1854     0.101822
1855     1.192499
1856    -3.824036
1857     1.190118
1858    -0.706499
1859     0.739684
1860    -0.567607
1861    -0.975626
1862     0.402432
1863     0.453124
1864    -0.427618
1865     0.453573
1866    -0.159463
1867    -0.782268
1868     0.895541
1869     0.371551
1870    -0.326377
1871     0.488891
1872    -0.147860
1873    -0.383162
1874    -0.057068
1875    -0.158152
1876     0.074012
1877    -0.752575
1878    -0.174452
1879    -0.467961
1880     0.942170
1881    -0.076514
1882    -0.414681
1883     0.270522
1884     0.013225
1885    -0.816676
1886     0.077492
1887     0.362860
1888    -0.818632
1889     0.755980
1890     0.378430
1891    -0.189713
1892     0.602901
1893    -0.216396
1894    -0.187843
1895     0.756512
1896    -0.159479
1897    -0.302153
1898     0.208161
1899    -0.136226
1900    -0.274452
1901     0.534287
1902    -0.157983
1903     4.420388
1904    -0.719977
1905    -0.386793
1906    -0.283372
1907     0.221903
1908    -0.038121
1909     3.558958
1910    -2.274102
1911     0.394571
1912    -0.340477
1913     0.210594
1914    -0.310467
1915    -0.423105
1916    -3.670024
1917     0.379931
1918    -0.639242
1919     0.652787
1920    -0.231786
1921     0.119768
1922     0.474725
1923    -0.102673
1924     0.254446
1925     0.635833
1926    -0.006599
1927     0.312217
1928     0.813655
1929    -0.040896
1930     0.446145
1931     0.557611
1932    -0.030499
1933     0.490026
1934    -0.513665
1935    -0.233936
1936     0.068569
1937     0.560430
1938    -0.110499
1939     0.502159
1940     0.921272
1941    -0.082178
1942     0.156308
1943     0.777697
1944     0.231433
1945    -0.336489
1946     1.082749
1947     0.204262
1948     0.103886
1949     0.988266
1950     0.274805
1951     0.660225
1952     0.216744
1953    -0.041547
1954     0.545282
1955     0.644838
1956     0.021375
1957     0.099174
1958     1.016500
1959     0.055339
1960     0.240753
1961     1.288364
1962     0.112271
1963     0.153062
1964    -3.157311
1965    -0.607449
1966     0.527342
1967     0.656827
1968     0.027808
1969    -1.029933
1970    -3.264217
1971     0.431041
1972     0.532025
1973    -0.021104
1974    -0.394055
1975    -4.120196
1976    -3.207733
1977     0.666567
1978     0.275234
1979    -0.471482
1980    -0.374570
1981     0.270196
1982     0.768648
1983     0.427901
1984    -0.390551
1985     0.649134
1986     0.072824
1987     1.631008
1988    -0.259379
1989    -0.886637
1990    -0.090967
1991     0.750838
1992     0.427913
1993     0.411012
1994     0.116646
1995     0.680526
1996     0.818187
1997    -0.464663
1998    -0.540688
1999     1.411010
2000    -0.408166
2001    -1.342139
2002     1.256592
2003    -1.470370
2004    -0.527093
2005     0.790456
2006    -0.008949
2007    -0.663310
2008     1.167704
2009    -0.632025
2010    -0.273721
2011    -1.013600
2012    -0.291202
2013     0.129545
2014    -0.353083
2015     0.510530
2016     0.197740
2017     0.966761
2018     0.440642
2019    -0.691308
2020     0.056809
2021     0.955893
2022    -0.459122
2023     0.121636
2024    -0.391562
2025    -0.228375
2026     0.109309
2027     0.327999
2028     0.186206
2029    -3.519942
2030    -1.062858
2031     3.477564
2032    -0.428021
2033     0.225562
2034    -0.345453
2035    -2.933010
2036     0.182135
2037     0.271879
2038    -0.281508
2039     0.061147
2040     0.085748
2041    -0.477465
2042     0.696918
2043     0.254900
2044    -0.523845
2045    -0.410756
2046    -1.259873
2047    -0.343541
2048     0.512464
2049    -0.234701
2050     0.740354
2051     0.663119
2052     0.119385
2053     1.213422
2054    -0.104752
2055     0.444878
2056    -0.734416
2057    -1.061815
2058    -1.248486
2059    -0.839458
2060     0.163148
2061    -1.144859
2062    -0.364329
2063    -1.269296
2064     0.114983
2065    -0.222910
2066     0.256471
2067    -0.454884
2068    -0.595676
2069    -0.588253
2070     0.031862
2071     1.049266
2072    -0.004902
2073     0.380504
2074     1.780810
2075     0.623680
2076    -0.075217
2077    -0.461147
2078     0.802016
2079    -0.675781
2080     0.087469
2081     0.558220
2082    -1.367215
2083     0.255914
2084    -0.021069
2085     0.485321
2086     0.031973
2087    -0.377367
2088    -0.559433
2089    -1.310707
2090    -0.756974
2091     5.260006
2092     0.611321
2093     0.373179
2094    -0.503699
2095     0.509858
2096    -0.253153
2097     0.280706
2098    -0.406893
2099     0.199121
2100     0.151602
2101    -0.390041
2102    -0.633185
2103     0.118451
2104     0.670997
2105    -0.225353
2106    -0.335495
2107     0.122483
2108     1.250718
2109    -0.261791
2110     0.842171
2111     0.505730
2112     0.377607
2113    -0.089072
2114    -0.204475
2115    -0.543374
2116     1.164960
2117    -0.168949
2118    -0.103770
2119     0.734281
2120     0.709195
2121    -0.314323
2122    -0.217926
2123     0.026978
2124     0.475183
2125     0.305921
2126     0.169410
2127    -0.043387
2128    -0.436194
2129     0.854985
2130     0.203940
2131     1.176117
2132    -1.121924
2133     0.469466
2134     0.680573
2135     0.492644
2136    -0.709028
2137     0.193886
2138     1.323366
2139    -0.431605
2140     0.322636
2141     1.192550
2142    -1.193731
2143     0.306810
2144     0.217368
2145     0.524640
2146    -0.176776
2147    -1.661027
2148    -0.663701
2149    -3.838104
2150    -1.949454
2151     3.464407
2152     0.139152
2153    -1.237560
2154    -0.730831
2155    -0.810551
2156    -0.569937
2157    -0.183055
2158    -0.701320
2159     1.028921
2160    -0.119601
2161    -0.855132
2162     0.965968
2163     1.672419
2164     2.525318
2165     1.006447
2166    -0.238242
2167    -0.585612
2168     0.814545
2169    -0.348861
2170    -1.022508
2171    -0.132992
2172     0.904825
2173     0.300624
2174     0.513139
2175    -0.661640
2176    -1.486488
2177    -1.551429
2178    -0.147183
2179     0.799630
2180     0.048949
2181    -0.841698
2182     1.266156
2183    -1.251423
2184    -1.033617
2185    -1.184997
2186    -0.591017
2187     0.011148
2188    -0.521440
2189    -1.499097
2190    -1.421515
2191    -0.350323
2192    -1.458632
2193     0.994381
2194    -0.392189
2195     0.392100
2196    -0.025988
2197    -0.566505
2198     1.317166
2199    -0.099880
2200    -0.007573
2201     1.288016
2202    -0.931567
2203    -1.066362
2204    -0.036024
2205     0.897496
2206     0.462650
2207     0.010571
2208     0.257568
2209     0.496700
2210    -0.493815
2211     2.802782
2212     1.381759
2213    -0.051623
2214    -0.846445
2215     0.896014
2216    -0.453109
2217    -0.408574
2218    -0.089723
2219     1.162261
2220    -0.535410
2221    -0.780091
2222    -0.095685
2223     0.074077
2224     0.895410
2225    -0.440317
2226    -0.524253
2227    -0.388469
2228    -0.221060
2229    -0.513485
2230    -1.310116
2231     0.211364
2232    -0.167093
2233     0.906812
2234    -0.520508
2235    -0.009334
2236    -1.873545
2237     0.459039
2238    -0.676669
2239     0.270806
2240    -0.539533
2241    -0.818277
2242    -0.395155
2243     0.041083
2244    -0.913256
2245    -0.861172
2246     0.346552
2247     0.234175
2248    -1.483122
2249     1.011588
2250    -0.767037
2251    -0.738654
2252    -0.101571
2253     0.128101
2254    -0.898685
2255     0.399792
2256    -0.477603
2257    -1.284982
2258     1.352942
2259    -0.577811
2260     0.355604
2261    -0.063446
2262    -0.410969
2263    -0.159845
2264    -0.260049
2265     0.731730
2266     2.645393
2267    -0.842846
2268     1.545467
2269     0.846235
2270     0.479964
2271     2.546351
2272     4.193746
2273    -1.162754
2274     1.304282
2275    -0.551583
2276     0.354617
2277    -0.440265
2278     0.611413
2279    -0.409171
2280    -0.268131
2281     0.032796
2282    -0.373053
2283     0.207596
2284    -0.951270
2285    -0.022178
2286     0.113647
2287    -1.190555
2288    -0.111259
2289     0.137832
2290    -1.167717
2291     0.300316
2292     0.396341
2293     0.817633
2294     0.213085
2295     0.387958
2296    -0.536166
2297    -1.328959
2298    -1.175558
2299    -0.082850
2300    -0.282293
2301    -0.187581
2302    -0.977593
2303    -0.915394
2304    -0.485533
2305     1.365754
2306    -1.180321
2307    -1.087643
2308    -0.744838
2309    -0.125981
2310    -0.572777
2311    -0.217207
2312    -0.325206
2313     0.309486
2314    -0.987735
2315    -0.379695
2316    -0.072275
2317    -1.642165
2318     0.326968
2319    -0.160978
2320    -0.789311
2321     0.216093
2322     0.197142
2323     0.523762
2324    -0.679691
2325     0.366750
2326     1.087691
2327     3.295752
2328     1.161011
2329     2.632703
2330    -1.469694
2331    -0.001394
2332     2.189272
2333     3.517523
2334     0.707004
2335     0.307088
2336    -0.557042
2337    -0.399949
2338     0.330709
2339    -0.118972
2340     0.158923
2341    -0.276513
2342     0.036185
2343     0.005707
2344    -0.430110
2345     0.064789
2346     0.338397
2347    -0.253267
2348    -0.020260
2349     0.251683
2350    -0.945666
2351     0.682234
2352    -0.233544
2353    -0.070857
2354     0.246621
2355     0.510470
2356     0.717320
2357    -0.918759
2358    -1.426353
2359    -0.586469
2360     0.070493
2361    -0.195226
2362    -0.801476
2363    -0.527711
2364    -0.461082
2365     2.384364
2366    -1.046622
2367    -0.638136
2368    -0.497423
2369    -0.130726
2370     0.258981
2371    -0.663346
2372     0.041270
2373     0.085373
2374    -0.096785
2375    -0.086034
2376    -0.131314
2377    -0.985301
2378     0.045908
2379     0.649747
2380    -0.811296
2381     0.183291
2382     0.690456
2383     1.853757
2384    -0.548002
2385    -0.016025
2386    -1.513540
2387     2.306436
2388     0.898869
2389     4.778100
2390    -1.706530
2391    -1.090924
2392    -1.834962
2393     1.500899
2394     0.281620
2395     0.022270
2396    -0.204523
2397    -0.161184
2398     0.011201
2399     0.011040
2400     0.382484
2401    -0.507484
2402     0.020506
2403    -0.279396
2404    -0.304887
2405     0.028102
2406    -0.074689
2407    -0.307531
2408    -0.252842
2409    -0.257703
2410    -1.008072
2411    -0.017011
2412    -1.314120
2413    -0.251271
2414    -0.135870
2415    -0.009577
2416     0.013040
2417     0.121329
2418     0.540334
2419    -0.775726
2420     0.190254
2421    -0.503356
2422    -0.972764
2423     0.027096
2424    -0.238278
2425     1.380746
2426    -0.746568
2427     1.286288
2428    -0.271044
2429    -0.323855
2430    -0.322064
2431    -0.798108
2432     0.189785
2433    -0.157210
2434    -0.254752
2435     0.111381
2436    -0.217871
2437     0.048173
2438    -0.049087
2439     0.033601
2440    -0.102751
2441    -0.194654
2442    -0.127689
2443     1.258169
2444    -0.218504
2445     0.921007
2446    -1.256871
2447     0.955156
2448    -0.533293
2449     6.121044
2450    -0.379300
2451     2.175814
2452    -1.343198
2453     1.007922
2454    -0.877727
2455    -0.503309
2456    -0.046185
2457    -0.005131
2458    -0.163403
2459    -0.287657
2460    -0.038940
2461    -0.649699
2462     0.627609
2463    -0.097801
2464    -0.051542
2465    -0.242104
2466    -0.236887
2467    -0.027823
2468     0.474844
2469     0.028653
2470    -0.488493
2471     0.550497
2472    -0.010297
2473     0.116023
2474    -0.672999
2475    -0.277404
2476    -0.575370
2477     0.706576
2478    -0.025746
2479     0.125600
2480    -1.446637
2481    -0.444773
2482    -2.400595
2483    -0.621836
2484    -0.142629
2485     1.016649
2486     0.790279
2487     1.346170
2488     0.201352
2489     0.441022
2490     0.050697
2491    -0.814017
2492    -0.302622
2493     0.594575
2494     0.288939
2495     1.316935
2496    -0.003959
2497     0.676167
2498    -0.423638
2499    -1.060125
2500     0.346669
2501     0.100665
2502    -0.466988
2503     2.276747
2504    -0.137437
2505    -0.394269
2506    -1.056190
2507    -0.361463
2508     1.066700
2509     3.857118
2510    -1.005762
2511    -0.365359
2512    -1.083890
2513    -0.638901
2514     0.285385
2515    -1.416330
2516    -0.343965
2517    -0.341383
2518    -0.341314
2519     1.188936
2520     0.495440
2521     0.177044
2522     0.557438
2523    -0.498431
2524     0.329507
2525     0.444841
2526    -0.101993
2527     0.209093
2528     0.824419
2529    -0.059398
2530     0.436783
2531    -0.045393
2532    -0.614058
2533     0.219541
2534    -0.750924
2535    -0.512822
2536    -1.680806
2537    -1.105105
2538    -1.351025
2539    -0.534384
2540    -0.069612
2541     0.273756
2542     0.269283
2543     0.719967
2544     1.157751
2545     0.178951
2546    -0.549674
2547     0.502996
2548     0.646124
2549     1.024225
2550     0.404537
2551     0.246999
2552    -1.836994
2553    -0.114318
2554    -0.993142
2555     0.293392
2556    -0.746016
2557     0.588113
2558     0.724948
2559    -0.219551
2560     0.121575
2561     1.714339
2562     0.410755
2563    -0.050654
2564    -0.214190
2565    -0.108680
2566     0.119239
2567    -1.658506
2568     0.488938
2569    -0.551620
2570     0.010807
2571     0.538558
2572     0.131068
2573    -1.023731
2574     0.066537
2575     1.181689
2576    -0.058985
2577     0.161472
2578    -1.044403
2579     0.998737
2580     0.320993
2581     0.326159
2582     0.141135
2583    -0.550525
2584     0.270945
2585     0.586702
2586    -0.328427
2587     0.107089
2588     0.909135
2589    -0.013728
2590     0.760953
2591     0.499467
2592    -0.058336
2593    -0.210025
2594    -0.402438
2595    -0.970372
2596    -0.217758
2597    -0.268888
2598     0.070318
2599    -0.390221
2600     1.600056
2601     0.519333
2602    -1.240955
2603    -0.170179
2604    -0.600044
2605     0.518704
2606     1.067203
2607     1.204804
2608    -0.204721
2609     0.218223
2610    -0.304105
2611     0.500273
2612    -0.805572
2613    -0.147624
2614     0.459783
2615    -0.625188
2616     1.337373
2617     1.135167
2618     0.854646
2619     0.741862
2620    -0.367444
2621     0.719236
2622    -0.077369
2623    -0.304058
2624    -1.103494
2625    -0.434799
2626    -0.042374
2627    -0.166014
2628    -0.176187
2629     0.250276
2630    -1.446794
2631     2.153239
2632    -0.504229
2633    -1.075429
2634    -0.980687
2635     0.252071
2636    -1.550270
2637    -1.292757
2638    -1.099634
2639     1.018462
2640    -0.091969
2641    -0.145702
2642     0.201178
2643    -0.242121
2644    -0.270784
2645    -0.247519
2646    -0.979588
2647     0.695625
2648     0.853137
2649     0.024645
2650     1.043434
2651    -0.121276
2652    -0.634414
2653     0.010958
2654    -0.364513
2655    -0.890592
2656    -0.015412
2657    -0.559579
2658    -0.359810
2659     0.795736
2660     0.755265
2661    -0.088524
2662     0.651942
2663     0.270216
2664    -0.121984
2665     0.583176
2666     0.415711
2667     0.278886
2668     1.625642
2669     1.329400
2670     0.474408
2671     0.059816
2672    -1.873027
2673    -1.054621
2674    -1.230587
2675     0.472412
2676     1.698609
2677     1.715658
2678     0.801917
2679     0.490762
2680     0.838614
2681     1.174232
2682     0.558804
2683    -2.472586
2684    -0.459789
2685     0.534891
2686    -0.112040
2687    -0.481022
2688    -0.383530
2689    -3.042534
2690    -1.200685
2691     1.869663
2692     0.543515
2693    -0.302412
2694    -0.496993
2695    -1.041005
2696    -0.829355
2697    -0.147797
2698    -0.233467
2699     0.165708
2700    -0.530693
2701     0.534710
2702     0.696321
2703     0.106516
2704     1.127024
2705     0.928665
2706     0.421180
2707     1.292013
2708     0.241549
2709     0.397679
2710     0.743628
2711    -0.877746
2712    -0.683024
2713     0.689432
2714    -1.211150
2715    -0.548672
2716     0.639980
2717    -1.267481
2718    -0.144166
2719     0.388717
2720    -0.487335
2721    -0.419589
2722    -0.083971
2723    -0.765318
2724    -0.730249
2725     0.517045
2726     0.871667
2727     0.264191
2728     0.101724
2729    -0.381823
2730    -0.663374
2731     0.891900
2732     0.271114
2733     0.101056
2734    -0.628033
2735     1.217305
2736     1.593347
2737     0.804561
2738    -0.628942
2739    -0.231526
2740     0.443284
2741    -0.779117
2742    -0.183123
2743    -3.373515
2744     1.589568
2745     0.378122
2746     0.249445
2747    -0.347866
2748    -0.217986
2749    -4.305755
2750     0.353066
2751     0.870148
2752     0.917081
2753    -0.622817
2754    -0.224148
2755    -1.367502
2756     0.423515
2757    -0.081613
2758     0.418231
2759     0.776824
2760    -0.004767
2761    -0.256666
2762    -0.054213
2763    -0.772133
2764     0.192805
2765    -0.366610
2766    -1.193647
2767     0.261250
2768    -0.267780
2769    -0.629526
2770    -0.820359
2771    -0.786752
2772    -0.131699
2773     0.124890
2774    -0.889113
2775    -0.785127
2776    -1.294048
2777    -1.070431
2778     1.021322
2779     0.277071
2780    -0.380936
2781    -0.867066
2782    -1.109628
2783    -0.831326
2784    -0.614680
2785     1.819148
2786     1.664991
2787     1.270414
2788    -1.000688
2789    -0.668450
2790    -0.684601
2791     1.508316
2792     1.270803
2793     1.998500
2794     0.092553
2795     0.228881
2796    -0.296951
2797     0.628020
2798    -0.532986
2799    -0.503483
2800     1.366699
2801    -0.026215
2802    -0.270844
2803     1.022371
2804     2.641179
2805     1.589738
2806    -1.110899
2807     0.237749
2808     1.416198
2809     1.517114
2810     0.540386
2811    -0.665341
2812    -0.992354
2813    -1.090278
2814    -0.411561
2815    -0.343397
2816     1.246949
2817     1.460142
2818    -1.882196
2819    -0.865849
2820    -0.929658
2821    -0.949742
2822    -0.364140
2823     0.013970
2824    -0.721658
2825    -0.736653
2826    -0.151580
2827    -0.148574
2828    -0.205105
2829    -0.338175
2830    -0.093226
2831    -0.350461
2832    -0.426004
2833    -0.776586
2834    -0.309944
2835    -0.023198
2836    -0.426094
2837    -1.370792
2838     0.234561
2839    -0.537389
2840    -0.005030
2841    -0.208805
2842    -0.204007
2843    -1.301489
2844    -0.578503
2845     0.351116
2846     2.902447
2847     1.270917
2848    -0.032202
2849    -1.228883
2850    -0.710821
2851    -0.045395
2852     3.377046
2853     2.290065
2854    -0.481139
2855     1.233262
2856     0.174609
2857     1.011506
2858     0.072939
2859    -0.774133
2860     1.149815
2861    -0.947705
2862    -0.487987
2863     1.683360
2864    -0.008689
2865     0.278940
2866     0.336745
2867    -0.412606
2868     0.093996
2869     1.189785
2870     0.705469
2871    -0.696718
2872     0.442492
2873    -1.734123
2874    -0.669886
2875    -0.135233
2876     2.269565
2877     0.752965
2878    -1.613574
2879    -1.585110
2880    -0.044211
2881    -1.159372
2882    -1.273253
2883     0.354789
2884    -1.237374
2885     0.270988
2886    -0.461587
2887    -0.006586
2888    -1.390599
2889     0.076378
2890     0.380218
2891     0.825785
2892     0.888637
2893    -1.011216
2894     1.234421
2895     0.158722
2896    -0.297282
2897    -0.273133
2898     1.280290
2899    -1.109723
2900     0.472831
2901    -0.610703
2902     0.114465
2903     0.384207
2904     0.318155
2905     0.088097
2906     1.743625
2907     0.945457
2908    -0.012030
2909     0.662894
2910    -0.313773
2911    -0.289176
2912     1.442253
2913     0.783931
2914    -1.072151
2915     0.468472
2916    -0.728416
2917     1.322801
2918     0.961743
2919     0.123483
2920     1.426685
2921     1.094636
2922    -0.044358
2923     1.720490
2924    -2.491923
2925    -0.744647
2926     0.261931
2927     1.149412
2928     0.532440
2929     1.472505
2930    -1.681327
2931    -1.318268
2932     0.591712
2933    -0.457226
2934    -0.029830
2935     1.327236
2936    -1.696061
2937    -0.411335
2938    -2.511231
2939    -1.447744
2940    -0.799363
2941     0.234106
2942    -1.193272
2943     0.718458
2944    -0.754192
2945     0.432572
2946    -0.892619
2947     1.055067
2948    -0.605679
2949     0.628470
2950    -0.098845
2951     0.447081
2952     1.609115
2953    -0.934308
2954    -0.002084
2955    -0.182387
2956     1.405470
2957     0.994634
2958     2.507372
2959    -0.665182
2960     0.381108
2961    -1.221102
2962     0.841378
2963     0.269675
2964     0.796282
2965     0.977152
2966     0.471371
2967     0.879300
2968    -0.551394
2969     1.042376
2970    -0.444363
2971    -0.277024
2972     0.096130
2973     0.600561
2974    -0.434345
2975     0.610149
2976    -1.256438
2977     0.985201
2978     0.323029
2979    -0.005686
2980     0.642143
2981     1.329045
2982    -0.059131
2983     1.127448
2984    -1.776092
2985    -0.636944
2986     0.643874
2987     0.556763
2988     0.758399
2989    -0.460787
2990    -1.983933
2991    -2.064679
2992     0.315503
2993     0.138057
2994     0.508350
2995    -1.761268
2996     0.497681
2997    -0.813774
2998    -2.289998
2999    -2.028610
3000    -1.429185
3001    -1.790097
3002    -1.029366
3003    -0.606958
3004     0.266400
3005    -0.150181
3006    -0.560511
3007     1.189252
3008     0.517155
3009     1.633114
3010    -2.346576
3011     0.815013
3012     0.673442
3013     0.494842
3014    -0.105280
3015     1.146410
3016     0.471540
3017     0.128750
3018     0.537995
3019     1.210433
3020     0.202348
3021    -0.319793
3022    -0.151745
3023     0.947104
3024     1.048365
3025     0.600655
3026     1.168596
3027     1.714343
3028     1.145913
3029     0.149675
3030    -0.544068
3031     0.317504
3032    -0.625459
3033     0.825813
3034     1.344940
3035     0.324081
3036    -0.396225
3037     0.367114
3038    -0.121187
3039    -0.832758
3040     1.039941
3041     0.493917
3042    -0.959579
3043    -0.695556
3044    -0.267939
3045    -0.953492
3046     0.292153
3047    -0.602484
3048    -0.519568
3049    -2.371696
3050     0.320291
3051    -2.408618
3052     0.652419
3053     0.289403
3054     1.520692
3055     0.285946
3056    -0.730477
3057    -0.670244
3058    -2.323384
3059    -1.723960
3060    -0.328358
3061    -1.608603
3062    -2.714560
3063    -1.912162
3064    -0.698110
3065    -0.064214
3066    -0.283755
3067     0.830068
3068    -0.271129
3069     1.462663
3070    -0.510246
3071     0.186156
3072    -1.210126
3073    -0.578501
3074     1.672550
3075    -0.546700
3076     0.422214
3077    -0.847892
3078    -0.967382
3079     0.698311
3080    -0.280225
3081     0.383543
3082     1.415242
3083    -0.578579
3084     0.792593
3085     0.664064
3086    -0.742420
3087     0.611619
3088     0.733954
3089    -0.171720
3090     0.752132
3091    -0.612836
3092     1.302031
3093    -0.516787
3094     0.903030
3095    -0.546502
3096     0.443394
3097     1.169521
3098     1.168150
3099     0.921691
3100     0.685684
3101    -0.109649
3102     0.724961
3103    -0.609182
3104     2.414916
3105     1.269721
3106    -0.641298
3107     0.161234
3108    -0.732471
3109    -1.052083
3110     1.001380
3111     0.453224
3112     0.559737
3113    -0.885272
3114    -0.464901
3115    -0.930627
3116     1.417776
3117     0.108157
3118    -0.840339
3119    -2.112029
3120    -1.289410
3121    -0.060888
3122    -2.212725
3123    -0.523919
3124    -0.666926
3125    -1.278579
3126    -0.421145
3127    -0.154346
3128     0.836454
3129     0.923062
3130    -1.284558
3131    -1.237079
3132    -1.885774
3133    -0.402039
3134     0.362373
3135    -0.558875
3136    -0.194786
3137     0.578153
3138    -1.042029
3139    -0.000384
3140    -0.920619
3141    -0.207242
3142     0.274844
3143     1.068504
3144     0.164466
3145     0.664096
3146     1.171352
3147     1.200116
3148    -0.068300
3149    -0.898844
3150    -0.048521
3151    -0.281148
3152     0.630359
3153    -0.397431
3154    -0.694594
3155    -0.637675
3156    -0.659207
3157     0.573219
3158    -1.364213
3159     0.016726
3160     0.064460
3161    -0.892535
3162     0.026564
3163    -0.182361
3164     2.192216
3165     1.609555
3166    -0.344968
3167     0.658836
3168    -0.459088
3169     0.832741
3170     1.984699
3171     1.405884
3172     0.970480
3173     1.300058
3174     0.269389
3175     0.602341
3176     1.811175
3177     0.943771
3178     0.353115
3179    -3.151909
3180    -0.356302
3181    -0.178897
3182    -1.944365
3183    -1.296483
3184     0.038135
3185    -2.523975
3186    -0.534228
3187    -0.022534
3188     0.410955
3189     0.866820
3190    -1.445511
3191     0.763530
3192    -0.767102
3193    -0.271438
3194     0.332580
3195     0.078088
3196    -0.152133
3197     1.631469
3198     0.681673
3199     0.266335
3200    -1.401018
3201    -0.107230
3202    -0.050490
3203     2.075430
3204     0.678073
3205     0.197778
3206     1.280248
3207     0.475137
3208     0.031286
3209    -1.048079
3210    -0.153744
3211     0.055246
3212     0.075452
3213     0.069998
3214     0.294347
3215    -2.636669
3216    -0.934908
3217     0.332924
3218    -1.047168
3219    -0.373760
3220     0.203800
3221    -1.089927
3222    -0.005135
3223    -0.140123
3224     0.989385
3225     0.410792
3226    -0.321056
3227     1.649322
3228     0.943890
3229     0.610460
3230     0.744570
3231     0.091572
3232     0.261726
3233     2.351302
3234     0.177550
3235     0.253335
3236     1.718856
3237     0.814517
3238     0.036810
3239    -2.331898
3240    -1.115518
3241     0.282483
3242    -1.218461
3243    -1.666677
3244     0.007423
3245    -2.720512
3246    -0.738245
3247    -0.565344
3248    -0.364600
3249     1.031771
3250    -0.144728
3251     1.520453
3252    -0.270233
3253    -0.126587
3254    -0.013232
3255     0.580529
3256    -0.249172
3257     1.221103
3258     1.054022
3259     0.534382
3260    -0.085705
3261    -0.969747
3262    -0.333074
3263     1.754613
3264     0.862443
3265    -0.317588
3266     1.246216
3267     0.456525
3268    -0.184144
3269    -0.041478
3270    -0.978798
3271    -0.040688
3272    -0.070513
3273     0.328563
3274    -0.089709
3275    -3.666625
3276    -1.047836
3277     0.500272
3278    -0.387418
3279    -0.737151
3280     0.062600
3281    -0.042379
3282    -0.712540
3283     0.683254
3284     1.796278
3285     0.775383
3286    -0.191201
3287     1.830916
3288     1.145610
3289     0.266243
3290    -0.267875
3291     0.480383
3292    -0.061252
3293     1.210886
3294     0.603719
3295    -0.477779
3296     0.064048
3297     1.181032
3298     0.444609
3299    -1.765718
3300    -1.378753
3301     0.371914
3302    -0.089982
3303    -0.380723
3304    -0.195233
3305    -1.827494
3306     0.174926
3307    -0.128954
3308    -2.000294
3309    -0.177358
3310     0.188181
3311     0.642956
3312    -0.601281
3313    -0.691498
3314     1.518399
3315     1.632612
3316     0.326485
3317    -0.660508
3318    -0.480603
3319    -0.377112
3320     1.649274
3321    -0.817316
3322     0.477744
3323    -0.056356
3324    -0.274262
3325     1.270787
3326    -1.432374
3327    -0.960172
3328     0.158606
3329    -0.198076
3330    -0.339238
3331    -0.391986
3332     1.378742
3333     1.423391
3334    -0.193447
3335    -3.306777
3336    -0.354146
3337    -0.596807
3338     1.649406
3339    -0.452541
3340     0.288768
3341     0.139955
3342     0.074481
3343     0.102197
3344     2.826579
3345     1.180601
3346     0.246132
3347     0.271691
3348    -0.143276
3349    -0.334018
3350     0.736232
3351     0.917826
3352     0.591660
3353    -0.794588
3354    -0.880622
3355    -1.281804
3356     0.904859
3357     1.265604
3358     0.168383
3359    -1.351645
3360    -0.807904
3361    -0.268340
3362    -2.001903
3363    -0.223407
3364     0.350341
3365    -0.731143
3366     0.167751
3367     0.432746
3368    -0.301652
3369    -0.470294
3370     0.249519
3371     0.968233
3372    -0.450113
3373    -1.243580
3374     1.204116
3375     1.405758
3376     0.485918
3377    -1.190790
3378    -0.023845
3379     0.079949
3380     0.333269
3381     0.117656
3382     0.091747
3383    -0.477905
3384    -0.420137
3385     0.350675
3386    -2.105262
3387    -2.125639
3388     0.236920
3389    -0.968697
3390     0.274617
3391    -1.196405
3392     0.600678
3393     1.182980
3394     0.686711
3395    -1.970197
3396    -0.259711
3397     0.216996
3398     2.740499
3399    -0.279777
3400     0.523830
3401     0.597903
3402     0.309899
3403     0.226753
3404     2.165355
3405     1.719476
3406    -0.226847
3407    -0.008673
3408    -0.534787
3409    -0.454787
3410     2.214729
3411    -0.426449
3412     0.385937
3413    -0.606060
3414    -1.081507
3415    -1.712697
3416     0.553704
3417     1.293834
3418     0.784614
3419    -1.016203
3420    -0.176308
3421     1.796557
3422    -0.258909
3423     2.142263
3424     1.045997
3425    -1.072256
3426     0.695578
3427     1.051243
3428     0.471839
3429     1.095556
3430    -0.184020
3431     0.258326
3432    -0.780936
3433    -1.859109
3434     1.058781
3435    -0.048020
3436    -0.432122
3437    -0.239963
3438    -0.050265
3439     0.541764
3440     0.053368
3441     0.629158
3442    -0.930880
3443    -0.325551
3444    -1.649507
3445    -0.412075
3446    -0.854906
3447    -1.609767
3448    -0.200907
3449    -1.239845
3450    -0.613572
3451    -1.313641
3452     0.617519
3453     0.575016
3454     1.173272
3455    -0.075502
3456     1.437295
3457     1.147864
3458     0.806237
3459     0.328204
3460     1.682070
3461    -0.965377
3462     0.257929
3463    -0.972017
3464     1.209753
3465    -0.588568
3466    -0.200727
3467     0.108747
3468     0.012238
3469    -1.391274
3470     1.012344
3471    -1.863580
3472    -0.315997
3473     0.352323
3474    -0.475232
3475    -2.224709
3476     0.726100
3477     0.030941
3478     1.998711
3479    -1.643031
3480     0.475268
3481     0.790553
3482    -0.970875
3483     1.941161
3484     1.059431
3485     0.278852
3486     0.854734
3487     0.540932
3488    -0.097860
3489     1.363056
3490    -0.543154
3491    -0.284070
3492    -0.274952
3493     0.204108
3494     2.397592
3495    -0.656315
3496    -0.394459
3497     0.279129
3498    -0.148349
3499     0.154209
3500    -0.237811
3501     0.967659
3502    -0.885993
3503    -0.246261
3504    -0.882952
3505    -0.448640
3506    -0.013672
3507    -1.940153
3508     1.344222
3509    -1.127089
3510     1.675948
3511    -0.233002
3512     1.630488
3513    -0.086232
3514     0.265347
3515    -0.464642
3516     1.050014
3517     0.058315
3518    -0.753645
3519     0.286568
3520     0.165914
3521    -2.501881
3522    -0.417866
3523     0.738289
3524     2.434117
3525    -0.732878
3526    -0.394964
3527     0.169060
3528    -0.116699
3529    -1.618232
3530    -0.145685
3531    -2.260809
3532    -0.000806
3533    -0.056709
3534     0.771176
3535    -1.098994
3536     1.410653
3537    -0.558040
3538     0.296924
3539    -1.699692
3540    -0.835071
3541    -0.321890
3542    -1.085305
3543     0.261763
3544    -0.110162
3545     0.158596
3546    -0.712940
3547     0.549922
3548     0.028907
3549     0.623049
3550     0.738120
3551    -0.402627
3552     0.991503
3553     1.051887
3554     2.319136
3555     0.158642
3556     0.501505
3557     0.357928
3558     0.348605
3559     0.526577
3560     0.179122
3561     1.118486
3562     0.142567
3563    -0.371270
3564     0.920170
3565     0.641633
3566    -0.289014
3567    -0.022443
3568     0.802830
3569    -0.714510
3570     1.195311
3571    -0.310184
3572     1.831210
3573    -0.634913
3574     0.069630
3575    -0.454867
3576    -0.366353
3577     0.233457
3578    -0.518768
3579     1.674197
3580    -0.626956
3581    -1.918583
3582     0.482301
3583    -2.525625
3584     0.744963
3585    -2.064821
3586     0.452886
3587     0.218843
3588     0.901958
3589    -0.822258
3590    -0.260496
3591    -3.095805
3592     0.743538
3593     0.133888
3594     1.048307
3595    -1.508789
3596     1.166997
3597    -2.139742
3598    -0.228689
3599    -1.124148
3600    -0.687277
3601     0.961014
3602    -1.699243
3603    -1.847943
3604     0.779932
3605    -1.118355
3606    -2.656760
3607    -0.237455
3608     0.015817
3609    -0.233701
3610    -0.079599
3611    -0.038129
3612     1.154081
3613     0.495409
3614     1.800083
3615     0.877124
3616     0.525394
3617     0.644717
3618     1.036025
3619    -0.199041
3620     0.170138
3621     1.818948
3622    -0.225283
3623     0.069419
3624     1.315226
3625    -0.209679
3626    -0.074280
3627     0.791605
3628    -0.122142
3629    -0.286951
3630     0.655687
3631    -0.180927
3632     1.005019
3633     1.355245
3634     0.843007
3635    -1.159623
3636    -2.290983
3637    -0.264109
3638    -0.051555
3639     1.283055
3640    -0.172305
3641    -1.030235
3642    -0.620143
3643     0.000408
3644     0.746613
3645    -1.774976
3646     0.264929
3647     0.431835
3648     1.471823
3649    -1.260730
3650    -0.035665
3651    -1.715835
3652     0.077121
3653     0.357722
3654     1.482039
3655    -1.404907
3656     0.907302
3657    -0.352613
3658     0.408965
3659    -0.654632
3660    -1.747907
3661     1.479721
3662    -1.573968
3663    -0.954505
3664     1.245468
3665    -1.342524
3666    -1.978656
3667    -0.167210
3668     0.255144
3669    -0.471861
3670     0.576141
3671     0.047032
3672     1.255477
3673    -0.869514
3674     2.022161
3675     1.099359
3676    -0.461152
3677     1.098831
3678     0.578910
3679    -1.099565
3680     0.727941
3681     1.680157
3682     0.099130
3683    -0.011712
3684     0.838867
3685     0.149454
3686     0.123209
3687     0.867845
3688     0.005115
3689    -0.811807
3690    -0.476590
3691    -0.307293
3692     1.608991
3693     1.512888
3694     0.993611
3695    -1.383515
3696    -1.165053
3697     0.003343
3698    -0.056814
3699     0.868627
3700     0.293559
3701    -1.334161
3702    -1.151633
3703    -1.744648
3704     0.958652
3705    -0.297569
3706    -0.011512
3707     0.831479
3708     1.205928
3709    -0.871953
3710    -0.718829
3711    -2.088916
3712     0.191565
3713     0.461629
3714     0.905361
3715    -0.952549
3716     0.046672
3717    -0.568180
3718     1.448288
3719    -0.948413
3720    -1.660457
3721     0.568231
3722    -1.735334
3723    -0.269011
3724     0.580210
3725    -1.380895
3726    -2.362164
3727    -0.167034
3728     0.162626
3729    -1.018669
3730     0.272625
3731     0.353109
3732     1.092058
3733    -1.103331
3734     1.282389
3735    -0.659222
3736    -0.251106
3737     1.316228
3738     0.670041
3739    -0.189891
3740     0.972719
3741     2.086748
3742    -0.110090
3743     0.147613
3744     0.297271
3745    -0.205194
3746     0.222072
3747     0.227540
3748     0.034364
3749    -0.350310
3750     0.117888
3751    -1.208210
3752     1.069907
3753     1.054770
3754     0.147652
3755    -1.566957
3756    -1.516400
3757     0.103413
3758     0.495328
3759     1.583146
3760    -0.281421
3761    -1.226244
3762    -0.045941
3763     0.003712
3764     0.331387
3765    -1.692192
3766     0.139437
3767     1.073512
3768     1.630431
3769     0.008270
3770    -0.364962
3771    -0.680900
3772    -0.370533
3773     0.234863
3774     1.570460
3775     0.825405
3776     0.237331
3777     1.079608
3778     1.203491
3779    -1.274383
3780    -3.165464
3781    -0.189453
3782    -1.309413
3783     1.279098
3784     0.777320
3785    -1.587439
3786    -3.815779
3787     0.476885
3788     0.841260
3789     0.664389
3790    -0.428564
3791    -0.188911
3792    -0.249967
3793     0.077990
3794     0.991577
3795    -0.541730
3796     0.257475
3797     1.014213
3798    -0.188058
3799     0.154190
3800     0.558460
3801     1.959602
3802    -0.152082
3803    -0.785965
3804    -1.162543
3805    -0.131604
3806     0.142951
3807    -0.551465
3808    -0.583606
3809    -0.535244
3810    -0.899400
3811    -0.175908
3812     0.342039
3813     1.659015
3814    -0.707262
3815    -1.213834
3816    -1.752895
3817     0.393192
3818     0.545258
3819     1.516902
3820    -0.106086
3821    -1.115158
3822     1.603144
3823     0.291352
3824     1.302176
3825     0.285863
3826     0.035410
3827     1.098192
3828     1.072503
3829    -0.296752
3830     0.096696
3831    -1.154981
3832    -0.353180
3833    -0.609358
3834     1.008238
3835     0.576644
3836     1.031197
3837     1.348099
3838     0.084040
3839    -0.618698
3840    -2.080033
3841    -0.073135
3842    -2.626219
3843    -0.859567
3844     0.503717
3845     1.658717
3846    -1.911506
3847     0.678030
3848     0.170757
3849     0.505132
3850    -0.621667
3851    -0.605166
3852     0.322201
3853    -1.277493
3854    -0.557179
3855     0.288789
3856    -0.730619
3857    -0.155988
3858     0.630131
3859     0.621842
3860     0.755954
3861     1.506847
3862     0.686046
3863     0.484670
3864     0.093042
3865    -0.903884
3866    -1.430858
3867    -0.040352
3868    -0.582867
3869    -0.935423
3870    -1.432853
3871     0.407276
3872     0.635803
3873     1.951284
3874    -0.773188
3875    -0.350835
3876    -1.182157
3877     0.716482
3878     0.171041
3879     0.222786
3880    -0.584786
3881    -2.911771
3882    -1.458223
3883     0.149202
3884     0.979774
3885     0.024660
3886    -0.779908
3887     0.157565
3888     0.809794
3889     0.200867
3890     1.358626
3891    -0.982885
3892     0.714646
3893     1.283504
3894     1.167582
3895     0.896490
3896     0.677376
3897     1.310225
3898     0.752948
3899     1.239651
3900    -0.964930
3901    -1.168827
3902    -0.863836
3903     0.651233
3904     1.377551
3905     1.957231
3906    -1.584106
3907     1.078473
3908     0.938673
3909     0.563448
3910    -1.094988
3911    -1.594218
3912    -0.427384
3913    -1.789012
3914    -0.558836
3915     0.842074
3916    -1.149946
3917    -1.238539
3918    -0.236051
3919     0.664163
3920     0.626200
3921    -0.284233
3922     1.327353
3923     1.127042
3924     0.407433
3925    -1.545508
3926    -1.390934
3927     0.157345
3928    -0.987761
3929    -0.784261
3930     0.236813
3931     0.446151
3932     0.478030
3933     0.467391
3934    -0.969231
3935    -1.298391
3936    -0.466962
3937     1.117190
3938     0.665045
3939     0.104848
3940    -1.601885
3941    -1.604282
3942     0.497036
3943     0.562217
3944     0.506351
3945    -0.418939
3946    -1.108809
3947    -0.879318
3948     0.196803
3949     0.766185
3950     1.120655
3951    -0.780497
3952     1.133273
3953     1.131696
3954     0.132987
3955     1.199835
3956     0.387780
3957    -0.354402
3958     1.743576
3959     1.273909
3960     0.295165
3961     0.448691
3962     0.618867
3963     0.667031
3964    -0.441283
3965     1.636088
3966     1.108409
3967    -0.042497
3968     0.152708
3969     0.930383
3970     0.637522
3971    -1.137840
3972    -1.268967
3973    -0.345643
3974     2.840178
3975    -0.811797
3976     0.077557
3977    -1.030617
3978    -0.309903
3979     0.169099
3980     0.165754
3981    -1.324274
3982     0.285990
3983     0.204915
3984     0.443721
3985    -0.336251
3986    -0.581851
3987     0.160238
3988     0.373941
3989     0.311236
3990    -0.631710
3991    -0.353647
3992    -0.460571
3993     1.345549
3994     1.080658
3995     0.024934
3996    -0.892047
3997    -0.205166
3998    -0.539778
3999     0.463605
4000    -0.024577
4001    -0.836593
4002    -0.098915
4003    -1.068790
4004    -0.938643
4005    -1.080974
4006     0.110370
4007     0.049453
4008     1.035311
4009    -1.007183
4010     0.199111
4011    -2.158336
4012    -0.066787
4013     0.310631
4014     0.429116
4015     0.004803
4016    -1.329746
4017    -0.248731
4018     0.703193
4019     0.341763
4020     2.242290
4021     0.491181
4022     1.068603
4023     0.867743
4024    -1.013801
4025     2.220486
4026     2.658922
4027     0.093798
4028     0.168124
4029     0.231778
4030     0.252680
4031    -0.171684
4032    -0.160063
4033     0.298831
4034    -0.577238
4035    -0.734381
4036     0.156060
4037    -0.692837
4038     0.021495
4039     0.216936
4040    -0.072695
4041    -0.300782
4042     0.471946
4043    -0.164538
4044     1.215862
4045    -0.126338
4046    -0.623685
4047     0.525404
4048     0.759096
4049    -0.067328
4050    -0.419402
4051    -0.204564
4052     0.036432
4053    -1.433627
4054     0.499339
4055     0.254562
4056    -0.341937
4057    -0.466425
4058    -0.252325
4059     0.205007
4060    -0.070219
4061     0.177633
4062    -1.844556
4063    -1.648414
4064    -0.227112
4065    -0.364788
4066     0.443924
4067     0.097549
4068    -0.045745
4069    -1.110214
4070    -0.399326
4071    -1.921198
4072    -0.083452
4073     0.493712
4074     1.236836
4075     0.021710
4076    -1.350402
4077    -0.720846
4078     1.017926
4079     0.082069
4080     1.324278
4081     0.705386
4082     1.251083
4083     0.433327
4084    -2.410692
4085     0.434621
4086     1.542428
4087     0.020972
4088    -0.094129
4089    -0.004191
4090     0.446057
4091    -0.029142
4092     0.671722
4093     0.124115
4094    -1.098316
4095    -1.008815
4096     0.477810
4097    -0.403636
4098    -0.621607
4099     0.418692
4100    -0.121728
4101    -0.174035
4102     0.257236
4103    -0.318879
4104    -0.096487
4105    -0.162550
4106    -0.311009
4107    -0.827401
4108     1.142134
4109     0.274646
4110     0.757281
4111    -0.090647
4112    -0.417632
4113    -0.404654
4114     0.982123
4115     1.933686
4116     0.798982
4117    -0.273560
4118     0.250263
4119    -0.457612
4120     0.367955
4121     0.345625
4122    -0.058589
4123    -3.128629
4124    -1.487447
4125    -1.161517
4126     0.103630
4127    -0.755348
4128    -0.453268
4129    -0.347944
4130     0.959744
4131    -0.343167
4132    -0.225367
4133    -0.077922
4134     0.555364
4135     0.624747
4136    -0.526779
4137    -0.122535
4138     0.968531
4139     0.192298
4140     0.974774
4141     0.407380
4142     0.998973
4143     0.551006
4144     0.059442
4145     0.396594
4146    -0.496298
4147     0.910146
4148    -0.303443
4149    -1.117922
4150     0.831632
4151    -0.984044
4152    -0.053611
4153    -0.115727
4154    -0.093117
4155    -1.038365
4156     0.850411
4157    -0.059597
4158    -0.920314
4159     0.819205
4160    -0.431782
4161    -0.537988
4162     0.010564
4163    -0.708784
4164     0.170407
4165    -0.393479
4166    -1.237460
4167    -0.005156
4168    -0.318147
4169     1.141098
4170     1.145677
4171    -1.094158
4172     0.753576
4173     0.122764
4174     1.162654
4175     0.464824
4176     0.815862
4177     0.260213
4178    -0.587502
4179    -0.853252
4180    -0.617125
4181     0.459467
4182     0.568072
4183    -1.987959
4184    -0.433356
4185    -1.527853
4186    -0.169342
4187    -0.066869
4188    -0.572777
4189    -1.895004
4190    -0.555037
4191     2.781141
4192    -0.496390
4193     0.124244
4194     0.643284
4195     1.810836
4196     0.599592
4197    -1.353710
4198    -0.035151
4199     0.522624
4200     1.679036
4201     0.582847
4202     2.044139
4203     0.048863
4204    -0.229156
4205    -1.058594
4206    -0.294839
4207     0.524894
4208    -0.853552
4209    -0.710715
4210     0.267418
4211    -1.619589
4212    -0.130805
4213    -0.370805
4214    -1.169212
4215    -0.517934
4216     0.373675
4217    -1.290533
4218    -0.531206
4219     0.399955
4220    -1.180928
4221    -0.190137
4222    -0.360772
4223    -1.238642
4224    -0.164835
4225    -0.249869
4226    -1.080472
4227     0.192462
4228    -0.062872
4229     2.028757
4230    -0.296960
4231    -0.183419
4232     1.986194
4233     0.796546
4234     0.339776
4235    -0.615350
4236    -0.147702
4237     0.048371
4238    -0.992762
4239    -0.130676
4240    -0.537170
4241    -0.294526
4242     0.230805
4243    -0.287236
4244     2.286691
4245     0.945417
4246    -0.535048
4247    -1.255225
4248    -0.470160
4249    -0.260733
4250     1.784598
4251     2.401753
4252    -0.731686
4253    -1.070539
4254    -0.177012
4255     0.975416
4256     1.608445
4257    -1.216340
4258     0.296414
4259     1.981100
4260     0.363475
4261     0.812275
4262     0.386420
4263    -0.068548
4264     0.576598
4265     0.556687
4266    -0.899524
4267    -0.447339
4268    -0.545963
4269     0.768334
4270    -0.562795
4271     0.528828
4272     0.888493
4273    -0.467457
4274     0.563344
4275    -0.283504
4276    -0.723261
4277     0.072003
4278     0.944807
4279    -0.553862
4280     1.525872
4281     0.982980
4282     0.976210
4283     0.122499
4284    -1.689653
4285     0.224247
4286    -0.603069
4287     0.078179
4288     0.875770
4289     0.734745
4290    -1.489117
4291     0.234804
4292    -0.700417
4293    -0.501968
4294     0.646430
4295     0.413659
4296    -0.065670
4297    -0.134115
4298     0.235109
4299     0.132551
4300     0.295289
4301     0.723517
4302    -0.376347
4303     0.135889
4304    -0.101086
4305    -0.273184
4306    -0.482680
4307    -0.282047
4308    -0.746721
4309    -1.705610
4310    -3.099108
4311     3.936987
4312    -0.463009
4313    -0.385864
4314    -0.561975
4315     0.138534
4316    -0.459271
4317    -0.748352
4318     0.624083
4319     0.314140
4320    -0.027767
4321     0.086522
4322    -0.563176
4323    -0.658985
4324     0.118230
4325     0.273238
4326    -0.736900
4327    -0.112052
4328     0.137107
4329    -0.805557
4330    -0.612014
4331    -0.072779
4332    -1.323217
4333    -0.252893
4334     0.024647
4335     0.549932
4336    -0.440271
4337     0.395975
4338    -1.211761
4339    -0.296436
4340     0.135405
4341    -0.644292
4342     0.526038
4343     0.066605
4344    -0.331284
4345     0.047835
4346     0.745093
4347    -0.692048
4348     0.585558
4349     0.272371
4350    -0.349894
4351     0.308137
4352     0.129241
4353     0.596307
4354     0.299585
4355     0.666475
4356    -0.909887
4357     0.051919
4358     0.947779
4359    -0.510005
4360     0.311104
4361     0.911079
4362     0.104591
4363     0.262024
4364    -1.248327
4365     2.589749
4366    -0.166857
4367     0.347221
4368    -0.557313
4369    -0.585609
4370    -2.832018
4371     4.333499
4372    -0.305313
4373     0.832984
4374    -1.021295
4375     0.124408
4376    -1.687753
4377     2.615306
4378     0.050086
4379     0.518830
4380    -1.036946
4381     0.315817
4382     0.155666
4383     0.030256
4384     0.303573
4385     0.236172
4386    -0.413217
4387     0.682104
4388     0.525022
4389    -0.571183
4390     0.237936
4391     0.387657
4392    -0.995886
4393     1.160276
4394     1.258550
4395    -0.792991
4396     0.348413
4397     0.311818
4398    -1.106937
4399     0.054438
4400     0.034068
4401    -0.388794
4402     1.299384
4403     0.302992
4404    -1.146379
4405    -0.039935
4406     0.123834
4407    -0.316654
4408     0.791368
4409     0.204995
4410    -0.330362
4411    -0.679635
4412    -0.146263
4413     1.261149
4414     0.170624
4415     0.291822
4416    -0.256124
4417    -0.023507
4418     0.145472
4419    -0.360093
4420     0.283920
4421     0.276461
4422    -0.062721
4423    -2.029038
4424    -1.967798
4425     1.984384
4426     0.459907
4427     0.206436
4428    -0.931282
4429    -2.077519
4430    -1.216752
4431     4.066635
4432    -0.003865
4433     0.277337
4434    -0.939109
4435    -1.631124
4436    -1.936043
4437     2.085474
4438     0.376860
4439     0.528554
4440    -0.816166
4441    -0.732036
4442    -0.663014
4443    -0.606078
4444    -0.444986
4445    -0.639821
4446    -0.565662
4447    -0.399600
4448    -0.440197
4449    -0.543077
4450    -0.379827
4451    -0.494303
4452    -0.438289
4453     0.499670
4454     0.073522
4455     0.093398
4456    -0.569537
4457    -0.577449
4458    -0.503585
4459    -0.698264
4460    -0.745186
4461    -0.428722
4462    -0.467131
4463    -0.491312
4464    -1.193033
4465    -0.624643
4466    -0.696736
4467    -0.428371
4468    -0.676939
4469    -0.588128
4470    -0.330878
4471     2.479836
4472     2.527808
4473    -0.073488
4474    -0.501534
4475    -0.589935
4476    -0.491432
4477    -0.514842
4478    -0.669714
4479    -0.335580
4480    -0.898080
4481    -0.513798
4482    -0.269054
4483     1.345954
4484     1.194767
4485     2.337926
4486    -0.631492
4487    -0.632616
4488    -0.512650
4489     1.547004
4490     2.104663
4491     2.893466
4492    -0.550971
4493    -0.550064
4494    -0.308167
4495     1.631818
4496     2.585192
4497     1.527490
4498     0.585599
4499    -0.193680
4500     0.175786
4501    -0.213391
4502    -0.699640
4503    -0.942394
4504    -0.309985
4505    -1.101243
4506    -0.866203
4507     0.015732
4508    -0.695313
4509    -1.025386
4510     0.135807
4511    -0.410081
4512    -0.784442
4513     0.724531
4514     0.590832
4515     0.170468
4516    -0.114929
4517     0.039139
4518    -0.302951
4519    -0.335308
4520    -0.946873
4521    -0.733379
4522    -0.457201
4523    -0.932461
4524    -1.164236
4525    -0.205129
4526    -0.692066
4527    -0.653030
4528    -0.211277
4529    -0.479777
4530    -0.606003
4531     0.928594
4532     1.466648
4533     0.488486
4534    -0.188017
4535    -0.780878
4536    -0.737514
4537    -0.388190
4538    -0.862789
4539    -0.353529
4540    -0.420594
4541    -0.643240
4542    -0.652659
4543     0.042642
4544     1.464927
4545     2.984576
4546    -0.157198
4547    -0.141480
4548    -0.392818
4549     0.372006
4550     2.960310
4551     3.399589
4552    -0.066934
4553    -0.542205
4554    -0.687895
4555     0.734859
4556     2.439315
4557     2.121180
4558     0.113982
4559    -0.033126
4560     0.738140
4561    -0.123108
4562    -0.581173
4563    -0.809460
4564    -0.152603
4565    -0.578703
4566    -0.989245
4567    -0.103512
4568    -0.761040
4569    -0.839694
4570    -0.245926
4571    -0.867673
4572    -0.559008
4573     1.168843
4574    -0.305385
4575     0.717697
4576    -0.387945
4577    -0.023661
4578    -0.270439
4579    -0.147765
4580    -0.569135
4581    -0.766918
4582    -0.269908
4583    -1.703105
4584    -0.613590
4585    -0.227219
4586    -0.354557
4587    -0.744439
4588    -0.325412
4589    -1.116665
4590    -0.193145
4591     1.508793
4592     0.890289
4593     0.996870
4594    -0.208022
4595    -0.549748
4596    -0.753886
4597     0.056142
4598    -0.626828
4599    -0.131993
4600    -0.665392
4601    -0.731056
4602    -0.566485
4603     0.200622
4604     1.974777
4605     2.702333
4606    -0.475689
4607    -0.290352
4608    -0.331317
4609     0.573823
4610     4.034244
4611     1.447588
4612    -0.278974
4613    -0.369580
4614    -0.674345
4615     0.778851
4616     2.305148
4617     2.323132
4618    -0.675599
4619     0.224202
4620     0.056346
4621    -0.425987
4622    -0.716917
4623    -0.228280
4624    -0.396489
4625    -0.338528
4626    -0.213239
4627    -0.402140
4628    -0.725930
4629    -0.185676
4630    -0.484840
4631    -0.815612
4632    -0.088542
4633     0.920603
4634     0.230966
4635     0.442725
4636    -0.556999
4637    -0.451243
4638    -0.245642
4639    -0.455509
4640    -0.980115
4641    -0.261541
4642    -0.366859
4643    -1.083268
4644    -0.617147
4645    -0.493024
4646    -0.858709
4647    -0.251874
4648    -0.453597
4649    -0.834040
4650    -0.303324
4651     2.438066
4652     2.329533
4653     0.655064
4654    -0.474620
4655    -0.970023
4656    -0.377090
4657    -0.196649
4658    -0.799038
4659    -0.218284
4660    -0.891472
4661    -1.043388
4662    -0.129772
4663     1.446927
4664     2.721121
4665     1.276497
4666    -0.723069
4667    -0.745780
4668     0.095363
4669     1.743116
4670     3.729100
4671    -0.139324
4672    -0.501384
4673    -0.213337
4674    -0.168275
4675     0.813393
4676     2.225835
4677     1.365532
4678    -0.539465
4679    -0.660628
4680    -0.407174
4681    -0.572424
4682    -0.663309
4683    -0.421891
4684    -0.846425
4685    -0.511666
4686    -0.052466
4687    -0.604671
4688    -0.760326
4689    -0.392783
4690    -0.742226
4691    -0.895009
4692    -0.399285
4693     2.713110
4694     0.860064
4695     0.150343
4696    -0.139199
4697    -0.083334
4698    -0.248731
4699    -0.485108
4700    -0.975201
4701    -0.314567
4702    -0.054260
4703    -0.905545
4704    -0.698528
4705    -0.261896
4706    -0.663758
4707    -0.322167
4708    -0.566258
4709    -0.807441
4710    -0.482042
4711     2.455916
4712     2.250364
4713     1.430329
4714    -0.428855
4715    -0.901852
4716    -0.407162
4717    -0.296553
4718    -0.858352
4719    -0.848720
4720    -0.571604
4721    -0.795479
4722    -0.315560
4723     0.900889
4724     2.483156
4725     2.146835
4726    -0.437498
4727    -0.459008
4728    -0.000211
4729     0.874024
4730     2.515711
4731    -0.561883
4732    -0.653770
4733    -0.062881
4734    -0.231666
4735     0.138378
4736     1.743586
4737     2.311980
4738    -0.421570
4739    -0.509721
4740    -0.341825
4741    -0.195145
4742    -0.588098
4743     0.360428
4744    -0.473957
4745    -0.442163
4746     0.724043
4747    -0.047547
4748    -1.021507
4749    -0.614407
4750    -0.012709
4751    -1.359716
4752     0.066576
4753    -0.501030
4754     0.494158
4755     0.289896
4756     0.178108
4757     0.588376
4758    -0.118870
4759    -0.301576
4760    -1.064192
4761    -0.066014
4762     1.158854
4763    -1.229621
4764    -0.568137
4765    -0.041146
4766    -0.427725
4767     0.373944
4768    -0.032753
4769    -0.986435
4770    -0.466500
4771     0.216810
4772     0.312025
4773    -0.283400
4774    -0.002981
4775    -1.036876
4776    -0.205371
4777    -0.166727
4778    -0.799808
4779    -0.171340
4780    -0.092263
4781    -0.996672
4782    -0.438291
4783    -0.936166
4784     1.662116
4785     0.331741
4786     0.308530
4787    -0.564971
4788    -0.255013
4789     0.644212
4790     5.873072
4791    -0.025757
4792     0.380769
4793    -0.247322
4794    -0.331279
4795    -0.381782
4796     2.366469
4797     1.503192
4798     0.298501
4799    -0.531111
4800    -0.105441
4801    -0.001043
4802    -0.974015
4803     0.676938
4804     0.338921
4805    -0.579147
4806     1.792027
4807    -0.272818
4808    -0.285502
4809    -0.050293
4810    -0.055751
4811    -1.629706
4812     0.996813
4813    -0.752694
4814     0.675150
4815    -0.074383
4816    -0.424276
4817     1.820428
4818    -0.463425
4819    -0.183728
4820    -1.052324
4821     0.736896
4822     0.690302
4823    -0.726712
4824     0.248006
4825    -0.516756
4826    -0.991090
4827     0.273113
4828    -0.565631
4829    -0.544048
4830    -0.236600
4831    -0.126180
4832     1.061922
4833    -0.792769
4834    -0.273889
4835    -0.840607
4836     0.336880
4837    -0.096570
4838    -0.476263
4839     0.282327
4840    -0.902915
4841    -0.449844
4842     0.056779
4843    -0.158660
4844     1.197268
4845    -0.865290
4846    -0.596337
4847    -0.137065
4848    -0.055114
4849     2.723855
4850     4.316382
4851    -2.721445
4852     0.311931
4853    -0.344791
4854    -1.071932
4855     0.527638
4856     0.508931
4857     0.850660
4858     0.334603
4859    -0.548970
4860     0.080811
4861    -0.114205
4862    -0.199111
4863     1.024818
4864     1.186291
4865    -0.680934
4866     0.345280
4867    -1.069119
4868    -0.493893
4869     0.748754
4870     0.590958
4871    -0.399074
4872     0.822899
4873    -1.042157
4874     0.225795
4875    -0.375686
4876    -1.302819
4877    -0.156429
4878     0.045577
4879     0.910425
4880     1.500137
4881     0.578539
4882     0.779184
4883     0.028376
4884     0.597663
4885    -0.741566
4886    -0.405359
4887     0.565578
4888    -1.060092
4889    -0.071193
4890     0.394521
4891    -0.816806
4892     0.291506
4893    -0.311170
4894    -0.082775
4895     0.287287
4896     0.336339
4897     0.672911
4898     1.994951
4899     0.235159
4900    -1.492651
4901    -0.164932
4902     0.767870
4903     0.579078
4904     0.300313
4905    -3.177261
4906    -1.105871
4907    -0.404010
4908     0.431999
4909     2.757629
4910    -1.188298
4911    -2.803357
4912    -0.793785
4913    -0.793976
4914     0.453822
4915     1.969447
4916     0.084557
4917    -1.365417
4918     0.175924
4919     0.244288
4920     0.684074
4921    -0.445796
4922    -0.327579
4923     0.370117
4924     0.029952
4925    -0.081237
4926     0.085762
4927    -1.199971
4928    -1.196743
4929     0.239937
4930    -1.205369
4931    -1.287769
4932     0.288294
4933     0.678340
4934     1.267654
4935    -0.004822
4936    -0.453390
4937     0.282918
4938    -0.028310
4939    -1.369487
4940    -1.106945
4941     0.286231
4942    -0.977027
4943     0.115808
4944     0.316541
4945    -1.431948
4946    -1.610007
4947     0.056030
4948     0.792525
4949     0.522150
4950     0.270337
4951    -0.012478
4952     0.965203
4953    -0.234544
4954    -0.142098
4955    -0.102139
4956    -0.092708
4957    -1.375084
4958    -1.199867
4959     0.126174
4960     0.000124
4961     0.170212
4962     0.499712
4963     2.142827
4964     0.914415
4965    -1.787031
4966     0.274441
4967     0.001903
4968     0.168004
4969     4.698676
4970     1.415119
4971    -0.459661
4972    -1.112101
4973     0.286956
4974     0.344498
4975     1.358652
4976     1.334562
4977    -0.561311
4978    -0.250788
4979    -0.364613
4980     0.116751
4981     1.008520
4982    -1.001272
4983     0.202263
4984     0.900832
4985    -0.856729
4986    -0.407881
4987     0.619044
4988    -1.604473
4989    -0.204084
4990     0.586451
4991    -1.200888
4992     0.105729
4993    -1.369263
4994     2.124700
4995     0.967585
4996    -1.781305
4997     1.435880
4998     0.292823
4999     0.655130
5000    -1.689917
5001    -0.005849
5002    -0.943580
5003     0.587451
5004    -0.285865
5005     0.669442
5006    -1.690254
5007     0.065109
5008     1.826782
5009    -0.941082
5010    -0.149315
5011    -0.985302
5012     1.435373
5013    -0.116633
5014     0.858512
5015    -0.663468
5016    -0.310808
5017     0.576311
5018    -1.823815
5019    -0.210886
5020     0.868440
5021    -0.824532
5022    -0.215563
5023     0.041881
5024     1.804254
5025     0.122084
5026    -1.737882
5027     1.252015
5028     0.325811
5029    -0.529661
5030     1.734823
5031     0.125181
5032    -1.818078
5033     1.241166
5034     0.227286
5035    -0.358356
5036     1.401071
5037    -0.532898
5038     0.912081
5039    -0.720302
5040     0.005909
5041     1.227660
5042     0.800333
5043     0.776927
5044     0.125029
5045     0.663807
5046    -1.008023
5047     0.253322
5048     0.148166
5049     0.032420
5050     0.013075
5051     0.089396
5052    -0.113756
5053    -1.197778
5054     0.311703
5055     1.030012
5056    -0.169769
5057     2.470581
5058     1.941838
5059     0.771202
5060    -0.670061
5061     0.040362
5062    -0.737516
5063    -1.910944
5064    -0.939995
5065     0.798847
5066    -0.815774
5067     0.000215
5068     0.700979
5069     0.296246
5070    -0.983112
5071    -1.533789
5072     0.008032
5073    -1.269061
5074     0.108779
5075     0.967451
5076    -0.879796
5077     0.535952
5078    -0.616668
5079    -0.095851
5080     0.860529
5081     0.225539
5082    -0.772422
5083    -0.876192
5084    -1.842319
5085    -0.316298
5086    -0.236716
5087     2.157505
5088     1.832668
5089    -0.210435
5090    -2.089464
5091     0.595317
5092     0.126723
5093     1.051955
5094     1.970762
5095    -0.809096
5096    -1.898070
5097    -1.369204
5098     0.249194
5099     0.652587
5100    -0.473004
5101     0.546470
5102     0.519318
5103    -1.190347
5104     0.416598
5105     0.457594
5106    -0.550310
5107     0.414167
5108     1.122348
5109    -1.606240
5110    -0.620441
5111    -0.973833
5112    -0.961699
5113    -0.657886
5114     0.728544
5115     2.231158
5116    -1.649055
5117     0.645211
5118     2.224820
5119     0.875809
5120     0.204056
5121    -1.576003
5122     0.076665
5123    -1.468649
5124     1.033266
5125     0.614540
5126    -0.595225
5127    -1.505092
5128     0.847270
5129     0.022624
5130    -1.179554
5131    -0.927692
5132     0.250841
5133     0.963298
5134     0.505422
5135     1.021996
5136    -0.840643
5137     0.701917
5138     0.456172
5139    -1.572127
5140     0.938881
5141     0.223230
5142    -1.431690
5143    -0.468446
5144    -1.515448
5145    -0.290170
5146    -1.632027
5147     0.774018
5148     0.910163
5149     0.592270
5150    -1.192398
5151     1.007380
5152    -1.018317
5153    -0.301952
5154     0.950931
5155     0.012859
5156    -0.605243
5157     1.798613
5158     0.430995
5159     0.226797
5160     1.584248
5161    -0.297699
5162     0.785166
5163    -1.736164
5164     0.378366
5165    -0.178216
5166    -0.652229
5167    -0.004286
5168     1.699418
5169    -1.554775
5170    -0.276243
5171    -0.505763
5172    -0.687894
5173    -0.217663
5174    -0.108768
5175     1.839235
5176    -1.135612
5177     0.033265
5178     1.731454
5179     0.451265
5180     0.991059
5181    -1.524937
5182     0.158631
5183    -0.940917
5184     0.678507
5185     0.584802
5186    -0.231866
5187    -1.273466
5188     0.435384
5189    -0.557085
5190    -1.418607
5191     0.460246
5192    -0.904703
5193     2.134045
5194     0.252418
5195    -0.625965
5196    -1.105430
5197     0.303666
5198    -0.044176
5199    -1.715746
5200     0.212338
5201    -1.230191
5202    -1.879012
5203    -0.140432
5204     1.191013
5205     1.762556
5206    -1.038479
5207     1.201095
5208     0.950590
5209     0.002270
5210     0.323409
5211     0.700900
5212    -1.332156
5213    -0.131626
5214     0.088723
5215     0.505183
5216     0.445679
5217     2.141651
5218     0.697999
5219    -1.210830
5220     1.520598
5221    -1.344136
5222    -0.336366
5223    -0.009874
5224    -0.235550
5225    -0.496624
5226    -0.544111
5227    -0.328326
5228     0.448667
5229    -0.126711
5230    -1.478733
5231    -0.344151
5232    -0.749433
5233    -0.190299
5234     0.131436
5235     1.258425
5236    -0.795392
5237     0.569284
5238     0.860346
5239    -0.614152
5240     0.216487
5241    -0.547734
5242     0.402063
5243    -0.310659
5244    -0.297890
5245     0.631525
5246    -0.454541
5247    -1.435446
5248    -0.461030
5249    -1.646574
5250     0.002969
5251     1.429950
5252    -0.391714
5253     1.234147
5254    -0.731326
5255    -1.508771
5256     0.167820
5257    -0.280809
5258    -0.832879
5259    -0.931069
5260    -0.291412
5261    -2.548147
5262    -0.077997
5263     1.853431
5264     2.855771
5265     0.367973
5266     0.223794
5267     1.036361
5268     0.640078
5269     1.248031
5270     2.120990
5271    -0.809203
5272    -1.165217
5273     0.256968
5274    -0.631374
5275     2.099267
5276     2.005427
5277     0.753577
5278     0.028318
5279    -0.770964
5280     0.875506
5281    -1.763635
5282     0.245278
5283    -0.128484
5284    -0.035841
5285     0.215478
5286    -0.396745
5287    -0.605173
5288     0.316283
5289     0.150527
5290    -1.916081
5291     0.102029
5292    -0.393605
5293     0.003909
5294     1.237338
5295     1.210955
5296    -0.983708
5297     1.553880
5298     1.148541
5299    -0.848305
5300     0.413877
5301     0.177004
5302     0.241323
5303    -1.013062
5304     0.170102
5305     1.027234
5306     0.197471
5307    -2.011304
5308    -0.762389
5309    -1.965157
5310    -0.331276
5311     2.083694
5312     0.105328
5313     0.600870
5314    -0.829651
5315    -1.167608
5316     0.983771
5317    -0.530857
5318    -1.502288
5319    -0.282207
5320    -0.133498
5321    -2.270459
5322    -0.079522
5323     2.138214
5324     0.302111
5325    -0.755514
5326    -0.028199
5327     0.665930
5328    -0.086870
5329     1.230150
5330     0.398679
5331    -0.601905
5332    -1.669147
5333    -0.008746
5334    -0.060690
5335     2.334837
5336     1.069539
5337     0.288487
5338     1.047124
5339     1.104100
5340     0.397864
5341    -0.359125
5342    -0.177291
5343    -1.416089
5344     0.674955
5345     0.293253
5346    -0.535516
5347    -1.623549
5348    -0.153401
5349    -1.110929
5350     0.077792
5351     0.301779
5352     0.396152
5353     0.814462
5354     0.682149
5355    -0.008626
5356    -0.242089
5357     1.188508
5358     0.332263
5359     0.086945
5360     0.467895
5361     0.012444
5362     0.861252
5363    -0.405681
5364     0.415693
5365     0.648806
5366     0.338893
5367    -1.426623
5368     0.493937
5369    -1.539633
5370    -1.376528
5371     1.360079
5372     0.459782
5373     1.124090
5374    -0.175196
5375    -1.271416
5376    -1.004632
5377    -0.972649
5378    -1.025619
5379    -1.243290
5380    -1.221389
5381    -2.073719
5382    -1.782850
5383     0.008924
5384     0.196823
5385     1.890108
5386    -1.433088
5387     0.521937
5388    -0.070634
5389    -0.636524
5390     0.427601
5391     1.694373
5392    -1.455993
5393     0.415367
5394     0.914572
5395     0.562870
5396     0.871852
5397     2.182685
5398     2.529581
5399     0.480922
5400     1.013338
5401    -0.400461
5402    -1.189804
5403    -0.922581
5404    -0.186993
5405    -0.439445
5406    -0.727018
5407    -0.698188
5408    -0.220408
5409    -0.658264
5410     0.143459
5411     0.478949
5412     0.017518
5413    -0.018720
5414    -0.868149
5415     0.358640
5416     0.635233
5417     0.847920
5418     0.716891
5419    -0.716707
5420    -0.119667
5421    -0.385826
5422     0.608957
5423     0.341096
5424    -0.115248
5425     0.585635
5426    -0.423106
5427    -1.038437
5428     0.192194
5429    -2.349061
5430    -0.883684
5431     1.434232
5432     0.298333
5433     0.940528
5434    -0.748123
5435    -1.797302
5436    -1.034338
5437    -0.752133
5438    -1.297039
5439    -1.041129
5440    -0.441308
5441    -2.561820
5442    -0.815062
5443    -0.390724
5444     2.847251
5445     1.499738
5446    -0.083916
5447     1.164685
5448     0.510885
5449    -0.419771
5450     2.239595
5451     1.170330
5452    -0.695020
5453     0.921259
5454     0.684280
5455     0.497591
5456     1.750032
5457     1.416184
5458     1.454765
5459     0.376682
5460     0.306594
5461    -0.663354
5462    -1.382215
5463     0.008096
5464    -0.776526
5465     0.091471
5466    -0.464481
5467    -0.112237
5468    -1.073853
5469    -0.735446
5470     0.075663
5471     0.605062
5472    -0.433080
5473    -0.719585
5474    -0.063924
5475     0.809271
5476     0.652060
5477     0.912720
5478     0.408788
5479    -1.403619
5480     0.559755
5481     0.630091
5482     0.317349
5483     0.549956
5484    -0.126745
5485     0.663884
5486    -0.767185
5487    -1.165086
5488     0.011860
5489    -2.599387
5490    -0.619977
5491     1.522843
5492     0.615225
5493     0.388599
5494    -1.006742
5495    -1.933614
5496     0.471172
5497    -0.662857
5498    -1.955410
5499    -0.621433
5500    -0.600968
5501    -2.872288
5502     0.128873
5503     0.370501
5504     2.584786
5505     0.579507
5506     0.691621
5507     0.494053
5508     0.039916
5509     0.046290
5510     2.268399
5511     0.171465
5512    -0.285553
5513     0.845106
5514    -0.291052
5515     0.950845
5516     1.803890
5517     0.470543
5518     0.928528
5519     1.317455
5520     0.350981
5521    -0.284638
5522     0.335269
5523    -0.044390
5524    -0.452998
5525     1.291650
5526     0.221276
5527    -0.422727
5528    -1.888300
5529    -0.985809
5530    -0.135669
5531     1.036293
5532    -0.530510
5533     1.297225
5534    -3.027273
5535    -1.075566
5536     0.253531
5537     1.088128
5538    -0.033505
5539     0.630767
5540    -2.548239
5541    -1.131026
5542     0.168647
5543     1.309127
5544     0.386981
5545     0.090568
5546    -0.803672
5547    -0.651366
5548    -0.085673
5549    -1.273374
5550    -0.594878
5551     0.883283
5552     0.446107
5553     0.767899
5554    -1.077782
5555    -1.048909
5556     0.111579
5557    -0.794511
5558    -1.066904
5559    -0.165666
5560    -0.723623
5561    -1.847264
5562    -0.261825
5563     0.109922
5564     1.840662
5565     1.760378
5566     0.173492
5567     0.393851
5568     0.247473
5569    -0.198055
5570     1.125460
5571     1.164766
5572    -0.506246
5573     1.110407
5574    -0.075643
5575     0.544260
5576     1.829446
5577     0.963674
5578     0.530228
5579     1.697535
5580    -0.073842
5581     1.422794
5582     2.054209
5583    -0.928493
5584     0.819081
5585     2.428536
5586     2.158470
5587    -0.401268
5588    -2.059881
5589    -0.972286
5590    -0.749257
5591     0.333000
5592     0.157057
5593     0.100735
5594    -1.111364
5595    -0.602222
5596    -0.464956
5597     0.299775
5598    -0.013294
5599    -0.372415
5600    -1.050956
5601     0.004654
5602    -0.466181
5603     0.891713
5604    -0.252763
5605     0.453284
5606    -1.945083
5607    -0.285834
5608    -0.533545
5609    -1.365396
5610    -0.597005
5611     0.216288
5612    -0.266811
5613     0.118528
5614     0.320611
5615     1.659918
5616     0.760158
5617    -0.656313
5618    -1.594057
5619    -0.369082
5620    -0.584292
5621    -1.946618
5622    -0.760094
5623    -0.228606
5624     0.676958
5625     0.580191
5626    -0.019127
5627    -0.551237
5628    -0.307402
5629    -0.249336
5630     0.248673
5631    -0.093815
5632    -0.407791
5633     0.082359
5634    -0.724896
5635     0.132537
5636     0.541442
5637     0.119301
5638     1.667758
5639     2.674820
5640     2.008829
5641     0.612605
5642     1.547530
5643    -0.830241
5644     1.989255
5645     2.903388
5646     1.484876
5647    -0.451307
5648    -1.090804
5649    -0.174494
5650    -0.030384
5651    -1.289443
5652    -0.676926
5653    -0.321695
5654    -0.764702
5655    -0.041769
5656     0.791864
5657    -1.497005
5658    -0.638149
5659    -0.523434
5660    -1.939931
5661    -0.411267
5662    -0.779844
5663     0.797379
5664     0.224181
5665    -0.038323
5666    -1.231942
5667    -0.081194
5668    -0.734280
5669    -0.759659
5670    -0.090796
5671    -0.353944
5672    -0.609627
5673     0.098398
5674     0.907113
5675     1.874529
5676     1.697641
5677    -0.794235
5678    -0.831164
5679    -0.206175
5680    -0.730259
5681    -1.173883
5682    -0.149740
5683    -0.642536
5684     0.476121
5685     0.241695
5686    -0.179544
5687     0.139929
5688    -0.035320
5689    -0.569506
5690     0.256021
5691    -0.425922
5692    -0.688425
5693     0.204720
5694    -0.785121
5695    -0.361440
5696     0.399617
5697     0.219585
5698     2.898321
5699     2.588925
5700     0.580738
5701     1.494467
5702     2.240264
5703     0.878285
5704     1.760936
5705     3.023415
5706     0.930988
5707    -0.482621
5708    -1.419443
5709    -0.054673
5710    -0.304154
5711    -0.936297
5712    -0.588106
5713    -0.367384
5714    -0.694235
5715    -0.426176
5716     0.435989
5717    -1.111542
5718    -0.376509
5719    -0.566607
5720    -0.766168
5721    -0.327815
5722    -0.568740
5723     0.095393
5724     0.182729
5725    -0.231456
5726    -0.999113
5727    -0.307845
5728    -0.828927
5729    -0.870544
5730    -0.144464
5731    -0.295972
5732    -0.716818
5733    -0.363884
5734     0.656582
5735     2.520529
5736     1.563992
5737    -0.674253
5738    -1.201076
5739    -0.393016
5740    -0.948273
5741    -1.052119
5742     0.163679
5743    -0.231254
5744    -0.104501
5745    -0.249121
5746    -0.292911
5747    -0.201387
5748     0.095088
5749    -0.347350
5750    -0.359750
5751    -0.558198
5752    -0.565468
5753    -0.417608
5754    -0.542778
5755    -0.069468
5756    -0.166376
5757    -0.162619
5758     2.426863
5759     3.137378
5760     0.680444
5761     3.004307
5762     1.533643
5763     0.549504
5764     1.514026
5765     2.888232
5766     0.777775
5767    -0.408680
5768    -0.967335
5769    -0.068212
5770    -0.074910
5771    -0.732914
5772    -0.165557
5773    -0.352789
5774    -0.406602
5775    -0.315991
5776     0.167315
5777    -1.033791
5778    -0.131907
5779     0.478748
5780    -0.410057
5781    -0.282572
5782    -0.825606
5783    -0.082554
5784     0.379899
5785    -0.583106
5786    -0.866974
5787    -0.415978
5788    -0.619053
5789    -0.417841
5790    -0.265611
5791    -0.544087
5792    -0.693609
5793    -0.186169
5794     0.662058
5795     2.536765
5796     0.670969
5797    -0.625511
5798    -0.914402
5799    -0.199998
5800    -0.792289
5801    -0.835524
5802     0.421182
5803    -0.730134
5804    -0.353226
5805    -0.270837
5806    -0.829108
5807    -0.411705
5808    -0.364836
5809    -0.829955
5810    -0.558837
5811    -0.570638
5812    -0.914922
5813    -0.494533
5814    -0.483891
5815    -0.603981
5816    -0.643095
5817    -0.059722
5818     2.907676
5819     2.864357
5820     0.982590
5821     2.470843
5822     0.978513
5823     0.976213
5824     1.598835
5825     3.352063
5826     0.412227
5827    -0.158444
5828    -0.622740
5829    -0.582925
5830    -0.654655
5831    -0.360657
5832    -0.519244
5833    -0.161915
5834    -0.085668
5835    -0.666385
5836    -0.095178
5837    -0.704119
5838    -0.332146
5839     0.018017
5840     0.000608
5841    -0.688242
5842    -1.052906
5843    -0.095444
5844     0.613578
5845    -0.405914
5846    -0.688689
5847    -0.563410
5848    -0.467011
5849    -0.553263
5850    -0.078097
5851    -0.563802
5852    -0.517012
5853    -0.173186
5854     0.560105
5855     2.261651
5856     1.090169
5857    -0.368237
5858    -0.685823
5859    -0.467222
5860    -0.065328
5861    -1.147270
5862     0.186624
5863    -0.741446
5864    -0.689595
5865     0.111787
5866    -0.966133
5867    -0.410613
5868    -0.152170
5869    -0.685173
5870    -1.033159
5871    -0.209151
5872    -0.884242
5873    -0.427173
5874    -0.387946
5875    -0.952274
5876    -0.784460
5877     0.278156
5878     3.574857
5879     2.212848
5880     1.151371
5881     2.861819
5882     0.758846
5883     1.527387
5884     1.618166
5885     2.154401
5886     0.980486
5887     0.308234
5888    -0.777724
5889    -0.473358
5890    -0.191282
5891    -0.508968
5892    -0.439547
5893     0.552613
5894    -0.520158
5895    -1.400412
5896     0.372497
5897    -0.810586
5898    -0.211269
5899     0.147308
5900     0.372915
5901    -0.730458
5902    -2.224635
5903     0.196866
5904     0.892637
5905    -1.300437
5906    -0.595341
5907    -0.064774
5908    -1.152313
5909    -0.165892
5910     0.187524
5911    -0.166816
5912    -0.359647
5913    -0.889604
5914     1.336617
5915     1.898828
5916     0.857359
5917     0.246867
5918    -0.807047
5919    -0.951296
5920     0.040088
5921    -0.733670
5922    -0.293404
5923    -0.883586
5924    -0.245899
5925     0.150718
5926    -0.442137
5927    -0.443128
5928    -0.566638
5929    -0.874138
5930    -0.626127
5931    -0.117922
5932    -1.443297
5933    -0.729663
5934     0.381041
5935    -1.107113
5936    -0.264955
5937    -0.414813
5938     2.301546
5939     2.206948
5940     1.576341
5941     2.012315
5942     1.847992
5943     2.174428
5944     1.927431
5945     1.510608
5946     1.068728
5947    -0.246184
5948    -0.136809
5949    -0.222006
5950    -0.895480
5951     0.210526
5952    -0.207853
5953     0.823052
5954    -1.564391
5955    -1.396454
5956     0.362381
5957    -0.225285
5958    -0.416884
5959     0.637173
5960     0.041850
5961    -0.572049
5962    -2.206352
5963     0.659402
5964     0.803456
5965    -1.002476
5966    -0.451510
5967    -0.420536
5968    -0.825071
5969    -0.746330
5970     0.264741
5971    -0.630123
5972    -0.805100
5973    -0.420612
5974     1.182096
5975     1.610859
5976     1.977333
5977     0.709670
5978    -0.635877
5979    -1.004635
5980     0.762427
5981    -0.772047
5982    -0.363255
5983    -0.187130
5984    -0.780518
5985    -0.687763
5986     0.120342
5987    -0.744431
5988    -0.762382
5989    -0.186740
5990    -0.952249
5991    -0.947484
5992    -2.146322
5993     0.144649
5994     0.552596
5995    -1.384490
5996     0.195296
5997    -0.137424
5998     1.173482
5999     1.593364
6000     0.718056
6001     0.762655
6002     0.372159
6003     2.575255
6004     0.806705
6005     0.290053
6006     0.722356
6007     1.591300
6008     0.507719
6009    -0.671340
6010     0.036376
6011     1.542138
6012    -0.265036
6013     0.398187
6014    -0.839382
6015    -1.210297
6016    -0.489396
6017     0.944982
6018     0.488265
6019     1.529844
6020     0.544368
6021     0.015414
6022    -2.697211
6023    -0.004981
6024    -2.129303
6025    -1.085163
6026     0.402782
6027    -0.441265
6028     0.300112
6029    -0.374540
6030     0.181609
6031    -0.618746
6032     0.342508
6033    -0.648959
6034    -0.099763
6035    -0.337272
6036     1.424407
6037     0.841743
6038    -0.229260
6039    -0.732773
6040     1.606397
6041    -0.026215
6042     0.024201
6043     0.447095
6044     0.164530
6045    -0.629862
6046    -0.494895
6047     0.161567
6048     0.216773
6049     0.784107
6050    -0.770663
6051    -1.850544
6052    -2.306493
6053    -0.690481
6054     1.577993
6055    -1.444310
6056    -1.898848
6057    -0.082480
6058     0.131456
6059    -0.101165
6060     1.435586
6061     0.711597
6062    -0.515983
6063     3.055330
6064     0.708653
6065    -0.466811
6066     1.145644
6067    -0.028620
6068    -0.579102
6069    -0.747196
6070    -0.717666
6071     0.951407
6072    -0.728835
6073     0.301232
6074     0.499762
6075     0.452236
6076     0.248960
6077     1.206399
6078     0.283239
6079     0.501323
6080    -0.655349
6081    -0.211250
6082    -2.750367
6083     0.423725
6084    -2.580381
6085    -1.082806
6086    -0.247582
6087    -1.825872
6088     0.050595
6089    -1.042170
6090     0.747527
6091    -0.823231
6092     0.602587
6093     0.213019
6094     0.526895
6095    -0.751489
6096     1.356928
6097     1.140139
6098    -1.318921
6099    -1.853280
6100     1.289763
6101    -0.955826
6102     0.351699
6103     0.357138
6104     0.425037
6105     0.384154
6106     0.828762
6107     1.334307
6108     0.256731
6109    -0.535990
6110     0.306255
6111     0.074675
6112    -1.452830
6113     0.703243
6114    -1.620946
6115    -0.150640
6116     0.485450
6117     0.021800
6118     0.877093
6119    -0.404941
6120     1.224778
6121     0.307805
6122    -0.454064
6123     3.398990
6124     0.224618
6125    -0.524904
6126     1.237270
6127     0.430726
6128    -0.617990
6129    -1.893557
6130     0.184033
6131     1.092079
6132    -1.368470
6133    -0.247806
6134     0.399311
6135     0.882393
6136     0.894644
6137     1.392492
6138     0.287409
6139    -0.675662
6140    -0.617155
6141    -0.384579
6142    -0.951285
6143     0.270268
6144    -1.939344
6145    -0.433888
6146    -0.419060
6147    -3.218685
6148    -1.064808
6149    -0.776570
6150    -0.429630
6151     0.093358
6152     0.449504
6153     0.699687
6154     1.164074
6155    -0.516940
6156     0.345345
6157    -0.955965
6158    -1.012232
6159    -0.294286
6160     0.187803
6161    -0.677724
6162    -0.149767
6163     0.230280
6164     0.313095
6165     1.074517
6166     0.767597
6167     1.476024
6168     1.452278
6169    -0.144606
6170    -0.074524
6171     0.453020
6172    -1.162343
6173     0.556633
6174    -1.708363
6175    -0.203827
6176     0.165174
6177     0.989564
6178     1.355252
6179    -0.423419
6180     0.566207
6181     0.312468
6182    -1.779690
6183     2.407519
6184    -0.008683
6185    -1.739281
6186     0.557401
6187    -0.403587
6188     0.192449
6189    -0.353058
6190    -0.559274
6191     1.993375
6192    -1.175190
6193     0.013198
6194     0.092932
6195     0.159190
6196    -0.178132
6197     1.657503
6198    -0.052194
6199    -0.290808
6200    -0.806765
6201     0.195349
6202    -0.731230
6203     1.894646
6204    -1.122890
6205    -0.633838
6206     1.909875
6207    -1.581078
6208     0.052348
6209    -0.823077
6210     0.204634
6211    -0.270172
6212    -0.031410
6213    -0.320413
6214    -0.248498
6215    -1.585820
6216    -0.000310
6217     0.180945
6218    -1.321692
6219    -0.029401
6220     0.646753
6221    -1.119036
6222     0.720784
6223     0.773483
6224    -0.117393
6225     0.218551
6226    -0.135802
6227     1.473123
6228    -0.219509
6229    -0.064014
6230     0.031230
6231     2.065492
6232    -0.782709
6233     1.734545
6234    -1.984141
6235     0.854427
6236    -0.131608
6237    -0.054031
6238     1.473124
6239    -1.523905
6240     0.363295
6241     0.203411
6242    -1.643640
6243     1.007479
6244    -0.029448
6245    -2.088112
6246     0.249986
6247    -0.486042
6248     0.525215
6249     0.287619
6250     0.179401
6251     1.342242
6252     0.526268
6253    -0.415508
6254     0.594368
6255    -0.054354
6256     0.460351
6257     0.987064
6258    -0.089281
6259    -0.031664
6260    -1.876774
6261     0.713294
6262     0.111379
6263     1.037364
6264    -2.002531
6265     0.137032
6266     1.356269
6267     0.293027
6268    -0.109625
6269    -0.951688
6270     0.608393
6271    -0.654607
6272     0.319395
6273    -0.027023
6274    -0.561931
6275    -1.956990
6276     2.228449
6277    -0.379171
6278    -0.938845
6279     0.689028
6280     0.350278
6281    -0.869945
6282     0.678334
6283     0.487478
6284     0.937307
6285    -2.518784
6286     0.060686
6287     1.143586
6288    -0.117632
6289     0.095699
6290     1.149221
6291    -2.601266
6292    -0.084912
6293     0.671199
6294    -1.106158
6295    -0.135214
6296     1.049903
6297    -0.062231
6298     0.802407
6299    -0.787140
6300     1.297383
6301    -0.226478
6302    -0.872655
6303     1.626736
6304     1.042454
6305     0.190991
6306     0.112644
6307    -0.229710
6308     0.325775
6309    -0.152459
6310    -0.175973
6311     0.181478
6312     0.244377
6313    -0.304382
6314    -0.135169
6315    -0.509415
6316     0.105488
6317     0.057241
6318    -0.283466
6319    -0.521634
6320    -1.316561
6321     1.420372
6322    -0.579075
6323     0.500243
6324    -0.656308
6325    -0.136154
6326     0.264896
6327    -0.093843
6328    -0.687544
6329    -1.132681
6330     1.462008
6331    -0.352188
6332     0.064155
6333    -0.595482
6334    -0.285392
6335    -0.826830
6336     1.585914
6337    -1.003046
6338    -1.454999
6339     1.334021
6340    -0.495868
6341    -1.571590
6342     1.323281
6343     1.544020
6344     2.313637
6345    -2.478831
6346    -0.232367
6347     0.233644
6348    -0.381332
6349     1.449113
6350     1.945049
6351    -2.957885
6352    -0.082544
6353     1.383399
6354    -0.712596
6355    -0.273868
6356     0.008669
6357    -0.515351
6358     1.445147
6359    -0.158694
6360     0.227616
6361     0.005011
6362    -0.797931
6363     1.016423
6364     0.237762
6365     0.499180
6366     0.119779
6367    -0.241488
6368     0.159080
6369    -0.214520
6370     0.208085
6371    -0.392712
6372     1.173270
6373    -0.472096
6374     0.242153
6375    -1.742161
6376    -0.096251
6377     0.237459
6378    -0.843889
6379     0.015448
6380    -1.073804
6381     2.212774
6382    -0.395540
6383     0.342836
6384    -0.192069
6385    -0.223166
6386     0.241095
6387    -0.295667
6388    -0.312056
6389    -0.622571
6390     2.116967
6391    -0.193953
6392    -0.000710
6393    -1.274156
6394     0.080446
6395    -0.850601
6396     2.148450
6397    -0.390933
6398    -0.943563
6399     2.362078
6400    -0.352019
6401    -0.751804
6402     1.487426
6403     0.903791
6404     1.563356
6405    -3.035574
6406    -0.077265
6407    -0.059384
6408    -0.923131
6409     0.906909
6410     1.287541
6411    -2.548533
6412     0.310192
6413     0.310666
6414     0.052375
6415    -0.241151
6416    -0.007310
6417    -1.823941
6418     0.328272
6419     0.617025
6420     0.204099
6421    -0.537543
6422    -0.248350
6423     1.134164
6424    -0.594931
6425    -0.508557
6426     0.910025
6427    -0.278547
6428     0.842210
6429    -0.258790
6430    -0.637757
6431    -0.160048
6432     1.691813
6433    -0.550105
6434    -0.835798
6435    -1.361344
6436    -0.116145
6437    -0.368160
6438    -0.555737
6439    -0.277873
6440    -0.200091
6441     2.055410
6442     0.464538
6443     0.644886
6444    -0.779284
6445    -0.172380
6446    -0.130415
6447    -0.342830
6448    -0.544183
6449    -0.706298
6450     1.907439
6451     0.353408
6452     0.241123
6453    -1.426546
6454    -0.443195
6455    -0.391072
6456     2.023072
6457     0.059095
6458    -0.298827
6459     1.590753
6460    -0.225289
6461    -0.471023
6462     1.309220
6463     1.377007
6464     1.198939
6465    -3.071121
6466    -0.527740
6467    -0.023710
6468    -0.264995
6469     1.475463
6470     1.294671
6471    -2.616457
6472     0.517021
6473     0.419265
6474    -0.306944
6475     0.767085
6476     0.083646
6477    -2.240072
6478    -0.107928
6479    -0.382390
6480     0.602226
6481    -0.584678
6482    -0.634326
6483     1.836481
6484    -0.595771
6485    -0.610263
6486     0.384888
6487    -0.316314
6488     0.738020
6489    -0.359913
6490    -0.921208
6491     0.210294
6492     2.168915
6493     0.220571
6494    -2.157170
6495    -1.107278
6496     0.189398
6497    -0.369564
6498    -1.464168
6499    -0.144011
6500     0.359943
6501     0.682173
6502     0.223558
6503     0.451825
6504     0.739487
6505     0.171118
6506    -0.282791
6507    -1.379283
6508    -0.650731
6509    -0.876650
6510     2.871451
6511     0.462827
6512    -0.411358
6513    -0.097923
6514    -0.469338
6515    -0.561820
6516     1.574838
6517    -0.130143
6518     1.134910
6519     0.232832
6520    -0.614724
6521     1.359606
6522     0.794026
6523     1.163814
6524     0.615275
6525    -1.610248
6526    -0.078238
6527    -0.040982
6528    -1.347748
6529     1.261701
6530     1.195434
6531    -2.952381
6532     0.328139
6533     0.032798
6534     1.044854
6535     0.274494
6536     0.535649
6537    -1.505887
6538     0.209536
6539    -0.688829
6540    -0.505117
6541    -0.270690
6542    -0.614140
6543    -0.004121
6544    -0.115985
6545    -0.186962
6546    -0.769392
6547     1.377934
6548     1.324098
6549    -1.146107
6550    -0.019121
6551    -0.518547
6552    -0.027579
6553    -1.098202
6554    -0.988692
6555     1.934378
6556    -0.727716
6557    -0.060587
6558    -0.797060
6559     1.014287
6560    -0.080582
6561    -0.933379
6562     0.494371
6563    -0.244536
6564    -0.715321
6565    -0.965184
6566    -0.233218
6567    -0.536128
6568    -1.461692
6569    -0.831405
6570     1.825547
6571    -0.872428
6572     0.201375
6573     2.459478
6574     0.940077
6575    -1.317923
6576    -0.478128
6577     1.389122
6578     0.645030
6579    -1.174056
6580    -0.790809
6581     0.765754
6582    -0.052277
6583    -0.591462
6584     0.161177
6585     1.848536
6586     2.307335
6587     1.373188
6588    -1.115979
6589    -0.056117
6590     1.403489
6591    -1.282693
6592     0.616774
6593    -1.285974
6594    -0.481811
6595    -0.891621
6596     0.518378
6597     2.196877
6598    -0.278871
6599    -0.029923
6600    -0.750783
6601    -0.253235
6602    -0.331902
6603     0.577860
6604    -0.395253
6605    -0.214763
6606     0.360225
6607     0.337296
6608     1.669125
6609    -1.529223
6610     1.098783
6611    -0.308493
6612    -1.395347
6613    -0.210628
6614    -0.612247
6615     1.038654
6616    -1.239616
6617    -1.058895
6618     1.122727
6619    -1.023728
6620    -0.483880
6621    -0.376864
6622    -0.548204
6623     0.169383
6624    -1.849365
6625    -1.165669
6626    -0.871870
6627     1.197897
6628    -0.326738
6629    -0.466364
6630     0.524529
6631     0.398544
6632     0.214684
6633     0.784974
6634     2.274012
6635    -1.087633
6636    -1.224718
6637    -0.320264
6638     0.763270
6639    -1.541169
6640    -2.009932
6641     0.886575
6642     0.202342
6643     0.536499
6644     0.131270
6645     2.236068
6646     0.848388
6647     1.597037
6648    -1.763419
6649     0.012714
6650     0.475674
6651     0.584820
6652     1.652278
6653    -0.852134
6654    -1.378133
6655     0.485504
6656     0.563548
6657     1.942788
6658    -0.150752
6659    -0.182385
6660     0.485354
6661     0.086022
6662     1.202089
6663    -0.502315
6664    -0.087992
6665     1.208988
6666     0.097614
6667     0.322061
6668    -0.437310
6669     0.094648
6670     0.533983
6671    -1.622683
6672    -0.327795
6673    -0.406090
6674     0.623777
6675     0.818304
6676    -0.392952
6677    -0.373498
6678     0.704969
6679     1.359415
6680    -0.987306
6681    -0.392769
6682     0.177472
6683    -1.510980
6684    -0.804990
6685    -0.445576
6686     0.103350
6687     0.482939
6688    -0.221315
6689     0.932632
6690     0.093300
6691    -1.512281
6692     1.246502
6693     1.132077
6694     1.783619
6695    -1.901676
6696    -1.142147
6697     0.140081
6698    -0.744688
6699    -0.101487
6700     1.184927
6701    -1.062320
6702    -0.541179
6703    -1.671014
6704     1.245250
6705     1.511249
6706     0.117318
6707    -1.479315
6708    -0.749376
6709    -0.453299
6710     2.452678
6711     0.482550
6712     0.557949
6713    -2.437609
6714    -0.700287
6715    -0.945644
6716     2.211289
6717    -0.215357
6718    -0.126682
6719     1.330829
6720     0.060052
6721     0.059174
6722    -0.293352
6723     0.056048
6724     0.257993
6725    -0.435956
6726     0.105101
6727     1.042843
6728    -0.570797
6729    -0.501012
6730    -0.062967
6731    -0.416461
6732    -0.128385
6733    -0.010925
6734     0.728302
6735     0.386404
6736     0.220651
6737    -0.600472
6738    -0.125438
6739     1.141921
6740    -0.457631
6741    -0.129970
6742     0.280501
6743    -1.038762
6744    -1.063896
6745     0.091820
6746    -1.181336
6747     0.177783
6748     0.401507
6749     0.026954
6750    -0.419256
6751    -0.988691
6752     0.336913
6753     0.691283
6754     0.591866
6755    -0.371755
6756    -0.383053
6757     0.290583
6758    -0.406889
6759    -0.309983
6760     0.279942
6761    -0.804363
6762     0.555140
6763    -2.549406
6764     3.088172
6765     1.735768
6766     0.514374
6767    -1.606580
6768    -0.999060
6769    -0.736173
6770     1.904339
6771     1.263342
6772     0.668453
6773    -1.469233
6774    -0.957577
6775    -1.682372
6776     3.868151
6777    -0.108187
6778     0.188906
6779    -0.299245
6780     0.154946
6781    -0.492721
6782     0.121240
6783    -0.188345
6784     0.848337
6785    -0.264364
6786    -0.109099
6787     1.110192
6788    -0.468971
6789    -0.658726
6790    -0.196136
6791     0.200137
6792    -0.867504
6793    -0.044282
6794     0.856733
6795     0.929868
6796     0.192617
6797    -0.524846
6798    -0.247906
6799     0.259102
6800     0.052846
6801    -0.416395
6802     0.276324
6803    -1.669520
6804    -1.064987
6805     0.120898
6806    -0.685998
6807    -0.488823
6808     0.901630
6809    -0.102107
6810    -0.333721
6811    -1.325444
6812     0.867787
6813     0.722513
6814     0.100063
6815    -0.248472
6816    -0.425102
6817     0.027924
6818    -0.497289
6819    -0.200731
6820     0.147761
6821     0.112382
6822    -0.565655
6823    -1.838678
6824     1.696967
6825     3.624933
6826    -0.080340
6827    -1.584463
6828    -1.675557
6829     0.772498
6830     2.229804
6831     1.652227
6832     0.304324
6833    -1.395145
6834    -1.555160
6835    -1.809425
6836     1.423078
6837     1.826546
6838     0.725355
6839    -0.119800
6840     0.041625
6841    -0.476328
6842     1.013109
6843    -1.152150
6844     0.878468
6845    -0.463577
6846     0.202031
6847     1.577434
6848    -0.573655
6849    -0.846667
6850     0.366997
6851    -0.535859
6852    -2.203618
6853    -0.079360
6854     0.632457
6855     1.743151
6856     0.061178
6857     0.499144
6858    -0.430128
6859     0.005533
6860     1.106310
6861    -0.589709
6862     0.282402
6863    -2.094370
6864    -0.979425
6865    -0.030373
6866    -0.454114
6867    -0.255164
6868     0.521843
6869    -0.361953
6870     0.947836
6871    -1.620406
6872     0.160060
6873     1.406034
6874     0.132796
6875    -0.087804
6876    -0.468354
6877    -0.171408
6878     0.240932
6879    -0.074484
6880     0.238391
6881     1.043676
6882    -1.060882
6883    -1.525954
6884     1.011936
6885     2.586064
6886    -0.893201
6887    -0.619500
6888    -1.213129
6889     1.630658
6890     0.725594
6891     1.505135
6892     0.005508
6893    -1.894643
6894    -0.634402
6895    -1.814273
6896     1.071868
6897     1.435302
6898     0.910096
6899    -0.419610
6900     0.082558
6901    -0.242179
6902     0.326996
6903    -0.864544
6904     0.428355
6905     0.044467
6906     0.176356
6907     1.455819
6908     0.025050
6909    -1.122095
6910    -0.329325
6911     0.266193
6912    -2.600134
6913    -0.296020
6914    -0.127612
6915     2.135802
6916    -0.299097
6917     0.092230
6918    -0.079653
6919     0.025507
6920     0.092249
6921    -0.100435
6922    -1.229432
6923    -1.569554
6924    -1.268384
6925    -1.531991
6926     0.065269
6927    -0.305291
6928    -0.063636
6929     0.073185
6930     0.792700
6931    -0.170705
6932     0.387192
6933     1.095136
6934    -0.320540
6935     0.563232
6936    -0.711747
6937    -0.378284
6938     0.214461
6939     0.083144
6940     1.462308
6941     0.379294
6942    -0.941828
6943    -0.783532
6944    -0.530479
6945     3.282894
6946     0.293374
6947     0.327886
6948    -1.714392
6949     2.853642
6950     0.813553
6951     1.314060
6952    -0.272503
6953    -1.005328
6954    -0.980334
6955    -0.703826
6956    -0.416860
6957     1.747882
6958     0.102067
6959    -0.021423
6960     0.060862
6961    -0.575435
6962    -1.058747
6963     1.115627
6964     0.793394
6965    -0.851847
6966    -0.034464
6967     1.619527
6968    -0.141204
6969    -2.098158
6970    -0.634277
6971     0.580472
6972    -1.608954
6973    -0.336656
6974     0.225948
6975     2.037563
6976    -0.531291
6977     0.391039
6978     0.472836
6979     0.146368
6980     0.274037
6981    -0.879747
6982    -1.056958
6983    -1.559558
6984    -0.495715
6985    -1.113109
6986    -0.022823
6987    -0.420396
6988     0.160894
6989     0.303332
6990    -0.172378
6991     0.194227
6992     0.310369
6993     0.093654
6994    -0.094699
6995     0.238802
6996    -0.475667
6997    -0.033151
6998     0.227664
6999    -0.865782
7000     1.619216
7001     0.280237
7002    -1.978829
7003    -0.832802
7004     0.345238
7005     2.042537
7006     0.030691
7007     1.095771
7008    -1.118624
7009     2.045054
7010    -0.307521
7011     3.256093
7012    -1.017841
7013     0.263697
7014     0.221056
7015    -0.968525
7016     0.391920
7017     1.516792
7018     0.585371
7019    -0.986827
7020    -0.607445
7021    -1.074314
7022    -0.565388
7023     1.188591
7024     0.600273
7025     0.121870
7026    -0.078066
7027     1.118791
7028     1.066992
7029    -2.023463
7030    -0.614491
7031    -0.177656
7032    -1.176804
7033    -1.553032
7034    -0.433013
7035     2.340322
7036     0.654019
7037    -0.340434
7038     0.181034
7039     1.492116
7040     0.102880
7041    -1.367475
7042    -1.169668
7043    -0.851605
7044    -0.367272
7045     0.785715
7046    -0.422553
7047    -0.987927
7048    -0.020436
7049     0.407020
7050    -0.032190
7051    -0.280352
7052     0.069474
7053     0.404550
7054     0.133919
7055     1.126489
7056    -0.680596
7057     1.162115
7058     0.440428
7059    -1.306963
7060     1.532276
7061     0.393304
7062    -1.793747
7063    -0.321950
7064     0.046637
7065     1.842002
7066    -0.309568
7067    -0.142911
7068    -0.526508
7069    -1.211942
7070     0.142437
7071     3.288730
7072    -0.368780
7073    -0.371567
7074     0.168249
7075    -1.418836
7076    -0.259447
7077     1.670930
7078     0.864144
7079    -0.352956
7080    -0.743396
7081    -0.593652
7082    -0.820015
7083     1.387879
7084     0.663208
7085    -0.200485
7086    -0.548497
7087     1.240597
7088    -0.067583
7089    -1.126088
7090    -0.713093
7091     0.596064
7092    -0.994347
7093    -1.376561
7094     0.267412
7095     1.313165
7096     0.294458
7097     0.050962
7098     1.250356
7099     0.886233
7100     0.309512
7101    -2.158413
7102    -0.872334
7103    -0.357581
7104    -0.140502
7105     0.793041
7106    -0.919955
7107    -1.777150
7108    -0.468592
7109     1.241024
7110    -0.074119
7111    -0.018505
7112    -0.207329
7113     0.695247
7114     0.472332
7115     0.172455
7116    -0.589511
7117     0.674943
7118     0.324780
7119    -2.574542
7120     1.603459
7121    -0.736221
7122    -0.790568
7123    -0.166648
7124    -0.097994
7125     0.858613
7126    -0.223842
7127    -0.097914
7128     1.034928
7129    -1.331225
7130     1.078957
7131     3.259133
7132     0.013242
7133    -0.890431
7134     0.483741
7135    -1.451978
7136     0.590253
7137     1.745514
7138     0.574914
7139    -0.235911
7140    -1.254839
7141     1.187017
7142    -0.498058
7143     0.411947
7144     1.174311
7145    -0.338070
7146    -0.538221
7147     0.805654
7148    -0.290219
7149    -0.793657
7150    -0.374048
7151     0.219362
7152    -0.808759
7153    -1.264598
7154     0.267521
7155     1.254034
7156    -0.577553
7157    -0.060936
7158     1.268235
7159     0.676735
7160     0.837023
7161    -1.902241
7162    -1.471868
7163    -0.776095
7164     0.161538
7165     1.129039
7166    -0.674587
7167    -1.573872
7168    -1.181846
7169     0.937004
7170     0.179578
7171    -1.193459
7172    -0.113932
7173     0.823418
7174     0.463617
7175     0.213326
7176    -0.368143
7177     1.259407
7178     1.047531
7179    -2.602513
7180     1.148965
7181    -0.039142
7182    -0.604044
7183    -0.279246
7184     0.062363
7185     0.847948
7186    -1.517723
7187    -1.213156
7188     1.264997
7189    -1.756505
7190     0.313860
7191     3.148616
7192     1.365692
7193    -0.008604
7194    -0.301269
7195    -0.012444
7196     0.568836
7197     1.066219
7198     0.418855
7199    -0.454028
7200    -0.933812
7201     0.054111
7202    -0.719209
7203     0.473120
7204     0.097958
7205    -0.256484
7206     0.356646
7207     0.441756
7208    -0.393091
7209    -0.632173
7210    -0.147864
7211     0.284909
7212    -0.631491
7213    -0.625221
7214     0.314040
7215     0.751790
7216     0.136382
7217    -0.163523
7218     0.376751
7219     1.468958
7220     1.068863
7221    -2.503929
7222    -0.647123
7223    -0.938305
7224     0.354634
7225     0.971374
7226    -0.870177
7227    -1.488797
7228    -0.239261
7229     1.284342
7230    -0.619470
7231    -1.206187
7232    -0.098352
7233     1.851564
7234     0.062454
7235     0.209153
7236    -0.096210
7237     1.674014
7238     1.339290
7239    -3.167873
7240     0.298648
7241     0.229605
7242     0.156426
7243    -1.304619
7244     0.103751
7245     1.701210
7246    -0.866750
7247    -1.619681
7248     0.447451
7249    -1.451326
7250     0.382678
7251     2.905458
7252     1.137642
7253    -0.129303
7254    -0.133134
7255    -0.588311
7256     0.571818
7257     0.441774
7258     0.733366
7259    -0.600323
7260    -0.543747
7261    -0.075258
7262    -0.586191
7263     0.387459
7264     0.103282
7265    -0.291457
7266     0.369014
7267     0.142827
7268    -0.233731
7269    -0.946156
7270    -0.019208
7271     0.746973
7272    -0.987227
7273    -0.721416
7274    -0.629276
7275     1.432852
7276     0.050814
7277    -0.042568
7278     0.197537
7279     0.665341
7280     0.893587
7281    -2.913200
7282     0.073171
7283    -0.174350
7284     0.051100
7285     0.289482
7286    -0.282378
7287    -2.234454
7288    -0.194534
7289     1.169908
7290    -0.653277
7291    -1.014833
7292    -0.276385
7293     2.246161
7294     0.290574
7295    -0.000887
7296     0.004908
7297     0.568676
7298     0.616324
7299    -3.040992
7300     0.189644
7301     0.250768
7302     0.115950
7303    -0.666374
7304    -0.458929
7305     2.372102
7306     0.113464
7307    -0.237569
7308     0.019818
7309    -0.827030
7310     0.427954
7311     3.349805
7312     0.518660
7313    -0.930267
7314     0.274679
7315    -0.663637
7316     0.366974
7317     0.771492
7318     1.176354
7319    -0.328500
7320    -0.817570
7321    -0.769888
7322    -0.305038
7323     0.865604
7324    -0.360270
7325    -0.266569
7326     1.110120
7327    -0.111135
7328    -0.136305
7329    -0.722455
7330     0.521316
7331    -0.529404
7332    -0.362928
7333    -1.542284
7334    -0.032814
7335     1.113166
7336     0.616702
7337    -0.284590
7338    -0.932363
7339     0.998882
7340     0.299588
7341    -0.803579
7342     0.207936
7343    -0.572371
7344    -0.270679
7345    -0.016843
7346    -0.354871
7347    -1.931989
7348     0.432498
7349     0.056115
7350    -0.446108
7351    -1.416168
7352     0.058560
7353     1.767492
7354     0.669907
7355    -0.417772
7356    -0.610029
7357     0.693272
7358     0.369987
7359    -0.604106
7360     0.737223
7361     0.050838
7362    -0.879673
7363    -1.233389
7364     0.090357
7365     2.343863
7366     0.402971
7367    -0.195845
7368    -1.340202
7369    -1.270204
7370     0.526946
7371     4.413581
7372     0.437896
7373     0.245349
7374    -0.785648
7375    -0.243839
7376     1.407353
7377    -1.346706
7378     1.245420
7379    -0.009515
7380    -0.577361
7381    -0.655412
7382    -0.448693
7383     0.522554
7384    -0.546773
7385    -0.857565
7386     1.400549
7387     0.348228
7388    -1.259848
7389    -0.933165
7390    -0.102141
7391    -0.704236
7392    -0.047306
7393    -0.233951
7394     0.602596
7395     0.596646
7396    -0.255047
7397     0.428808
7398    -0.678935
7399     0.046547
7400     0.952811
7401    -0.452842
7402    -0.025408
7403     0.879857
7404    -0.389257
7405    -0.029240
7406    -0.234072
7407    -2.402806
7408     0.485146
7409    -1.030395
7410    -0.328635
7411    -0.225854
7412     0.548918
7413     1.104104
7414    -0.171524
7415     1.157274
7416    -0.486142
7417    -0.467410
7418     0.417420
7419    -0.094589
7420     0.282355
7421    -0.967127
7422    -0.496485
7423     1.881347
7424     0.571760
7425     1.317447
7426    -0.050057
7427     0.496973
7428    -1.399507
7429    -0.365323
7430    -1.009353
7431     4.906988
7432    -0.115406
7433     0.693812
7434    -0.627598
7435    -0.517030
7436     0.684811
7437    -1.221650
7438     0.716952
7439    -0.923750
7440    -0.289370
7441    -1.162646
7442     0.193494
7443     1.184595
7444    -1.107823
7445    -0.064274
7446    -0.245172
7447    -0.144390
7448    -0.237753
7449    -0.027486
7450    -0.198637
7451    -0.976205
7452     0.820355
7453    -0.520500
7454     0.224618
7455    -0.902048
7456    -0.372148
7457     0.411831
7458    -0.156463
7459     0.450955
7460     0.273908
7461    -0.227953
7462     0.551327
7463    -0.175622
7464     0.735189
7465     0.213339
7466    -0.022163
7467     0.210866
7468     0.157983
7469     0.055590
7470     0.825021
7471    -0.517567
7472     0.175495
7473    -0.397131
7474     0.944992
7475    -0.547397
7476    -0.077699
7477    -0.879798
7478     0.311148
7479     1.063543
7480    -0.212289
7481     0.168799
7482     0.316776
7483     3.816449
7484     0.077065
7485    -4.018601
7486    -0.207634
7487     0.859486
7488    -0.373054
7489    -0.968802
7490    -0.872918
7491     1.277745
7492     0.185430
7493     0.071569
7494     0.716390
7495    -0.371489
7496    -0.208520
7497    -1.754789
7498     0.343249
7499     0.281849
7500     1.029915
7501     1.086456
7502     0.814191
7503     0.375208
7504     3.406392
7505    -2.178726
7506    -1.325712
7507    -1.113514
7508     0.366010
7509     0.130605
7510    -1.756549
7511     0.501201
7512     0.900243
7513    -0.215243
7514    -0.658911
7515    -0.754161
7516     0.012908
7517     0.095089
7518    -0.055169
7519     0.237511
7520     0.540737
7521    -0.263477
7522    -0.467840
7523    -0.135876
7524     1.351565
7525    -0.113584
7526     0.293484
7527     0.290258
7528     0.265769
7529     0.920201
7530     0.572538
7531    -0.212915
7532    -0.398416
7533    -0.472889
7534     0.117801
7535     0.837882
7536    -0.444834
7537     0.055468
7538     0.668347
7539     0.565339
7540    -0.213134
7541     0.670940
7542     0.282176
7543    -0.807372
7544    -0.947895
7545    -1.539931
7546     0.247261
7547    -0.153135
7548    -0.177019
7549    -1.010079
7550    -0.256800
7551     0.188139
7552     0.408705
7553     0.859142
7554     0.635604
7555    -0.948052
7556    -2.384864
7557    -0.987340
7558     1.020012
7559     0.547397
7560     0.728858
7561     1.053558
7562     0.987803
7563     1.710913
7564     2.284692
7565     0.098828
7566     0.610602
7567    -1.219638
7568    -0.290186
7569     0.296388
7570    -2.137945
7571     1.246424
7572     0.630324
7573     0.262044
7574    -1.233990
7575    -0.717115
7576     0.073472
7577     0.631850
7578    -0.263995
7579     0.311742
7580     0.588649
7581    -0.464281
7582    -0.832345
7583     0.717848
7584     0.535172
7585     0.308209
7586    -1.149668
7587     0.582449
7588     0.485369
7589     0.866796
7590     0.162403
7591     0.263521
7592    -1.399496
7593    -0.792288
7594     0.081861
7595     0.522526
7596    -0.320553
7597     0.283052
7598    -0.190857
7599    -0.054516
7600    -0.057918
7601     0.517812
7602     0.333339
7603    -1.113696
7604    -0.157273
7605    -0.126356
7606     0.584714
7607    -0.635345
7608    -0.519084
7609    -0.861128
7610    -0.297962
7611    -1.901184
7612     0.670232
7613    -0.141735
7614     1.270284
7615    -1.503659
7616    -0.668935
7617    -1.917089
7618     1.063864
7619    -0.013089
7620     0.944588
7621     1.093238
7622     2.263743
7623    -0.442736
7624     1.792946
7625    -1.661056
7626     0.515861
7627    -0.325509
7628     0.248720
7629    -0.798336
7630    -1.588922
7631    -0.557185
7632     1.309115
7633    -0.285325
7634     0.741833
7635    -0.619536
7636     0.242106
7637    -0.189821
7638    -0.128439
7639     0.729493
7640     0.199273
7641    -0.883754
7642    -0.046140
7643     0.056290
7644    -0.518301
7645    -1.209663
7646    -0.159353
7647     1.823040
7648     0.531530
7649     0.411511
7650    -0.205749
7651    -0.353888
7652     0.274579
7653    -0.485245
7654     0.761872
7655     0.619958
7656    -1.225725
7657     0.662169
7658     0.614861
7659    -1.011495
7660     0.850893
7661     0.250413
7662    -0.722414
7663    -1.756664
7664    -0.628751
7665     1.640459
7666     0.418224
7667     0.581766
7668    -0.828691
7669    -1.522496
7670    -0.481823
7671     0.695893
7672     1.417795
7673     0.048921
7674    -0.429971
7675    -2.421404
7676    -0.571305
7677     1.067629
7678     1.009742
7679    -2.062574
7680     1.248396
7681    -0.367704
7682    -0.686483
7683    -2.054318
7684     0.462506
7685    -1.072676
7686    -2.002216
7687     0.878006
7688     0.810577
7689     0.148725
7690     0.134370
7691    -0.170760
7692     1.112515
7693    -0.175715
7694     0.585082
7695     1.273850
7696     0.091935
7697     0.597689
7698     0.861728
7699     0.083919
7700    -0.085201
7701     0.308967
7702     0.892011
7703     0.604574
7704    -0.065784
7705    -0.631090
7706     0.932027
7707     1.012503
7708    -0.078645
7709     0.561868
7710    -0.568219
7711    -0.357288
7712     0.299039
7713     1.192408
7714     1.652853
7715     0.344180
7716    -0.301675
7717     0.005292
7718     0.301763
7719    -0.338331
7720     0.269943
7721     0.651614
7722    -0.750642
7723    -2.072299
7724    -2.050980
7725     0.852212
7726     0.399569
7727     1.533563
7728     0.005855
7729    -2.044516
7730    -3.152451
7731    -0.174138
7732     1.373506
7733     1.820036
7734    -0.915105
7735    -0.689719
7736    -1.007952
7737     0.965055
7738     0.173065
7739    -0.815506
7740    -0.563390
7741     1.882258
7742    -1.071866
7743    -2.502154
7744     1.552761
7745    -0.805425
7746    -2.573626
7747    -0.278878
7748     0.744595
7749     0.106870
7750    -0.714297
7751     0.316497
7752     0.746505
7753    -0.530789
7754     0.349727
7755     1.007863
7756    -0.700827
7757     0.713552
7758     1.093524
7759    -0.170110
7760    -0.170734
7761     0.093496
7762    -0.134820
7763     0.351523
7764     0.805071
7765    -1.042345
7766     0.759334
7767     0.904280
7768    -0.296961
7769     0.298232
7770    -0.612057
7771    -1.206579
7772     0.939244
7773     1.704172
7774     0.810946
7775    -0.107047
7776    -0.800465
7777    -0.275367
7778     0.145236
7779     0.098166
7780     0.933613
7781    -0.367021
7782    -0.460818
7783    -0.038068
7784    -1.679700
7785    -0.015637
7786    -0.483959
7787     1.258861
7788     0.059690
7789     0.348188
7790    -2.484631
7791     0.934453
7792    -0.405534
7793     1.787850
7794     0.943733
7795    -0.871945
7796    -0.295294
7797     0.585187
7798     1.622715
7799    -0.682935
7800    -2.118254
7801     1.055533
7802    -1.266944
7803    -1.895242
7804     0.942296
7805    -1.097608
7806    -1.923839
7807    -0.379393
7808     1.288751
7809     0.611344
7810    -0.668321
7811     0.386233
7812     0.218515
7813    -0.681866
7814     0.687060
7815     1.056751
7816    -0.488906
7817     1.368050
7818     0.714109
7819    -0.527249
7820    -0.110418
7821     1.089302
7822    -0.365487
7823     0.649153
7824     0.160237
7825    -0.788451
7826     1.077941
7827     0.925933
7828    -0.391455
7829     0.324623
7830    -0.547285
7831    -0.917605
7832     0.927155
7833     1.629843
7834     1.565542
7835    -2.105695
7836    -0.098523
7837    -0.506371
7838     0.500567
7839     0.172930
7840     1.502816
7841    -2.210588
7842     0.384254
7843     0.057269
7844    -0.691203
7845    -0.845442
7846    -0.549609
7847     1.272628
7848     0.368752
7849     0.982802
7850    -1.988924
7851    -0.751701
7852    -0.459238
7853     1.479717
7854     0.448366
7855    -0.708425
7856     0.462884
7857     0.324450
7858     1.326116
7859    -0.953382
7860    -2.042756
7861     1.974779
7862    -1.244523
7863    -1.676591
7864     1.973460
7865    -1.072845
7866    -1.689520
7867    -0.323814
7868     1.070094
7869    -0.605847
7870    -1.129965
7871     1.652647
7872     1.061218
7873    -1.059276
7874     0.434629
7875     1.020286
7876    -0.971072
7877     1.008022
7878     0.720406
7879    -0.632056
7880    -0.159891
7881     1.519284
7882    -0.799147
7883     0.865792
7884     1.036258
7885    -1.083310
7886     0.663798
7887     0.942491
7888    -0.322538
7889    -0.141172
7890    -0.622834
7891    -0.438753
7892     0.394995
7893     1.956360
7894     1.728676
7895    -0.901316
7896    -1.531222
7897     0.188495
7898    -0.121029
7899    -0.076383
7900     0.385830
7901    -0.918601
7902    -0.557490
7903     0.174358
7904    -0.991035
7905    -0.448800
7906    -0.544136
7907     0.558519
7908     0.277619
7909    -0.041193
7910    -1.287600
7911    -0.343023
7912    -0.332325
7913     1.025135
7914     0.594805
7915    -0.968244
7916     0.195753
7917     0.194934
7918     2.220232
7919    -1.031372
7920    -1.771952
7921     1.566437
7922    -1.300296
7923    -1.827714
7924     1.635297
7925    -1.233702
7926    -1.799647
7927     0.599935
7928     0.150252
7929    -0.400914
7930    -0.898395
7931     0.914900
7932     1.046594
7933    -0.884547
7934     1.244434
7935     1.190524
7936    -0.818789
7937     1.111493
7938     1.281990
7939    -0.829361
7940     0.175743
7941     1.217378
7942    -0.587544
7943     0.562545
7944     0.985385
7945    -0.844032
7946     0.935005
7947     1.544805
7948     0.432288
7949    -0.482096
7950    -0.127729
7951    -0.933247
7952     0.620023
7953     1.354158
7954     1.459180
7955    -1.104971
7956    -1.617280
7957     0.726995
7958    -0.551309
7959     0.038553
7960     0.775466
7961    -1.517805
7962    -0.545851
7963    -0.373265
7964    -0.556118
7965    -0.596674
7966    -0.643136
7967     0.687250
7968     0.755507
7969    -0.258438
7970    -0.782971
7971    -1.107731
7972    -0.472910
7973     1.524087
7974     0.666608
7975    -1.256595
7976     0.844487
7977    -0.548767
7978     1.604660
7979    -1.240951
7980    -1.509195
7981     1.623440
7982    -1.469024
7983    -1.786179
7984     1.680876
7985    -1.421750
7986    -1.845036
7987     0.143050
7988     0.642939
7989     0.411690
7990    -0.382887
7991     0.926261
7992     1.491574
7993    -0.646013
7994     0.865717
7995     1.347427
7996    -0.259351
7997     0.829381
7998     1.359060
7999    -0.826480
8000    -0.087391
8001     0.367219
8002     0.214511
8003     0.487476
8004     1.022165
8005    -0.350483
8006     0.557601
8007     1.365830
8008    -0.633065
8009     0.053422
8010    -0.078682
8011    -0.756052
8012     1.038757
8013    -0.117715
8014     1.706332
8015    -1.194705
8016    -1.988013
8017    -0.281162
8018    -0.257610
8019     0.031307
8020    -0.102239
8021    -1.258320
8022    -0.396930
8023    -0.100659
8024    -0.709511
8025    -0.272033
8026    -0.006300
8027     1.109473
8028     1.348315
8029    -0.034874
8030    -1.011398
8031    -1.001835
8032    -0.228057
8033     1.212378
8034     1.046143
8035    -1.998264
8036     1.010523
8037    -0.321359
8038     1.237677
8039    -1.324219
8040    -1.982948
8041     0.808893
8042    -1.720124
8043    -2.191273
8044     0.905525
8045    -1.718967
8046    -2.187926
8047     0.839043
8048     0.485662
8049     0.465949
8050     0.077312
8051     0.711945
8052     0.992229
8053     0.051170
8054     0.901580
8055     0.782074
8056     0.536746
8057     0.947557
8058     0.815535
8059    -0.550518
8060     0.112233
8061     1.183183
8062    -0.559083
8063     0.383918
8064     1.440632
8065     0.426728
8066     0.711371
8067     0.750095
8068    -0.796689
8069     0.274534
8070     0.824593
8071     0.056236
8072     1.077636
8073    -0.149349
8074     0.979951
8075    -1.502869
8076    -2.465202
8077    -0.215447
8078     0.013701
8079     0.944554
8080    -0.310105
8081    -0.741378
8082     0.564338
8083    -1.149156
8084    -0.500651
8085     0.077865
8086     0.845040
8087     1.180167
8088     1.097197
8089    -1.143449
8090    -0.974246
8091    -1.093430
8092     0.467753
8093     1.074179
8094     0.894710
8095    -1.564940
8096     0.745341
8097    -0.571499
8098     0.294993
8099    -1.461588
8100    -2.174275
8101     1.153689
8102    -1.914404
8103    -2.109020
8104     0.881914
8105    -1.814064
8106    -1.847984
8107     0.277553
8108     0.701966
8109     0.916465
8110    -0.365675
8111     0.676144
8112     0.865391
8113    -0.164013
8114     0.798962
8115     0.700345
8116     0.091013
8117     0.969062
8118     0.441027
8119    -0.414878
8120    -0.032383
8121     1.276833
8122    -0.571391
8123     0.484156
8124     0.600638
8125    -0.028822
8126     0.688447
8127     0.448462
8128    -0.944548
8129     0.139554
8130     0.881025
8131     0.197022
8132     1.097862
8133     0.221784
8134     1.321011
8135    -1.735946
8136    -3.094411
8137    -0.266594
8138    -0.066971
8139     1.314188
8140    -0.209330
8141    -0.826661
8142     0.993066
8143    -0.331860
8144    -0.165754
8145     0.484354
8146     0.279376
8147     1.300365
8148     0.625202
8149    -0.413550
8150    -0.848791
8151    -0.872533
8152    -0.212016
8153     1.224536
8154     0.753633
8155    -0.830197
8156     1.036935
8157    -0.275274
8158     0.551296
8159    -1.713015
8160    -2.323190
8161     1.418208
8162    -1.683282
8163    -1.479665
8164     1.350937
8165    -1.631411
8166    -1.335344
8167    -0.741021
8168    -0.154608
8169     0.865832
8170    -0.838955
8171     0.130113
8172     0.721199
8173     0.092223
8174     1.374362
8175     0.272925
8176     0.502878
8177     1.441311
8178     0.135106
8179    -0.573462
8180    -0.499976
8181     1.246134
8182    -0.958869
8183     0.015756
8184     0.291993
8185     0.015636
8186     1.393532
8187    -0.414027
8188    -1.125263
8189    -0.177761
8190     1.044680
8191     0.436065
8192     1.162877
8193    -0.119578
8194     1.205796
8195    -1.928142
8196    -2.597797
8197    -0.223389
8198    -0.570363
8199     1.620149
8200     0.042387
8201    -1.245608
8202     0.981484
8203     0.037866
8204    -0.002096
8205     0.449090
8206     0.441048
8207     1.472338
8208     0.243696
8209    -0.428275
8210    -0.088421
8211    -0.193580
8212    -0.739817
8213     0.684964
8214     1.012074
8215    -0.726686
8216     1.809416
8217    -0.757889
8218     0.812692
8219    -1.503000
8220    -1.986482
8221    -0.284338
8222    -1.294776
8223    -0.683213
8224    -0.420093
8225    -1.027304
8226    -0.686358
8227    -0.091839
8228     0.167519
8229     0.067816
8230    -0.244587
8231     1.850862
8232     0.664492
8233     0.128510
8234    -1.051905
8235     0.606096
8236     0.523624
8237    -0.998423
8238     0.535618
8239    -0.803494
8240     1.208802
8241     1.398037
8242    -0.359132
8243     1.711731
8244     0.153714
8245     0.063699
8246    -0.651733
8247    -1.437809
8248    -0.972444
8249     1.564520
8250     1.369323
8251     1.428125
8252    -1.276541
8253     1.031986
8254     0.109030
8255    -2.251456
8256    -1.467390
8257    -0.339897
8258     0.596239
8259     1.517122
8260     0.367524
8261     0.133854
8262     1.372227
8263     0.978550
8264    -0.560408
8265    -1.146114
8266    -0.910748
8267     0.819596
8268    -1.411876
8269     1.567295
8270     0.032171
8271    -0.292660
8272     0.612733
8273     1.676876
8274     1.191750
8275    -0.767111
8276     0.362236
8277    -2.110312
8278    -0.585407
8279    -1.011861
8280    -0.672448
8281    -1.157356
8282     0.539565
8283     0.224296
8284    -0.615371
8285     0.146252
8286     0.172892
8287     0.997156
8288    -1.138630
8289     0.334384
8290    -0.087591
8291     0.830847
8292    -0.571442
8293     0.683199
8294    -0.889208
8295     0.615850
8296     1.144015
8297    -1.077997
8298    -0.059801
8299    -1.025883
8300     0.264604
8301     0.603630
8302     0.134559
8303    -0.023569
8304    -0.337265
8305     0.789894
8306     0.099048
8307    -0.332371
8308    -1.259728
8309    -0.387128
8310     0.885038
8311     1.907554
8312    -1.404005
8313    -0.311632
8314     0.160374
8315    -1.771555
8316    -1.031961
8317    -0.757094
8318    -1.695865
8319     0.441079
8320     0.244860
8321    -1.671857
8322    -0.220843
8323    -0.250767
8324     2.561963
8325     0.881605
8326    -0.124508
8327    -0.298128
8328    -1.221319
8329     0.257093
8330     3.687257
8331     1.753867
8332     0.025827
8333     1.538276
8334    -1.123972
8335    -0.519336
8336     1.100790
8337    -0.319400
8338    -0.546896
8339    -0.410660
8340    -0.382635
8341    -0.147365
8342    -0.648037
8343    -0.960273
8344     0.106918
8345    -0.754071
8346    -0.946326
8347     0.285182
8348    -0.812845
8349     0.086211
8350    -0.083610
8351     1.463647
8352    -0.393195
8353     0.421556
8354    -0.567091
8355     1.215953
8356     0.100711
8357    -0.564712
8358     0.018164
8359    -0.778899
8360     0.091021
8361     0.018252
8362     0.222316
8363     0.299920
8364    -0.268163
8365     0.318880
8366     0.735346
8367    -0.173465
8368    -0.966072
8369    -1.269374
8370    -0.347006
8371     0.418578
8372    -0.668028
8373     0.904257
8374    -0.488988
8375    -1.583771
8376    -0.275641
8377    -0.810179
8378    -2.053202
8379     0.037049
8380     0.251849
8381    -1.926083
8382    -0.915082
8383     0.821260
8384     1.901237
8385    -0.475671
8386    -1.187780
8387     0.572235
8388     0.048569
8389     1.347535
8390     3.124956
8391     0.440770
8392     0.081852
8393     2.421073
8394     0.589685
8395    -0.280855
8396     1.482328
8397     2.575090
8398     0.367112
8399    -1.244548
8400    -1.179178
8401     0.133099
8402    -0.634930
8403    -0.819369
8404     0.104389
8405    -0.874752
8406    -1.345523
8407     0.221589
8408    -1.979752
8409    -0.173954
8410     0.212295
8411     0.856289
8412    -0.124902
8413     0.210313
8414     0.220817
8415     1.079530
8416     0.437227
8417     0.165821
8418     0.579698
8419    -0.934803
8420    -1.240297
8421    -0.003469
8422     0.432142
8423     0.456650
8424    -0.361290
8425     0.295336
8426     0.872792
8427    -0.521341
8428    -0.804589
8429    -1.095311
8430     0.018774
8431     0.316409
8432     0.683455
8433     1.000559
8434    -0.872768
8435    -0.716325
8436    -0.607604
8437    -1.055529
8438    -1.093761
8439     0.044703
8440     0.259317
8441    -1.613085
8442    -1.348989
8443     1.058740
8444     0.063869
8445    -0.132388
8446    -1.206428
8447     0.694920
8448     0.154102
8449     0.675843
8450     1.566235
8451    -0.269336
8452     0.268367
8453     1.948748
8454     0.817919
8455    -0.176854
8456     2.668798
8457     3.729607
8458     0.425904
8459    -0.950182
8460    -1.716726
8461    -0.619967
8462    -0.845505
8463     1.147250
8464    -0.661399
8465    -0.948130
8466     0.086070
8467    -1.035365
8468    -0.884659
8469     0.061014
8470     0.672152
8471     0.401687
8472     1.312375
8473     0.625876
8474     0.557439
8475    -0.081539
8476     0.650911
8477     0.500677
8478     0.047949
8479    -1.128264
8480    -1.505279
8481    -0.017221
8482     0.920899
8483     0.625777
8484    -1.717500
8485     0.630124
8486     0.879669
8487    -0.185096
8488    -1.098140
8489    -1.493888
8490     1.389128
8491     1.036592
8492     0.722584
8493    -0.288142
8494    -0.870551
8495    -1.727519
8496     0.555731
8497    -1.367627
8498    -1.423815
8499     0.979266
8500    -1.089394
8501    -1.145510
8502    -0.148193
8503     0.833299
8504     1.434199
8505    -0.913131
8506    -0.832233
8507     0.589113
8508    -0.495731
8509     1.321048
8510     1.829413
8511    -0.947795
8512     1.549835
8513     1.062013
8514    -1.653955
8515     1.092761
8516     1.976945
8517     1.189887
8518    -0.630560
8519    -0.605211
8520    -0.320367
8521    -1.202275
8522    -0.813760
8523    -0.007175
8524    -0.957065
8525    -0.810059
8526    -0.313870
8527    -1.039211
8528     0.471839
8529     0.708813
8530     0.309944
8531     1.059156
8532     0.940657
8533     0.805070
8534     0.396362
8535    -0.021144
8536     0.794612
8537    -0.016221
8538     0.012135
8539    -0.477956
8540    -1.293150
8541     1.652279
8542     0.959220
8543     1.010023
8544    -1.603903
8545     1.069581
8546     0.573670
8547     0.723273
8548    -0.810150
8549    -1.122714
8550     1.741835
8551     0.449458
8552     0.318804
8553    -1.534992
8554    -0.703814
8555    -0.856910
8556     1.310583
8557    -0.993830
8558    -1.276353
8559     1.676035
8560    -0.641801
8561    -0.770560
8562     1.108540
8563     0.445179
8564     0.264396
8565    -2.111840
8566     0.002752
8567     0.385981
8568     0.302482
8569     0.333682
8570     2.110692
8571    -2.459837
8572     1.734365
8573     0.912680
8574    -1.515328
8575     0.517524
8576    -0.001563
8577    -0.304536
8578    -0.595284
8579    -0.542315
8580    -0.304006
8581    -0.660311
8582    -0.746603
8583    -1.101867
8584    -1.273958
8585    -1.286931
8586     0.561296
8587    -0.866807
8588     0.871250
8589     0.015927
8590     1.211851
8591     1.190840
8592    -0.532495
8593     0.899402
8594     0.740276
8595    -0.216868
8596     0.604516
8597     0.637168
8598    -0.233708
8599    -0.386175
8600    -1.152080
8601     1.635336
8602     0.455198
8603     0.700252
8604    -0.389489
8605     0.371278
8606     1.428957
8607     0.625113
8608    -0.888385
8609    -0.829371
8610     1.696152
8611     0.175000
8612    -0.283863
8613    -0.601015
8614    -0.617313
8615    -1.149255
8616     1.506604
8617    -0.941845
8618    -0.892236
8619     1.285973
8620    -0.903793
8621    -0.981012
8622     1.654562
8623     0.966607
8624     0.962070
8625    -3.591280
8626     0.375780
8627     0.196100
8628    -0.112969
8629     0.719799
8630     0.345543
8631    -2.261684
8632     1.121411
8633     0.970564
8634    -0.224600
8635     0.207662
8636     0.276154
8637     0.040709
8638    -0.569916
8639    -0.997823
8640     0.244306
8641    -0.678319
8642     0.167588
8643     0.056921
8644    -0.963713
8645    -1.034266
8646     1.041795
8647     0.678153
8648    -0.671029
8649     0.858312
8650     0.935886
8651     1.318244
8652    -1.075598
8653     0.748408
8654     1.033889
8655    -0.162051
8656     0.904837
8657     0.889418
8658     0.785535
8659    -0.879885
8660    -0.819536
8661     0.832568
8662     0.547853
8663     0.611404
8664    -0.461264
8665     1.184675
8666    -0.827737
8667     0.438352
8668    -1.026172
8669    -1.048866
8670     1.059765
8671    -0.244561
8672     0.438374
8673    -0.228038
8674    -0.846971
8675    -0.645566
8676     1.165757
8677    -0.759699
8678    -0.821102
8679     1.291291
8680    -0.954279
8681    -0.719850
8682     1.406651
8683     0.558693
8684     0.599363
8685    -4.222785
8686     0.690493
8687     0.764422
8688     1.080303
8689     0.269435
8690     0.355715
8691    -2.556650
8692     0.639317
8693     0.779423
8694    -1.218271
8695    -0.081881
8696     0.040375
8697    -0.443481
8698    -0.722270
8699    -0.410264
8700     0.350888
8701    -0.936407
8702    -1.104099
8703     0.696361
8704    -0.381414
8705    -0.814969
8706    -0.131507
8707     1.053707
8708    -1.014051
8709     0.597712
8710     1.178731
8711     0.661207
8712    -0.799073
8713     0.447365
8714     0.424542
8715     0.742206
8716     1.281487
8717     0.507968
8718     0.625491
8719    -0.826368
8720    -0.780758
8721     1.146573
8722     1.038631
8723     0.759164
8724    -1.087122
8725     1.101361
8726    -0.944795
8727     0.820446
8728    -0.631243
8729    -0.955423
8730     0.304585
8731    -0.707962
8732     2.366975
8733    -0.917573
8734    -0.780114
8735    -1.323320
8736     1.039047
8737    -0.434657
8738    -1.277161
8739     0.841458
8740    -0.453100
8741    -0.936409
8742     0.620605
8743    -1.198691
8744     2.254280
8745    -2.347367
8746     1.039822
8747     0.250639
8748     0.764531
8749    -0.262445
8750    -0.004305
8751    -2.152946
8752     0.528898
8753     0.713117
8754    -0.561532
8755    -0.399952
8756     1.927279
8757    -0.887731
8758    -0.657647
8759    -0.709882
8760     0.685835
8761    -0.764096
8762    -0.586854
8763     0.439587
8764    -1.090016
8765     0.768390
8766    -0.307786
8767     0.601868
8768    -0.296345
8769     0.393572
8770     0.818666
8771    -0.617220
8772    -2.970434
8773     0.309024
8774     0.805059
8775     0.396461
8776     0.809121
8777     1.084815
8778     0.041318
8779    -0.884431
8780    -0.370579
8781     0.340177
8782     0.802025
8783    -0.421771
8784    -3.103765
8785     0.727534
8786    -0.530244
8787     0.243058
8788    -0.749402
8789    -0.278481
8790     0.228785
8791     0.656780
8792     0.662265
8793     1.313361
8794    -0.842187
8795    -0.985681
8796     0.261584
8797    -0.691246
8798    -0.674621
8799     0.175492
8800    -0.679643
8801    -0.183103
8802     0.347934
8803     0.381897
8804     0.712184
8805     1.080715
8806     0.292763
8807     0.782036
8808    -0.037245
8809     0.382652
8810    -0.354675
8811     3.280200
8812     0.221303
8813    -0.671431
8814    -2.936294
8815     0.707030
8816     0.915062
8817     1.164690
8818    -1.009640
8819     0.241193
8820    -0.351411
8821    -0.444567
8822    -0.866717
8823    -0.074739
8824    -0.664194
8825     0.152077
8826    -0.464823
8827     0.843500
8828     0.390191
8829    -0.226353
8830     0.396082
8831    -0.838773
8832    -1.574790
8833     0.302006
8834     1.474304
8835     0.875217
8836     0.264770
8837     0.625056
8838     0.957153
8839    -0.149983
8840    -0.842018
8841    -1.334107
8842     0.234340
8843    -0.399331
8844    -1.322818
8845     0.879017
8846     0.069834
8847    -0.305976
8848    -0.306883
8849    -1.031912
8850    -1.264931
8851     0.503438
8852     1.396034
8853     1.644977
8854    -0.135403
8855    -0.686589
8856    -1.198682
8857    -0.109932
8858    -0.867595
8859    -1.285901
8860    -0.395168
8861    -0.893048
8862    -0.666177
8863    -0.851703
8864     0.468718
8865     2.748905
8866     0.423539
8867     1.159752
8868    -0.131423
8869     0.404299
8870     1.304854
8871     3.054584
8872     0.042813
8873    -0.838419
8874    -1.765493
8875    -0.691430
8876     0.149668
8877     2.695907
8878    -0.544542
8879     0.073914
8880    -0.360532
8881     0.223501
8882     0.270175
8883    -0.369360
8884    -0.591287
8885     0.039529
8886    -0.464340
8887     0.628073
8888     0.210984
8889    -0.314967
8890     0.219620
8891    -0.659615
8892    -1.516281
8893     0.326835
8894     0.721845
8895     1.577019
8896    -0.224737
8897    -0.156453
8898     0.891024
8899    -1.160833
8900    -0.637070
8901    -2.419576
8902    -0.322940
8903    -1.152373
8904    -0.558046
8905     0.461288
8906     0.195376
8907    -0.915367
8908     0.164004
8909    -0.396954
8910    -1.170303
8911    -0.187391
8912     0.695682
8913     1.175976
8914     0.072204
8915    -0.634871
8916    -0.779282
8917    -0.066241
8918    -0.646421
8919    -1.305042
8920     0.134118
8921    -0.494989
8922    -0.190003
8923     0.294879
8924     0.612577
8925     3.891313
8926     0.422262
8927     1.852863
8928    -0.964285
8929    -0.229398
8930     0.542612
8931     2.196051
8932     0.033921
8933    -0.934858
8934    -1.266265
8935     0.392415
8936     0.672403
8937     2.865495
8938    -0.590294
8939    -0.100441
8940    -0.363760
8941     0.585508
8942     0.186135
8943    -1.002045
8944    -0.354961
8945    -0.377546
8946    -0.786476
8947     0.249797
8948    -0.426901
8949    -0.699813
8950     0.492178
8951    -0.379509
8952    -1.323480
8953    -0.196849
8954    -0.184645
8955     1.007503
8956     0.275271
8957     0.637375
8958     1.076732
8959    -0.456411
8960     0.397220
8961    -0.828695
8962     0.461779
8963     0.054098
8964    -0.369063
8965     0.197486
8966    -0.506145
8967    -1.517690
8968     0.442994
8969    -0.290988
8970    -1.124043
8971    -0.340072
8972     0.105943
8973     1.051323
8974     0.451801
8975    -0.274031
8976    -0.713806
8977     0.283953
8978    -0.517943
8979    -1.459213
8980     0.465223
8981    -0.219327
8982    -0.436676
8983    -0.565009
8984     0.184137
8985     3.763645
8986     0.914420
8987     1.708503
8988    -1.158764
8989    -2.250061
8990     0.815029
8991     3.713147
8992     0.335592
8993     0.175315
8994    -0.254507
8995    -0.709067
8996    -0.659618
8997     1.821767
8998    -0.283572
8999    -0.427104
9000    -0.759846
9001    -0.612180
9002    -0.537550
9003    -0.435510
9004    -1.268330
9005    -0.584887
9006    -0.281559
9007    -0.514241
9008    -0.451821
9009    -0.191744
9010    -0.626204
9011    -0.409558
9012    -0.999733
9013     0.521630
9014     1.217987
9015     0.772651
9016     0.495076
9017     2.119409
9018     0.871470
9019    -1.297666
9020    -1.166317
9021    -0.067910
9022    -0.806168
9023     1.141866
9024    -0.623802
9025    -0.411670
9026    -0.951074
9027    -0.927826
9028    -0.744966
9029    -0.915483
9030    -0.681285
9031     0.783681
9032     1.667031
9033     0.662732
9034    -0.533865
9035    -0.287336
9036    -0.314671
9037    -0.553479
9038    -1.135851
9039    -0.865981
9040    -0.671419
9041    -0.501969
9042     0.051490
9043     2.695662
9044     1.015441
9045     2.345829
9046     0.847611
9047     2.144062
9048    -0.743060
9049     1.738880
9050    -1.628579
9051     0.291659
9052    -0.698666
9053     0.008008
9054     0.358789
9055     2.354146
9056    -0.113428
9057     0.956132
9058    -0.697832
9059    -0.629949
9060    -0.177671
9061    -1.292434
9062    -0.579318
9063    -0.044931
9064    -1.399079
9065    -0.462661
9066    -0.241963
9067     0.108281
9068    -0.309571
9069    -0.054669
9070     0.236991
9071    -0.413583
9072    -0.764281
9073     0.925601
9074     1.606469
9075     0.629564
9076     1.455420
9077     2.335465
9078     1.155438
9079    -1.382459
9080    -0.922446
9081    -0.212953
9082     1.803337
9083    -0.205134
9084     0.327807
9085     0.353926
9086    -0.667209
9087    -1.343924
9088    -1.236944
9089    -1.112251
9090     0.008607
9091     2.250389
9092     1.858959
9093     0.255038
9094    -1.358521
9095    -0.322866
9096     0.004638
9097    -1.079374
9098    -1.414362
9099     0.024839
9100    -1.223842
9101    -0.329208
9102    -0.179913
9103     0.943467
9104     1.108039
9105     1.024407
9106    -0.118101
9107     1.551218
9108     0.591599
9109     2.241187
9110    -1.198280
9111    -1.699875
9112    -0.115616
9113     0.275626
9114     0.417258
9115     0.264401
9116    -0.311722
9117     0.431916
9118    -1.376630
9119    -0.487165
9120    -0.328599
9121    -0.844309
9122    -0.395195
9123    -0.586119
9124    -0.906090
9125    -0.302543
9126    -0.884418
9127     0.490550
9128    -0.298731
9129    -0.407250
9130     1.012542
9131    -2.006950
9132    -1.139614
9133     1.220672
9134     0.884587
9135     0.727028
9136     1.555623
9137     1.920612
9138     1.253152
9139    -1.002262
9140    -1.088863
9141    -0.060960
9142    -0.179131
9143     1.030556
9144     1.253077
9145     1.095199
9146    -1.655600
9147    -1.683551
9148    -0.832999
9149    -0.739055
9150    -0.584965
9151     2.108765
9152     2.241878
9153    -0.109685
9154    -0.814102
9155    -0.186002
9156    -0.800359
9157    -0.824662
9158    -0.736476
9159    -0.798821
9160    -1.191735
9161    -0.265561
9162     0.258007
9163     0.630554
9164     0.402530
9165     2.092576
9166    -1.103159
9167     2.062860
9168     1.491469
9169     0.027697
9170    -0.526102
9171     0.003893
9172     0.395311
9173     0.147813
9174    -0.203215
9175     0.114418
9176     0.308997
9177     0.470336
9178    -0.952882
9179    -0.798757
9180    -0.290580
9181    -0.951071
9182     0.391313
9183    -0.248003
9184    -1.037039
9185     0.448470
9186    -0.405567
9187    -0.114264
9188     0.229270
9189     0.376115
9190     1.370718
9191    -1.274572
9192    -1.728414
9193     0.702152
9194     0.937831
9195     1.258119
9196     0.500007
9197     0.761790
9198     2.431888
9199    -0.792112
9200    -0.101162
9201    -0.276872
9202     0.879912
9203    -0.524926
9204     0.337592
9205     0.942502
9206    -0.602967
9207    -1.589841
9208    -1.022611
9209     0.084955
9210    -0.081602
9211     2.484482
9212    -0.253893
9213    -0.230369
9214    -0.696147
9215     0.269033
9216    -0.297839
9217    -1.061830
9218     0.173096
9219    -0.288077
9220    -0.311151
9221    -0.006432
9222    -0.651439
9223     1.560626
9224    -1.699679
9225    -0.145974
9226    -2.454250
9227     1.840069
9228     2.549051
9229    -1.011938
9230     0.911490
9231    -0.142103
9232     0.056036
9233     0.343000
9234     0.513848
9235     1.191033
9236    -1.546570
9237    -0.599588
9238    -0.235054
9239    -0.380118
9240    -0.780926
9241    -0.431482
9242     0.203060
9243    -0.719637
9244    -0.369008
9245     0.256099
9246    -1.286882
9247    -0.047100
9248    -0.157302
9249     0.449229
9250     1.340706
9251    -1.609022
9252    -1.450358
9253     0.608342
9254     0.185016
9255     0.816482
9256     0.760985
9257    -0.009119
9258     0.965809
9259    -0.044145
9260     0.002452
9261    -0.543227
9262    -0.177685
9263     1.310454
9264     2.161268
9265     0.461927
9266    -0.120677
9267    -0.532590
9268    -0.209836
9269     0.043086
9270    -0.801560
9271     0.525422
9272    -0.927521
9273    -0.001809
9274    -0.644597
9275     0.735779
9276     0.514959
9277    -0.607712
9278     0.144303
9279    -0.427136
9280     0.285636
9281     0.471886
9282    -0.371426
9283    -0.224087
9284    -2.290995
9285     0.482056
9286    -2.976082
9287     1.510807
9288     2.877460
9289     0.418201
9290     2.641848
9291    -0.384417
9292     0.166293
9293    -0.474363
9294    -0.453822
9295     0.806218
9296    -0.954665
9297     0.670524
9298     0.358004
9299    -0.961128
9300    -1.964925
9301    -0.447362
9302     0.640711
9303     0.417603
9304    -0.120383
9305    -0.631623
9306    -1.114669
9307    -0.602657
9308     0.823435
9309     1.496235
9310     1.425193
9311    -0.648448
9312    -1.303133
9313    -0.144396
9314     0.736342
9315     0.355259
9316     0.599913
9317    -0.338709
9318     1.232695
9319    -0.411648
9320     0.346496
9321    -0.051589
9322    -1.012927
9323     1.348456
9324     1.541588
9325    -0.275691
9326     0.726113
9327    -1.019325
9328    -0.251092
9329     0.320282
9330     0.068868
9331    -0.474709
9332     0.180005
9333    -0.879978
9334     0.098067
9335    -1.147508
9336    -2.914856
9337    -1.131714
9338     1.001970
9339     0.492091
9340     0.512598
9341    -0.365037
9342    -0.232208
9343     0.447316
9344    -1.329974
9345     2.984600
9346    -1.002905
9347    -0.377993
9348    -0.260684
9349     1.899368
9350     1.994570
9351     0.215660
9352    -0.315965
9353    -0.235583
9354    -0.157678
9355     0.438898
9356    -1.222777
9357     0.797824
9358     0.770095
9359    -1.820730
9360    -1.668302
9361    -0.015636
9362     0.210579
9363     0.450771
9364     0.448550
9365    -0.855098
9366    -1.629577
9367     0.083329
9368     0.331429
9369     0.203678
9370     0.340845
9371    -0.685280
9372    -1.006144
9373    -0.868042
9374     0.616571
9375    -1.474050
9376     0.342207
9377    -0.211571
9378    -1.181007
9379    -0.172686
9380     0.099970
9381     0.636671
9382    -0.436572
9383     0.907392
9384    -0.298315
9385    -0.122114
9386     0.630309
9387     0.549629
9388    -0.004267
9389     0.048513
9390     0.552006
9391     0.359982
9392    -0.271788
9393    -1.255356
9394    -0.199351
9395     0.893908
9396     0.880881
9397    -0.227895
9398     0.542854
9399     0.779754
9400     0.007034
9401    -0.352341
9402     0.731697
9403    -0.264652
9404    -0.553595
9405     4.568363
9406     0.378875
9407    -0.534659
9408    -1.309423
9409     0.358035
9410     1.723442
9411    -1.175234
9412     0.169410
9413    -0.522440
9414    -1.448454
9415    -0.687588
9416    -0.170981
9417     2.863263
9418     0.510535
9419    -1.847215
9420    -1.439151
9421    -0.173397
9422     0.420770
9423     0.271643
9424     0.135840
9425    -0.639497
9426    -0.546342
9427    -0.202205
9428     0.559445
9429     0.508813
9430    -0.113346
9431     0.220830
9432    -0.657968
9433    -1.131598
9434     0.730012
9435    -1.421627
9436    -0.005883
9437     0.007944
9438    -0.394000
9439    -0.314974
9440     0.368110
9441     0.353218
9442    -0.437254
9443     0.841357
9444    -0.972778
9445    -0.078059
9446     0.342360
9447     0.279741
9448    -0.160959
9449     0.429683
9450     0.225914
9451    -0.062068
9452    -0.126852
9453    -0.778474
9454     0.093886
9455     0.543833
9456     0.019498
9457    -0.232697
9458     0.666746
9459     0.228886
9460    -0.183145
9461     0.166082
9462     0.436224
9463     0.439293
9464    -2.046595
9465     3.926135
9466    -0.024466
9467     0.208080
9468    -0.127926
9469     2.045802
9470     0.406557
9471    -3.227073
9472    -0.359437
9473     0.390151
9474    -0.661852
9475     0.682865
9476    -2.514730
9477     2.990084
9478     0.081802
9479    -0.974286
9480    -0.452116
9481     0.233280
9482    -0.202445
9483    -0.258067
9484    -0.070937
9485    -1.008216
9486    -0.983453
9487     0.270584
9488    -0.003748
9489    -0.168229
9490    -0.357182
9491    -0.688001
9492    -0.043665
9493    -1.335290
9494    -0.525209
9495    -0.883244
9496     0.080100
9497    -0.769897
9498    -0.345344
9499    -0.338288
9500    -0.170488
9501     0.192597
9502    -0.060366
9503     0.039260
9504    -1.934290
9505    -0.040595
9506    -0.253732
9507     0.227946
9508    -0.171503
9509    -0.087028
9510    -0.003557
9511     0.210920
9512    -1.400330
9513    -1.035255
9514     0.242424
9515     0.066464
9516    -0.317080
9517     0.152740
9518    -0.138064
9519     0.077878
9520     0.004059
9521    -0.353799
9522    -0.000342
9523     1.094407
9524     3.250627
9525     3.237292
9526     0.030217
9527    -0.668104
9528    -0.023747
9529     1.354481
9530     2.793198
9531     0.117619
9532    -0.718400
9533    -0.476409
9534    -0.301004
9535    -0.074443
9536     1.486069
9537     3.373632
9538    -0.506208
9539    -0.890149
9540    -0.929687
9541     0.101841
9542     0.507543
9543    -0.516248
9544     0.029154
9545     0.273754
9546    -0.500680
9547    -0.189827
9548     0.416118
9549    -0.617641
9550     0.172155
9551     0.736525
9552    -0.346386
9553     0.319656
9554     0.670156
9555    -0.397134
9556    -0.006733
9557     0.215733
9558    -0.396276
9559     0.020795
9560     1.089416
9561    -0.626486
9562     0.171839
9563     1.029718
9564    -0.516180
9565    -0.190589
9566     0.358084
9567    -0.464170
9568     0.104125
9569     1.074588
9570    -0.656614
9571     0.216097
9572    -0.531750
9573     0.315786
9574    -0.260128
9575     0.528272
9576    -0.747374
9577    -0.219402
9578     0.405986
9579    -0.460774
9580     0.028403
9581     0.601281
9582    -0.203194
9583    -0.288509
9584    -2.040446
9585     3.354375
9586    -0.056458
9587     0.207668
9588    -0.474769
9589     0.191111
9590    -3.585627
9591     1.926122
9592     0.593246
9593     0.687310
9594    -0.112466
9595    -1.077600
9596    -3.609737
9597     1.896598
9598     0.340826
9599     0.965407
9600    -0.456488
9601    -0.049875
9602     1.474140
9603    -0.689984
9604    -0.296855
9605     0.838442
9606    -0.033203
9607    -0.670392
9608     1.181311
9609    -0.087240
9610    -0.084844
9611    -1.271790
9612     0.694804
9613     0.205146
9614    -1.102070
9615     0.135081
9616    -0.107155
9617     1.369678
9618     0.326833
9619    -0.201175
9620    -0.373760
9621     0.726065
9622    -0.510923
9623    -0.891042
9624    -0.669072
9625    -0.749602
9626     1.099087
9627     0.335607
9628     0.098761
9629    -0.170459
9630     0.343122
9631     0.000563
9632     0.536928
9633    -1.583210
9634    -0.440863
9635     1.238253
9636     0.615858
9637    -0.759448
9638     1.500062
9639     0.613540
9640    -0.437100
9641     1.506942
9642     0.693482
9643     0.274837
9644    -0.511995
9645    -0.563123
9646    -0.295043
9647     0.814912
9648     0.436195
9649     2.631003
9650    -3.908076
9651    -0.940466
9652     0.253342
9653    -1.430965
9654    -0.122480
9655     0.392193
9656    -1.460859
9657    -0.738827
9658     0.747431
9659    -0.438738
9660     0.507017
9661    -0.029712
9662    -0.742232
9663    -2.913506
9664     0.541538
9665    -0.339666
9666     0.356555
9667     0.450687
9668     0.674672
9669     0.824265
9670    -0.232916
9671    -0.748697
9672     1.489280
9673    -0.139191
9674     0.500267
9675     0.751119
9676    -0.278224
9677     0.501917
9678    -0.273306
9679    -0.074523
9680    -0.315618
9681     1.559579
9682    -0.090135
9683    -0.554913
9684     0.244122
9685     0.186268
9686    -0.288036
9687     0.777136
9688    -0.285314
9689     0.236454
9690     0.533857
9691    -0.667573
9692     0.738389
9693    -3.345448
9694     0.742013
9695    -0.556109
9696     0.969785
9697     0.343557
9698    -0.356405
9699     1.130267
9700    -0.102345
9701     0.207709
9702     0.704592
9703    -0.270847
9704     1.528695
9705     0.195952
9706     0.241546
9707    -0.295299
9708     0.421876
9709     0.595523
9710    -0.695474
9711    -2.373075
9712    -0.113933
9713     0.348673
9714     0.908011
9715     0.304735
9716     0.478723
9717     0.242326
9718    -1.121154
9719    -0.323050
9720    -2.203387
9721    -0.026252
9722    -0.081499
9723    -2.795566
9724     0.412878
9725     0.410480
9726     0.698230
9727     0.029589
9728    -0.628043
9729     0.853456
9730     0.016410
9731    -0.449112
9732     0.839085
9733    -0.202724
9734    -0.437885
9735     0.274996
9736    -0.444588
9737     0.096090
9738     0.090255
9739     0.239987
9740     0.025289
9741     0.775598
9742    -0.227035
9743     0.137250
9744     1.044483
9745    -0.015945
9746    -0.249916
9747     0.899184
9748     0.011853
9749     0.311257
9750     0.211219
9751    -0.977965
9752    -0.764314
9753    -3.503083
9754     0.634109
9755     0.637386
9756     1.210992
9757     0.086012
9758    -0.148251
9759     1.077473
9760    -0.166777
9761     0.417565
9762     0.764065
9763    -0.783985
9764    -0.668216
9765     0.085063
9766     0.071480
9767    -0.498526
9768     0.447437
9769     1.530834
9770     1.398572
9771    -0.647386
9772    -0.277177
9773    -0.008728
9774     0.930526
9775     0.054893
9776    -0.250592
9777     0.200978
9778     0.034403
9779     0.751194
9780    -3.457005
9781     1.465067
9782    -0.213371
9783    -0.708686
9784     0.104206
9785    -0.476488
9786     0.620479
9787    -0.215899
9788    -0.220693
9789     0.370718
9790    -0.139387
9791    -0.322693
9792     0.652850
9793     0.112169
9794     0.689342
9795     0.419396
9796    -0.242398
9797     0.107322
9798     0.290591
9799     0.325467
9800     0.315332
9801     1.154792
9802    -0.287015
9803    -0.569980
9804     1.163108
9805    -0.232114
9806    -1.268009
9807     0.909194
9808     0.222609
9809    -0.094006
9810     0.471368
9811     0.737974
9812    -0.355119
9813    -1.695748
9814    -0.530822
9815     1.216958
9816     0.097515
9817    -0.406051
9818     0.413097
9819     0.708923
9820    -0.181663
9821    -0.113004
9822     0.727981
9823    -0.986882
9824     1.147321
9825    -0.476108
9826    -0.093017
9827    -0.576959
9828     0.224618
9829     0.060867
9830    -1.257458
9831    -1.909782
9832    -0.588525
9833    -0.884944
9834     0.864054
9835    -0.015838
9836     1.075763
9837    -0.250977
9838     0.891254
9839     1.387588
9840    -3.634286
9841     1.301964
9842     1.352325
9843     0.085200
9844     0.097136
9845     1.109778
9846     1.223884
9847     0.092573
9848    -0.303131
9849     0.136537
9850    -0.008442
9851    -1.354630
9852     0.451105
9853     0.245980
9854    -0.339184
9855    -0.032782
9856     0.176488
9857     1.746402
9858    -0.161054
9859     0.681697
9860     0.575202
9861     0.907814
9862     0.223161
9863    -1.374223
9864     0.826974
9865     0.250680
9866    -0.125051
9867     0.136225
9868     0.627430
9869     0.433190
9870     0.185447
9871    -0.252840
9872    -1.411030
9873     0.007321
9874    -0.899102
9875    -0.408976
9876    -1.843863
9877    -0.306146
9878     0.906273
9879     0.328740
9880     0.166664
9881     0.336302
9882     0.270998
9883    -1.387311
9884    -0.810689
9885    -0.416043
9886     0.360647
9887     0.588102
9888    -0.430253
9889    -0.569815
9890    -0.514161
9891    -1.418896
9892    -0.620319
9893     0.307953
9894     0.526375
9895     0.035017
9896    -0.715839
9897    -0.623556
9898    -0.215463
9899     0.001389
9900    -0.160172
9901     0.914415
9902     0.699900
9903     0.076567
9904    -0.374624
9905     0.771387
9906     0.832801
9907     0.222296
9908     0.288726
9909    -0.175220
9910     0.570062
9911     0.342080
9912    -0.851423
9913     0.857038
9914     0.729998
9915    -0.431448
9916    -0.129630
9917     0.841926
9918     0.443881
9919    -0.378433
9920     0.197213
9921    -0.370158
9922    -0.283984
9923    -1.424216
9924    -0.245232
9925    -0.436229
9926    -0.739451
9927    -0.345385
9928    -0.225546
9929    -0.166889
9930    -0.554353
9931     1.169335
9932    -0.085335
9933     0.495492
9934     1.729011
9935     0.347149
9936     2.796466
9937    -0.950658
9938    -0.063294
9939     0.582639
9940    -0.051798
9941    -0.174913
9942     0.299723
9943    -1.014861
9944     0.587552
9945    -0.579676
9946     0.560300
9947    -0.592818
9948     0.288531
9949    -0.637508
9950    -0.002659
9951    -1.873879
9952    -1.707196
9953    -0.942144
9954    -0.035895
9955     0.088620
9956    -0.126472
9957    -0.939477
9958     0.079393
9959    -0.487741
9960     0.586046
9961     0.822523
9962    -1.888161
9963    -1.367819
9964    -0.042005
9965    -0.373483
9966    -0.478879
9967     0.167161
9968    -1.592750
9969    -0.491764
9970     0.173643
9971    -0.521439
9972    -0.445859
9973     0.354595
9974     1.547387
9975     1.390620
9976    -0.532430
9977     0.616582
9978     1.515448
9979     0.077660
9980    -0.991159
9981    -1.487421
9982    -0.240612
9983    -0.227942
9984     0.378002
9985    -0.329507
9986    -0.114606
9987     0.161959
9988    -0.088585
9989    -0.556120
9990    -0.688193
9991     0.471957
9992     2.350858
9993     1.865459
9994     1.132802
9995    -0.371038
9996    -1.401811
9997     0.032735
9998    -1.617689
9999    -2.051955
10000    -0.120155
10001    -0.791556
10002    -0.603463
10003    -0.824060
10004     0.781216
10005     0.959382
10006     0.280357
10007     0.484072
10008     0.200748
10009    -0.394471
10010     2.249701
10011     1.138078
10012    -0.839241
10013     0.351007
10014     0.111278
10015    -0.057325
10016     1.872643
10017     1.392530
10018    -0.045044
10019    -1.207522
10020    -0.096341
10021    -1.446944
10022    -2.438848
10023    -0.244425
10024    -2.199222
10025    -1.244845
10026    -0.841322
10027    -0.864714
10028    -1.525528
10029     0.414880
10030     0.520574
10031     0.294409
10032    -0.291020
10033     0.464610
10034     1.206548
10035    -0.120301
10036     1.139721
10037     1.178717
10038     0.091136
10039    -0.603035
10040    -1.353066
10041     0.346262
10042     0.292643
10043     0.493026
10044    -0.031268
10045     0.313891
10046     0.681053
10047    -0.242954
10048    -0.584773
10049    -0.552191
10050     0.082356
10051     1.589815
10052     1.936459
10053     0.052292
10054    -0.797049
10055    -1.556838
10056     0.502544
10057     0.043294
10058    -1.492364
10059     0.751848
10060     0.593323
10061    -0.685598
10062     1.318613
10063     1.285874
10064     1.460139
10065    -0.125110
10066     0.846794
10067     0.815412
10068    -0.132071
10069    -0.160494
10070     1.582589
10071    -0.567068
10072     0.351784
10073     0.944579
10074    -0.150149
10075     1.254777
10076     1.669389
10077    -0.087806
10078    -2.040870
10079    -1.413043
10080    -0.726437
10081    -1.400393
10082    -2.183860
10083    -0.691275
10084    -2.222820
10085    -1.462147
10086    -1.191651
10087    -0.916169
10088    -1.279570
10089    -0.064258
10090     0.572998
10091    -0.125383
10092     0.748268
10093     0.398779
10094     1.338034
10095    -0.188372
10096     0.859969
10097     0.891609
10098     0.043654
10099    -0.289112
10100    -0.207487
10101    -0.027542
10102     0.319083
10103     0.153803
10104     1.051713
10105    -0.019442
10106    -1.049763
10107     0.426948
10108    -0.443681
10109     0.412587
10110    -0.517168
10111     1.487911
10112     1.259259
10113     0.794112
10114    -0.820753
10115    -0.759188
10116    -0.371549
10117     0.427355
10118    -0.069636
10119     0.837226
10120     0.207327
10121    -1.239520
10122    -1.424335
10123     0.943134
10124     1.585771
10125    -0.658241
10126     2.066193
10127     2.584342
10128     1.337370
10129    -0.430282
10130     0.556698
10131    -0.469484
10132     0.118163
10133    -0.449334
10134     0.698407
10135     1.114370
10136     0.941794
10137     0.659625
10138    -1.972630
10139    -0.898009
10140    -0.993448
10141    -0.183114
10142    -0.739204
10143     0.180499
10144    -2.613134
10145    -1.239485
10146    -0.662516
10147     0.153907
10148    -0.425074
10149     0.686054
10150     0.151817
10151     0.349003
10152    -0.027799
10153    -0.662714
10154     0.725463
10155    -1.072049
10156     0.262580
10157     0.697124
10158     0.097131
10159    -0.588623
10160    -0.228698
10161     0.707958
10162     0.694537
10163     0.552926
10164     0.311080
10165    -0.325776
10166    -0.071312
10167    -0.221316
10168     0.274299
10169     0.230711
10170     0.668670
10171     1.002796
10172     0.859688
10173     0.729937
10174    -0.025522
10175     0.147025
10176    -0.513369
10177     0.839506
10178     0.311861
10179     0.638089
10180    -0.845702
10181    -0.960228
10182     0.078560
10183     0.867440
10184     1.079639
10185    -0.197245
10186     2.763407
10187     1.282103
10188     0.554180
10189    -0.310710
10190     0.194837
10191     0.620144
10192     0.685083
10193     0.325253
10194     0.168888
10195     0.596147
10196     0.890871
10197    -0.631244
10198    -2.736224
10199    -3.982505
10200    -2.115652
10201    -0.616219
10202    -0.770439
10203    -0.096003
10204    -2.004536
10205    -2.203149
10206    -2.464705
10207    -0.621721
10208    -0.220726
10209    -0.259898
10210     0.043839
10211     0.185620
10212     0.278487
10213     0.182579
10214     0.114481
10215    -0.103531
10216     0.522544
10217     0.219907
10218     0.637460
10219    -0.260558
10220    -1.054592
10221     0.697274
10222     0.540118
10223     0.528440
10224     0.627160
10225    -0.057957
10226    -0.068052
10227     0.359877
10228    -0.555754
10229     0.025326
10230    -0.308520
10231     1.912707
10232     1.242318
10233     1.208424
10234    -0.402728
10235     0.231575
10236    -0.401073
10237     0.076967
10238     0.517512
10239     0.218816
10240    -1.240331
10241    -0.482769
10242    -0.443847
10243     0.902097
10244     0.665688
10245     0.408474
10246     1.770913
10247     1.160839
10248     0.570133
10249     1.161997
10250     1.198243
10251     0.935775
10252     0.035320
10253     0.756753
10254    -0.087580
10255     1.150028
10256     1.074088
10257     0.205386
10258    -2.539306
10259    -3.121065
10260    -1.982109
10261    -1.096606
10262    -1.137234
10263     0.231778
10264    -2.330263
10265    -2.175535
10266    -1.676704
10267    -1.273012
10268    -0.163264
10269     0.335800
10270     0.474527
10271     0.691101
10272     0.282713
10273     0.939514
10274     1.043550
10275    -0.829717
10276     0.874777
10277    -0.275520
10278     0.144386
10279    -0.424671
10280    -0.292227
10281     1.062893
10282     0.917401
10283     0.697223
10284     0.524829
10285     0.655750
10286     0.850364
10287    -0.171420
10288    -1.194986
10289    -0.191524
10290     0.195733
10291     1.733148
10292     0.278562
10293     0.667062
10294    -0.463889
10295     0.215103
10296     0.046393
10297    -0.707384
10298    -0.437002
10299     0.138699
10300    -1.211847
10301    -0.630644
10302    -0.064587
10303     1.176704
10304     0.292543
10305     0.159628
10306     1.825096
10307     0.765875
10308     0.463570
10309     1.769057
10310     1.904528
10311    -0.798540
10312    -0.437285
10313     0.440405
10314     0.357143
10315     1.290417
10316     0.590908
10317     0.087663
10318    -2.516451
10319    -2.467211
10320    -1.157323
10321    -0.654492
10322    -0.710861
10323     0.468947
10324    -2.514638
10325    -1.476649
10326    -0.234580
10327    -1.985861
10328    -1.092419
10329     0.145381
10330     0.938503
10331     0.909409
10332     0.172690
10333     0.225496
10334     0.135706
10335     0.345177
10336     1.193832
10337     0.568739
10338    -0.529401
10339    -0.495689
10340    -0.608810
10341     0.696318
10342     1.089339
10343     1.300081
10344    -0.274907
10345     1.050212
10346     1.165545
10347    -0.541399
10348    -0.985938
10349    -0.360477
10350     0.427603
10351     1.747520
10352     0.989302
10353    -0.389069
10354    -0.255476
10355    -0.120170
10356     0.365394
10357    -0.388028
10358    -0.562249
10359     0.482338
10360    -0.897409
10361    -0.568502
10362     0.212556
10363     1.498249
10364     1.205817
10365    -0.562265
10366     0.100250
10367    -0.288636
10368     0.666423
10369     1.277023
10370     1.046799
10371    -0.074794
10372    -0.118242
10373     0.883945
10374     0.088654
10375     1.792477
10376     0.660106
10377    -0.169811
10378    -2.617127
10379    -3.076677
10380    -1.295254
10381    -1.599421
10382    -1.257998
10383     0.150841
10384    -1.871094
10385    -1.224858
10386    -0.337790
10387    -1.121520
10388    -0.664335
10389     0.421077
10390     0.044003
10391     0.418060
10392     0.393361
10393     1.339652
10394     0.771427
10395     0.076223
10396     2.393587
10397     0.909848
10398    -0.282026
10399    -1.316203
10400    -0.880993
10401    -0.046756
10402     0.288895
10403     0.916087
10404     0.491574
10405     0.417295
10406     0.840679
10407     0.570886
10408    -1.438078
10409    -0.740764
10410     0.021726
10411     2.199008
10412     0.732322
10413    -0.091430
10414    -1.236737
10415    -0.531610
10416    -0.069917
10417    -1.256261
10418    -1.025121
10419     0.070909
10420    -1.625379
10421    -0.987967
10422    -0.331351
10423     1.520598
10424     0.905770
10425    -0.436855
10426     1.353286
10427     0.832817
10428     0.166124
10429     1.597368
10430     0.989022
10431    -0.505098
10432    -0.259599
10433     0.532301
10434     0.660691
10435     2.330276
10436     0.648623
10437    -0.717857
10438    -1.759677
10439    -1.183312
10440    -0.204330
10441    -1.203703
10442    -1.631497
10443    -0.068699
10444    -1.207976
10445    -0.563736
10446    -0.181897
10447    -0.930309
10448    -0.703554
10449    -0.739283
10450     2.509021
10451     2.554163
10452    -0.234491
10453    -0.253554
10454    -0.089198
10455    -0.450605
10456     0.973840
10457     0.062403
10458     0.698182
10459    -0.833906
10460    -1.458254
10461    -0.172522
10462     2.201793
10463     2.255344
10464    -0.119133
10465     2.342765
10466     2.290949
10467    -0.285195
10468    -0.846615
10469    -0.876349
10470    -0.139102
10471     0.561518
10472    -0.232990
10473     0.529824
10474    -0.529120
10475    -0.701362
10476    -0.122095
10477    -0.568016
10478    -1.406603
10479    -0.168258
10480    -0.903293
10481    -0.965169
10482    -0.110256
10483    -0.378791
10484    -0.098973
10485     0.598268
10486    -0.299026
10487    -0.182436
10488     0.375225
10489    -0.508579
10490     0.166925
10491     0.167216
10492     1.174130
10493     2.108400
10494    -0.107949
10495    -0.250110
10496     0.360239
10497     0.731053
10498    -1.050070
10499    -0.888299
10500    -0.200285
10501    -0.672832
10502    -1.652326
10503    -1.052667
10504    -0.396116
10505    -0.408094
10506    -0.540949
10507    -0.354168
10508    -1.218621
10509    -0.490267
10510     0.712059
10511     2.717328
10512     1.581282
10513     0.321593
10514    -0.502465
10515     0.348915
10516     0.341403
10517    -0.249075
10518     0.325220
10519    -0.515968
10520    -1.419083
10521    -1.419437
10522     0.484453
10523     2.430187
10524     1.293403
10525     0.594198
10526     2.400230
10527     1.556354
10528    -0.447228
10529    -0.961173
10530    -0.869783
10531     0.372690
10532    -0.678389
10533     0.609863
10534    -0.067211
10535    -0.883347
10536    -0.660572
10537    -0.948609
10538    -1.990217
10539    -0.982631
10540    -0.262416
10541    -1.125959
10542    -0.518301
10543     0.237773
10544     0.432248
10545     0.094283
10546     0.534998
10547     0.175145
10548     0.142006
10549     0.151126
10550     0.610325
10551    -0.089384
10552     0.205892
10553     2.264276
10554     0.980867
10555     0.627571
10556     1.289652
10557     0.339218
10558    -0.919208
10559    -1.230641
10560    -0.647422
10561    -1.471651
10562     0.905177
10563    -1.014666
10564    -0.246532
10565    -0.634880
10566     0.826949
10567    -0.119175
10568    -0.605974
10569     0.033237
10570     0.317631
10571     2.017191
10572    -0.261036
10573     0.785675
10574     0.062363
10575     0.116516
10576     1.096950
10577    -0.170511
10578     0.523340
10579    -0.591849
10580    -0.455404
10581    -0.561086
10582     0.319254
10583     1.858050
10584     0.779374
10585     0.593329
10586     2.247330
10587     0.529668
10588    -0.355828
10589    -0.694349
10590    -0.579699
10591     0.780244
10592    -0.094988
10593    -0.065839
10594     0.317670
10595    -1.274387
10596    -0.189818
10597    -2.169791
10598    -2.552789
10599    -2.926734
10600    -0.029826
10601    -0.589725
10602     0.432997
10603     0.413445
10604    -0.684805
10605    -0.131395
10606     1.215955
10607    -0.234883
10608     0.708454
10609     0.285612
10610    -0.516714
10611    -0.230027
10612    -0.080246
10613     1.686839
10614     0.859718
10615     0.850131
10616     0.015134
10617    -0.058913
10618    -1.911001
10619    -0.282676
10620     1.208961
10621    -1.788209
10622     0.055245
10623    -0.134370
10624    -0.142187
10625    -0.196516
10626     0.178833
10627     0.187453
10628    -1.035948
10629     0.556856
10630    -0.358510
10631     1.774544
10632    -0.220448
10633     0.102073
10634    -0.513707
10635    -0.296925
10636    -0.564163
10637    -0.650568
10638    -1.286270
10639     0.040282
10640    -0.806957
10641     0.490672
10642    -0.041610
10643     2.389156
10644     0.314756
10645    -0.409356
10646     2.109192
10647     0.429851
10648    -0.025702
10649    -0.974761
10650    -0.113583
10651     0.331374
10652    -1.147236
10653     0.611685
10654     0.269460
10655    -1.265232
10656    -0.699027
10657     0.009544
10658    -2.265768
10659    -0.077985
10660     0.185479
10661    -0.595043
10662     0.328731
10663     1.536127
10664     0.022048
10665    -0.726225
10666     0.126720
10667    -0.591133
10668    -0.341123
10669     0.697954
10670    -0.337461
10671    -0.883846
10672    -0.467904
10673     2.760842
10674    -0.034465
10675     0.383149
10676    -0.426580
10677    -0.628508
10678    -0.071976
10679     1.695884
10680     2.531393
10681    -1.927222
10682     0.843237
10683    -0.513872
10684    -0.386876
10685     0.124768
10686    -0.499574
10687     0.008651
10688    -0.099246
10689    -0.091399
10690    -0.627918
10691    -0.031389
10692    -0.135935
10693     0.171078
10694    -0.294313
10695     0.313059
10696    -0.532188
10697    -0.982533
10698    -0.132675
10699    -0.071603
10700    -0.435852
10701     0.743437
10702    -0.582581
10703     0.191538
10704    -2.407405
10705    -0.867906
10706     0.071277
10707    -0.837194
10708     0.022653
10709    -0.308004
10710     0.329534
10711     0.233068
10712     0.318345
10713    -0.221337
10714     0.527985
10715    -0.144281
10716     1.216770
10717    -0.277555
10718    -1.032794
10719    -0.065678
10720     0.095071
10721     0.635426
10722    -0.016445
10723     3.229609
10724     0.574406
10725     1.800301
10726    -0.012459
10727    -0.445290
10728    -0.375583
10729     1.843148
10730     0.695605
10731     1.166236
10732    -0.967554
10733     0.035784
10734     0.039955
10735     0.616768
10736    -0.823022
10737    -0.897429
10738    -0.494171
10739     1.106338
10740     0.585234
10741    -0.042536
10742     0.131280
10743     0.161993
10744    -0.145451
10745     0.043285
10746    -0.380052
10747    -0.419085
10748    -0.412942
10749    -0.116006
10750    -0.729960
10751    -0.487043
10752    -0.121081
10753    -0.596835
10754     0.390792
10755    -0.477164
10756    -0.457234
10757     1.001958
10758    -0.997449
10759    -0.845559
10760    -0.114794
10761    -0.137872
10762    -0.556399
10763    -0.393696
10764    -1.014562
10765    -0.645799
10766    -0.424105
10767    -0.585651
10768    -0.331878
10769    -0.392904
10770    -0.011188
10771    -0.123698
10772     0.085677
10773    -0.293677
10774    -0.222702
10775     0.136362
10776     0.267336
10777    -0.264939
10778     1.018787
10779    -0.867318
10780    -0.580853
10781    -0.165228
10782    -0.075612
10783     3.414250
10784    -0.103049
10785     2.680884
10786    -0.142538
10787     0.130001
10788    -0.686652
10789     3.549288
10790    -0.719651
10791     3.322579
10792    -0.683451
10793    -0.264066
10794    -0.041259
10795     0.422051
10796    -0.133486
10797    -0.551750
10798    -0.596674
10799     0.672820
10800    -0.075499
10801    -0.108508
10802    -0.312196
10803     0.087559
10804    -0.162446
10805     0.219613
10806    -0.118253
10807    -0.453289
10808    -0.335606
10809    -0.016089
10810    -0.471799
10811     0.310377
10812     0.433191
10813    -0.788233
10814    -1.149762
10815    -0.027419
10816    -0.616691
10817    -0.067234
10818     0.020358
10819    -1.098471
10820    -0.378668
10821     0.150953
10822    -0.548251
10823    -0.007257
10824    -0.301622
10825    -0.527573
10826    -0.171010
10827    -0.011122
10828    -0.317308
10829     0.120130
10830    -0.435425
10831    -0.097081
10832     0.267103
10833     0.116412
10834    -0.470566
10835     0.651848
10836    -0.058081
10837    -0.340670
10838     0.058860
10839     0.462147
10840    -0.648024
10841    -0.214404
10842     0.355186
10843     4.125132
10844     0.364529
10845     0.514784
10846    -0.129099
10847    -0.754738
10848     0.508633
10849     3.570508
10850     1.958080
10851    -2.137973
10852    -0.840679
10853    -0.187058
10854     0.054699
10855     0.684393
10856    -0.387937
10857     0.098114
10858    -0.761345
10859     0.015330
10860     0.303948
10861     0.555528
10862    -0.344859
10863     0.392197
10864    -0.070407
10865    -0.745815
10866    -0.336791
10867     0.045021
10868     0.210086
10869     0.491372
10870    -0.113955
10871     0.053042
10872     0.346481
10873    -0.248392
10874    -0.889891
10875     0.230687
10876    -0.370822
10877    -0.896604
10878    -0.067080
10879    -0.483855
10880     0.188285
10881     0.477855
10882    -0.408646
10883     0.151151
10884    -0.241007
10885     0.611156
10886     0.504869
10887     0.683114
10888     0.394066
10889     0.570899
10890    -0.071027
10891    -0.471881
10892    -1.599063
10893    -0.572129
10894    -0.026782
10895     0.540106
10896     0.270112
10897     0.934085
10898     0.314627
10899     1.083659
10900     0.600632
10901     1.143009
10902     1.400378
10903     0.629918
10904    -0.177170
10905    -0.773276
10906     0.015254
10907    -0.825033
10908     0.515055
10909    -0.446044
10910     3.517169
10911    -3.860353
10912    -0.547598
10913    -0.585240
10914     0.120340
10915     0.036682
10916    -1.359462
10917    -0.453537
10918    -0.633958
10919     0.229893
10920     0.363951
10921     0.241328
10922    -0.894472
10923    -0.195298
10924     0.094986
10925     0.099118
10926    -0.197760
10927    -0.289620
10928    -0.621331
10929     0.227551
10930     0.204901
10931    -0.378912
10932     0.749048
10933    -0.100904
10934    -0.198234
10935     0.331438
10936    -0.006523
10937    -0.282994
10938     0.643408
10939    -0.030112
10940    -0.656696
10941     1.025457
10942    -0.268502
10943    -0.318026
10944    -0.130392
10945     0.148826
10946     0.177921
10947    -0.002530
10948     0.760242
10949    -0.203213
10950     0.473100
10951    -0.295364
10952    -0.430791
10953    -0.361408
10954    -0.259429
10955     1.163864
10956     0.086642
10957     1.092206
10958     0.092733
10959     1.456105
10960     0.122772
10961    -1.072528
10962     1.076501
10963     0.428870
10964    -0.362056
10965    -1.022626
10966     0.176759
10967    -0.723261
10968     0.649675
10969    -0.857102
10970     3.990697
10971    -4.100385
10972    -0.332070
10973    -0.529032
10974     0.421303
10975    -0.395162
10976     0.413920
10977    -1.412148
10978    -0.436101
10979     0.733294
10980     0.282320
10981     1.554476
10982    -0.947836
10983     0.033729
10984    -1.722236
10985     0.675609
10986    -0.114033
10987     1.134598
10988    -0.304840
10989     0.478632
10990     1.383232
10991    -0.892390
10992     0.381877
10993    -0.128340
10994    -0.967292
10995    -0.064892
10996     0.021597
10997    -0.895978
10998     0.037000
10999     0.309344
11000    -0.638362
11001     0.528268
11002     0.261144
11003     0.938022
11004     0.322289
11005     0.767955
11006     1.342571
11007     0.528205
11008     1.579873
11009    -1.152618
11010     0.056717
11011    -1.188260
11012     0.367719
11013    -0.244292
11014    -1.873276
11015     0.400755
11016    -0.295157
11017     1.185057
11018    -1.261936
11019     0.492815
11020     0.597276
11021    -0.544463
11022     0.826681
11023    -0.311607
11024     0.295060
11025    -0.818166
11026     0.258070
11027    -0.938645
11028     0.150835
11029    -0.296368
11030     1.567400
11031    -2.466118
11032     0.080266
11033    -1.106663
11034    -0.044239
11035    -1.627519
11036     2.968045
11037     0.194696
11038    -1.985283
11039     1.095844
11040     0.015156
11041    -0.717302
11042     1.050285
11043    -1.733718
11044    -0.701151
11045    -1.088412
11046     0.701671
11047    -0.870833
11048     0.362391
11049    -1.223373
11050     1.226547
11051    -0.939497
11052     1.091010
11053    -0.339697
11054     1.056195
11055    -1.043609
11056    -0.612770
11057    -2.165202
11058     0.811504
11059     1.159565
11060    -0.346482
11061     1.234617
11062     0.318593
11063    -0.250274
11064     0.539767
11065     0.535751
11066    -0.003308
11067     0.547260
11068     1.405812
11069    -0.613204
11070     0.707413
11071    -0.669150
11072     2.093693
11073    -1.237508
11074    -0.094588
11075     0.078012
11076     0.314566
11077     1.311022
11078    -0.936077
11079     1.186098
11080     0.511672
11081     0.047902
11082     0.292006
11083     0.393617
11084     0.382305
11085    -0.171880
11086    -0.321541
11087    -1.405773
11088     0.194620
11089     0.229383
11090     1.117282
11091    -1.091704
11092    -0.171534
11093    -1.048938
11094     0.025435
11095    -1.868946
11096     3.192500
11097    -1.733190
11098    -0.724451
11099    -0.583397
11100     0.589015
11101    -0.080559
11102    -2.064195
11103     1.601107
11104    -0.103245
11105     0.467423
11106    -0.397600
11107     1.842794
11108    -1.046508
11109     1.598931
11110     0.331576
11111     0.717823
11112    -0.454606
11113    -0.037124
11114    -2.058949
11115     1.495499
11116    -0.038259
11117    -0.129482
11118    -0.346398
11119     0.365251
11120     0.424509
11121    -0.263367
11122     0.887096
11123     0.743024
11124    -0.495708
11125     0.752471
11126    -0.187047
11127    -0.321441
11128     0.086300
11129     0.618433
11130    -0.818713
11131    -0.391117
11132    -1.395365
11133     3.020446
11134     0.022522
11135    -0.108127
11136    -0.596758
11137     0.120595
11138     0.625014
11139    -0.379182
11140     0.067073
11141     0.311100
11142    -0.811765
11143    -1.670545
11144     1.348361
11145    -1.297636
11146    -0.029922
11147     0.300558
11148    -1.051953
11149    -2.561648
11150     0.736604
11151    -1.466180
11152     0.041443
11153     0.838611
11154    -1.161205
11155    -0.546076
11156    -0.228148
11157     2.063294
11158     0.941373
11159     0.086363
11160     0.083235
11161    -0.334660
11162    -1.286847
11163    -0.835573
11164    -0.285893
11165     0.179835
11166    -0.990559
11167     1.757445
11168    -0.902438
11169     0.134048
11170     1.306863
11171     0.040679
11172     0.528381
11173    -0.460262
11174    -1.008673
11175    -1.240191
11176     0.623843
11177    -0.609115
11178    -0.910128
11179     1.529114
11180    -0.282132
11181    -0.211891
11182     0.563161
11183     0.339965
11184     0.551479
11185    -0.326441
11186    -0.317454
11187    -0.669172
11188    -0.739223
11189     0.395460
11190    -1.181758
11191    -0.052007
11192    -0.325486
11193     0.207496
11194    -0.658662
11195    -0.482348
11196    -0.673935
11197     0.357914
11198    -0.001200
11199     0.628774
11200     0.824006
11201    -0.414126
11202    -0.599003
11203    -2.196452
11204     1.870274
11205     2.296972
11206     0.018706
11207    -0.262401
11208    -0.074534
11209    -2.778050
11210     1.951583
11211     3.441190
11212     1.117614
11213     0.229050
11214     0.205083
11215     0.095237
11216     0.784783
11217    -0.780669
11218    -0.362251
11219     0.100591
11220     0.173990
11221    -1.033254
11222     0.651443
11223    -1.336942
11224    -1.231532
11225     0.562719
11226    -0.347674
11227     1.435483
11228    -0.320221
11229     1.314767
11230     1.110813
11231    -0.134559
11232     1.706830
11233    -0.122843
11234    -0.126883
11235    -1.218139
11236    -0.279085
11237    -0.323562
11238    -0.453268
11239     1.529715
11240     0.291550
11241     1.161400
11242     0.602350
11243    -0.498117
11244     1.894493
11245    -0.874219
11246     0.722956
11247    -0.711107
11248     0.142522
11249    -0.342475
11250     0.448654
11251    -0.382805
11252     0.389769
11253    -0.087240
11254    -1.076325
11255    -0.151009
11256    -0.495740
11257     0.660537
11258    -0.157712
11259     0.937653
11260     0.836410
11261    -0.318355
11262     0.783146
11263    -0.804397
11264    -1.884473
11265    -2.382911
11266    -1.101113
11267     0.273958
11268     1.087103
11269     0.173144
11270    -1.545826
11271    -2.220831
11272     0.778166
11273    -0.552214
11274     0.478894
11275     1.135286
11276     2.498416
11277    -0.073280
11278    -1.498854
11279     0.964595
11280    -0.485808
11281    -0.569543
11282     0.496736
11283     0.194434
11284    -0.516567
11285     0.377152
11286    -0.065724
11287     0.720124
11288    -0.321290
11289    -0.578317
11290     0.955334
11291    -0.142373
11292    -0.376046
11293     0.188975
11294    -0.236600
11295    -0.325920
11296    -0.056588
11297    -0.450314
11298     0.174615
11299     1.715309
11300     0.222101
11301    -0.576305
11302     1.790634
11303    -0.304423
11304    -0.128044
11305    -0.209777
11306     0.448201
11307    -0.156486
11308     0.650086
11309    -0.557986
11310     0.104776
11311     0.016546
11312     0.194217
11313     0.425860
11314     0.057484
11315    -0.075423
11316    -0.458022
11317     0.919397
11318    -0.171362
11319    -0.841046
11320     1.045872
11321    -0.405602
11322     0.164485
11323    -3.480842
11324    -1.143353
11325     0.930591
11326    -1.065090
11327    -0.030305
11328     1.818206
11329    -4.397928
11330    -0.112684
11331     0.326687
11332     0.978577
11333    -0.589998
11334    -0.158681
11335     1.654909
11336     2.043676
11337    -0.380008
11338    -0.396912
11339     0.759630
11340    -0.095055
11341    -1.166838
11342    -0.737093
11343     0.523649
11344    -0.232475
11345     0.609274
11346    -0.233388
11347     0.755709
11348     0.034619
11349     0.022391
11350     1.134992
11351     0.385054
11352    -0.023617
11353     0.078071
11354    -0.115133
11355     0.504873
11356     0.082679
11357    -0.215152
11358     0.280101
11359     1.698919
11360     0.846523
11361     0.342554
11362     1.827301
11363     0.811613
11364     0.908325
11365    -0.370704
11366    -0.227095
11367    -0.050196
11368     0.624813
11369     1.440070
11370     0.990109
11371    -0.133143
11372    -0.206158
11373     0.517388
11374    -0.105813
11375    -0.537055
11376    -0.112079
11377     1.137446
11378     0.288883
11379    -0.668211
11380     1.258944
11381     0.091614
11382     0.244126
11383    -3.107773
11384    -1.869187
11385    -1.160155
11386    -0.223548
11387     0.955667
11388    -0.511394
11389    -3.726564
11390    -0.431165
11391    -2.614822
11392     0.861264
11393    -0.853057
11394     0.127334
11395     0.669366
11396     0.168178
11397     0.343344
11398    -1.062643
11399    -0.440399
11400     0.569669
11401    -0.698878
11402     0.286054
11403    -0.429685
11404    -0.387144
11405     1.041121
11406    -0.289501
11407     0.028611
11408     0.044649
11409     0.058234
11410     0.152161
11411     0.110991
11412     0.430243
11413    -0.765738
11414     0.339324
11415     0.392539
11416    -0.162142
11417     0.343318
11418    -0.032599
11419     0.689081
11420     1.344634
11421     0.303689
11422     0.379974
11423     0.793405
11424     1.535574
11425    -0.197230
11426    -0.122047
11427    -0.034838
11428     0.412732
11429     1.197701
11430     2.794850
11431     0.059990
11432    -0.420538
11433     1.061889
11434     0.129758
11435     0.421001
11436    -1.073729
11437     0.193200
11438    -0.044625
11439    -0.618328
11440    -0.457619
11441     0.168310
11442    -0.010545
11443     0.081871
11444    -4.277957
11445    -0.937804
11446    -0.086338
11447     0.306070
11448     0.333875
11449    -0.416179
11450    -2.034141
11451    -3.365352
11452     0.904421
11453    -0.218327
11454    -0.765508
11455     0.496052
11456     0.113192
11457     0.883024
11458    -0.356584
11459     0.607864
11460    -0.236029
11461     0.005014
11462    -0.631642
11463     0.685681
11464     1.252920
11465    -1.142282
11466     0.190599
11467    -0.842897
11468     0.958737
11469    -0.267237
11470    -0.117031
11471     0.292225
11472     0.585225
11473    -0.324752
11474    -1.992909
11475    -0.496736
11476    -0.379899
11477     0.348981
11478     0.259370
11479     0.788475
11480     1.911190
11481    -1.155851
11482     0.486902
11483     0.510912
11484     1.123994
11485    -0.916537
11486     0.260618
11487     0.278232
11488     0.419427
11489     0.684356
11490    -1.420346
11491    -0.232521
11492    -0.314319
11493     1.789991
11494     0.852048
11495     0.292178
11496    -1.330372
11497    -0.604372
11498     0.212421
11499    -1.617857
11500    -1.503733
11501    -0.274133
11502    -1.582932
11503    -1.430117
11504    -0.685476
11505     1.129480
11506    -0.335831
11507    -0.143400
11508    -0.755224
11509     0.111868
11510     0.179061
11511    -0.176190
11512     1.154203
11513     0.460574
11514    -0.557237
11515     1.137207
11516    -0.982229
11517     1.271072
11518     0.479627
11519     0.055136
11520     2.046338
11521    -0.108640
11522     0.246121
11523     2.952199
11524     0.650662
11525    -0.086867
11526     2.344123
11527    -0.437489
11528     0.116274
11529    -1.222180
11530     0.347964
11531     0.132307
11532     0.485747
11533    -1.382636
11534    -0.781400
11535     1.943723
11536     0.589541
11537     0.233674
11538    -0.562007
11539     0.427073
11540     0.702892
11541    -0.357022
11542     0.433630
11543     0.256380
11544     0.713937
11545    -0.029080
11546    -0.020535
11547    -1.455079
11548    -1.456559
11549    -0.129090
11550    -0.128783
11551     0.101545
11552    -0.157657
11553     1.290984
11554    -1.239088
11555    -0.195957
11556     0.746725
11557    -0.214695
11558    -0.018451
11559    -1.509932
11560    -0.741263
11561    -0.312193
11562    -1.611650
11563    -1.969833
11564    -0.743588
11565    -1.019913
11566     0.654763
11567     0.082610
11568    -0.613906
11569    -0.063149
11570    -0.068704
11571    -2.534579
11572     1.308674
11573     0.311324
11574    -0.320671
11575     1.210506
11576    -0.207556
11577    -0.474587
11578     1.918073
11579     0.640415
11580     1.332873
11581     0.843158
11582     1.544098
11583     0.228081
11584     1.397285
11585     1.343769
11586    -0.445894
11587    -0.911006
11588    -0.642243
11589     0.128268
11590     0.358829
11591     0.093887
11592     0.700813
11593    -0.147957
11594    -0.100805
11595    -0.255751
11596     0.801102
11597     0.099083
11598    -0.550998
11599    -0.747538
11600     0.905570
11601     0.908018
11602     0.239122
11603     0.383770
11604     0.913601
11605    -1.256698
11606    -0.856164
11607     0.601853
11608    -1.603874
11609    -0.058230
11610     0.457571
11611     0.325513
11612     0.113444
11613     0.831137
11614    -1.168809
11615     0.555613
11616     0.577665
11617    -1.386648
11618    -0.580948
11619     0.339129
11620    -1.716705
11621    -1.322450
11622     0.288902
11623    -0.534240
11624    -2.652000
11625    -1.635207
11626     0.842215
11627     0.397791
11628    -0.795040
11629     0.985648
11630    -1.331359
11631    -2.884315
11632     0.950934
11633     1.210221
11634    -0.409199
11635     1.054494
11636    -0.727320
11637     0.144511
11638     1.675174
11639     1.624272
11640     0.856855
11641     0.787536
11642     1.512962
11643     0.276007
11644     1.651263
11645     1.344105
11646    -0.022365
11647    -1.464671
11648    -0.413437
11649    -0.475998
11650     0.101634
11651     0.656942
11652    -0.227074
11653     0.173702
11654     0.087151
11655     0.006471
11656     1.680028
11657    -0.323267
11658     0.723744
11659    -1.537547
11660     1.051981
11661    -0.043628
11662     0.015024
11663     0.735134
11664     0.454757
11665    -1.023747
11666     0.159823
11667    -0.110937
11668    -1.709348
11669     0.880103
11670    -0.448338
11671     0.345623
11672     0.678474
11673     0.347808
11674    -1.781736
11675     0.118463
11676     0.372718
11677    -1.850142
11678    -0.384072
11679    -0.293687
11680    -1.723394
11681    -0.738233
11682    -0.171805
11683     0.745037
11684    -2.970747
11685    -0.135582
11686     0.793722
11687    -0.267928
11688    -0.245522
11689     2.310003
11690    -2.262912
11691    -0.901259
11692    -0.006835
11693    -0.078201
11694    -0.393988
11695     1.444203
11696    -0.724924
11697     0.601468
11698     1.049643
11699     0.938585
11700     0.687212
11701     1.779746
11702     0.300310
11703     1.447861
11704     1.397889
11705     0.660183
11706     0.966007
11707    -1.546202
11708     0.192382
11709    -0.417692
11710     0.546399
11711    -0.025227
11712     0.221784
11713     0.837058
11714    -0.513178
11715     0.447125
11716     1.496491
11717    -0.666965
11718     0.345308
11719    -1.733642
11720     1.145119
11721    -0.793538
11722    -0.006747
11723     0.312100
11724     0.297382
11725    -1.823437
11726     1.162871
11727    -0.364888
11728    -1.778613
11729     1.023477
11730    -0.327414
11731     0.237920
11732     0.288820
11733     0.502048
11734    -1.592335
11735     0.367899
11736     0.113552
11737    -1.918967
11738     0.232061
11739    -0.990779
11740    -2.084832
11741     0.372418
11742    -0.437226
11743     0.241633
11744    -1.815036
11745    -0.587842
11746     1.674720
11747    -0.885277
11748     0.344437
11749     0.588786
11750    -0.888946
11751    -1.303257
11752     1.474088
11753    -1.066014
11754    -0.093784
11755     0.003997
11756     0.159146
11757    -0.502804
11758     2.206053
11759    -0.356145
11760     1.133721
11761     1.737193
11762     0.788234
11763     0.856792
11764     1.403108
11765     1.415500
11766     1.029090
11767    -1.162439
11768    -0.180366
11769    -0.184890
11770     0.513042
11771     0.813911
11772     1.028173
11773     0.838242
11774    -0.208314
11775     0.170054
11776     1.426401
11777    -0.444878
11778    -0.663384
11779    -1.830022
11780    -0.003439
11781    -0.246458
11782     0.133999
11783     0.408661
11784     0.429280
11785    -1.940697
11786     0.442664
11787     0.567693
11788    -1.415898
11789     0.357995
11790     0.008887
11791     0.028398
11792     0.533813
11793     1.233610
11794    -1.164764
11795    -0.369118
11796    -0.478288
11797    -1.721966
11798    -0.037600
11799     0.066539
11800    -1.825175
11801    -0.439248
11802    -0.362946
11803     0.209779
11804    -1.773924
11805    -1.364739
11806     1.778488
11807     0.234316
11808     0.045866
11809    -0.004024
11810    -1.612941
11811    -2.205986
11812     1.654208
11813     0.222312
11814    -0.227515
11815    -0.676858
11816    -0.948522
11817    -0.699958
11818     2.018985
11819     0.800946
11820     0.998180
11821     1.915604
11822     1.392574
11823    -0.069938
11824     0.487130
11825     1.986610
11826     0.370257
11827    -0.696602
11828    -0.008107
11829    -0.292041
11830    -0.182135
11831     1.298840
11832     0.553352
11833     0.542518
11834     0.235247
11835    -0.115868
11836     1.731179
11837    -0.801204
11838    -0.237448
11839    -1.625796
11840    -0.061479
11841    -0.035349
11842    -0.080947
11843     0.676328
11844     0.266230
11845    -1.169863
11846     0.244670
11847     0.626410
11848    -1.141712
11849     0.592229
11850    -0.178168
11851     0.476482
11852     1.156651
11853     0.198881
11854    -0.894286
11855    -0.649897
11856     0.006487
11857    -2.533058
11858     0.276476
11859     0.020652
11860    -1.344040
11861    -0.896030
11862     0.197503
11863     0.891282
11864    -2.360371
11865    -0.735969
11866     1.299700
11867     0.529601
11868    -0.076814
11869     0.898016
11870    -3.057202
11871    -1.132460
11872     0.341209
11873    -0.116913
11874     0.263738
11875    -0.111483
11876    -1.862469
11877     0.113478
11878     1.196801
11879     1.424445
11880     0.257066
11881     2.063299
11882     1.856976
11883     0.967083
11884     0.430119
11885     0.164561
11886     0.394536
11887    -0.544025
11888     0.879704
11889    -0.097352
11890     0.173393
11891     2.162859
11892     0.816356
11893    -0.048256
11894    -0.247614
11895    -0.504585
11896     0.942974
11897    -0.709041
11898    -0.188342
11899    -1.122586
11900     0.942396
11901     0.210702
11902    -0.313908
11903    -0.000243
11904     0.159962
11905     2.305581
11906    -0.565101
11907     1.978037
11908    -1.131029
11909     0.482181
11910    -0.165912
11911    -0.108763
11912     1.348265
11913    -0.443274
11914    -1.169573
11915    -0.470317
11916    -0.613183
11917    -2.382341
11918     0.411915
11919    -1.299458
11920    -1.351083
11921     0.134751
11922    -0.556122
11923     0.546444
11924    -2.078533
11925    -0.220855
11926     0.532014
11927     0.039083
11928    -0.344099
11929     0.775602
11930    -3.298059
11931    -0.448878
11932    -0.013276
11933    -0.901496
11934     0.010050
11935    -0.196266
11936    -0.601439
11937     0.162872
11938     0.611679
11939     0.449151
11940     0.182460

