1       1.228874
2      -1.619632
3       0.198075
4      -0.073270
5       0.073924
6       0.289323
7      -2.362263
8       0.616111
9      -0.405087
10     -1.068538
11      1.914661
12      0.443346
13     -0.775584
14      2.295085
15     -0.325888
16      1.706709
17     -1.432563
18      0.116907
19      1.670817
20     -1.236410
21     -0.220676
22     -0.148026
23      0.320712
24     -0.175162
25     -0.843974
26     -0.754735
27     -0.553921
28     -0.879735
29     -0.585569
30     -0.690905
31     -0.545537
32      1.818309
33      0.844758
34     -0.083412
35      0.851420
36     -0.519739
37     -0.224471
38     -0.153718
39     -0.736770
40      1.386991
41     -2.133630
42     -0.451972
43      1.311082
44      0.865034
45      1.218185
46      1.695874
47     -1.269668
48     -0.257767
49     -0.510010
50     -0.542980
51      0.310026
52     -0.364168
53     -0.627707
54     -0.228393
55     -0.440503
56     -0.561088
57      0.701258
58     -0.680856
59      2.162444
60      0.444402
61      1.052567
62     -0.315885
63      0.176314
64     -0.029874
65      0.549051
66      0.787891
67     -0.834504
68      1.063336
69     -1.357316
70     -1.246950
71      0.715876
72      0.806076
73     -1.412749
74      0.749708
75     -0.431417
76      1.874031
77     -1.047064
78     -0.263581
79      2.770585
80     -1.400748
81      0.265100
82      0.590723
83     -0.361255
84      0.335516
85      0.161960
86      0.164357
87     -1.166187
88      0.727316
89     -0.690430
90     -0.482023
91     -1.182144
92      0.791924
93      1.151127
94     -1.262516
95      1.030738
96     -0.470483
97     -1.881142
98      0.433022
99     -1.080933
100     1.852352
101    -2.880777
102    -0.007661
103     0.014705
104     0.719941
105     0.390695
106     1.872733
107    -0.854740
108    -0.658632
109    -0.864818
110     0.215553
111     0.653238
112    -1.201712
113     0.539290
114    -0.366889
115    -0.399457
116     0.123520
117     1.212856
118    -0.601105
119     0.454584
120     0.506308
121    -0.192617
122     0.347490
123     1.566575
124    -1.145226
125     0.375357
126     1.019135
127    -2.216691
128     1.564506
129    -0.672524
130    -0.043105
131     0.465003
132    -1.415490
133     0.395714
134     1.329701
135    -0.184132
136     1.117489
137    -1.391509
138     0.226726
139     1.800194
140    -1.691963
141     0.715755
142     1.524292
143    -1.052860
144    -0.286791
145     0.838845
146    -0.056315
147    -1.014729
148    -0.724918
149     0.138258
150     0.914511
151    -0.267698
152     0.380331
153    -0.675626
154    -0.127295
155     0.752561
156    -1.601120
157    -0.197703
158     1.477383
159    -0.257259
160    -0.885227
161    -2.506947
162    -0.341080
163    -0.103961
164     0.442822
165     0.704405
166     1.443913
167    -1.468044
168    -0.780332
169    -1.737705
170     0.741173
171     2.234797
172    -0.034664
173     0.658564
174    -0.057075
175    -0.036274
176    -0.617791
177     0.367722
178     0.592637
179     0.112280
180    -0.463466
181    -0.359113
182    -0.260051
183     1.712980
184     0.704252
185    -0.870973
186     0.919137
187    -0.176652
188     0.551871
189    -0.152764
190    -0.692356
191     0.915154
192    -0.208779
193    -0.500834
194     1.398026
195    -0.260959
196    -0.615393
197    -0.302589
198    -1.247750
199    -0.040619
200    -0.229558
201    -0.166243
202     0.799675
203    -0.827467
204     0.452488
205     0.182800
206     0.231376
207    -0.099089
208     1.030146
209    -1.086764
210    -0.391587
211     0.459755
212    -0.283181
213     0.203789
214    -0.808552
215     1.524017
216    -0.279310
217    -1.050419
218     1.518453
219    -0.247156
220    -0.088825
221    -3.667533
222    -2.398731
223    -0.582601
224     0.212587
225     1.146594
226    -0.097749
227    -0.740883
228    -2.006271
229     2.043505
230     0.274194
231    -0.518058
232     0.355803
233     0.607132
234     1.507824
235    -1.325403
236     1.378557
237     1.743540
238     0.762580
239    -0.342369
240     0.290347
241    -0.294262
242     0.137126
243     0.515378
244     0.915151
245    -0.689982
246    -0.187757
247    -0.489106
248     1.069800
249    -1.361161
250    -0.397815
251     0.463107
252     0.135200
253     0.754561
254     1.007681
255     0.148799
256    -0.111728
257    -0.557669
258    -1.930326
259    -0.044097
260     0.129616
261    -1.435000
262    -0.509586
263    -0.142249
264    -0.132912
265     0.668594
266    -0.297149
267     0.437213
268    -0.469224
269    -0.747090
270     0.271965
271     0.930105
272    -0.724514
273     0.358394
274    -0.111674
275     1.128272
276     0.147392
277     0.124418
278     1.275336
279    -0.652773
280    -2.995764
281    -1.619273
282    -1.039788
283    -0.149268
284    -0.242458
285     1.268961
286     0.603384
287    -1.092360
288    -2.634985
289     1.325720
290     0.171836
291     1.498814
292     0.806685
293     0.175879
294     2.051179
295    -1.587009
296     1.165513
297     2.319080
298     1.030913
299    -0.611424
300     0.222328
301    -0.296183
302     0.009045
303    -0.038818
304     0.233342
305     0.176325
306    -0.125632
307    -0.253910
308    -0.068698
309     0.114950
310    -0.129979
311    -0.004875
312    -0.458088
313     1.013946
314     0.046107
315    -0.100998
316    -0.433740
317    -0.269964
318    -1.907250
319    -0.662620
320     0.598622
321    -0.704538
322    -0.713221
323     1.043628
324     3.006069
325     0.451233
326    -0.186737
327    -0.087828
328    -0.145362
329    -0.384779
330    -1.018907
331     0.685309
332    -0.128069
333    -0.455601
334     0.430901
335     0.076046
336    -0.240059
337     0.485604
338     0.602545
339    -1.333363
340    -2.135084
341    -2.587243
342     0.972143
343     0.359235
344    -0.138551
345    -0.322466
346    -0.029216
347     0.234107
348    -2.637718
349     0.582398
350     0.677388
351     1.300799
352     1.335103
353     0.022363
354     0.401395
355    -1.282050
356     0.149218
357     3.813433
358     0.504294
359     0.133522
360    -0.177522
361     0.082399
362    -0.769818
363    -0.185061
364    -0.055734
365    -0.204769
366    -0.369068
367     1.165686
368    -0.984009
369     0.046694
370    -0.397817
371    -0.338636
372    -0.388087
373     2.239125
374    -0.776511
375    -0.051883
376     0.335794
377    -0.435612
378    -0.955080
379    -1.533227
380     0.469580
381    -1.062754
382    -0.696263
383     0.543527
384     1.110893
385     0.858361
386    -0.678461
387     0.474121
388     0.470465
389    -0.862238
390    -0.284486
391     0.379909
392    -0.201792
393    -0.056234
394     0.596113
395    -0.326109
396     0.116017
397     0.522463
398     1.191468
399    -0.021852
400    -5.109898
401     2.420283
402    -0.275656
403     0.410704
404    -0.808423
405    -0.329107
406    -0.173513
407     1.728582
408    -0.725580
409     0.191068
410     0.373152
411     0.544389
412     0.563301
413     0.334126
414     0.904541
415     0.074578
416    -0.704987
417     1.626965
418     0.076487
419     0.030647
420    -0.118774
421    -0.033473
422    -1.472727
423    -0.455204
424    -0.280846
425    -0.495784
426    -0.581539
427     1.180198
428    -1.419182
429    -0.328078
430    -0.498803
431    -0.708237
432    -0.408206
433     2.457055
434    -1.271004
435    -0.283373
436     0.364344
437     0.833269
438    -0.303933
439    -1.961251
440     0.848014
441    -0.669533
442    -1.072042
443     0.381345
444     1.195457
445     0.716998
446    -0.020654
447     0.491274
448     0.243023
449     0.287109
450    -0.441989
451     0.127561
452     0.184207
453    -0.763164
454     0.313774
455     0.323571
456    -0.304262
457     0.615160
458     0.631458
459    -0.427256
460    -4.009192
461     0.073258
462     0.813371
463     0.611708
464    -0.807819
465     0.639688
466    -0.199870
467     3.087712
468    -0.640783
469     0.496079
470    -0.632998
471     0.776926
472     0.365982
473     0.980879
474     0.694202
475     0.688432
476    -0.320238
477     1.710730
478    -0.124837
479    -0.482180
480    -0.714327
481    -0.207091
482    -1.525851
483    -0.318030
484    -0.044526
485     0.066451
486     0.501743
487     0.695200
488    -1.442301
489    -0.341697
490     0.132527
491    -0.396317
492     0.432719
493     2.020290
494    -1.421731
495    -0.328706
496    -0.989972
497     0.886276
498    -0.421384
499    -2.588841
500     1.416760
501     0.276566
502     0.683972
503    -0.460832
504    -0.146195
505     0.228221
506     0.612845
507     1.373544
508    -0.754763
509     0.546278
510    -0.199445
511    -0.576234
512    -0.171916
513    -1.201919
514    -0.916408
515     0.894315
516     0.272533
517     0.564355
518     1.129634
519     0.698812
520    -0.525183
521    -0.179228
522    -0.632558
523     0.512145
524    -1.060555
525     0.489142
526    -1.665604
527     3.006139
528    -0.793546
529     1.950097
530    -1.244699
531    -0.058403
532    -0.626884
533     1.290967
534     1.219506
535     1.923179
536    -1.219618
537    -0.099655
538     0.185520
539    -0.726617
540    -0.723029
541     0.162134
542    -1.927880
543     0.095465
544    -1.105799
545    -0.020075
546     0.069162
547    -0.717587
548    -1.464005
549    -0.912807
550     1.012808
551    -0.337093
552     0.695687
553     0.550554
554    -2.033885
555     0.031087
556    -0.296263
557     0.987604
558    -0.265080
559    -1.419711
560     1.598748
561     0.814733
562     1.098435
563    -0.435601
564    -0.172471
565    -0.611724
566     0.148904
567     1.927077
568    -0.729031
569     0.302026
570     0.103345
571     0.143429
572    -0.653263
573    -0.120192
574    -0.888253
575     0.432728
576     1.091329
577     0.134038
578     1.805735
579    -0.423788
580    -0.266868
581     0.031076
582    -1.082039
583     0.024906
584    -0.902753
585    -0.195543
586    -0.014758
587     3.722415
588    -0.407002
589     0.825483
590    -0.884339
591    -1.127093
592     0.351056
593     2.077975
594     0.606617
595     1.333649
596    -1.289885
597    -0.527287
598     0.413503
599    -1.158434
600    -0.201200
601     0.212824
602    -2.131421
603    -0.807238
604    -0.791939
605    -0.593247
606     0.086571
607    -1.312655
608    -1.025273
609    -1.311038
610     0.264027
611     0.262653
612     1.052443
613    -0.311196
614    -0.838709
615    -1.051721
616    -0.850998
617     1.355875
618     0.232781
619     0.531799
620     0.396617
621    -0.239926
622     0.276142
623     0.431292
624    -0.431102
625    -1.063215
626     0.983891
627     0.464276
628    -0.324458
629    -0.235437
630    -0.544455
631     1.085639
632    -1.621409
633    -0.868350
634    -0.894654
635     0.519474
636    -0.225056
637     0.291194
638     1.817208
639     2.143266
640    -0.768344
641     0.530928
642     0.496863
643     0.332813
644    -1.503668
645    -0.614953
646     0.735767
647     2.988261
648     1.209969
649     0.228010
650    -0.235218
651     0.365120
652     0.518790
653     1.700336
654     1.609267
655     0.900009
656    -1.019813
657    -0.421076
658     0.940446
659    -1.782339
660    -1.145641
661     0.291488
662    -0.966316
663    -0.994165
664    -0.019335
665     1.431546
666    -0.312077
667    -0.880934
668    -0.578865
669     0.021919
670    -0.418063
671     0.419431
672     0.425036
673    -0.165146
674    -0.104370
675    -0.498441
676    -0.988505
677     0.362767
678     1.068808
679    -0.042294
680    -0.237855
681    -0.158422
682     0.049513
683     0.782355
684    -0.316115
685    -1.312385
686     0.095277
687     1.064310
688    -0.890975
689    -0.801518
690    -0.445772
691     1.017766
692    -0.749995
693    -0.770943
694    -1.040422
695    -0.853386
696     0.777402
697    -0.315407
698     1.892213
699     1.268685
700    -0.736793
701     0.663686
702     1.089027
703     1.295166
704     0.208532
705     0.058254
706    -0.097717
707     2.286316
708     0.467505
709     0.325131
710     0.693503
711     0.516280
712     1.666941
713    -3.304980
714    -3.110861
715     1.391553
716     0.114152
717     0.442335
718     0.870417
719    -1.352497
720    -0.592766
721    -0.251371
722     0.357719
723     0.759755
724    -0.410396
725     1.945754
726     0.398958
727    -0.405205
728    -1.587642
729    -2.079685
730     0.301314
731    -1.270806
732    -0.517910
733    -0.258671
734    -1.078289
735    -0.125450
736    -1.164713
737     0.711802
738     0.192116
739     0.173299
740    -1.709159
741     0.519036
742    -0.074232
743     0.669569
744    -0.328488
745    -0.896796
746    -0.432079
747    -0.753277
748    -0.741554
749    -1.501324
750    -1.929284
751     0.600755
752     0.807833
753     0.461090
754    -1.049504
755    -1.140701
756    -0.464106
757     0.383467
758     0.806454
759     0.496877
760    -1.236116
761     1.330672
762     0.887966
763     1.054836
764     1.249292
765     0.942688
766     0.435433
767     0.950445
768     1.252095
769     0.278334
770     0.561209
771     0.434740
772     1.382041
773    -2.679142
774    -1.542124
775     1.298243
776     0.611829
777     1.050290
778     0.580837
779     1.396563
780     0.344714
781     0.330036
782     0.978731
783     0.662235
784     0.330205
785     1.926392
786     0.553235
787    -0.400003
788    -0.630631
789    -1.390534
790    -0.412671
791    -1.103080
792    -0.601236
793    -0.538348
794    -0.897941
795    -0.212266
796    -1.203383
797     0.128191
798    -0.057321
799    -0.037253
800    -1.258721
801     0.592399
802    -0.416627
803     0.456591
804    -0.457127
805    -0.740682
806    -0.833909
807     0.123230
808    -1.151587
809    -1.844802
810    -1.542054
811     2.282926
812     1.522947
813     1.121443
814    -1.332078
815    -0.933170
816    -1.035179
817    -0.487986
818    -0.445050
819    -0.133011
820    -1.143370
821     0.967762
822     0.227364
823     1.637337
824     1.891001
825     0.770284
826    -0.804219
827    -0.947110
828    -0.054510
829    -0.498658
830    -0.605736
831     0.142268
832     1.836191
833    -1.191863
834    -0.057814
835     0.863642
836     0.762807
837     0.597169
838     1.886528
839     2.057590
840     0.751424
841    -0.070760
842     2.210992
843     0.348881
844    -0.074680
845     2.070231
846     0.483795
847    -0.611007
848    -0.200991
849    -1.288772
850     0.194472
851    -2.054406
852    -0.432305
853    -0.560351
854    -0.559496
855     0.303911
856    -0.748587
857    -0.634358
858     0.127237
859    -0.188435
860    -1.091646
861     0.108449
862    -0.223802
863    -0.171138
864     0.171434
865    -0.219145
866    -1.287702
867    -1.298888
868    -1.083828
869    -1.293059
870    -1.253869
871     1.407394
872     1.975434
873     0.426916
874    -1.230407
875    -0.691327
876    -1.134000
877    -0.621309
878     0.039600
879    -0.360902
880     0.033417
881    -0.811073
882     0.048396
883     0.908693
884     2.697428
885     0.279733
886    -0.007118
887    -1.763121
888     0.762320
889     0.224348
890    -1.493363
891     0.897322
892     1.321254
893    -0.167630
894     1.004684
895     0.383921
896     1.288993
897     0.778672
898     1.165931
899     1.936631
900     0.026985
901    -0.143567
902    -0.280560
903    -0.368834
904     0.154925
905    -0.184851
906    -0.271200
907     0.184036
908     2.183451
909    -1.101822
910    -0.654899
911    -2.378190
912    -0.055309
913     0.132756
914     1.576286
915     1.528075
916    -1.109791
917     0.067719
918    -0.002853
919     0.511943
920    -0.412916
921    -0.157870
922    -0.982562
923    -0.129538
924    -0.068178
925    -0.075706
926     0.439516
927    -0.311282
928    -0.374553
929     0.692727
930    -0.413137
931     1.106558
932     1.526597
933     0.271550
934    -0.666828
935     1.463656
936    -0.767291
937    -1.005744
938     0.347591
939    -1.326686
940    -0.633299
941    -0.374979
942     0.437612
943     1.432691
944     0.447244
945    -0.314336
946    -0.237980
947    -3.887804
948     0.194326
949    -0.605126
950    -1.967353
951     1.647309
952     1.902355
953    -0.089752
954     1.018860
955     0.427348
956     0.954434
957     0.179982
958     0.637444
959     0.006724
960    -0.118915
961     0.081847
962     0.106938
963    -0.682659
964    -0.669734
965     0.801110
966    -1.060754
967     0.427688
968     2.153828
969    -1.532325
970    -0.713725
971    -1.108816
972    -0.028456
973    -0.291289
974     0.715014
975     1.256897
976    -0.477688
977    -0.308499
978     0.316022
979     0.518086
980    -1.275052
981    -0.551574
982     0.060397
983    -1.777810
984     0.958280
985     0.541273
986     1.517537
987    -0.131650
988     0.293493
989     1.392462
990    -0.198090
991     0.316428
992     0.776171
993    -0.363353
994     0.284778
995     1.728616
996    -0.392798
997     0.428542
998     1.644469
999    -0.168643
1000    -0.535061
1001    -0.950657
1002     0.336316
1003     0.203720
1004     0.632648
1005    -1.410273
1006    -0.272362
1007    -2.225279
1008     0.423784
1009    -0.471655
1010    -1.513629
1011     1.723394
1012    -1.566331
1013    -1.711980
1014     0.166109
1015     1.328383
1016    -1.805992
1017     1.753691
1018     0.513211
1019     1.208919
1020    -0.413918
1021     0.179935
1022    -0.173087
1023    -0.264079
1024     0.090532
1025     1.120948
1026    -0.428472
1027    -0.115547
1028     1.495290
1029    -0.652553
1030    -0.035099
1031    -0.639313
1032     0.140410
1033    -1.320773
1034     0.198724
1035     0.568873
1036     0.336922
1037     0.563552
1038    -0.098323
1039     1.761247
1040     0.466802
1041    -1.538573
1042     0.097391
1043    -2.107459
1044     0.915594
1045     0.329032
1046     1.308927
1047     0.024078
1048     0.027014
1049     1.172114
1050    -0.144764
1051     0.313726
1052     0.480693
1053     0.120224
1054    -0.111386
1055     1.373985
1056    -0.149499
1057     0.460696
1058     1.788034
1059    -0.239454
1060     0.405933
1061    -0.047235
1062     0.127029
1063     0.500678
1064     0.299111
1065     0.135108
1066     0.384623
1067    -0.417948
1068    -1.290711
1069    -1.019239
1070    -2.161350
1071     1.596622
1072    -1.812062
1073    -2.346520
1074     0.585492
1075    -0.485577
1076    -3.279395
1077     1.455316
1078     0.011951
1079     0.904128
1080    -0.862319
1081     0.324648
1082     0.713587
1083    -0.420121
1084     0.056307
1085     0.791986
1086    -0.877561
1087     0.523438
1088    -0.058367
1089    -0.190673
1090     0.199306
1091    -0.061028
1092     0.330734
1093    -1.679268
1094    -1.929304
1095     0.722985
1096     0.141544
1097     1.647487
1098    -0.536513
1099     1.870215
1100     0.979394
1101    -2.640544
1102     0.120278
1103    -0.249494
1104     1.406454
1105     0.570055
1106     0.142124
1107     0.309400
1108     0.519100
1109    -0.055520
1110     0.270264
1111     0.133447
1112     0.564160
1113    -0.347819
1114     0.252139
1115    -0.030386
1116     0.321633
1117     0.196429
1118    -0.231902
1119    -0.058484
1120     0.132660
1121     1.058203
1122    -0.209145
1123     0.043467
1124     0.197139
1125    -0.434330
1126     0.651830
1127     1.350520
1128    -1.548813
1129    -1.333201
1130    -1.688832
1131     2.113213
1132    -1.336117
1133    -2.200405
1134     1.347523
1135    -1.478353
1136    -1.684541
1137     1.612699
1138     0.092078
1139     0.745178
1140    -1.170902
1141    -0.332281
1142     0.113524
1143    -0.026768
1144    -0.300499
1145     0.221332
1146     0.361149
1147    -0.019952
1148    -0.625435
1149    -0.331112
1150    -0.378990
1151    -0.285605
1152    -0.632010
1153     0.070030
1154    -0.067680
1155     0.431117
1156    -0.210962
1157     2.224766
1158    -2.027724
1159     1.888699
1160    -0.085040
1161    -1.590134
1162    -0.069757
1163     0.302987
1164     0.035353
1165     0.658468
1166     0.145958
1167     0.120239
1168     0.063285
1169    -0.641382
1170     0.516665
1171    -0.565106
1172    -0.083861
1173    -0.080725
1174     0.095903
1175    -0.207157
1176     0.309819
1177     0.200991
1178    -0.474982
1179     0.029908
1180     0.908038
1181     2.668029
1182    -1.637856
1183    -0.234454
1184    -0.402509
1185     0.242126
1186    -0.259641
1187     0.795332
1188    -2.408297
1189    -0.157342
1190    -0.181046
1191     1.697454
1192    -0.447514
1193    -2.317081
1194     2.514385
1195    -0.440017
1196    -1.218890
1197     2.261576
1198    -0.468900
1199     0.118739
1200     0.214837
1201     0.612166
1202     0.224602
1203     0.841804
1204     0.196295
1205    -0.026734
1206     0.686103
1207     0.013195
1208     0.078918
1209    -0.119764
1210     0.384595
1211     0.340541
1212     0.249616
1213     0.014254
1214    -0.205156
1215     0.305872
1216     0.325683
1217     1.240824
1218    -1.914794
1219     1.928018
1220     0.042199
1221    -1.769850
1222     0.496258
1223     1.740922
1224     1.025244
1225     0.188583
1226     0.181651
1227    -0.250990
1228     0.479427
1229    -0.317931
1230     0.870470
1231     0.086564
1232    -0.333372
1233     0.364995
1234    -0.173171
1235     0.030421
1236     0.162224
1237     0.178088
1238     0.126335
1239     0.078818
1240     0.784786
1241     1.539882
1242    -2.007568
1243     0.236381
1244     0.220623
1245     0.907974
1246     0.361856
1247     0.959043
1248    -1.942789
1249    -1.789216
1250    -1.595985
1251     0.152127
1252    -2.281400
1253    -2.365644
1254     1.002303
1255    -2.007031
1256    -1.630240
1257     0.851266
1258    -0.035331
1259    -0.250899
1260     0.506941
1261     0.522095
1262     1.228626
1263    -0.220600
1264     1.082377
1265     0.493942
1266     0.808573
1267     0.733769
1268     0.067739
1269     0.537226
1270    -0.590267
1271     0.180697
1272    -0.155644
1273     0.037347
1274     0.263396
1275    -0.263043
1276    -0.090330
1277     0.204521
1278    -1.218572
1279     0.889848
1280    -1.383973
1281    -1.472623
1282     0.101811
1283     1.977938
1284     1.098386
1285    -0.663695
1286    -0.475514
1287    -0.094420
1288     0.323304
1289    -1.130040
1290     1.908605
1291     0.480522
1292     0.219836
1293    -0.072770
1294    -0.407108
1295     0.072444
1296    -0.052403
1297     0.406186
1298     1.019473
1299    -0.838649
1300    -1.820057
1301     0.355592
1302    -2.188370
1303    -0.163491
1304     0.715489
1305     0.264343
1306     0.368609
1307     0.471194
1308    -2.153364
1309    -1.254750
1310    -1.325266
1311     0.111962
1312    -0.668751
1313    -1.730921
1314     1.377579
1315    -0.642424
1316    -1.466655
1317     1.790746
1318     1.355004
1319     0.241481
1320     0.833039
1321     0.767971
1322     0.434393
1323    -0.472550
1324    -0.172303
1325     0.213619
1326    -0.325358
1327     0.117160
1328    -0.260869
1329    -0.166224
1330    -0.706997
1331    -1.054262
1332    -0.416190
1333    -0.291021
1334     0.401780
1335    -0.611429
1336     1.936676
1337    -1.083400
1338     0.100366
1339     2.447764
1340    -0.819645
1341    -0.378393
1342    -0.687425
1343    -0.298798
1344     0.170986
1345    -0.593248
1346    -0.517160
1347    -0.280129
1348    -0.612760
1349    -0.112778
1350     1.801649
1351    -0.522541
1352     1.060979
1353    -0.798545
1354    -0.393116
1355    -0.121403
1356    -0.298240
1357    -0.547776
1358     0.420476
1359    -2.006277
1360    -0.328365
1361    -0.638468
1362    -1.129872
1363    -0.346111
1364    -0.098260
1365    -0.026359
1366     2.488300
1367     0.231493
1368    -0.625908
1369    -0.429797
1370     0.091336
1371     1.261859
1372    -0.222842
1373     0.496697
1374     2.516931
1375    -0.819193
1376     0.356975
1377     2.395340
1378    -1.084377
1379     1.297292
1380    -0.711659
1381     1.669555
1382     0.437716
1383    -0.402211
1384    -0.137390
1385    -0.053997
1386    -0.259121
1387    -0.473639
1388     0.889251
1389    -0.436243
1390    -0.660001
1391     2.026560
1392    -0.908949
1393    -0.693333
1394     1.053186
1395    -0.672902
1396     1.087409
1397    -1.894338
1398     0.491971
1399     1.165621
1400    -1.632639
1401     0.084808
1402    -1.422495
1403    -0.095103
1404     0.228573
1405    -0.738327
1406     0.956687
1407    -0.661058
1408    -2.011817
1409    -1.979425
1410     2.209749
1411    -0.435400
1412     0.432155
1413    -0.458711
1414    -0.154041
1415     0.504029
1416    -0.527249
1417     0.446548
1418     0.450117
1419    -1.240424
1420    -1.278222
1421    -1.722212
1422     0.019207
1423     0.681277
1424     0.894440
1425    -0.472474
1426     1.062154
1427    -1.885672
1428     0.568095
1429     0.462087
1430    -0.673955
1431     0.820310
1432     1.084254
1433     0.554840
1434     1.041814
1435     1.078295
1436     1.272960
1437     0.982081
1438    -0.732531
1439     0.465399
1440    -0.407267
1441    -0.067253
1442    -1.225150
1443    -0.595348
1444     0.670021
1445    -1.471276
1446     0.711164
1447     0.444902
1448    -0.230872
1449     0.096694
1450     0.177137
1451    -0.245421
1452     0.221182
1453     0.689608
1454    -0.673690
1455     0.878958
1456    -0.859731
1457     2.116256
1458    -0.814101
1459    -0.713200
1460     2.068379
1461    -1.135291
1462    -0.024177
1463    -0.208010
1464     0.154544
1465     0.147050
1466    -0.166865
1467    -0.238370
1468    -1.494542
1469     1.085873
1470     0.039001
1471    -0.799380
1472     2.184011
1473    -1.396271
1474     0.493664
1475    -1.089029
1476     0.265876
1477     0.631467
1478    -0.588237
1479    -0.613989
1480    -0.926565
1481     2.122746
1482    -0.755863
1483     0.831060
1484    -0.699696
1485     0.214390
1486    -1.003705
1487     2.281075
1488    -0.764598
1489     0.532841
1490    -1.802242
1491     0.820042
1492     0.216720
1493    -2.269026
1494     1.864078
1495     0.534235
1496     0.015399
1497     0.090407
1498     0.519848
1499    -1.204225
1500     0.957494
1501     0.953594
1502    -0.064600
1503    -0.451155
1504     1.258074
1505    -1.025233
1506    -0.158969
1507     0.828446
1508    -0.018117
1509    -0.423144
1510     0.910482
1511    -0.794501
1512    -0.472672
1513     0.803347
1514    -0.727322
1515    -0.155945
1516    -2.454784
1517     1.173718
1518     1.063849
1519    -1.994315
1520     1.657324
1521     0.430295
1522     0.261341
1523     0.235111
1524    -0.294712
1525     0.782372
1526     0.121165
1527    -0.538341
1528    -2.589429
1529     0.885005
1530     1.286034
1531     0.657873
1532    -0.446284
1533    -1.113126
1534     0.744585
1535     0.018613
1536    -0.085480
1537     0.369469
1538     0.079478
1539    -0.652733
1540    -2.327857
1541     1.555059
1542     1.030763
1543     0.952563
1544    -0.805421
1545    -0.512647
1546    -2.561490
1547     1.161054
1548     1.122789
1549     0.778084
1550    -0.862092
1551    -0.058028
1552     0.859654
1553    -1.547517
1554     0.411210
1555     0.959529
1556    -0.232974
1557    -0.518659
1558     0.808462
1559    -0.362465
1560     0.090670
1561     0.842998
1562    -0.400197
1563    -0.366608
1564     1.078489
1565    -1.019063
1566    -0.095165
1567     0.653838
1568    -0.231621
1569    -0.476884
1570     0.840694
1571    -1.189501
1572    -0.076422
1573     0.688283
1574    -0.746109
1575    -0.275468
1576    -1.930720
1577     2.037111
1578     0.922132
1579    -1.761703
1580     2.188571
1581     0.340771
1582     0.347594
1583    -0.190761
1584    -0.336226
1585     0.706264
1586    -0.094629
1587    -0.510577
1588    -1.993378
1589     1.719943
1590     0.821192
1591     0.752701
1592    -1.131487
1593    -0.061285
1594     0.560334
1595    -0.273416
1596    -0.310263
1597     0.266352
1598    -0.289065
1599    -0.652139
1600    -1.947680
1601     2.327306
1602     1.135062
1603     0.714455
1604    -1.298748
1605    -0.129294
1606    -2.410467
1607     1.798994
1608     0.704993
1609     0.865514
1610    -0.538659
1611    -0.144345
1612     0.887907
1613    -1.234919
1614     0.222762
1615     0.617016
1616    -0.583028
1617    -0.529180
1618     0.221509
1619    -0.850722
1620    -0.183058
1621     1.025863
1622    -0.595430
1623    -0.605683
1624     1.173998
1625    -1.125425
1626    -0.251937
1627     0.823186
1628     0.050628
1629    -0.392367
1630     0.632714
1631    -1.344850
1632    -0.332226
1633    -0.035304
1634    -0.345995
1635    -0.175629
1636    -1.802732
1637     2.272886
1638     1.140873
1639    -1.215789
1640     2.290098
1641     0.927578
1642     0.512327
1643    -0.255939
1644    -0.478607
1645     0.658590
1646     0.442140
1647    -0.262534
1648    -1.871253
1649     1.015762
1650     0.890982
1651     0.753828
1652    -1.658640
1653    -0.416538
1654     0.194277
1655    -0.065519
1656    -0.486978
1657     0.067282
1658    -0.047650
1659    -0.795558
1660    -1.843401
1661     2.007780
1662     1.183082
1663     1.339582
1664    -1.850238
1665    -0.078456
1666    -2.230525
1667     1.795537
1668     0.914178
1669     0.742777
1670    -0.257724
1671    -0.140259
1672     0.383833
1673    -1.335925
1674     0.018554
1675     0.340518
1676    -0.187736
1677    -0.482577
1678     0.350229
1679    -0.803761
1680    -0.175898
1681     0.883252
1682    -0.862409
1683    -0.696058
1684     1.171983
1685    -1.041443
1686    -0.427654
1687     0.627975
1688     0.202716
1689    -0.783452
1690     0.514552
1691    -1.231046
1692    -0.671650
1693     0.496947
1694     0.385983
1695     0.296693
1696    -2.025886
1697     1.681426
1698     1.058700
1699    -1.453112
1700     1.381018
1701     1.622014
1702     0.185758
1703    -0.624084
1704    -0.642725
1705     0.328888
1706     0.691893
1707    -0.792928
1708    -1.480793
1709     0.810725
1710     1.408265
1711     0.641113
1712    -1.981428
1713    -0.363251
1714    -0.044786
1715    -0.504063
1716    -0.550713
1717     0.146458
1718     0.580926
1719    -1.077369
1720    -1.667228
1721     1.635899
1722     1.320777
1723     1.423947
1724    -2.172048
1725     0.318870
1726    -1.643186
1727     1.795239
1728     1.732157
1729     0.397898
1730     0.089882
1731    -0.690233
1732     0.736891
1733    -0.470986
1734     0.066173
1735     0.302536
1736     0.448553
1737    -0.874514
1738     0.456791
1739    -0.816753
1740    -0.253101
1741     1.027815
1742    -1.299999
1743    -0.318615
1744     1.100814
1745    -0.172550
1746    -0.044664
1747     0.673010
1748     0.374458
1749    -0.084008
1750     0.448869
1751    -0.632274
1752     0.034857
1753    -0.027738
1754    -0.913323
1755    -0.076530
1756    -1.851100
1757     2.419508
1758     0.645496
1759    -1.782476
1760     1.516650
1761     0.122218
1762     0.381061
1763    -0.183241
1764    -0.279683
1765     0.420809
1766    -0.058013
1767    -0.626396
1768    -1.591724
1769     1.850074
1770     0.883943
1771     0.728466
1772    -1.200162
1773    -0.108172
1774     0.083829
1775    -1.168649
1776    -0.425762
1777     0.068721
1778    -0.403356
1779    -0.785917
1780    -1.578608
1781     2.442896
1782     0.854884
1783     1.466853
1784    -1.474999
1785     0.674458
1786    -1.584920
1787     2.454130
1788     0.882341
1789     0.542849
1790    -0.505160
1791    -0.523785
1792     0.660294
1793    -1.306827
1794    -0.488379
1795     0.454994
1796    -0.161427
1797    -0.569823
1798     0.358184
1799    -1.577736
1800     0.233539
1801     0.795484
1802    -1.012824
1803    -0.145860
1804     0.665221
1805    -0.161118
1806     0.538636
1807     0.515677
1808    -0.674830
1809     0.378128
1810     0.590058
1811    -1.081918
1812     0.749159
1813     0.440685
1814    -1.277139
1815     0.361161
1816    -1.426422
1817     1.977501
1818    -0.832653
1819    -1.956767
1820     3.286924
1821    -0.002696
1822    -0.396505
1823     0.637202
1824    -0.149559
1825     0.417367
1826     0.142790
1827    -0.273622
1828    -0.777101
1829     1.707135
1830    -0.630337
1831     0.701947
1832    -1.223293
1833     0.398814
1834    -0.047697
1835    -0.666489
1836    -0.366107
1837    -0.333418
1838    -0.449064
1839    -0.432935
1840    -0.956562
1841     2.205165
1842    -0.664736
1843     0.862839
1844    -1.949165
1845     1.403700
1846    -0.994338
1847     2.084618
1848    -0.537501
1849     0.724422
1850    -0.319188
1851    -0.193609
1852     0.937813
1853    -2.067005
1854     0.007037
1855     0.081982
1856     0.110910
1857    -0.221109
1858     0.155314
1859    -1.270211
1860     0.614092
1861     1.006149
1862    -0.574726
1863     0.178778
1864     0.058203
1865     0.231980
1866     0.659115
1867    -0.126865
1868    -0.874692
1869     0.286514
1870    -0.042397
1871    -0.726015
1872     1.036896
1873    -0.192638
1874    -0.433221
1875     0.493099
1876    -0.844578
1877     1.335665
1878    -1.788021
1879    -0.876774
1880     4.236343
1881     0.300032
1882    -0.041601
1883     0.533487
1884     0.200163
1885     0.026979
1886     0.200375
1887    -0.430392
1888    -0.248216
1889     1.389056
1890    -0.923865
1891     0.545781
1892    -1.243630
1893     0.891883
1894    -0.247180
1895    -0.625748
1896    -0.059513
1897    -0.533308
1898    -0.119899
1899    -0.062367
1900    -0.147194
1901     1.495295
1902    -1.940370
1903     0.065956
1904    -2.008486
1905     1.607955
1906    -0.404820
1907     1.300032
1908    -1.766722
1909     0.770701
1910    -0.528537
1911    -0.096830
1912     0.643501
1913    -1.737413
1914     0.046351
1915     0.534210
1916    -0.292968
1917     0.009880
1918     0.054092
1919    -1.556897
1920     1.357415
1921     1.002313
1922    -0.680321
1923     0.287576
1924    -1.018517
1925     1.438334
1926     0.440543
1927     0.362142
1928    -0.218338
1929    -0.055436
1930    -0.763113
1931    -0.067935
1932     0.104765
1933    -0.932582
1934     0.557612
1935    -0.846673
1936     0.105119
1937     1.693685
1938    -0.709221
1939     0.916441
1940    -2.515190
1941    -1.461248
1942    -1.988041
1943     0.982326
1944     0.398421
1945     0.181657
1946     0.940193
1947     0.130923
1948    -0.728647
1949     1.925556
1950     0.367313
1951    -0.312574
1952    -1.590162
1953     0.634583
1954     0.181263
1955     0.049572
1956    -0.148267
1957    -1.135224
1958     0.831099
1959     0.023997
1960     0.436611
1961     1.629726
1962    -0.978933
1963     0.032681
1964    -2.415715
1965     0.853090
1966     0.036230
1967     1.725628
1968    -0.824205
1969     0.875695
1970    -0.512150
1971     0.400785
1972     1.224739
1973    -2.296440
1974    -0.111847
1975     0.628156
1976    -0.149995
1977     0.649047
1978     0.895655
1979    -1.327484
1980     0.844788
1981     1.273853
1982     0.422056
1983     0.734039
1984    -2.063408
1985     1.420020
1986     0.956683
1987    -0.612405
1988    -0.724356
1989    -0.445759
1990    -0.458413
1991    -0.103958
1992     0.950472
1993    -0.385687
1994    -0.251098
1995    -0.826600
1996     1.571536
1997    -0.219004
1998    -1.644121
1999     1.616853
2000     0.017530
2001    -2.135193
2002    -0.734379
2003    -0.838216
2004     1.145972
2005    -0.379471
2006    -0.520419
2007    -0.455487
2008     1.601315
2009    -0.261962
2010     0.298527
2011    -0.795690
2012     0.216437
2013     1.692706
2014    -0.495227
2015    -0.026680
2016    -0.324364
2017    -0.830176
2018    -0.082932
2019     0.591862
2020     1.310757
2021    -0.286334
2022    -2.104357
2023    -0.682238
2024     0.083123
2025     1.588803
2026     1.795253
2027    -0.147552
2028    -1.796855
2029    -0.974793
2030     0.462080
2031    -0.053456
2032     0.669617
2033    -0.194224
2034    -0.114279
2035    -1.097971
2036     1.558625
2037     0.620968
2038    -0.329325
2039    -0.523135
2040     1.320436
2041     1.434561
2042     0.769185
2043     1.906691
2044    -0.585717
2045     1.852587
2046     0.105672
2047    -1.079007
2048    -0.272498
2049     0.663522
2050     0.596318
2051    -0.493883
2052     0.500303
2053     0.883572
2054     0.244083
2055    -0.233403
2056    -0.591415
2057     0.426187
2058    -0.664114
2059    -1.271337
2060     1.230416
2061    -1.021942
2062     0.960205
2063    -1.284225
2064     0.573936
2065    -1.116139
2066    -0.689250
2067     0.074782
2068     0.476784
2069    -0.991194
2070    -0.177647
2071     1.066694
2072    -0.337004
2073     0.779823
2074    -1.110685
2075    -0.250180
2076    -0.566986
2077     0.264301
2078    -0.643921
2079    -0.355482
2080    -0.478622
2081     0.923457
2082    -0.785907
2083     1.486574
2084     0.196293
2085     1.529879
2086    -1.325456
2087     0.534520
2088    -0.960913
2089    -2.272475
2090    -0.043522
2091    -0.251333
2092     0.532499
2093    -1.223527
2094    -0.867727
2095     0.210509
2096     0.318672
2097    -1.970277
2098     1.918836
2099    -0.266197
2100     1.721122
2101     1.117496
2102    -0.108152
2103     1.325630
2104    -0.141332
2105    -0.205019
2106    -0.403610
2107    -1.028275
2108    -0.083555
2109     0.529682
2110     0.246021
2111    -0.688192
2112     0.342951
2113     0.575708
2114    -0.826514
2115    -0.237903
2116    -0.369179
2117     1.442465
2118    -0.182079
2119     0.160363
2120     1.659174
2121    -0.144036
2122     2.261707
2123    -1.772802
2124     1.082266
2125    -1.757191
2126    -0.735551
2127    -0.260211
2128    -0.871111
2129     1.024653
2130    -0.693373
2131     1.754178
2132    -1.323579
2133     0.752197
2134    -1.317683
2135    -0.389257
2136    -0.848114
2137     0.236879
2138    -0.552836
2139    -0.076399
2140    -1.148001
2141     1.060336
2142    -0.962809
2143     1.295331
2144    -0.712966
2145     0.935668
2146    -0.801578
2147     1.476818
2148    -0.307489
2149    -1.277812
2150     0.031721
2151     0.348564
2152    -0.596731
2153     1.179770
2154    -0.934393
2155    -0.344276
2156     1.078710
2157    -1.332984
2158     2.005487
2159    -1.555223
2160     1.066443
2161     2.168503
2162     0.671252
2163     1.451796
2164     0.026585
2165     0.683668
2166    -0.169471
2167    -1.133558
2168    -0.806860
2169     0.004675
2170    -0.757992
2171    -0.483300
2172     0.857814
2173    -1.504784
2174    -1.073879
2175     0.527659
2176     0.455109
2177     0.746583
2178    -0.838588
2179     0.321619
2180     1.165537
2181    -0.482147
2182     1.907831
2183    -0.754591
2184     1.918445
2185     0.113679
2186    -1.254213
2187    -1.782413
2188     0.089258
2189     1.061609
2190    -1.090324
2191     1.201182
2192    -0.413261
2193     1.589882
2194    -0.968562
2195     0.286268
2196    -0.262596
2197     0.210093
2198    -0.691597
2199    -0.011198
2200    -1.110385
2201     0.933894
2202    -0.816909
2203     0.948088
2204    -0.795324
2205     0.710130
2206     0.394815
2207     0.467610
2208    -1.614436
2209    -0.846560
2210    -0.407728
2211     0.016915
2212    -1.559275
2213     0.580016
2214    -0.768427
2215    -1.336845
2216     0.493981
2217    -1.119523
2218     1.381201
2219    -0.409666
2220     1.878719
2221     1.794488
2222    -0.409541
2223     0.741173
2224     1.874906
2225     0.278238
2226     0.759940
2227     0.076213
2228    -0.017899
2229     1.062987
2230    -0.604579
2231    -0.263401
2232     0.576540
2233    -2.353442
2234     0.082458
2235    -0.076050
2236     1.584412
2237    -0.531923
2238    -0.287561
2239    -0.631300
2240     2.395249
2241    -0.005117
2242     0.501644
2243    -1.412147
2244    -0.115180
2245    -1.305695
2246     0.158199
2247    -1.423928
2248     0.655469
2249    -0.041546
2250    -0.851213
2251     0.169833
2252    -0.290026
2253     0.690041
2254    -1.863760
2255     1.108203
2256    -0.533591
2257    -0.440861
2258    -0.313801
2259    -0.033313
2260    -0.243966
2261     0.072487
2262    -0.505549
2263     0.842232
2264    -0.191058
2265     0.808610
2266     2.307674
2267    -0.435389
2268    -0.370998
2269    -1.471213
2270    -0.068216
2271    -0.473309
2272    -1.251056
2273     0.117987
2274    -0.637040
2275    -1.688832
2276     1.001468
2277    -0.733266
2278     2.047834
2279    -1.239344
2280     1.406825
2281     0.257764
2282     0.436036
2283     1.133616
2284     0.585581
2285     2.577847
2286     0.423496
2287     0.633234
2288    -0.469665
2289     0.751687
2290    -0.009414
2291    -1.271915
2292     0.331966
2293    -0.299164
2294    -1.588610
2295    -0.800590
2296    -0.797663
2297     2.458495
2298    -0.233108
2299    -0.684527
2300     1.284591
2301     0.556869
2302     0.410036
2303    -1.647686
2304     0.191177
2305    -0.195240
2306    -1.910719
2307    -1.396887
2308     1.533507
2309    -0.294110
2310    -0.804832
2311    -0.104814
2312    -0.615402
2313     0.846323
2314    -1.595307
2315    -0.207959
2316     0.175487
2317     0.378619
2318    -1.190860
2319    -0.071745
2320    -0.153095
2321     2.179346
2322    -0.402320
2323     0.612975
2324     0.750045
2325     0.776024
2326    -0.610868
2327     0.173915
2328     0.489395
2329    -0.855594
2330    -0.515299
2331     0.079280
2332     0.894255
2333    -1.280484
2334    -1.501572
2335    -0.228671
2336    -1.262367
2337    -1.008472
2338     0.228385
2339     2.394802
2340     0.464203
2341    -1.354001
2342     0.490409
2343     0.032631
2344    -1.700937
2345     1.172437
2346     0.853614
2347     1.846050
2348    -0.309368
2349     0.552366
2350     1.266505
2351    -0.787599
2352    -0.370713
2353     0.606407
2354    -0.916288
2355    -0.630388
2356    -3.333028
2357     0.786538
2358    -0.429946
2359    -0.625868
2360     1.149887
2361     0.987937
2362     0.920787
2363    -0.861112
2364    -0.028552
2365     0.366610
2366    -1.240345
2367    -0.578563
2368     1.617194
2369     0.042267
2370    -0.275611
2371     1.061640
2372    -0.268478
2373    -0.128850
2374    -0.940248
2375     0.197863
2376     0.247350
2377     0.890472
2378    -0.577648
2379    -0.052720
2380    -1.629169
2381     1.443997
2382     0.216289
2383    -0.545123
2384     0.738687
2385     0.652217
2386    -0.341218
2387     0.435291
2388     0.622699
2389     1.153318
2390    -0.589578
2391    -0.032651
2392     1.700271
2393    -0.742524
2394    -1.193909
2395     1.407807
2396    -1.029540
2397    -0.872689
2398    -2.367469
2399     0.865105
2400     0.429490
2401    -2.132961
2402     0.927602
2403    -1.293537
2404    -0.608187
2405     0.287302
2406    -0.658858
2407     2.176390
2408    -1.011244
2409     1.118167
2410     1.015064
2411    -0.490619
2412     0.925817
2413     0.881332
2414     0.311368
2415     0.968750
2416    -1.719878
2417     0.528849
2418    -2.306968
2419    -1.250491
2420     1.335679
2421     0.188854
2422     0.949430
2423    -0.623587
2424     1.031669
2425     0.581398
2426    -0.492474
2427     0.878190
2428     0.609306
2429    -1.118127
2430     0.039880
2431     0.612795
2432     0.251396
2433     0.839858
2434    -0.908176
2435     0.498961
2436    -0.862622
2437     0.531718
2438    -0.630962
2439     0.411004
2440    -1.793911
2441     1.460654
2442    -1.908378
2443    -1.166325
2444     0.419444
2445    -0.464186
2446    -0.318033
2447    -0.281394
2448    -0.660120
2449     0.852079
2450    -0.644053
2451     0.765584
2452     1.398510
2453    -0.445694
2454     1.118176
2455     1.216482
2456    -0.793527
2457     0.911348
2458    -0.926544
2459     0.510423
2460    -1.042628
2461    -2.137177
2462     0.402017
2463    -0.239238
2464     0.890699
2465     0.953038
2466     0.453301
2467     1.497542
2468     0.318200
2469     0.524748
2470    -0.588590
2471    -0.263879
2472    -0.914901
2473     0.068169
2474     1.011500
2475    -0.749693
2476     0.566155
2477    -1.448998
2478     0.089905
2479    -0.437426
2480     0.279148
2481     1.660220
2482    -0.005146
2483    -0.728721
2484     0.545487
2485    -0.623553
2486    -1.166576
2487    -0.310362
2488     0.520173
2489     0.086328
2490     0.501134
2491     0.321191
2492     0.595627
2493    -0.192720
2494     0.629132
2495     0.083953
2496    -0.385299
2497    -0.229158
2498    -0.564381
2499    -1.256167
2500     1.406851
2501    -0.936516
2502     1.379019
2503    -1.414272
2504     0.484599
2505    -0.407422
2506     1.675282
2507    -0.066600
2508     0.740963
2509    -0.535198
2510     0.240782
2511    -0.033573
2512    -1.021513
2513     0.767372
2514    -0.207874
2515    -0.981641
2516    -0.251409
2517    -0.356100
2518     0.398478
2519     0.204516
2520    -0.841428
2521    -0.373955
2522     1.146329
2523     0.218331
2524    -0.317631
2525    -0.278040
2526     0.314477
2527    -0.112056
2528     0.365276
2529     0.484666
2530    -0.590403
2531     0.968503
2532    -0.205100
2533    -0.652831
2534     0.217466
2535    -1.028211
2536     2.332360
2537    -0.681668
2538     0.496757
2539     2.486942
2540    -0.142357
2541     1.005757
2542    -0.357033
2543    -1.046039
2544     0.257717
2545    -0.375450
2546    -0.357214
2547    -0.001641
2548    -0.532748
2549    -1.229623
2550    -0.043951
2551    -0.817574
2552     0.078742
2553    -0.377256
2554    -0.232920
2555    -0.074459
2556    -0.154793
2557     0.094037
2558    -0.389849
2559    -1.516000
2560     2.297930
2561    -0.355994
2562     0.987985
2563    -1.147782
2564     0.270607
2565    -0.336801
2566     1.878083
2567     0.089065
2568     0.781021
2569    -1.207468
2570     0.105009
2571    -0.037872
2572    -1.410642
2573     0.675746
2574    -0.288335
2575    -0.947173
2576    -0.038040
2577    -0.270440
2578    -0.013686
2579     0.676541
2580    -0.286313
2581    -1.114369
2582     1.573167
2583    -0.616235
2584     0.564752
2585     0.256534
2586     1.896914
2587    -0.288101
2588     0.423801
2589    -0.081601
2590    -0.151303
2591     0.002294
2592     0.207619
2593     0.428105
2594     0.543938
2595    -0.014600
2596     1.557358
2597    -0.395519
2598    -0.111435
2599     0.654662
2600    -0.223595
2601    -0.918864
2602    -0.018941
2603    -1.739179
2604     0.717879
2605    -0.586421
2606    -0.060005
2607    -0.596635
2608     0.324788
2609    -0.743793
2610     1.224499
2611    -0.320746
2612    -0.278444
2613     0.525225
2614    -0.301991
2615     1.156667
2616    -0.321464
2617     1.472224
2618    -0.571091
2619    -0.552263
2620     0.693509
2621    -0.956267
2622    -0.721498
2623    -0.285582
2624     1.262310
2625     0.889551
2626     0.413990
2627    -1.003795
2628    -0.597882
2629    -1.124952
2630     0.058799
2631    -0.032035
2632    -1.626728
2633    -0.175173
2634    -0.997028
2635    -1.026707
2636     0.223403
2637    -0.667485
2638     0.736451
2639     0.645949
2640     0.767338
2641    -2.693902
2642     0.925284
2643    -0.651663
2644     0.058089
2645     0.290195
2646     1.796799
2647     0.177983
2648    -0.257245
2649    -0.749668
2650     0.150915
2651     0.796590
2652     0.981399
2653     2.108442
2654    -1.870264
2655    -1.528839
2656     0.369601
2657    -0.755972
2658    -0.498971
2659     0.108487
2660    -0.179686
2661    -0.797036
2662    -0.349251
2663    -0.584573
2664     1.151955
2665    -0.288882
2666    -0.438816
2667    -0.913206
2668     0.142311
2669    -0.766469
2670     1.023903
2671    -0.901604
2672     0.609637
2673     1.631627
2674    -0.408740
2675     0.441501
2676    -0.615746
2677    -1.613056
2678     0.583658
2679     0.016891
2680     0.721126
2681    -0.871147
2682    -0.806242
2683     0.326747
2684     1.067604
2685     0.817216
2686     0.692730
2687    -0.521771
2688    -0.435821
2689    -0.160607
2690     0.486536
2691     0.060118
2692     2.017578
2693     0.766625
2694    -0.457615
2695    -0.655894
2696    -0.062940
2697    -0.857304
2698     0.197928
2699     0.341253
2700     0.832204
2701    -1.950624
2702     0.380233
2703    -0.751592
2704    -1.842356
2705     1.487974
2706     0.448064
2707    -0.100877
2708    -0.455135
2709    -0.782796
2710    -0.528054
2711    -0.263148
2712    -0.125164
2713     1.066160
2714     0.212331
2715    -0.747732
2716     0.877386
2717    -1.542603
2718    -0.265288
2719     0.913009
2720    -1.084788
2721    -0.281044
2722    -0.727413
2723     0.519448
2724     0.460354
2725     1.372647
2726    -0.874043
2727     0.476370
2728     0.118198
2729    -1.252112
2730     0.362622
2731    -2.356727
2732     2.363106
2733     0.904781
2734     0.852455
2735    -1.264156
2736     0.231794
2737     0.275651
2738    -0.679944
2739     0.470331
2740     1.561308
2741    -0.830939
2742     0.282899
2743     0.297576
2744     1.676569
2745     0.608292
2746     0.820825
2747    -1.607670
2748    -0.452553
2749    -1.180281
2750     1.555501
2751    -0.073508
2752     0.676638
2753     0.551075
2754    -0.871991
2755    -0.296363
2756     0.013930
2757    -0.491064
2758     0.150840
2759     1.094372
2760     0.597225
2761    -1.479708
2762     0.158364
2763    -1.453932
2764     1.286258
2765     1.297462
2766     1.190212
2767     2.020933
2768     0.240886
2769     1.480710
2770     1.809226
2771     0.439708
2772     1.525478
2773     0.074656
2774     0.277319
2775     1.135953
2776    -0.552032
2777    -1.182207
2778    -0.233591
2779    -0.866738
2780    -0.999096
2781    -0.319246
2782     1.173613
2783     0.799105
2784     0.487860
2785    -0.500386
2786    -0.976489
2787    -0.245800
2788    -0.619490
2789    -1.065644
2790    -0.693310
2791    -2.134483
2792     1.461679
2793     2.338728
2794     0.000203
2795    -0.877603
2796    -0.762441
2797     1.201225
2798     0.073188
2799     1.007994
2800    -0.205580
2801    -0.704721
2802     0.043751
2803    -0.387451
2804     0.832750
2805    -0.416037
2806    -0.502798
2807    -1.148798
2808    -0.412039
2809    -0.176384
2810     0.450488
2811    -2.124287
2812    -1.028384
2813    -0.047883
2814    -1.522783
2815     0.962667
2816     0.444817
2817    -0.752197
2818    -0.075346
2819     0.526677
2820    -0.275024
2821    -0.370790
2822    -1.363549
2823    -1.415593
2824    -0.620077
2825     2.697293
2826     2.101397
2827     0.818837
2828     0.778460
2829     0.920445
2830     0.760110
2831     1.013202
2832     0.994684
2833     0.735853
2834     1.047383
2835     0.757575
2836     0.176564
2837    -0.730426
2838    -0.401703
2839     0.440825
2840    -0.383937
2841    -0.395592
2842    -0.129981
2843     1.379638
2844     0.594345
2845     0.596132
2846    -0.390554
2847    -0.375399
2848     0.192166
2849    -0.414429
2850    -0.637700
2851     0.344893
2852     1.053587
2853     1.179947
2854    -0.211378
2855    -0.356368
2856    -0.615368
2857     1.753958
2858     0.871548
2859     0.671120
2860     0.671125
2861    -0.665292
2862    -0.309325
2863    -0.673419
2864     0.773284
2865    -0.482658
2866     0.635265
2867    -0.315178
2868    -0.420941
2869    -2.013302
2870    -2.121804
2871    -0.911772
2872    -0.658264
2873    -2.587397
2874    -1.251959
2875    -1.123378
2876    -1.305096
2877    -0.359812
2878    -1.325138
2879     1.019635
2880     0.358311
2881    -0.687313
2882    -1.407664
2883    -1.095470
2884     0.033551
2885    -0.348670
2886    -0.316001
2887     0.312812
2888     1.434603
2889     0.990304
2890     0.006095
2891     1.163274
2892     0.557730
2893     0.170525
2894     1.219834
2895     0.652126
2896     0.453688
2897     1.330311
2898     0.472332
2899     0.366738
2900     1.343200
2901     0.215228
2902    -0.144551
2903    -0.709864
2904    -0.015176
2905     0.356965
2906     1.082087
2907     0.119887
2908     0.356936
2909     1.297453
2910     0.325945
2911     0.470839
2912    -1.380432
2913    -0.376642
2914     0.388094
2915     1.468737
2916     0.574699
2917     0.975089
2918     1.494066
2919     0.772963
2920     0.468792
2921     1.089948
2922     0.085248
2923     0.294927
2924    -2.004926
2925    -0.787751
2926     0.534051
2927     1.224066
2928     0.336282
2929    -1.867758
2930    -2.720960
2931    -1.060818
2932    -0.435002
2933    -2.806268
2934    -0.231895
2935    -1.490708
2936    -1.264994
2937    -0.710143
2938    -0.563770
2939    -1.503801
2940    -0.508850
2941    -1.178416
2942    -0.132406
2943    -1.038803
2944    -0.029151
2945    -0.222245
2946     0.333862
2947    -0.200533
2948     0.409547
2949     0.354892
2950     1.112503
2951     0.853064
2952     1.602345
2953    -0.833645
2954     1.688682
2955     0.716761
2956    -0.582654
2957     0.855578
2958    -0.707521
2959     0.110555
2960     0.716867
2961    -0.648605
2962    -1.834293
2963    -0.661321
2964     0.026720
2965     0.083702
2966     1.720553
2967     0.256566
2968     0.389643
2969     0.298991
2970    -0.600593
2971    -0.391485
2972    -1.277895
2973    -0.571878
2974    -0.406768
2975     0.557874
2976    -1.046898
2977    -0.600928
2978     2.268259
2979    -0.304021
2980     0.074087
2981     1.606251
2982    -0.163223
2983     0.448268
2984    -1.374085
2985    -0.570795
2986     0.406231
2987     0.322701
2988    -0.640072
2989     0.083433
2990    -1.516152
2991    -0.183319
2992     1.261045
2993    -2.922989
2994     1.556827
2995     0.498910
2996    -1.412746
2997     0.583158
2998     1.589496
2999    -1.778528
3000     1.044596
3001    -1.107245
3002    -0.502492
3003    -0.971930
3004    -1.081436
3005    -2.056360
3006    -1.279041
3007     0.353259
3008     0.742243
3009     1.106085
3010    -0.121983
3011     0.241418
3012     0.560367
3013     0.160782
3014     0.984529
3015     0.859686
3016     0.466058
3017     0.855443
3018    -0.254280
3019     0.949133
3020     1.515979
3021    -0.007401
3022    -1.633574
3023    -1.182704
3024     0.536022
3025     0.607637
3026     0.121190
3027    -1.224114
3028     0.379406
3029     1.020513
3030    -0.383216
3031     0.432301
3032    -0.876099
3033     0.540251
3034     0.372220
3035     1.390149
3036    -0.428578
3037     1.332112
3038     0.494773
3039    -1.422142
3040     1.436571
3041     0.919419
3042    -0.532913
3043    -1.250795
3044    -0.941398
3045    -1.165144
3046     0.187618
3047     0.868791
3048    -0.505580
3049     0.362981
3050    -0.599538
3051     1.077421
3052    -0.282633
3053    -0.666837
3054     2.949653
3055    -0.209077
3056    -0.838736
3057     1.286668
3058    -1.353337
3059    -1.490282
3060    -0.741814
3061    -1.487447
3062    -0.262833
3063    -1.244273
3064    -1.515271
3065    -0.518384
3066    -0.952696
3067     0.231556
3068     0.013007
3069     0.411277
3070    -0.108043
3071     0.631026
3072    -1.216930
3073    -0.059699
3074     0.295645
3075     0.123357
3076     2.345301
3077    -0.227139
3078     0.042532
3079     1.643228
3080    -0.661164
3081     0.105026
3082    -1.892579
3083    -0.531039
3084    -0.697565
3085     0.226278
3086     0.152605
3087     0.691178
3088     0.421775
3089    -0.302437
3090    -0.727439
3091    -0.069993
3092     0.223892
3093     0.183325
3094     0.326272
3095     0.152479
3096    -0.586407
3097     1.239087
3098     0.081406
3099     0.357462
3100     2.000108
3101    -0.937800
3102    -0.379634
3103    -1.679216
3104     0.263808
3105    -1.089000
3106     1.789473
3107     0.203224
3108    -0.330548
3109    -0.224182
3110     0.471015
3111     1.910871
3112    -0.735334
3113     0.301213
3114     2.409423
3115    -0.698695
3116     0.607950
3117     2.119572
3118    -1.752620
3119     0.043526
3120    -1.129530
3121    -0.540552
3122     0.498888
3123    -0.532359
3124    -0.694240
3125     0.149042
3126    -0.304052
3127     0.053039
3128    -1.394131
3129     0.044073
3130    -0.375067
3131    -0.818529
3132    -1.582995
3133    -0.226723
3134    -0.980394
3135    -0.126160
3136     0.538770
3137    -1.248708
3138    -1.428691
3139     0.539101
3140    -1.271639
3141    -0.887462
3142    -0.480392
3143     0.542492
3144     0.175050
3145     1.066957
3146     0.323650
3147     1.438103
3148     1.004888
3149     0.480175
3150    -0.139166
3151    -0.550933
3152     0.749004
3153    -0.017751
3154     1.122273
3155     0.335536
3156     0.019576
3157     1.340926
3158     0.828004
3159     0.832520
3160     0.616570
3161    -1.584496
3162    -1.598691
3163    -0.455316
3164     0.743978
3165    -0.311299
3166     0.479889
3167    -1.492049
3168    -1.637571
3169    -0.715935
3170     1.257170
3171     1.798093
3172    -1.033793
3173     1.400244
3174     2.457630
3175    -0.899209
3176     1.044452
3177     2.188619
3178    -0.790253
3179     0.437311
3180    -0.387466
3181     0.591291
3182    -1.441094
3183    -0.126068
3184     0.474586
3185    -1.935388
3186     0.179533
3187    -0.427718
3188    -0.351389
3189     0.473415
3190    -0.988382
3191    -0.213949
3192    -0.975967
3193    -0.841881
3194     0.273196
3195     0.202444
3196    -0.208896
3197     0.201112
3198    -1.885538
3199     0.028499
3200    -0.032831
3201    -0.845827
3202    -0.166438
3203     0.319294
3204     1.632253
3205     0.662661
3206     0.653455
3207    -0.682100
3208     1.004255
3209     0.317131
3210    -0.094877
3211     0.716659
3212    -1.109774
3213     1.332106
3214     0.542984
3215     0.920513
3216    -0.850562
3217     0.960810
3218     0.888114
3219    -1.243987
3220    -0.036703
3221     0.436017
3222    -1.294123
3223     0.306196
3224    -0.857543
3225    -0.633842
3226    -0.198669
3227     0.022732
3228    -1.491427
3229    -0.651031
3230     1.022875
3231     1.608430
3232    -1.025795
3233     1.169614
3234     2.461849
3235    -1.099734
3236     1.260588
3237     2.293171
3238     0.357307
3239    -1.542673
3240    -0.058882
3241     0.552317
3242    -1.392913
3243     0.261062
3244     0.755305
3245    -2.103422
3246     0.937103
3247     1.201884
3248     0.945459
3249     0.650697
3250     0.821451
3251     1.106807
3252     0.292629
3253     0.034735
3254     1.355782
3255     0.513193
3256     0.375211
3257    -0.052404
3258    -1.087812
3259     0.164819
3260     0.166178
3261    -0.827017
3262    -1.399722
3263    -1.070384
3264     0.926441
3265    -0.039679
3266     0.392366
3267    -1.074181
3268    -0.233615
3269     0.347071
3270    -1.199010
3271    -0.036433
3272    -0.637379
3273     0.248512
3274     0.114390
3275     0.289894
3276    -0.823409
3277     0.712938
3278     0.300767
3279    -0.993680
3280     0.424054
3281     1.702969
3282    -1.552826
3283     0.947349
3284    -2.147604
3285     0.853224
3286     0.267073
3287     0.208261
3288    -1.027523
3289    -1.524518
3290     0.758246
3291     0.564889
3292    -1.966843
3293     0.388744
3294     1.478169
3295    -1.929942
3296     0.886902
3297     1.230191
3298     0.759226
3299    -1.445341
3300     0.629349
3301    -0.625253
3302     0.314592
3303     0.900245
3304    -0.979077
3305     0.185114
3306     1.349880
3307    -0.197270
3308     2.892910
3309     0.632636
3310     2.433655
3311    -0.624832
3312     0.070496
3313    -0.465875
3314     0.888976
3315    -0.414374
3316     0.315119
3317    -0.164906
3318    -1.022732
3319     0.414912
3320    -0.308501
3321    -0.988025
3322    -2.162158
3323    -0.550581
3324     0.727100
3325     0.166422
3326     0.159123
3327    -0.831011
3328     1.141198
3329    -0.475649
3330    -0.492855
3331     0.254742
3332    -0.665917
3333     0.619532
3334     0.975335
3335    -0.708457
3336    -0.890605
3337     0.904282
3338    -0.265184
3339    -1.329397
3340    -0.241621
3341     2.173320
3342    -1.674407
3343    -0.355091
3344    -1.154026
3345     0.778852
3346    -0.118180
3347     0.442222
3348    -0.976608
3349    -0.226262
3350     0.039748
3351     1.244906
3352    -0.185316
3353    -1.273331
3354     1.458025
3355    -0.539031
3356     0.063503
3357     1.753782
3358    -0.510530
3359    -0.968123
3360    -0.915439
3361    -0.340669
3362     1.013035
3363     0.554367
3364    -0.608758
3365     1.190899
3366     0.684701
3367     0.041164
3368     2.133114
3369     0.621987
3370     0.854117
3371    -2.952787
3372     0.424529
3373    -0.516051
3374     1.018254
3375    -0.441396
3376     0.830052
3377     0.932166
3378    -0.889321
3379     0.466960
3380    -0.521138
3381    -0.322342
3382    -0.843283
3383    -0.129642
3384     1.196707
3385     1.586097
3386     1.399742
3387    -0.204566
3388    -0.212481
3389    -1.066907
3390    -1.154288
3391     0.983925
3392    -0.197564
3393     1.020953
3394     0.389807
3395    -0.938996
3396    -0.895340
3397     0.794475
3398    -0.831646
3399    -0.634048
3400    -0.236818
3401     1.121299
3402    -0.561299
3403    -0.233678
3404    -0.112334
3405     0.312731
3406     0.638505
3407     1.225471
3408    -0.444533
3409    -0.795543
3410    -0.235923
3411     0.554760
3412    -2.164202
3413    -2.796022
3414    -0.654438
3415    -0.373666
3416    -0.205556
3417     1.870764
3418    -0.259955
3419    -0.045464
3420    -1.039929
3421    -0.157866
3422     0.551636
3423     0.580575
3424    -0.572439
3425     1.374394
3426     0.987251
3427     0.390944
3428     0.633342
3429    -0.010499
3430    -0.044429
3431    -1.990877
3432     0.453937
3433    -0.887331
3434    -0.405586
3435    -1.488526
3436     1.294719
3437     0.202968
3438    -0.668166
3439     0.734506
3440    -0.556278
3441     0.100287
3442    -0.422411
3443    -1.105657
3444     0.748277
3445     1.322612
3446     1.935848
3447     0.394292
3448     0.955286
3449     1.636778
3450     0.409922
3451     0.472433
3452    -0.374768
3453     0.676960
3454     1.070447
3455     0.711518
3456     0.234661
3457     1.479635
3458     0.423686
3459     0.311045
3460     0.270735
3461     0.006408
3462    -0.557483
3463    -1.324273
3464     1.834126
3465     0.625678
3466    -0.049174
3467     0.551708
3468    -0.829321
3469    -0.561569
3470    -1.099891
3471     0.090496
3472    -3.299872
3473    -1.568186
3474    -0.956933
3475    -0.262476
3476    -1.996680
3477     0.336329
3478    -0.409477
3479    -0.764490
3480    -1.438780
3481     0.297651
3482     1.825503
3483    -0.292810
3484    -0.133772
3485     0.112793
3486     1.440797
3487     0.967606
3488     1.989708
3489    -0.328859
3490    -0.150685
3491    -0.139911
3492    -0.631576
3493    -0.626421
3494    -2.039883
3495    -0.223875
3496    -0.112681
3497    -1.023877
3498    -0.878864
3499     0.064724
3500    -0.511109
3501     0.209083
3502    -0.824672
3503    -1.239843
3504     0.112720
3505     0.910015
3506     1.673324
3507     0.420018
3508     0.394078
3509     0.449639
3510     0.514376
3511     0.954068
3512     0.208534
3513     1.226845
3514     0.991076
3515     1.262097
3516     0.291104
3517     1.373272
3518     1.077795
3519     0.520795
3520     0.391212
3521    -0.443211
3522     0.615815
3523    -0.172631
3524     1.542746
3525     0.936654
3526     0.233669
3527    -0.824582
3528     0.564576
3529    -1.188414
3530    -1.265321
3531    -0.916337
3532    -1.972240
3533     0.364750
3534    -2.461168
3535    -0.489237
3536    -2.450869
3537     0.546551
3538    -0.906618
3539    -0.568285
3540    -1.665845
3541    -0.733494
3542     1.474713
3543    -0.764261
3544    -0.702580
3545     0.545022
3546     1.383800
3547    -0.018936
3548     1.344307
3549    -1.231147
3550     0.491760
3551    -1.021110
3552    -2.361633
3553    -0.225192
3554    -1.077814
3555     1.383277
3556     0.205686
3557    -0.196808
3558     0.486297
3559    -0.304211
3560    -1.386244
3561    -1.656973
3562     0.752744
3563    -0.538219
3564     1.223390
3565     1.200305
3566     1.123458
3567    -0.513745
3568    -0.003962
3569     0.814160
3570     0.525118
3571     0.219645
3572    -0.166591
3573    -0.290681
3574     0.381776
3575     1.037292
3576    -0.515278
3577     0.157912
3578     0.845428
3579    -0.200853
3580    -1.141268
3581    -0.480344
3582     0.149691
3583    -0.363754
3584     0.292187
3585    -1.096840
3586    -0.621417
3587    -0.133615
3588     1.834362
3589     0.104041
3590    -0.784078
3591     1.882980
3592    -0.386089
3593    -0.081474
3594    -3.262147
3595     0.401903
3596    -1.424303
3597     2.081828
3598     0.585130
3599    -0.185966
3600     0.942814
3601     0.234689
3602     0.573097
3603    -1.524229
3604    -1.003133
3605     0.570549
3606     0.274040
3607     1.756789
3608     0.734958
3609    -0.716628
3610     1.849106
3611    -0.508627
3612     0.018768
3613    -1.362330
3614    -0.306845
3615     0.985365
3616    -1.208954
3617     0.253150
3618     0.411296
3619    -1.706565
3620    -0.382421
3621     0.377668
3622    -1.001912
3623    -0.189339
3624     0.683909
3625     1.135763
3626     1.115292
3627    -0.736524
3628     1.392217
3629    -0.059985
3630    -0.393512
3631    -0.785688
3632    -0.550561
3633    -0.845862
3634     1.904229
3635     0.083783
3636    -0.797392
3637     1.698544
3638     0.362996
3639    -0.368176
3640    -0.165581
3641    -0.868618
3642    -1.013591
3643    -1.129397
3644    -0.680820
3645    -1.591046
3646     0.252491
3647    -0.703800
3648     0.145198
3649    -1.062185
3650     0.174788
3651     2.889324
3652     1.193840
3653     0.365187
3654    -1.174715
3655    -1.014725
3656    -0.502034
3657     1.624486
3658    -0.977199
3659     0.519251
3660     1.751621
3661     1.066267
3662     1.045998
3663     0.871589
3664    -0.342890
3665     1.080680
3666     0.072131
3667     1.857442
3668    -0.330033
3669    -3.003635
3670     1.965682
3671    -0.603384
3672    -1.261703
3673    -0.357547
3674    -0.424772
3675     1.018429
3676    -0.072660
3677    -0.315754
3678    -0.400105
3679    -0.924502
3680    -0.128330
3681     0.886702
3682    -0.152195
3683    -0.096283
3684     0.428647
3685    -0.499822
3686     0.964851
3687    -1.754348
3688    -0.944635
3689    -0.343885
3690    -1.163564
3691     0.244052
3692    -0.204018
3693     0.679126
3694     0.179705
3695    -0.220715
3696    -2.165152
3697    -0.334334
3698    -0.413540
3699    -1.822731
3700     0.525266
3701    -0.360842
3702     0.334949
3703    -0.830788
3704    -0.116386
3705    -0.381375
3706    -0.298780
3707    -0.404864
3708    -0.445005
3709    -0.673386
3710     0.096558
3711     2.657316
3712     0.011450
3713     0.499997
3714     1.889794
3715    -0.119625
3716    -0.658481
3717     1.667684
3718    -0.298697
3719     0.933203
3720     1.891251
3721     0.465306
3722     0.904054
3723     0.778379
3724    -0.459242
3725     1.155607
3726    -0.002379
3727     0.764297
3728    -0.979654
3729    -4.050225
3730     0.631878
3731    -1.762176
3732    -2.425321
3733     0.055389
3734     0.030655
3735     1.332842
3736     0.016149
3737     0.169038
3738    -0.819170
3739    -0.112016
3740     0.281296
3741     1.488897
3742     0.106396
3743     0.368762
3744     0.437156
3745    -0.293862
3746     0.374284
3747     0.235630
3748    -0.696444
3749    -0.458358
3750     0.448200
3751    -0.100561
3752    -0.054488
3753     0.506002
3754    -0.044536
3755    -0.428252
3756    -0.678786
3757    -0.647932
3758    -0.461328
3759    -0.879238
3760     0.177212
3761    -0.253564
3762    -0.087089
3763    -0.559291
3764     0.186248
3765    -0.010298
3766     0.491862
3767    -1.330697
3768    -2.752945
3769    -0.040667
3770     0.535676
3771     2.219723
3772     0.074923
3773     0.705648
3774     1.077618
3775     0.335035
3776    -0.141036
3777     1.822102
3778    -0.163895
3779     1.158285
3780     1.358902
3781     0.880610
3782     1.733499
3783     1.590743
3784     0.334450
3785     0.535904
3786    -1.194036
3787     0.209082
3788    -0.671322
3789    -3.742519
3790     0.198743
3791    -1.784736
3792    -2.490030
3793    -0.149684
3794    -0.095488
3795     0.867722
3796     1.117226
3797    -0.323757
3798    -1.489179
3799     0.261309
3800     0.143594
3801     1.281621
3802    -0.563670
3803     0.016008
3804    -1.132090
3805    -0.170004
3806     1.005492
3807     1.092631
3808    -0.375242
3809    -0.718232
3810     0.642532
3811     0.292868
3812     0.020936
3813     0.772709
3814     0.612310
3815    -0.385120
3816     0.282296
3817    -0.699757
3818    -0.241907
3819    -0.753410
3820    -0.324960
3821     0.164118
3822    -0.115005
3823    -0.455313
3824     0.290451
3825    -0.367326
3826    -0.401300
3827    -1.760038
3828    -0.446939
3829    -0.040135
3830     0.164981
3831     1.743435
3832     0.456673
3833     1.315911
3834     2.149781
3835    -0.513558
3836    -0.458367
3837     1.121023
3838    -0.669647
3839     1.048072
3840     0.186045
3841     0.261095
3842     1.950317
3843    -0.985958
3844     0.768340
3845     1.140461
3846    -0.129940
3847    -0.732278
3848     1.284253
3849    -1.324498
3850     0.243228
3851    -0.111906
3852    -0.021781
3853     0.106328
3854    -0.321197
3855     0.268412
3856     1.018001
3857    -2.458478
3858    -1.014823
3859    -0.657078
3860    -1.771224
3861     0.311580
3862    -0.012911
3863     1.277736
3864    -1.284607
3865    -0.345845
3866     0.961001
3867     0.504939
3868     0.027860
3869    -0.726300
3870     0.597620
3871     0.401187
3872    -0.426782
3873    -0.860768
3874     1.130931
3875    -1.306742
3876    -0.357916
3877    -0.467127
3878    -0.159200
3879    -1.596885
3880     0.423799
3881     2.009391
3882     0.763826
3883    -0.391346
3884     0.237685
3885    -0.194427
3886     0.088288
3887    -1.984022
3888     1.043452
3889    -0.654205
3890    -1.177297
3891     1.463723
3892     0.045850
3893     0.654844
3894     2.312846
3895    -0.308881
3896    -0.672932
3897     1.247479
3898    -0.945237
3899     1.600393
3900    -0.742276
3901     1.278955
3902     0.589306
3903    -0.021140
3904     1.605187
3905     0.501695
3906    -0.806465
3907    -0.649141
3908     0.661251
3909     0.008671
3910    -0.016183
3911     0.618710
3912    -0.544555
3913     0.012530
3914    -0.140852
3915    -0.044451
3916     0.656733
3917    -1.178708
3918     0.519073
3919    -0.462557
3920    -4.077894
3921    -0.075508
3922     0.663999
3923     0.835928
3924    -0.953809
3925     0.050449
3926    -0.026221
3927     0.290918
3928    -0.276306
3929    -0.175770
3930    -0.180059
3931     0.344282
3932     0.342642
3933    -0.192009
3934     0.349153
3935     1.273120
3936     0.309477
3937    -0.536334
3938     0.252534
3939    -0.436373
3940     1.020996
3941     1.521550
3942     0.304419
3943    -0.169966
3944    -0.213851
3945    -0.373932
3946     0.377940
3947    -3.614575
3948     0.748860
3949    -1.661953
3950    -0.278868
3951     0.358627
3952    -0.524741
3953     1.240928
3954     0.876354
3955    -1.201870
3956     0.486030
3957     0.040390
3958    -0.861172
3959     1.383046
3960     0.171511
3961    -0.334654
3962    -0.452804
3963    -0.970671
3964    -0.217568
3965    -0.753993
3966    -1.786572
3967    -0.457728
3968     1.008742
3969     0.898459
3970    -0.220886
3971     0.438626
3972    -0.949312
3973    -0.208162
3974    -0.334387
3975    -0.743816
3976     1.250924
3977    -1.436979
3978     0.969482
3979     1.431344
3980    -2.454738
3981    -0.225153
3982     0.214812
3983     0.185140
3984    -1.219815
3985     0.097568
3986    -0.142151
3987    -0.096757
3988     0.090586
3989    -0.058526
3990    -0.326301
3991    -0.157012
3992    -0.044312
3993    -0.646438
3994    -0.389760
3995     0.441944
3996    -0.150074
3997    -0.195232
3998     0.372409
3999    -0.487885
4000    -0.315706
4001     0.361250
4002     1.501587
4003    -0.201055
4004    -0.309255
4005    -0.623380
4006     0.862787
4007    -3.204736
4008    -0.538230
4009    -0.183025
4010     1.533698
4011     1.498809
4012    -0.382463
4013     1.359783
4014     1.690140
4015    -0.120955
4016     1.730214
4017     1.480081
4018    -0.563815
4019     1.760076
4020     0.725846
4021     0.286767
4022    -1.859932
4023    -2.273223
4024     0.231751
4025    -2.425642
4026    -2.639672
4027    -0.131147
4028     0.145074
4029     0.500566
4030    -0.544251
4031     0.681780
4032     0.086819
4033    -0.687506
4034     0.146669
4035     0.300006
4036    -0.313690
4037     0.961260
4038     3.358226
4039    -0.174176
4040     0.320695
4041     0.717579
4042     0.049001
4043     0.696697
4044    -0.651283
4045     0.055252
4046     0.256838
4047     0.388345
4048     0.073331
4049     0.050491
4050     0.186498
4051    -0.489719
4052     0.725939
4053    -0.372214
4054    -0.344558
4055     0.230895
4056     0.311871
4057    -0.180822
4058     0.116181
4059     0.330643
4060    -0.063516
4061    -0.456480
4062     1.272208
4063     0.736831
4064    -1.730728
4065    -2.699866
4066    -0.415010
4067     0.162481
4068     0.033460
4069     0.722514
4070     0.286025
4071     0.474841
4072     0.519983
4073     0.345592
4074     0.488834
4075     0.897334
4076     0.452447
4077    -0.276676
4078    -0.228369
4079     0.893718
4080     0.463038
4081     0.501168
4082    -1.255308
4083    -1.240430
4084     0.569892
4085    -1.461032
4086    -1.811089
4087    -0.076518
4088     0.585989
4089     0.272706
4090    -0.373619
4091     0.917031
4092     0.545025
4093    -0.485098
4094     0.511204
4095     0.380583
4096    -0.403351
4097     0.171294
4098     3.260434
4099     0.074648
4100     0.812937
4101     0.964472
4102     0.198119
4103     0.673429
4104     0.311338
4105     0.051208
4106     0.074780
4107     0.839138
4108     0.408548
4109     1.019292
4110    -0.684965
4111    -0.329060
4112     0.621679
4113     0.265448
4114    -0.105258
4115     0.593874
4116     0.895070
4117    -0.103305
4118     0.448690
4119     0.340849
4120     0.064580
4121     0.033662
4122     1.323229
4123     0.500803
4124    -2.786219
4125    -0.897750
4126     0.054518
4127     0.118086
4128     1.147355
4129     0.056206
4130    -0.273834
4131    -2.179838
4132    -0.322213
4133    -0.781909
4134    -1.860252
4135     0.035445
4136    -0.672639
4137    -2.389468
4138    -0.316715
4139     0.648995
4140     0.518145
4141    -0.179809
4142    -0.454265
4143    -0.452845
4144    -0.370796
4145    -0.755512
4146    -0.750502
4147    -0.040960
4148    -0.661593
4149     0.179170
4150     0.279850
4151     0.342482
4152    -0.770476
4153     0.212910
4154    -0.670798
4155    -0.695445
4156     0.009813
4157     1.322043
4158     2.918798
4159    -0.546429
4160     1.619027
4161     2.198617
4162     0.558302
4163     0.204671
4164    -0.252536
4165     0.283090
4166    -0.428317
4167     0.610815
4168     1.687555
4169     1.666455
4170    -2.548060
4171     0.168497
4172    -0.566187
4173    -0.478866
4174     0.158180
4175    -0.653962
4176     0.608711
4177     0.164098
4178    -0.307807
4179    -0.309808
4180     0.459573
4181     1.227824
4182     0.380672
4183     0.085727
4184    -0.671719
4185    -0.654426
4186    -0.607751
4187     1.403213
4188     2.612397
4189    -0.758957
4190    -0.435887
4191    -0.665242
4192    -0.792269
4193    -0.887575
4194    -0.919133
4195    -0.944765
4196    -0.811641
4197    -0.670507
4198     0.174139
4199    -0.480452
4200    -0.341335
4201     0.114373
4202    -0.407523
4203     1.066233
4204     0.055404
4205    -0.485273
4206     0.780568
4207    -0.437962
4208    -0.399801
4209    -1.450746
4210     0.022198
4211    -0.993187
4212     0.537301
4213     0.179749
4214    -0.360464
4215    -1.824504
4216    -0.470756
4217     1.468710
4218     0.248849
4219    -0.646523
4220     1.745914
4221     1.257995
4222     0.179058
4223    -0.397404
4224    -1.309060
4225    -0.232584
4226    -1.861991
4227     0.211096
4228     0.812621
4229    -1.084440
4230    -0.347263
4231     0.396892
4232    -0.810389
4233    -0.358677
4234    -0.221552
4235    -0.384510
4236    -1.111394
4237     0.208846
4238    -0.865111
4239     0.796307
4240     0.697639
4241     1.604055
4242    -0.053336
4243     0.211638
4244     0.003558
4245    -2.072178
4246    -0.375130
4247     1.856211
4248     2.102865
4249    -0.050373
4250     1.935851
4251    -0.455194
4252    -0.551612
4253    -1.158896
4254     1.578157
4255    -0.272604
4256     1.181768
4257     0.924796
4258     0.380678
4259    -0.587078
4260    -0.521817
4261     0.842055
4262     0.341111
4263     0.850290
4264     0.423061
4265     0.333291
4266     0.847383
4267     0.380922
4268    -0.374097
4269    -2.964845
4270     0.344838
4271    -0.024311
4272     0.350981
4273    -0.408837
4274     0.383238
4275    -1.830777
4276    -0.290508
4277    -0.191655
4278     0.125974
4279     0.602115
4280     0.722937
4281     0.012286
4282    -0.483431
4283    -0.149078
4284    -1.164456
4285    -0.889785
4286     0.150309
4287     0.634164
4288    -0.772493
4289    -0.904731
4290     1.174633
4291     0.293118
4292     1.461315
4293     0.009475
4294     0.632817
4295    -0.159249
4296    -2.483502
4297     0.091477
4298    -0.083433
4299     1.306092
4300    -0.486719
4301     0.421259
4302     1.378118
4303    -0.090785
4304     0.191210
4305    -1.760076
4306    -0.524825
4307    -0.783500
4308     2.607034
4309    -0.306245
4310    -0.053573
4311    -0.404183
4312     0.252150
4313    -0.503947
4314     0.969492
4315     0.174294
4316    -1.018832
4317     0.356713
4318     0.216781
4319     0.241737
4320    -0.014795
4321    -0.403672
4322     0.606241
4323    -2.041735
4324    -0.345698
4325     0.422246
4326    -1.709002
4327     0.476876
4328     0.680792
4329    -0.297620
4330    -0.490840
4331     0.241809
4332    -2.010685
4333     0.016692
4334     0.898571
4335    -0.921844
4336     0.096481
4337    -0.167862
4338     0.496756
4339     0.361527
4340    -0.075129
4341     0.082252
4342     0.176647
4343    -0.612407
4344     1.452612
4345    -0.073421
4346    -0.097279
4347     1.457355
4348    -0.221821
4349    -0.294548
4350     0.132953
4351    -0.244227
4352     0.662512
4353    -1.818185
4354     0.651692
4355     0.727536
4356     0.107948
4357    -0.111730
4358     0.211895
4359    -0.427122
4360    -0.137417
4361    -0.012458
4362     0.469538
4363     0.084804
4364     1.041260
4365    -1.385049
4366    -0.064068
4367     0.266396
4368     0.847672
4369     0.130804
4370    -1.200670
4371     2.467398
4372     0.174281
4373    -1.647843
4374     2.267349
4375     0.205629
4376    -2.138604
4377     2.657132
4378    -0.282540
4379     0.487544
4380    -1.827723
4381     0.749511
4382     0.580162
4383    -1.788697
4384     0.530571
4385     0.433040
4386    -1.430354
4387     0.778197
4388     1.573432
4389     0.325546
4390     0.604946
4391     1.290096
4392    -0.937854
4393     0.345626
4394     1.276459
4395     0.037017
4396     0.440821
4397    -0.375872
4398    -0.436462
4399    -0.363131
4400    -0.482830
4401     0.283834
4402    -0.247778
4403    -1.283212
4404     0.283594
4405    -0.585295
4406     0.140073
4407     1.617954
4408    -0.374940
4409    -0.707716
4410     0.032093
4411     0.747288
4412     0.241112
4413    -1.763977
4414     0.682405
4415     0.362123
4416    -0.002232
4417     0.283470
4418     0.470063
4419     0.016815
4420    -0.229924
4421    -0.522907
4422     0.163207
4423     0.901023
4424     0.655303
4425    -1.490736
4426    -0.485098
4427    -0.925509
4428    -0.134226
4429    -1.780762
4430    -0.615481
4431     2.523247
4432    -1.259900
4433    -0.561277
4434     2.469536
4435    -1.429245
4436    -1.608318
4437     2.196502
4438     0.692214
4439     0.061258
4440    -1.964809
4441     0.649157
4442     0.809174
4443    -1.843706
4444     0.138491
4445    -1.030376
4446    -0.438993
4447     0.658999
4448     0.971684
4449    -0.448347
4450     0.528030
4451     1.037725
4452    -1.372020
4453     0.313779
4454     1.419199
4455    -0.631344
4456     0.260328
4457    -1.041406
4458     0.465945
4459    -0.133440
4460    -0.314808
4461     0.189613
4462    -0.455308
4463     0.245220
4464     1.405222
4465    -0.350066
4466     0.161398
4467     1.149728
4468    -0.202454
4469    -0.261095
4470    -0.334629
4471     0.690310
4472     0.518068
4473    -1.668101
4474     0.583128
4475     1.152102
4476    -0.493541
4477     0.297587
4478     0.908136
4479    -0.295152
4480    -0.152628
4481    -0.387078
4482     0.914032
4483     0.758012
4484     0.609994
4485    -2.060729
4486    -0.561344
4487    -0.282761
4488     1.342006
4489    -1.502618
4490    -1.647195
4491     2.234949
4492    -1.045489
4493    -1.622412
4494     2.016165
4495    -1.083841
4496    -1.884759
4497     1.639405
4498     0.609366
4499     0.639193
4500    -1.770503
4501     0.563836
4502    -0.540332
4503    -1.291096
4504    -0.259546
4505    -2.119335
4506    -0.019694
4507     0.519790
4508     0.873984
4509    -0.102252
4510     0.870901
4511     0.556171
4512    -1.144064
4513     0.388699
4514     1.099508
4515    -0.371316
4516    -2.184542
4517     0.122658
4518     0.537570
4519     0.512848
4520    -0.044428
4521    -0.071856
4522    -1.226068
4523     0.368792
4524     1.562717
4525     0.653850
4526     1.058266
4527    -0.168849
4528     0.294434
4529     0.085751
4530    -0.452772
4531     0.723019
4532     0.310752
4533    -1.158467
4534     1.093280
4535     1.980825
4536    -1.183889
4537     0.531247
4538     0.457018
4539    -0.153846
4540    -0.914266
4541     0.592353
4542     0.907797
4543     1.069635
4544    -0.215987
4545    -1.627471
4546    -1.119595
4547     0.879583
4548     1.092934
4549    -0.707525
4550    -1.792320
4551     1.681379
4552    -0.509445
4553    -2.045096
4554     1.641480
4555    -0.939762
4556    -1.655001
4557     1.538071
4558     0.639212
4559     0.026839
4560    -1.216377
4561     0.250969
4562    -0.056919
4563    -0.031564
4564     0.498778
4565    -1.895133
4566     0.107316
4567     0.083580
4568     1.198582
4569    -0.686175
4570    -0.107187
4571     0.883918
4572     0.564926
4573     0.476795
4574     1.420857
4575    -0.881076
4576    -1.264187
4577     0.248091
4578     0.346253
4579     0.542029
4580     0.211059
4581    -0.813842
4582    -0.994175
4583     0.779859
4584     1.680140
4585    -0.327524
4586     1.587277
4587     0.241309
4588     0.277845
4589     0.576985
4590     0.405050
4591     1.333765
4592     0.506852
4593    -1.638622
4594    -0.695594
4595     2.291286
4596    -0.246471
4597    -0.783293
4598     0.841604
4599    -0.343035
4600     0.049486
4601    -0.145549
4602    -0.680944
4603    -2.364734
4604    -2.029455
4605     0.234375
4606     0.707454
4607    -0.578931
4608    -0.205769
4609     0.443971
4610    -2.048549
4611     0.935334
4612     0.729022
4613    -2.238045
4614     1.141442
4615     0.477902
4616    -2.080116
4617     0.874338
4618     0.665099
4619     0.526330
4620    -1.002984
4621     0.118172
4622     0.418291
4623     0.079412
4624     0.257447
4625    -1.469651
4626     1.305636
4627     0.112703
4628     2.257761
4629    -0.928402
4630    -0.094103
4631     0.555387
4632     0.029528
4633    -0.086131
4634     1.337553
4635    -0.908502
4636    -0.290646
4637    -0.357167
4638    -0.971779
4639    -0.065938
4640    -0.566712
4641    -0.776085
4642    -1.355317
4643    -0.212832
4644     1.525112
4645     0.014785
4646     0.811353
4647    -0.672231
4648    -0.103690
4649    -0.005706
4650     0.346829
4651     0.876311
4652     0.478821
4653    -1.495358
4654    -0.835553
4655     0.898215
4656    -1.022530
4657    -0.742778
4658     1.582067
4659    -0.970796
4660     0.329548
4661     0.278805
4662    -1.333901
4663    -0.611613
4664    -0.143321
4665     0.847820
4666     0.722272
4667    -1.248529
4668    -0.642240
4669     0.381424
4670    -1.375183
4671     2.390799
4672     0.654096
4673    -1.993307
4674     2.263630
4675     0.409818
4676    -1.534045
4677     2.211622
4678     0.309192
4679     0.288200
4680    -1.278565
4681    -0.255928
4682    -0.025875
4683    -0.778480
4684    -0.090783
4685    -0.917320
4686     0.055880
4687    -0.237937
4688     2.203528
4689    -1.593464
4690    -0.372048
4691     0.428677
4692    -0.439550
4693     0.284427
4694     2.246810
4695    -0.394744
4696    -0.321085
4697    -0.573780
4698    -0.733329
4699    -0.110315
4700     0.013180
4701    -0.760328
4702    -0.815333
4703    -1.562380
4704     1.966276
4705    -0.205857
4706     0.517326
4707    -0.808269
4708    -0.324936
4709     0.503731
4710    -0.122832
4711     1.140201
4712    -0.002221
4713    -0.730185
4714    -0.845907
4715     0.831427
4716    -0.927831
4717    -0.775157
4718     0.669850
4719    -0.910837
4720     0.526270
4721    -0.283822
4722    -0.628850
4723    -0.697878
4724     0.463228
4725     0.639754
4726     0.468778
4727    -0.751227
4728    -0.948725
4729     0.629291
4730    -0.827730
4731     2.738189
4732     0.853994
4733    -1.522921
4734     2.564560
4735     0.737282
4736    -1.135965
4737     2.694949
4738     0.412920
4739    -0.274516
4740    -0.882184
4741    -1.309936
4742    -0.251999
4743    -0.382194
4744    -0.455138
4745    -1.219748
4746     0.799216
4747    -0.308561
4748     2.078541
4749    -1.539405
4750    -0.645490
4751     0.386235
4752    -0.374400
4753    -0.210501
4754     2.303165
4755    -1.299639
4756     0.187339
4757    -0.441841
4758    -0.759936
4759     0.454367
4760     0.093169
4761    -0.798228
4762    -0.002445
4763    -1.274488
4764     1.398373
4765     0.274197
4766     0.555769
4767    -0.812279
4768    -0.147560
4769     0.630340
4770    -0.461239
4771     0.985856
4772    -0.241779
4773    -0.075052
4774    -0.839393
4775     0.827870
4776    -0.893292
4777    -0.763531
4778     0.702151
4779    -0.797490
4780     0.710636
4781    -0.114290
4782    -0.819811
4783    -0.445597
4784     0.672113
4785     0.073679
4786     0.581067
4787    -0.465466
4788    -1.191913
4789     0.920418
4790    -1.022088
4791     2.932291
4792     0.421251
4793    -1.279529
4794     2.182296
4795     0.823851
4796    -1.258146
4797     2.882413
4798    -0.230831
4799    -0.679979
4800    -0.063390
4801    -0.201813
4802     0.367121
4803     0.096513
4804     0.365061
4805    -0.282062
4806     1.376922
4807    -0.693210
4808     1.530980
4809    -1.859725
4810    -0.676210
4811     0.114829
4812    -0.551036
4813    -0.258477
4814     1.816094
4815    -1.605164
4816    -0.179400
4817    -0.499383
4818    -0.861547
4819     0.066831
4820    -0.432775
4821    -1.048640
4822    -0.127236
4823    -0.995427
4824     1.437342
4825     0.018054
4826     0.404884
4827    -0.972538
4828    -0.052849
4829    -0.026924
4830    -0.725859
4831    -0.208245
4832     0.085035
4833     0.092986
4834    -0.476362
4835     0.367639
4836    -1.075947
4837    -0.736173
4838     0.856231
4839    -0.845258
4840    -0.100965
4841    -0.269413
4842    -0.978887
4843     0.159368
4844     0.331175
4845    -0.013826
4846     0.406562
4847    -0.761686
4848    -1.424292
4849     1.313767
4850    -0.712988
4851     3.190791
4852     1.178884
4853    -1.113863
4854     2.449913
4855     0.782124
4856    -0.806160
4857     3.172061
4858    -0.579710
4859     0.026695
4860     0.146190
4861     0.184744
4862     0.079977
4863    -0.149203
4864     0.158537
4865    -0.009890
4866     1.230306
4867    -0.224884
4868     0.376665
4869    -1.019232
4870     0.135698
4871    -0.041841
4872    -1.157900
4873     0.069652
4874     0.945561
4875    -1.104286
4876    -0.517862
4877    -0.358628
4878    -0.984001
4879    -0.511499
4880    -0.197176
4881    -1.003311
4882    -0.608014
4883     0.796582
4884     1.091621
4885    -0.004620
4886     0.350528
4887    -1.034479
4888    -0.462754
4889     0.525244
4890    -1.019100
4891     0.127432
4892    -0.415756
4893     0.129556
4894    -0.565144
4895     0.608081
4896    -1.376682
4897    -0.046712
4898     0.583280
4899    -1.161672
4900    -0.491757
4901    -0.004142
4902    -1.075325
4903     0.205297
4904    -0.036106
4905    -0.013673
4906    -0.309740
4907    -0.821984
4908    -1.002064
4909     0.719547
4910    -0.563884
4911     3.900035
4912     1.436557
4913    -0.776493
4914     2.294982
4915     0.463046
4916    -1.039442
4917     3.913483
4918     0.242474
4919    -0.000576
4920    -0.459054
4921     1.267215
4922    -0.061886
4923     0.320941
4924     0.786432
4925     0.373469
4926     1.433199
4927    -0.529256
4928     0.228763
4929    -1.187034
4930     0.123570
4931    -0.162323
4932    -1.197077
4933    -0.120235
4934     0.145294
4935    -1.237625
4936    -0.561177
4937    -0.200901
4938    -0.976026
4939    -0.621916
4940    -0.230579
4941    -1.058865
4942     0.332249
4943     1.007287
4944     1.441018
4945    -0.706151
4946     0.310459
4947    -1.210130
4948    -0.655619
4949     0.197444
4950    -1.167589
4951     0.824653
4952    -0.346832
4953     0.290153
4954    -0.163365
4955     0.369318
4956    -1.298075
4957    -0.120989
4958     0.430002
4959    -1.222588
4960    -1.518377
4961     0.360544
4962    -1.209601
4963     1.143391
4964     0.025064
4965     0.364087
4966    -0.662819
4967    -0.511806
4968    -1.027162
4969    -0.323853
4970    -0.828258
4971     3.355558
4972     0.406812
4973     0.133579
4974     2.154621
4975    -0.325934
4976    -0.941500
4977     3.426751
4978     1.425369
4979    -0.297138
4980     0.005447
4981     1.314497
4982     0.195671
4983     0.227086
4984     0.811941
4985     0.726476
4986     1.288238
4987    -0.727575
4988    -0.027545
4989    -1.165614
4990     0.049755
4991    -0.188496
4992    -1.275721
4993    -0.127431
4994    -0.126088
4995    -1.163278
4996    -0.796632
4997    -0.018415
4998    -1.128111
4999    -0.640873
5000    -0.131345
5001    -1.207692
5002     0.484059
5003     1.372798
5004     1.352418
5005    -1.190864
5006    -0.174838
5007    -1.005340
5008    -0.643916
5009    -0.167842
5010    -1.061078
5011     0.263746
5012     0.037044
5013     0.139484
5014    -0.635945
5015    -0.084484
5016    -1.154539
5017    -0.426476
5018    -0.043028
5019    -1.010902
5020    -0.383991
5021     0.243708
5022    -0.950921
5023     1.641492
5024     0.271147
5025     0.259969
5026    -0.834333
5027    -0.163769
5028    -1.245091
5029    -0.000905
5030    -0.609375
5031     3.405138
5032     0.700629
5033     0.128599
5034     2.289269
5035     0.001911
5036    -0.747160
5037     3.460874
5038     1.140909
5039    -0.493057
5040    -0.054190
5041     1.120399
5042    -0.880272
5043     0.120042
5044     0.835861
5045     1.451780
5046     1.457256
5047    -0.649469
5048    -0.348437
5049    -1.110927
5050    -0.127961
5051     0.056280
5052    -1.176470
5053    -0.289915
5054     0.182382
5055    -1.075077
5056    -0.669392
5057    -0.461443
5058    -1.026084
5059    -0.638208
5060    -0.428623
5061    -1.173819
5062     0.290886
5063     0.687872
5064     0.915421
5065    -1.148044
5066    -0.537191
5067    -1.061694
5068    -0.660755
5069    -0.556360
5070    -1.041830
5071     0.340406
5072     0.558334
5073     0.222422
5074    -0.772669
5075    -0.441380
5076    -1.231446
5077    -0.795865
5078    -0.394157
5079    -1.207561
5080    -0.723644
5081    -0.321558
5082    -1.106841
5083     1.818161
5084     0.397328
5085     0.534962
5086    -0.496748
5087    -0.668941
5088    -0.983396
5089     0.261111
5090     0.329958
5091     3.181638
5092     0.933423
5093     1.038386
5094     2.378110
5095     0.090479
5096     0.255129
5097     3.091053
5098     1.281945
5099     0.080914
5100     0.294241
5101     0.146756
5102    -0.338929
5103    -0.646720
5104     1.189875
5105     1.072280
5106     2.201596
5107    -0.276610
5108    -0.672130
5109    -0.999938
5110    -0.200115
5111    -0.466566
5112    -1.164178
5113    -0.306950
5114    -0.381216
5115    -0.978698
5116    -0.397575
5117    -0.839916
5118    -0.867851
5119    -0.291600
5120    -0.684056
5121    -1.108134
5122     0.124079
5123     0.884145
5124     0.837356
5125    -0.798800
5126    -0.763222
5127    -0.997079
5128    -0.308477
5129    -0.602060
5130    -1.126486
5131     0.357749
5132     0.158977
5133     0.382747
5134    -0.181851
5135    -0.549637
5136    -1.126923
5137    -0.328233
5138    -0.729160
5139    -1.013093
5140    -0.217713
5141    -0.645255
5142    -0.857002
5143     0.948637
5144     0.700803
5145     0.094020
5146    -0.222359
5147    -0.808248
5148    -1.106674
5149     0.257636
5150     1.670423
5151     3.085090
5152    -0.699913
5153     1.837835
5154     2.036711
5155     0.229532
5156     1.623254
5157     2.982128
5158     0.975932
5159    -0.467320
5160     0.373129
5161    -0.150812
5162    -0.467953
5163    -0.410431
5164     0.799744
5165     0.982950
5166     1.666897
5167    -0.028619
5168    -0.946210
5169    -0.977932
5170    -0.155869
5171    -0.620459
5172    -1.110280
5173    -0.161854
5174    -1.071022
5175    -1.060163
5176    -0.697754
5177    -1.084652
5178    -0.588666
5179    -0.197729
5180    -1.236711
5181    -1.187015
5182    -0.310537
5183     1.162117
5184     0.724636
5185    -0.558843
5186    -0.258930
5187    -0.723827
5188    -0.760016
5189    -0.343836
5190    -1.072662
5191     0.264068
5192     0.329883
5193     0.241358
5194    -0.084901
5195    -0.952834
5196    -1.134943
5197    -0.067315
5198    -1.116455
5199    -0.993612
5200    -0.198753
5201    -0.588609
5202    -0.779203
5203     0.267896
5204     0.743038
5205    -0.050147
5206    -0.174482
5207    -0.433109
5208    -0.913441
5209     0.555557
5210     2.136356
5211     3.024888
5212     0.322458
5213     1.698158
5214     2.094886
5215     0.556147
5216     2.061245
5217     2.894693
5218     0.781614
5219     0.007029
5220     0.354963
5221    -0.227932
5222    -1.313225
5223     0.360016
5224     1.258542
5225     0.956327
5226     1.231411
5227    -0.089045
5228    -1.108641
5229    -0.755208
5230    -0.422195
5231    -0.730901
5232    -0.809526
5233    -0.723949
5234    -0.839909
5235    -0.827709
5236    -0.492701
5237    -1.303612
5238    -0.426659
5239    -0.297624
5240    -1.379748
5241    -0.909148
5242     0.125688
5243     1.031474
5244     0.459148
5245    -0.605994
5246    -0.683032
5247    -0.362330
5248    -1.070066
5249    -0.635554
5250    -0.659412
5251     0.364920
5252     0.134358
5253     0.172599
5254    -0.269920
5255    -1.129983
5256    -0.825792
5257    -0.351302
5258    -1.116066
5259    -0.773905
5260    -0.426647
5261    -0.508681
5262    -0.690058
5263     0.030777
5264     0.925556
5265    -0.196330
5266    -0.386038
5267    -0.804069
5268    -0.509113
5269     1.058432
5270     2.792615
5271     2.161771
5272     0.863588
5273     2.416258
5274     1.350137
5275     0.864290
5276     2.779666
5277     2.041815
5278     0.797175
5279     0.517168
5280    -0.031706
5281    -0.199103
5282    -0.973135
5283     0.668147
5284     1.370032
5285     1.036095
5286     1.225949
5287    -0.013215
5288    -0.700952
5289    -0.614163
5290    -0.356217
5291    -0.837493
5292    -0.639580
5293    -0.737197
5294    -0.555508
5295    -0.590832
5296    -0.690773
5297    -1.542042
5298    -0.550230
5299    -0.352360
5300    -1.748767
5301    -1.030113
5302     0.084915
5303     0.556528
5304     0.162219
5305    -0.845859
5306    -0.722485
5307    -0.465996
5308    -1.175338
5309    -0.809917
5310    -0.579149
5311     0.407769
5312    -0.197219
5313     0.175026
5314    -0.237344
5315    -0.796046
5316    -0.704707
5317    -0.294814
5318    -0.932970
5319    -0.548363
5320    -0.442971
5321    -0.758451
5322    -0.619725
5323     0.180126
5324     1.183092
5325     0.095073
5326    -0.447365
5327    -0.893688
5328    -0.504677
5329     1.097892
5330     2.791797
5331     1.941856
5332     0.683727
5333     2.789236
5334     0.509221
5335     0.973896
5336     2.782524
5337     2.074633
5338     0.994198
5339     0.329402
5340    -0.004589
5341    -0.665815
5342    -0.919551
5343    -0.122999
5344     0.812801
5345     0.887960
5346     1.547506
5347     0.346340
5348    -0.499008
5349    -1.008488
5350    -0.035954
5351    -0.648986
5352    -0.901732
5353     0.028339
5354    -0.344974
5355    -0.967874
5356    -0.390707
5357    -1.348782
5358    -1.416269
5359     0.081277
5360    -1.458589
5361    -1.263485
5362    -0.249384
5363     0.482007
5364     0.561256
5365    -0.396422
5366    -0.498520
5367    -0.736675
5368    -0.654792
5369    -0.590628
5370    -0.957824
5371    -0.448363
5372    -0.387824
5373     0.558053
5374     0.464954
5375    -0.564533
5376    -1.094292
5377    -0.000128
5378    -0.763619
5379    -0.988717
5380     0.134838
5381    -0.588321
5382    -0.740941
5383    -0.499417
5384     1.023789
5385     0.284833
5386    -0.001644
5387    -0.715331
5388    -0.688758
5389     0.295928
5390     2.124798
5391     2.978235
5392     0.444048
5393     2.387904
5394     1.519863
5395     0.266072
5396     2.256848
5397     2.876370
5398     0.468031
5399     0.165361
5400     0.561940
5401    -0.734041
5402    -1.730681
5403    -0.158104
5404     0.729081
5405     1.165011
5406     1.203743
5407    -0.112871
5408    -0.764045
5409    -0.903058
5410     0.214992
5411    -0.469650
5412    -0.681856
5413    -0.222584
5414    -0.678443
5415    -0.871842
5416    -0.979854
5417    -1.959587
5418    -1.081325
5419    -0.058566
5420    -1.147106
5421    -1.037933
5422     0.190825
5423     0.689572
5424     0.469803
5425    -0.153994
5426    -0.508339
5427    -0.626369
5428    -0.709670
5429    -0.696618
5430    -0.865654
5431    -0.235383
5432    -0.071705
5433     0.367685
5434    -0.036231
5435    -0.759348
5436    -0.968818
5437    -0.002405
5438    -0.806376
5439    -0.843606
5440    -0.389814
5441    -0.253158
5442    -0.633150
5443    -0.457525
5444     1.028609
5445     0.167710
5446    -0.105412
5447    -0.519429
5448    -0.613098
5449     0.898363
5450     2.347556
5451     2.692046
5452     1.153255
5453     2.366670
5454     1.578644
5455     0.707811
5456     2.346854
5457     2.447827
5458     0.304023
5459     0.420213
5460     0.357357
5461    -0.211436
5462    -2.605239
5463     0.632306
5464     1.104559
5465     0.955893
5466     0.560170
5467    -0.377083
5468    -0.807323
5469    -0.440942
5470     0.148032
5471    -0.684697
5472    -0.758844
5473    -0.728291
5474    -0.241775
5475    -0.271279
5476    -1.519335
5477    -0.828854
5478     0.028152
5479    -0.068411
5480    -1.520311
5481    -0.890092
5482     0.612930
5483     0.384919
5484    -0.247098
5485    -0.222347
5486    -0.769010
5487    -0.565272
5488    -0.747695
5489    -1.085239
5490    -0.609734
5491     0.023204
5492    -0.549476
5493     0.137549
5494    -0.481739
5495    -0.336929
5496    -0.312061
5497    -0.194833
5498    -0.915392
5499    -0.720637
5500    -0.851633
5501     0.178843
5502     0.033670
5503    -0.378830
5504     0.680640
5505     0.134823
5506    -0.217974
5507    -0.734628
5508    -0.525165
5509     1.535070
5510     2.428641
5511     1.665154
5512     1.135878
5513     3.134598
5514     0.723631
5515     0.915321
5516     3.284484
5517     1.298053
5518     0.524613
5519     0.030855
5520     0.127618
5521    -0.970690
5522    -3.075118
5523     0.093503
5524     1.056011
5525     0.664248
5526     0.840136
5527    -0.492116
5528    -0.860186
5529    -0.416773
5530     0.683395
5531     0.094756
5532    -1.027799
5533     0.498380
5534     1.150309
5535    -0.488060
5536    -1.167728
5537    -0.700141
5538     0.503111
5539    -0.161734
5540    -1.893182
5541    -0.992943
5542    -0.151082
5543     0.257632
5544    -0.998587
5545    -0.467379
5546    -0.503712
5547    -0.816325
5548    -0.797871
5549    -0.735378
5550    -0.728489
5551    -0.922665
5552    -0.781699
5553    -0.664315
5554     0.656082
5555     0.030943
5556     0.146415
5557     0.132792
5558    -0.709106
5559    -0.731047
5560    -0.522612
5561    -0.097212
5562     0.636336
5563    -0.411841
5564     0.749786
5565     0.658049
5566    -0.333074
5567    -0.441971
5568    -0.687742
5569     0.978933
5570     2.410403
5571     1.420184
5572     0.950853
5573     2.554323
5574     0.931299
5575     0.826218
5576     2.591669
5577     1.797306
5578     0.616127
5579    -0.706361
5580     0.525741
5581    -0.349791
5582    -0.389871
5583    -0.192039
5584     0.485990
5585     2.376447
5586     0.484632
5587    -1.721462
5588    -0.605083
5589    -1.255757
5590     0.263275
5591    -1.392821
5592    -0.941074
5593     0.007600
5594    -0.269096
5595    -0.350138
5596    -1.182672
5597    -0.338377
5598     1.566486
5599     0.268146
5600     0.117632
5601    -0.377701
5602     1.661865
5603     3.068966
5604    -1.065754
5605     0.266794
5606    -0.149852
5607     0.728351
5608    -0.130827
5609    -0.795435
5610     0.780879
5611     0.016896
5612    -2.753643
5613     0.154731
5614     0.302945
5615     1.263416
5616     0.602052
5617     0.183195
5618     1.289739
5619    -0.471186
5620    -0.615883
5621    -0.364863
5622     1.651670
5623     0.258677
5624    -1.962943
5625     0.239101
5626     0.233308
5627    -0.359498
5628     0.821957
5629     0.154376
5630     1.158543
5631    -0.892447
5632     0.012683
5633     1.319750
5634    -1.084725
5635     0.275338
5636     0.631919
5637    -0.032855
5638    -0.390454
5639    -1.844930
5640    -0.366183
5641    -0.683609
5642    -1.127819
5643     0.867273
5644     0.303701
5645     2.285725
5646     0.601155
5647    -2.167998
5648     0.242574
5649    -1.714528
5650     0.520616
5651    -0.682909
5652    -0.404090
5653     0.611871
5654    -0.722417
5655     0.687645
5656     0.367332
5657     0.236517
5658     0.337835
5659     0.310891
5660    -0.406160
5661     0.734550
5662    -0.431209
5663     0.299271
5664    -0.505258
5665     1.081777
5666     0.618162
5667    -0.281054
5668     0.960969
5669    -0.115350
5670     0.159665
5671    -0.137993
5672    -2.132041
5673     0.826754
5674     1.773322
5675     1.122071
5676     0.012352
5677     1.560338
5678     1.316863
5679    -0.797690
5680     0.092851
5681     0.349761
5682     1.068777
5683    -0.484120
5684    -1.831817
5685     1.042641
5686     1.140468
5687     0.329383
5688     0.147069
5689    -1.043349
5690     1.030716
5691    -0.552997
5692    -1.726720
5693     0.946660
5694    -1.184126
5695    -1.664674
5696     0.227132
5697    -1.832927
5698    -0.384463
5699    -1.986322
5700     0.786954
5701    -0.200163
5702    -0.573280
5703     1.568668
5704     2.462837
5705     1.405237
5706     1.318471
5707     0.058720
5708    -0.072131
5709    -0.413429
5710     0.341212
5711    -1.031520
5712     0.876527
5713    -0.144733
5714    -0.869326
5715     1.229829
5716    -0.001674
5717     0.704690
5718    -0.240215
5719     0.519474
5720     0.489270
5721     0.181257
5722    -0.848031
5723     0.666509
5724    -0.416897
5725     0.308515
5726     0.750862
5727    -0.058947
5728     1.095563
5729     0.576469
5730     0.437227
5731     1.440298
5732    -1.116373
5733     0.089423
5734     0.771481
5735     0.856402
5736     0.387363
5737     0.445129
5738     0.927539
5739    -0.413155
5740    -0.643134
5741     0.437369
5742     0.810401
5743    -0.233890
5744    -0.811397
5745    -0.042727
5746     0.636437
5747     0.733237
5748     0.290638
5749    -2.038751
5750     0.024097
5751    -0.850183
5752    -2.379608
5753    -0.593860
5754    -2.264058
5755    -2.240660
5756    -1.699593
5757    -2.641268
5758     0.650977
5759    -0.804202
5760     0.151073
5761    -1.280634
5762    -0.413739
5763     0.739742
5764     1.267300
5765     1.431015
5766     0.543779
5767    -0.397893
5768     0.187038
5769    -0.024250
5770     0.590256
5771    -0.506691
5772     0.760558
5773     0.451869
5774    -0.401083
5775     0.405774
5776     0.921743
5777     0.567633
5778    -0.647209
5779     1.054356
5780     0.310952
5781     0.625257
5782     0.160479
5783     0.466706
5784    -0.100683
5785     0.284851
5786     0.964049
5787    -0.027961
5788     2.273656
5789    -0.450776
5790    -0.106208
5791    -0.408165
5792    -1.638938
5793     0.021502
5794     1.308981
5795     0.870767
5796    -0.008028
5797     0.941122
5798     0.900216
5799    -0.277075
5800    -1.176016
5801     0.533352
5802     0.881926
5803    -0.033034
5804    -0.420929
5805     0.320204
5806     1.274442
5807     0.738601
5808    -0.131249
5809    -1.886454
5810     0.203433
5811    -0.201840
5812    -3.127604
5813    -1.375600
5814    -1.204219
5815    -2.990004
5816    -1.569731
5817    -1.949675
5818     0.770751
5819    -0.396275
5820     0.379654
5821    -0.891764
5822    -0.215804
5823     1.179576
5824    -0.229827
5825     0.887163
5826     0.246177
5827    -0.430256
5828    -0.052014
5829     0.570570
5830     1.291286
5831     0.092769
5832     0.866394
5833     0.989443
5834     0.074981
5835     0.631667
5836    -0.027565
5837     0.896867
5838    -0.475676
5839     2.466336
5840    -0.703635
5841    -0.587373
5842    -0.808523
5843     0.771355
5844     0.137141
5845     1.432902
5846     0.951020
5847    -0.044496
5848     2.402148
5849    -0.151001
5850     0.342516
5851    -0.725225
5852    -1.528736
5853     0.492429
5854     0.429103
5855     0.685767
5856     0.335605
5857     0.540435
5858     0.352879
5859     0.239423
5860     0.090069
5861     0.652734
5862     0.369799
5863    -1.573221
5864     0.024484
5865    -0.359489
5866     1.999160
5867     0.053994
5868     0.217352
5869    -0.680413
5870     0.043376
5871    -0.551966
5872    -2.593880
5873    -1.781396
5874    -0.970196
5875    -2.862330
5876    -0.986423
5877    -1.977580
5878    -0.817876
5879    -0.068379
5880    -0.661873
5881    -1.025547
5882     0.432034
5883     0.699550
5884     0.016170
5885    -0.692291
5886     0.585694
5887    -0.911747
5888     0.626242
5889     0.023648
5890     0.507293
5891     0.586532
5892     0.814713
5893     0.415057
5894     0.721685
5895     0.125022
5896     0.677352
5897     0.136493
5898    -0.336773
5899     2.811001
5900    -0.863334
5901    -0.492105
5902    -0.833569
5903     0.091685
5904     0.840208
5905     1.098118
5906     0.897033
5907     0.464946
5908     2.749738
5909    -0.096769
5910    -0.175297
5911    -0.944407
5912    -0.792665
5913     0.253115
5914     0.767156
5915     0.580870
5916     0.470099
5917     0.349449
5918     0.778450
5919     0.208092
5920     0.185901
5921     1.088353
5922    -0.291817
5923    -1.242883
5924    -0.196169
5925     0.180322
5926     2.596482
5927    -0.270072
5928    -0.736357
5929    -1.742602
5930    -0.225038
5931     0.087056
5932    -2.774881
5933    -1.106727
5934    -0.826947
5935    -1.770790
5936    -1.618664
5937    -1.833629
5938    -0.927292
5939    -0.077649
5940    -0.059539
5941    -0.641367
5942     0.526048
5943     0.759354
5944     0.630029
5945     0.200383
5946     0.238153
5947    -0.710695
5948     1.196831
5949     0.327988
5950     0.424747
5951     0.853643
5952     1.448015
5953     0.618529
5954     0.903740
5955     0.498388
5956     0.327871
5957    -0.914806
5958    -1.102182
5959     2.432233
5960    -0.361822
5961     0.171010
5962    -1.613694
5963    -0.991810
5964     0.485062
5965     1.475801
5966     0.843713
5967     0.650738
5968     1.660169
5969     0.401123
5970     0.485079
5971    -0.394247
5972    -0.907539
5973    -0.591967
5974     1.379567
5975     0.496479
5976     0.251726
5977     0.515029
5978     0.486779
5979     0.376557
5980     0.434835
5981     0.879987
5982    -0.230750
5983    -1.094467
5984    -0.883929
5985    -0.312967
5986     2.331149
5987    -0.179374
5988    -0.135250
5989    -1.830377
5990    -0.947138
5991    -0.073085
5992    -2.294710
5993    -0.450736
5994    -1.577759
5995    -2.594287
5996    -0.397377
5997    -1.609556
5998    -1.056114
5999    -0.754194
6000    -0.058555
6001    -0.006467
6002     0.372440
6003    -0.091591
6004     1.985893
6005    -0.040873
6006    -1.080970
6007    -0.666561
6008     0.656787
6009     0.062233
6010     1.153555
6011     0.185411
6012     1.403763
6013     1.277764
6014     0.038199
6015     0.489949
6016     1.369789
6017    -0.863159
6018    -0.041889
6019     0.438911
6020    -0.049971
6021     0.271779
6022    -1.711847
6023    -0.374919
6024     1.800466
6025     0.571405
6026     0.090624
6027    -0.097375
6028    -0.548555
6029     0.382141
6030     0.641301
6031     0.246763
6032     0.402021
6033     0.514149
6034     1.837342
6035    -0.470977
6036    -1.047603
6037     0.708947
6038     0.263492
6039    -1.184611
6040     0.021441
6041    -0.245608
6042    -0.889748
6043    -1.016850
6044     0.360882
6045     0.435884
6046     1.904741
6047    -1.491796
6048     0.638752
6049    -1.513441
6050    -0.477575
6051     0.696806
6052    -2.836718
6053     0.596532
6054    -1.623793
6055    -3.040633
6056     0.533113
6057    -1.284324
6058    -0.175478
6059     0.133238
6060     0.386821
6061     0.700622
6062     0.221286
6063     0.486383
6064     1.790863
6065    -0.164848
6066    -1.159380
6067    -0.227062
6068     0.626997
6069     0.508808
6070     0.665265
6071    -0.050205
6072     1.934366
6073     0.481144
6074     0.309478
6075     1.613113
6076    -0.491869
6077    -0.035063
6078     0.623685
6079     0.407803
6080    -0.623767
6081     0.367427
6082    -0.845591
6083    -0.791617
6084     0.398820
6085    -0.196384
6086    -0.115913
6087    -0.449063
6088    -0.315103
6089    -0.080159
6090     0.854121
6091     1.135154
6092     0.168626
6093     0.985260
6094     0.822802
6095    -0.461587
6096    -1.453871
6097     0.818068
6098    -0.017906
6099    -1.200448
6100    -1.212805
6101     0.520850
6102     0.402937
6103     0.785679
6104     0.510933
6105     0.694349
6106    -0.521574
6107    -0.068056
6108     0.802680
6109     0.001077
6110    -0.782353
6111    -0.705531
6112    -2.464703
6113     0.465247
6114    -3.058135
6115    -2.757236
6116     0.386143
6117    -2.557618
6118     1.423850
6119    -0.018085
6120     0.912097
6121     0.692713
6122    -0.179430
6123     1.272300
6124     1.054826
6125     0.096116
6126    -0.447341
6127     0.283066
6128     0.156982
6129     0.971051
6130     0.956243
6131     0.436219
6132     1.753930
6133     0.619994
6134     0.547408
6135     1.759659
6136    -0.665046
6137     0.061606
6138     0.501172
6139    -0.441334
6140     0.030814
6141     0.404549
6142    -1.165500
6143     0.379802
6144    -0.768423
6145    -0.211997
6146    -0.276164
6147    -0.533123
6148    -0.361087
6149     0.094492
6150     0.556184
6151     1.314172
6152     0.396821
6153     1.034763
6154     0.778297
6155    -0.737805
6156    -1.670854
6157     0.649482
6158     0.087726
6159    -1.717545
6160    -0.682393
6161     0.109994
6162     0.317409
6163     0.960795
6164    -0.138333
6165     1.996925
6166    -0.427579
6167     0.028948
6168     0.360316
6169    -0.282257
6170    -0.097355
6171    -1.739502
6172    -2.110687
6173    -0.718184
6174    -2.587198
6175    -1.878213
6176    -0.666074
6177    -2.846894
6178     0.916504
6179     0.386416
6180     1.382621
6181     1.234569
6182    -0.696530
6183     0.178444
6184     1.047476
6185    -0.150287
6186    -0.360832
6187    -0.092061
6188    -0.011571
6189     1.521527
6190    -0.049934
6191     1.235443
6192     1.166694
6193    -0.152982
6194     1.196533
6195     1.264798
6196    -1.236800
6197    -0.209205
6198    -0.086822
6199    -1.452532
6200    -0.137826
6201     0.150402
6202     1.351445
6203    -0.130712
6204    -0.619125
6205    -1.812968
6206    -0.164122
6207     1.230486
6208    -1.366431
6209     0.005601
6210     0.214485
6211     0.303476
6212     1.155905
6213     0.562733
6214    -0.274089
6215     0.069729
6216     1.450603
6217    -0.059192
6218     0.366227
6219     0.049750
6220    -1.292626
6221    -0.221761
6222     0.276376
6223     1.041890
6224     0.429831
6225    -0.218196
6226    -1.348609
6227    -0.228219
6228     0.248368
6229     1.383773
6230    -1.077397
6231    -2.494658
6232     1.241248
6233    -1.405142
6234    -2.583144
6235     1.348614
6236    -1.146566
6237    -1.920775
6238     0.185730
6239     1.120068
6240    -0.031115
6241     0.805655
6242     0.069392
6243    -0.372705
6244     0.735899
6245    -0.027269
6246    -0.127781
6247     0.250825
6248    -0.233288
6249     1.063274
6250     0.154881
6251     1.418760
6252     0.600130
6253    -0.010921
6254     1.355700
6255     1.001824
6256    -1.417134
6257    -0.476001
6258     0.992662
6259    -1.510506
6260    -0.412887
6261     0.813103
6262     1.102129
6263     0.298452
6264    -1.092645
6265    -1.475916
6266    -0.795946
6267     0.850527
6268    -1.206990
6269    -0.625835
6270     0.777620
6271     0.571035
6272     2.827443
6273    -1.272818
6274     0.264550
6275    -0.216834
6276     0.799593
6277     0.098813
6278    -0.107447
6279     0.728228
6280    -1.406454
6281    -0.650835
6282     0.787457
6283     0.942814
6284     0.399641
6285    -0.537583
6286    -1.315748
6287    -0.687187
6288     0.849014
6289     1.294274
6290    -1.336312
6291    -1.764719
6292     0.802853
6293    -1.119533
6294    -1.763757
6295     0.999756
6296    -0.888429
6297    -2.065161
6298     0.320185
6299     1.208416
6300    -0.266264
6301    -0.130897
6302     0.372538
6303     1.082502
6304     0.220844
6305    -0.694524
6306     0.370576
6307     2.379018
6308    -0.362412
6309     0.296814
6310    -0.254368
6311     0.105121
6312     0.266510
6313     1.210571
6314     0.567937
6315     0.068625
6316    -0.822511
6317     0.945463
6318     0.638753
6319    -0.572235
6320     1.128369
6321     0.055673
6322     0.315805
6323    -0.596649
6324    -0.936598
6325    -0.370149
6326     0.952535
6327     0.419653
6328    -0.659701
6329     0.871600
6330     0.610396
6331    -1.258548
6332     1.415403
6333    -0.590795
6334    -0.190804
6335    -1.226981
6336     1.351166
6337    -0.646601
6338    -1.349500
6339     1.147648
6340    -0.600740
6341    -0.398354
6342    -0.817748
6343    -0.367594
6344     0.328839
6345     1.036606
6346    -0.390547
6347     0.253973
6348     0.004167
6349     1.534445
6350    -0.494145
6351    -0.998259
6352     2.106553
6353    -0.572215
6354    -3.324025
6355    -0.677276
6356    -1.366905
6357    -0.983224
6358    -0.825266
6359     0.119908
6360     0.301562
6361    -0.530037
6362     1.132888
6363     0.517475
6364    -0.343398
6365     0.640085
6366     0.393233
6367     1.223322
6368     0.993952
6369     0.540288
6370    -0.378572
6371     0.394733
6372     0.576502
6373     1.204270
6374     0.302129
6375    -1.181141
6376     0.033526
6377    -0.296189
6378    -0.637774
6379    -0.313989
6380     0.639707
6381    -1.376612
6382    -0.102356
6383     0.366949
6384     0.384027
6385     0.227543
6386    -0.247657
6387    -1.359599
6388    -0.037588
6389    -0.159758
6390    -0.853533
6391    -0.631990
6392     0.712230
6393     0.762121
6394    -0.142701
6395    -1.177011
6396     1.241953
6397    -0.412349
6398    -1.322233
6399     2.716004
6400    -0.026154
6401    -1.612178
6402     0.338802
6403    -0.438269
6404     0.700029
6405     0.895227
6406    -0.228214
6407    -0.227790
6408     0.960988
6409     0.658499
6410    -0.074972
6411    -1.602287
6412     0.988946
6413     0.993128
6414    -3.538790
6415    -0.033882
6416    -2.362205
6417     0.683428
6418    -0.716608
6419     0.604165
6420     0.539688
6421    -0.916119
6422     0.729332
6423     0.637941
6424    -0.930835
6425    -0.134911
6426     0.713684
6427     1.919334
6428    -0.671959
6429    -0.115214
6430    -1.014397
6431     0.795150
6432     0.842127
6433     0.117449
6434    -0.768782
6435    -0.226257
6436     0.747640
6437     0.133053
6438    -0.893118
6439     1.856186
6440     0.291836
6441    -1.909927
6442    -0.662819
6443     0.292047
6444     0.571603
6445     0.605703
6446     0.604608
6447    -1.243834
6448     0.352186
6449     0.827921
6450    -0.854796
6451    -1.114158
6452     1.310666
6453     0.946911
6454    -0.727682
6455    -1.577776
6456     1.248689
6457    -1.259628
6458    -0.441701
6459     2.292654
6460     0.774972
6461    -1.167280
6462    -0.404222
6463    -0.745812
6464     0.821209
6465     0.832040
6466    -0.604141
6467    -0.446085
6468     0.757890
6469     1.890530
6470    -0.701409
6471    -1.815225
6472     0.276040
6473     0.714892
6474    -2.235008
6475     0.535909
6476    -1.243140
6477     0.096327
6478    -1.100359
6479     0.632328
6480     0.757735
6481    -0.683709
6482     0.523312
6483     0.173437
6484    -0.738452
6485    -1.128851
6486     2.059073
6487     1.079235
6488    -0.103928
6489     1.003198
6490    -0.891044
6491     0.349842
6492     0.945280
6493    -0.477909
6494    -0.681289
6495     1.345456
6496     0.223533
6497    -0.251929
6498     0.602096
6499     0.782424
6500     1.364446
6501    -1.298660
6502    -0.829412
6503     0.322862
6504     0.706130
6505     0.564888
6506     1.237174
6507    -2.068210
6508     0.326757
6509     0.724861
6510    -1.042507
6511    -0.774652
6512     0.621990
6513     1.049130
6514    -1.071198
6515    -0.814433
6516     1.164680
6517    -0.543867
6518    -0.727344
6519     1.157138
6520     0.592605
6521    -1.502553
6522     0.098516
6523    -0.300053
6524     1.059822
6525    -0.332786
6526    -0.850363
6527     0.280284
6528     0.239850
6529     1.928589
6530    -1.259449
6531    -1.602070
6532     0.567567
6533     0.106519
6534    -2.174299
6535     1.897304
6536    -0.919634
6537    -1.889595
6538    -0.802244
6539     0.798300
6540    -0.135856
6541    -0.267283
6542     1.514907
6543    -0.254247
6544    -0.279767
6545    -1.198893
6546     0.796881
6547     2.799434
6548     1.087681
6549    -0.770199
6550    -0.574611
6551     0.779610
6552     0.040709
6553     0.707921
6554     0.418855
6555     0.043671
6556     0.062044
6557    -0.755934
6558     0.287502
6559     0.176004
6560     0.853329
6561     0.216409
6562    -0.715410
6563     0.489993
6564     0.216536
6565    -0.351756
6566     0.068377
6567    -0.007242
6568    -0.051355
6569     0.671012
6570    -0.260282
6571    -0.660882
6572     0.949196
6573     0.762725
6574    -1.659521
6575    -0.929092
6576     2.422127
6577     0.141230
6578    -0.277685
6579    -0.158428
6580     0.285999
6581    -2.180295
6582     0.145649
6583    -0.985839
6584     0.590869
6585     0.711656
6586    -1.094368
6587     0.203914
6588     0.114871
6589     1.533635
6590    -1.572761
6591    -0.898514
6592     0.057606
6593    -0.524344
6594    -2.162545
6595     1.252366
6596    -2.274532
6597    -1.105212
6598    -0.375449
6599     2.085793
6600    -0.142069
6601    -0.549428
6602     0.717045
6603     0.333540
6604    -0.287064
6605    -0.191670
6606     0.155985
6607    -0.351779
6608    -0.739557
6609    -0.122761
6610    -0.805045
6611     0.824758
6612     0.261119
6613     0.474628
6614     1.612031
6615    -0.647675
6616     0.009117
6617    -0.534477
6618     0.334448
6619     0.113582
6620     0.666290
6621     0.579698
6622    -0.616301
6623     0.741574
6624     0.309280
6625     0.302797
6626    -0.498184
6627     0.315346
6628    -0.323028
6629    -0.572227
6630     0.528004
6631    -0.593238
6632     1.905014
6633     0.287783
6634    -0.247917
6635     0.700319
6636     0.788135
6637    -0.965824
6638    -1.012153
6639     0.336437
6640    -0.194055
6641    -1.545242
6642    -0.218307
6643    -0.211275
6644     0.684021
6645     0.675899
6646    -0.545975
6647     0.553466
6648    -0.098250
6649     2.879335
6650    -2.194467
6651    -0.892463
6652     0.094555
6653    -1.415814
6654    -1.496205
6655     2.244219
6656    -2.631336
6657    -0.870198
6658    -0.427303
6659     2.930610
6660    -0.559815
6661    -0.824702
6662     0.722900
6663     0.759922
6664    -0.121090
6665    -0.210304
6666     0.149800
6667    -1.322581
6668    -0.819632
6669     0.899558
6670    -0.002344
6671     0.686763
6672     0.620613
6673     1.168572
6674     1.733659
6675    -1.760524
6676    -0.012008
6677    -0.240042
6678    -0.273484
6679    -0.703543
6680     0.854758
6681     0.898345
6682     0.544488
6683     0.607930
6684     0.565959
6685    -0.397855
6686    -0.288839
6687     0.173205
6688    -0.946041
6689    -0.268337
6690    -0.543509
6691    -0.029004
6692     1.771116
6693     0.150716
6694     0.455987
6695     0.789650
6696    -0.456005
6697    -1.299949
6698    -1.200119
6699     0.992547
6700     0.014941
6701    -1.551295
6702    -0.441201
6703     0.131877
6704     0.738565
6705     0.154282
6706     0.256402
6707     0.479667
6708     0.050708
6709     1.586973
6710    -2.122664
6711    -0.869185
6712     1.096898
6713    -1.980703
6714    -0.261647
6715     1.402402
6716    -2.450693
6717    -1.230103
6718    -0.999423
6719     2.747619
6720     0.420003
6721    -0.872612
6722     1.617807
6723     0.413559
6724    -1.105256
6725     2.213123
6726     1.286236
6727    -1.422718
6728     0.013292
6729     1.094609
6730     0.046082
6731     0.574382
6732     0.964773
6733     1.181253
6734     0.536039
6735    -1.788681
6736     0.036433
6737    -1.560773
6738     0.044408
6739    -0.391581
6740     0.213549
6741     0.735718
6742     1.470963
6743     1.098319
6744    -0.982821
6745     0.022148
6746    -1.538488
6747    -0.594143
6748    -1.552021
6749     0.643598
6750     0.385513
6751     0.002773
6752     0.732295
6753    -0.123723
6754     0.347289
6755    -0.775080
6756    -0.322314
6757    -1.436523
6758    -0.068346
6759     0.863917
6760    -0.410992
6761    -1.093049
6762     0.307852
6763    -0.060314
6764     0.217194
6765     1.008570
6766     0.459353
6767    -0.346098
6768    -0.172406
6769     1.351027
6770    -1.300789
6771     0.055672
6772     1.675670
6773    -0.857612
6774    -1.244218
6775     1.882304
6776    -1.215079
6777    -1.855045
6778    -1.223279
6779     0.895715
6780    -0.077478
6781    -0.606062
6782     0.797391
6783     1.162553
6784    -1.311038
6785     2.197690
6786     1.642354
6787    -1.794740
6788     0.660392
6789     1.076334
6790    -0.623886
6791     0.857346
6792     1.460348
6793    -0.678645
6794     0.551170
6795    -1.128397
6796     1.171868
6797    -1.238005
6798    -0.672645
6799     2.193034
6800    -0.410020
6801    -0.291178
6802    -0.536953
6803     0.782324
6804     0.346424
6805    -0.108130
6806    -0.985054
6807    -1.062439
6808     0.987075
6809     0.220884
6810    -1.057933
6811    -0.344384
6812     0.397926
6813     0.644363
6814     0.218696
6815    -0.868523
6816    -0.076203
6817    -1.335569
6818     0.370228
6819     0.576150
6820     0.955852
6821    -1.346456
6822    -0.198057
6823    -0.580133
6824     0.249628
6825     1.521214
6826     0.114036
6827    -0.144299
6828     0.118388
6829    -1.625875
6830    -0.408270
6831    -0.220209
6832     1.494210
6833    -0.667386
6834    -1.251765
6835     1.471451
6836    -0.858922
6837    -1.996962
6838     0.939193
6839    -0.158045
6840    -0.592342
6841    -0.240128
6842    -0.770536
6843     0.272685
6844    -0.529513
6845     2.419099
6846    -1.108952
6847    -0.847627
6848    -0.380576
6849    -2.032973
6850     0.123938
6851    -1.277385
6852    -1.109095
6853    -0.658302
6854     2.102214
6855    -1.324116
6856     1.097809
6857    -0.806373
6858     0.355999
6859     2.084122
6860    -0.819699
6861     0.603332
6862    -0.423714
6863     0.991308
6864     0.840819
6865    -0.122430
6866    -1.256503
6867    -0.695098
6868     0.035637
6869    -1.668363
6870     0.769317
6871    -0.159081
6872    -0.231360
6873     0.731581
6874     0.644338
6875    -0.837087
6876    -0.218432
6877    -0.642823
6878     0.627530
6879    -1.406255
6880     0.979232
6881    -1.111969
6882     0.484794
6883     0.097991
6884     0.079056
6885    -0.717732
6886    -0.082625
6887     0.449224
6888     1.060984
6889    -2.273737
6890     1.090119
6891     1.030297
6892     0.435396
6893     0.988405
6894     1.012954
6895     0.109230
6896     1.226286
6897     0.482882
6898     0.372287
6899    -0.813388
6900     0.967006
6901     0.704000
6902    -0.211415
6903    -0.010742
6904     0.244278
6905     0.021261
6906    -0.419430
6907    -1.006595
6908    -0.069698
6909    -1.811200
6910     1.152534
6911    -0.226554
6912    -1.616072
6913     0.626334
6914    -0.081235
6915    -0.847189
6916     0.828993
6917     0.726290
6918    -0.249316
6919     1.814461
6920     1.330232
6921    -0.601178
6922    -1.472615
6923    -0.677853
6924     1.749075
6925     0.095237
6926    -0.665377
6927    -0.891513
6928    -0.795175
6929    -0.322155
6930     0.238524
6931     0.569618
6932     0.058094
6933     0.706169
6934     0.717568
6935     0.056279
6936    -0.404010
6937     1.373932
6938    -0.397571
6939    -1.253050
6940     0.526679
6941     0.765069
6942    -0.386713
6943     0.472731
6944    -0.088077
6945    -0.581074
6946     0.558976
6947     0.726366
6948     0.747684
6949    -3.044475
6950     0.543318
6951     1.335053
6952    -1.708782
6953    -0.277251
6954     1.756726
6955    -2.263819
6956    -0.376310
6957     1.374437
6958     0.606120
6959    -0.833413
6960     1.163821
6961     0.280313
6962    -0.038768
6963     0.882382
6964     0.110913
6965     0.024080
6966     0.000603
6967    -0.407811
6968    -1.185970
6969    -0.824013
6970     0.990377
6971    -0.918239
6972    -1.314059
6973     0.720619
6974    -0.942381
6975    -0.946583
6976     0.694049
6977     0.691137
6978    -1.195786
6979     1.441634
6980     0.230173
6981    -0.578767
6982    -2.402241
6983     1.044657
6984     3.114023
6985     0.485798
6986    -1.212638
6987    -1.253697
6988    -0.357606
6989    -0.111078
6990     0.042478
6991     0.558868
6992    -0.047333
6993     0.506243
6994     0.833793
6995    -1.223904
6996    -0.789018
6997     1.096334
6998    -1.051234
6999    -1.035157
7000     0.486684
7001     0.380734
7002    -0.596223
7003    -0.126000
7004     0.167145
7005     0.755090
7006     0.518875
7007     0.762920
7008    -1.273782
7009    -1.964802
7010     0.990933
7011     0.866589
7012    -1.253826
7013     0.988316
7014     1.393345
7015    -1.664054
7016     0.331599
7017     1.712731
7018    -0.041916
7019     1.119851
7020     0.533600
7021     0.558207
7022     0.118372
7023     0.780127
7024     0.513517
7025     0.192657
7026     0.147123
7027    -1.603565
7028    -1.073236
7029    -0.491933
7030    -0.880816
7031    -0.706154
7032    -0.895298
7033    -1.088771
7034    -1.110122
7035    -0.606696
7036     1.968894
7037     1.453133
7038    -1.342075
7039     2.429914
7040     0.935374
7041    -0.678981
7042    -0.657681
7043    -0.422202
7044     2.281626
7045     0.665024
7046     0.537664
7047    -1.176027
7048     0.347734
7049     0.640577
7050    -0.010528
7051    -0.366364
7052    -0.057317
7053     0.512159
7054    -0.340571
7055     0.232124
7056    -0.771106
7057    -0.772157
7058    -0.892948
7059    -0.704762
7060     2.177507
7061     1.288050
7062    -1.049030
7063    -0.388754
7064    -0.335333
7065     0.759168
7066     1.561545
7067     1.400388
7068    -1.176599
7069    -0.924053
7070    -0.311642
7071     0.903217
7072    -1.164069
7073    -0.628431
7074     1.324095
7075    -1.702564
7076    -0.798945
7077     1.446905
7078    -0.332976
7079    -0.462009
7080     0.748614
7081     0.341416
7082    -0.059324
7083     1.402175
7084     0.791537
7085    -0.689168
7086     0.604652
7087    -1.966241
7088    -0.032161
7089    -0.181340
7090    -0.596009
7091    -0.459732
7092    -0.524313
7093    -2.006640
7094     0.138896
7095    -0.295941
7096     1.934052
7097     0.653757
7098    -2.185604
7099     2.073021
7100     0.556262
7101    -1.929938
7102    -0.470511
7103    -0.110637
7104     1.697919
7105     0.250724
7106     0.616893
7107    -0.345783
7108     0.528468
7109     0.382781
7110    -0.005719
7111     0.186054
7112    -0.756124
7113     0.866431
7114    -0.439251
7115     0.436014
7116    -0.214948
7117    -1.732160
7118     0.341190
7119    -0.485979
7120     2.271514
7121     0.377356
7122    -1.301117
7123     0.017068
7124    -0.651422
7125     1.047662
7126     1.620934
7127     0.586944
7128    -2.147736
7129    -0.813430
7130     0.056919
7131     0.831371
7132    -0.887863
7133    -0.394225
7134     1.430746
7135    -1.147476
7136    -0.498126
7137     0.919569
7138     0.044794
7139    -0.496092
7140     0.817892
7141    -0.034971
7142    -0.180355
7143     1.145621
7144     0.038252
7145    -0.199928
7146     0.380086
7147    -1.438105
7148     0.053181
7149    -0.027447
7150    -1.137161
7151     0.438574
7152    -0.874199
7153    -1.950623
7154     0.092184
7155    -0.159804
7156     2.785483
7157     0.494887
7158    -1.966147
7159     2.613130
7160     0.198074
7161    -1.512513
7162    -0.504242
7163    -0.470681
7164     1.389655
7165     0.407138
7166     0.812792
7167    -0.244700
7168     0.972130
7169     0.671322
7170    -0.081310
7171    -0.197518
7172    -0.632205
7173     0.769180
7174    -1.304867
7175     0.293083
7176    -0.268962
7177    -1.564754
7178     0.185570
7179    -0.232878
7180     1.664130
7181     0.394145
7182    -0.802917
7183    -0.462745
7184    -0.605580
7185     0.870336
7186     2.578201
7187     0.459973
7188    -1.967212
7189    -0.641549
7190    -0.278127
7191     0.804239
7192    -0.837661
7193    -0.914247
7194     1.244153
7195    -0.780088
7196    -0.409195
7197     0.820138
7198    -0.204179
7199    -0.403467
7200     0.714684
7201    -0.017665
7202    -0.432084
7203     0.971347
7204    -0.068654
7205    -0.409748
7206     0.398447
7207    -1.229796
7208     0.177220
7209     0.200236
7210    -0.708275
7211     0.987661
7212    -0.400777
7213    -1.346731
7214     0.444533
7215    -0.087493
7216     2.618026
7217     0.773109
7218    -2.258256
7219     2.548918
7220     0.464184
7221    -1.435852
7222    -0.342894
7223    -0.799608
7224     1.236310
7225     0.318924
7226     0.900941
7227    -0.375515
7228     0.421097
7229     0.845601
7230     0.049146
7231    -0.561259
7232    -0.962144
7233     1.001405
7234    -1.315544
7235     0.344670
7236    -0.356153
7237    -1.282460
7238     0.298506
7239    -0.295556
7240     1.690153
7241     0.373720
7242    -1.176265
7243    -0.798564
7244    -0.957322
7245     1.013174
7246     2.229012
7247     0.801897
7248    -2.126663
7249    -0.515391
7250    -0.474975
7251     0.808253
7252     0.032374
7253    -1.074450
7254     0.972061
7255    -0.829398
7256    -0.706989
7257     0.675618
7258    -0.841874
7259    -0.594723
7260     1.186535
7261    -0.155152
7262    -0.264286
7263     0.921575
7264     0.012864
7265    -0.651729
7266     0.308171
7267    -1.370332
7268     0.701873
7269     0.150141
7270    -0.948992
7271     0.588640
7272     0.363114
7273    -1.148002
7274     0.833374
7275     0.281081
7276     2.150578
7277    -0.426503
7278    -2.357245
7279     2.225378
7280    -0.478511
7281    -1.914221
7282    -0.224591
7283     0.152618
7284     1.027711
7285     0.059704
7286     0.573605
7287    -0.283183
7288    -0.052398
7289     0.361698
7290     0.592640
7291    -0.539429
7292    -0.611255
7293     0.918180
7294    -0.994290
7295     0.863373
7296    -0.311553
7297    -1.147070
7298     0.832302
7299    -0.424270
7300     1.599583
7301    -0.012369
7302    -2.172294
7303    -0.348608
7304    -0.129898
7305     1.097977
7306     2.143357
7307    -0.215682
7308    -2.566772
7309    -0.087886
7310    -0.114805
7311     1.038716
7312     0.332799
7313    -1.108082
7314     0.971563
7315    -0.513390
7316    -0.964889
7317     1.246917
7318    -0.994123
7319     0.070526
7320     1.111751
7321    -0.267881
7322    -0.295937
7323     0.559569
7324    -0.872381
7325    -0.264905
7326     0.078582
7327    -0.818249
7328    -0.854837
7329     0.278091
7330     0.018309
7331    -1.154523
7332     0.781236
7333    -0.545945
7334    -0.769320
7335     0.972934
7336     1.613123
7337     1.733559
7338    -2.260087
7339     1.581693
7340     2.210940
7341    -0.798642
7342    -0.232544
7343    -0.110781
7344     1.406503
7345    -0.879819
7346     1.211054
7347     0.386085
7348    -0.303850
7349     0.963321
7350     0.464605
7351    -0.384902
7352    -0.725251
7353    -0.053791
7354    -0.891351
7355    -0.315615
7356    -0.069978
7357    -0.799278
7358    -0.967843
7359     0.086823
7360     1.295548
7361     1.137003
7362    -2.274406
7363     0.054023
7364    -0.444575
7365     0.572542
7366     1.859930
7367     1.474800
7368    -2.563002
7369     0.046998
7370    -0.082084
7371     0.795798
7372    -0.027247
7373    -0.904626
7374     0.786769
7375    -0.338517
7376    -1.143514
7377     0.408672
7378    -0.107662
7379    -0.696867
7380     0.441696
7381     0.441226
7382    -0.006083
7383    -0.099591
7384     0.343776
7385    -0.242061
7386    -0.486941
7387     1.314750
7388    -1.756396
7389     0.047253
7390     1.397282
7391    -1.578646
7392     0.186037
7393     1.574124
7394    -1.432304
7395     0.278438
7396    -1.330065
7397     0.532823
7398    -0.191495
7399    -1.442638
7400     0.749155
7401     1.545508
7402    -1.191707
7403     2.114526
7404     0.760838
7405     0.477214
7406    -0.832296
7407     0.958840
7408     0.352805
7409     1.340173
7410    -0.152994
7411     0.147238
7412    -0.629857
7413    -0.539847
7414     0.522268
7415    -2.368502
7416     0.119859
7417     0.518686
7418    -2.040237
7419    -0.245020
7420    -1.602827
7421     1.071497
7422    -0.791341
7423     0.220695
7424     0.310154
7425    -0.066448
7426    -1.451525
7427     1.169853
7428    -0.670120
7429     0.432446
7430     1.339878
7431    -0.080496
7432    -0.484674
7433     1.258169
7434    -0.044225
7435    -0.668626
7436     1.683466
7437    -0.446795
7438     0.429550
7439    -0.683312
7440    -0.081462
7441     0.514974
7442    -0.204215
7443    -0.166101
7444     0.349003
7445    -0.083749
7446    -0.750756
7447     1.229149
7448    -0.909637
7449    -0.489537
7450     1.384515
7451    -0.331221
7452    -0.812564
7453     1.291177
7454    -0.484454
7455    -0.211806
7456    -2.063161
7457     1.509725
7458     1.258612
7459    -2.194250
7460     2.203346
7461     1.025836
7462    -0.083702
7463    -0.332323
7464    -1.006808
7465     0.785444
7466    -0.720958
7467    -0.411762
7468     1.010444
7469    -0.508381
7470    -0.464135
7471    -0.049179
7472    -1.178049
7473     0.073206
7474     0.073887
7475     0.569079
7476     1.540530
7477    -0.022094
7478     0.111653
7479     0.893599
7480    -2.111168
7481     0.672637
7482     1.372953
7483     0.270606
7484     0.353706
7485     0.013359
7486    -1.997124
7487     1.295987
7488     0.904666
7489     1.045498
7490     0.122954
7491    -1.759640
7492     0.075864
7493    -0.787242
7494     0.009494
7495     0.018988
7496    -0.473269
7497    -0.706834
7498     0.471130
7499    -0.825591
7500    -0.312311
7501     0.007537
7502    -0.738095
7503     0.153757
7504     0.242410
7505     0.148818
7506    -1.071796
7507    -0.157214
7508     0.429191
7509    -0.221427
7510     0.028509
7511     0.098217
7512    -0.557074
7513    -0.801966
7514     0.736010
7515     0.520637
7516    -0.290238
7517    -0.715777
7518     1.696616
7519    -0.230381
7520     0.268165
7521     1.291551
7522     0.731263
7523    -0.306831
7524    -1.984935
7525    -0.653604
7526    -0.658986
7527     0.195643
7528    -0.201501
7529     0.809936
7530    -0.136210
7531     0.569178
7532     0.059133
7533    -0.736160
7534     0.314667
7535     0.576569
7536     2.377240
7537     0.298328
7538     0.120137
7539     1.011647
7540    -0.376374
7541    -1.633995
7542     1.725604
7543     0.363103
7544    -0.581428
7545     0.378485
7546     0.046593
7547    -0.712529
7548     0.915614
7549     0.039775
7550     0.611806
7551    -2.282657
7552    -0.110680
7553     0.616701
7554    -0.762854
7555     0.130746
7556     1.054433
7557    -2.009391
7558     0.049848
7559    -0.181474
7560    -0.504288
7561    -0.046237
7562    -0.360190
7563    -0.163512
7564     0.076122
7565    -0.044002
7566    -1.004620
7567     0.011655
7568    -1.722492
7569     0.528907
7570    -0.012389
7571     0.552662
7572    -0.213701
7573    -0.479713
7574    -0.623951
7575    -0.861205
7576    -0.219036
7577    -0.857417
7578     0.585507
7579    -0.191259
7580    -0.238699
7581     0.515952
7582     0.611415
7583     0.109763
7584    -0.898702
7585    -0.761842
7586    -0.375579
7587     0.077116
7588    -0.093729
7589     0.173681
7590     0.276144
7591     0.350923
7592    -1.037390
7593    -0.639769
7594     0.235981
7595    -0.369988
7596     0.318405
7597     0.172154
7598    -0.579188
7599     0.285964
7600    -0.227913
7601    -1.981652
7602     1.001746
7603     0.305010
7604     0.281161
7605    -0.524422
7606     0.131738
7607    -0.649569
7608    -0.547086
7609     0.068543
7610     0.841918
7611     1.475854
7612    -0.091586
7613     4.129541
7614     0.393381
7615     0.109777
7616     3.238439
7617    -0.283494
7618     0.050387
7619    -0.487049
7620    -0.322465
7621     0.084613
7622     0.506779
7623    -0.977118
7624    -0.135558
7625    -0.551951
7626    -0.645837
7627    -0.072052
7628    -0.908740
7629     0.065540
7630    -0.018889
7631     1.310324
7632    -0.361463
7633    -1.456064
7634    -1.187711
7635     0.341730
7636    -0.430029
7637    -0.447489
7638     0.329075
7639     0.400296
7640    -0.480148
7641     0.127886
7642     1.060758
7643    -0.127427
7644    -1.158742
7645    -0.295022
7646    -1.293827
7647    -0.384872
7648     0.351666
7649    -0.371330
7650     0.382678
7651    -1.299599
7652     0.791509
7653    -0.351718
7654     0.446534
7655    -0.810187
7656     0.128019
7657     0.216567
7658    -0.371796
7659     0.012574
7660    -0.255471
7661    -1.802644
7662     0.942933
7663    -0.478026
7664     2.195322
7665    -0.873607
7666    -0.460235
7667    -0.645304
7668    -0.019997
7669     0.995394
7670     0.221500
7671     1.394798
7672     1.051552
7673     1.445334
7674     1.592575
7675     1.455995
7676     1.977072
7677    -0.435249
7678    -1.162433
7679     0.550713
7680    -0.109203
7681     0.238225
7682     1.013515
7683     1.081829
7684    -0.178808
7685     0.233749
7686    -0.382958
7687     0.291041
7688     0.743772
7689     1.470667
7690    -0.341010
7691     0.251016
7692    -0.002579
7693    -0.635798
7694     0.849407
7695     0.037897
7696    -0.557261
7697     0.185341
7698    -0.045673
7699     0.019994
7700    -0.159534
7701     0.824264
7702     0.409540
7703     0.371104
7704    -0.040922
7705     1.647496
7706    -0.375827
7707     1.904164
7708    -0.017745
7709    -0.156811
7710     0.684813
7711    -1.036977
7712     0.816405
7713    -0.510840
7714     0.414701
7715     1.211607
7716     0.466105
7717     0.030510
7718     0.354832
7719     0.062712
7720    -0.283980
7721    -0.972081
7722     1.418889
7723     0.529658
7724    -0.106436
7725     0.244791
7726    -0.363937
7727     0.270662
7728     0.736396
7729     0.272899
7730    -0.949415
7731    -2.409517
7732     0.076056
7733    -2.132288
7734    -2.322536
7735     0.279490
7736    -2.758357
7737    -2.940814
7738    -0.794097
7739     1.309340
7740    -0.276689
7741    -0.697444
7742     1.131926
7743     0.304028
7744    -0.492112
7745     0.254375
7746    -0.239537
7747    -1.360446
7748     2.424695
7749    -0.042512
7750    -1.043688
7751     0.283504
7752     0.691077
7753     0.265214
7754    -0.161879
7755     0.544494
7756     0.427559
7757    -0.675454
7758     0.306178
7759     0.400907
7760    -0.543379
7761     0.888771
7762    -0.542704
7763     0.637085
7764    -0.041171
7765     0.622698
7766    -0.044905
7767     0.488627
7768    -0.220809
7769    -0.120166
7770     0.518546
7771    -0.537093
7772    -0.134209
7773     0.408667
7774    -0.912377
7775     1.192100
7776     0.707201
7777    -1.130756
7778     0.543042
7779     0.889934
7780     0.327354
7781    -0.977820
7782     0.882348
7783    -0.614754
7784     0.308840
7785     0.242563
7786     0.655558
7787    -0.615619
7788     0.872651
7789     1.846590
7790    -0.489017
7791    -2.834806
7792     1.608646
7793    -1.498738
7794    -2.232192
7795     1.862164
7796    -1.752140
7797    -2.804894
7798    -0.464506
7799     0.237760
7800     0.450027
7801    -0.584977
7802     0.537309
7803     0.157514
7804    -0.963073
7805     0.352560
7806     0.208701
7807    -0.718278
7808    -0.903063
7809     0.601981
7810    -0.933141
7811    -0.101698
7812     0.433800
7813    -0.268437
7814     1.453104
7815     0.903063
7816     0.070306
7817     0.675861
7818     0.428704
7819     0.497239
7820    -1.015372
7821     0.352590
7822    -1.132486
7823     1.130784
7824     0.575812
7825     0.658538
7826    -0.014730
7827    -0.054128
7828     0.684735
7829     0.830144
7830    -0.262741
7831    -0.320122
7832     0.638307
7833     0.104575
7834    -1.039863
7835    -0.785049
7836     0.917935
7837    -1.072689
7838     1.199457
7839     0.746393
7840     0.436585
7841    -1.372553
7842     0.362452
7843    -0.585879
7844     1.014852
7845     0.126208
7846     0.369250
7847     0.658220
7848     0.726651
7849     1.410349
7850    -1.749357
7851    -2.020295
7852     1.930973
7853    -1.619673
7854    -2.211947
7855     1.885625
7856    -2.316307
7857    -2.419743
7858    -0.324656
7859     1.387206
7860     0.322475
7861    -0.768074
7862     0.123667
7863    -0.178030
7864    -0.868878
7865     0.500270
7866     0.465277
7867     0.104574
7868    -0.639629
7869     1.328045
7870    -1.697102
7871     0.080206
7872     0.042960
7873    -0.887868
7874     1.994703
7875    -0.527060
7876    -0.405359
7877    -0.008118
7878     0.406817
7879     0.124973
7880    -0.221410
7881    -0.027371
7882    -1.401134
7883     1.066993
7884     0.586714
7885     0.010596
7886    -0.356974
7887    -0.773813
7888     0.634045
7889     0.536971
7890    -0.050486
7891    -0.728818
7892    -0.033659
7893    -0.101160
7894    -0.023261
7895    -0.738258
7896     1.548622
7897    -1.389829
7898     0.804977
7899     0.419882
7900    -0.153059
7901    -0.575060
7902    -0.012388
7903    -0.591241
7904     0.715713
7905     0.232848
7906    -0.085586
7907    -0.022180
7908     0.833074
7909     2.588507
7910    -1.225851
7911    -1.093555
7912     2.906060
7913    -1.281355
7914    -1.513334
7915     2.781936
7916    -1.926556
7917    -1.518685
7918    -0.150480
7919     1.205550
7920    -0.068358
7921    -0.000707
7922     0.322092
7923     1.633669
7924    -0.309164
7925     0.158496
7926     1.327523
7927    -0.800683
7928     0.589748
7929     0.075360
7930    -1.144920
7931     0.991111
7932     0.777907
7933    -0.578396
7934     1.017079
7935     1.049614
7936     0.245601
7937     0.196060
7938     0.627579
7939     0.248827
7940     0.098738
7941     1.071828
7942    -0.870329
7943     0.768048
7944     1.030451
7945     0.586575
7946     0.163079
7947    -0.612751
7948     0.710481
7949     0.283782
7950    -0.332941
7951    -0.121814
7952     0.348855
7953     0.054581
7954    -0.469929
7955    -0.314371
7956     0.108774
7957    -0.772553
7958     0.862543
7959     0.778983
7960    -0.236315
7961    -0.365525
7962     0.459275
7963    -0.364637
7964     0.353058
7965     0.028385
7966     0.291436
7967     0.057052
7968     0.781184
7969     0.913351
7970    -1.719831
7971    -2.756632
7972     1.561500
7973    -1.942818
7974    -2.828215
7975     1.403402
7976    -2.303656
7977    -2.985962
7978    -0.291725
7979     0.436459
7980    -0.288612
7981    -0.369767
7982     0.633090
7983     1.385966
7984    -0.290364
7985     0.229772
7986     1.179530
7987    -1.453045
7988     0.689459
7989    -0.017962
7990    -0.248897
7991     1.436428
7992     0.367225
7993     0.103349
7994     1.186297
7995     0.981942
7996     0.540026
7997     0.597097
7998     0.110626
7999     0.324442
8000     0.546544
8001     0.489527
8002    -0.372678
8003     1.256425
8004     0.602539
8005     1.197597
8006     0.231942
8007    -0.940192
8008     0.380043
8009     0.388107
8010    -0.499225
8011     0.539899
8012     0.554686
8013    -0.201806
8014    -0.508914
8015     0.019062
8016    -0.311138
8017    -0.509102
8018     0.994830
8019     0.709939
8020     0.376253
8021    -0.270302
8022     0.141496
8023    -0.863564
8024     0.066320
8025     0.246631
8026     0.580052
8027     0.701439
8028     0.115504
8029    -0.402151
8030    -2.596768
8031    -1.543792
8032     0.894975
8033    -3.030288
8034    -1.600969
8035     1.154237
8036    -3.434673
8037    -1.905917
8038    -1.072391
8039    -0.199466
8040     0.690076
8041    -0.840842
8042     0.471097
8043     0.162514
8044    -1.056449
8045     0.419185
8046     0.922735
8047    -0.243925
8048     0.189649
8049     0.543041
8050    -0.138755
8051     0.914865
8052    -0.009790
8053    -0.021968
8054     0.906472
8055     0.686101
8056    -0.159102
8057     0.751966
8058    -0.355770
8059    -0.558630
8060     0.626209
8061    -0.758971
8062    -0.622584
8063     0.894343
8064     0.457249
8065     1.449845
8066    -0.408291
8067    -1.304079
8068     0.075965
8069     0.022141
8070    -1.212127
8071     0.615871
8072     0.170246
8073    -0.410449
8074     0.057112
8075    -0.666529
8076    -0.378300
8077    -0.493404
8078     0.671711
8079     0.628090
8080     0.545108
8081    -0.821964
8082    -0.284035
8083    -1.656976
8084     2.239970
8085     1.851337
8086    -0.074350
8087     0.748352
8088    -0.101484
8089     2.486495
8090    -2.998853
8091    -0.409485
8092    -0.382611
8093    -0.479497
8094    -0.661053
8095     1.680013
8096    -3.291707
8097    -0.746792
8098    -0.660812
8099    -0.359366
8100     1.381267
8101    -0.937629
8102     0.283434
8103     1.358651
8104    -1.393193
8105     0.080661
8106     1.020665
8107     0.832312
8108     0.204418
8109     0.988134
8110     1.534265
8111     1.111887
8112     1.110073
8113     0.135831
8114     0.620122
8115    -0.122906
8116    -1.131802
8117     0.546797
8118    -0.779635
8119    -0.506329
8120     0.391391
8121    -1.275309
8122    -0.204590
8123     0.540879
8124    -0.141978
8125     2.347209
8126    -0.228019
8127    -0.240004
8128     1.041468
8129     0.001646
8130    -1.139150
8131     0.923669
8132     0.004420
8133    -0.640454
8134    -0.203474
8135    -0.439322
8136    -1.457109
8137    -0.466002
8138     0.368547
8139    -0.037046
8140    -0.013897
8141    -0.817960
8142    -0.492521
8143    -2.654739
8144     1.799962
8145     2.253685
8146     0.034030
8147     0.465991
8148    -0.577419
8149     0.067325
8150    -2.104022
8151     0.081246
8152    -0.574898
8153    -0.547297
8154    -0.046652
8155    -0.139392
8156    -2.410476
8157    -1.321175
8158     1.309835
8159     0.126941
8160     1.458903
8161    -1.582585
8162     0.415805
8163     0.781623
8164    -1.413752
8165    -0.135354
8166     0.798953
8167     1.688912
8168     0.885905
8169     1.783555
8170     1.321750
8171     0.115907
8172     0.177488
8173    -0.944459
8174     1.610420
8175    -0.133362
8176    -1.921807
8177     0.884051
8178    -1.028299
8179    -0.222711
8180    -0.189665
8181    -1.125119
8182     0.586187
8183    -0.087967
8184     0.059258
8185     1.565427
8186    -0.503450
8187    -0.476051
8188     1.120084
8189    -0.022292
8190    -0.493173
8191     0.905928
8192    -0.467036
8193    -0.607488
8194     0.084513
8195    -1.257265
8196    -1.831276
8197    -0.203590
8198     0.125181
8199     0.270647
8200    -0.511754
8201    -0.773907
8202    -0.588311
8203    -2.592615
8204     1.616612
8205     1.921681
8206    -0.253687
8207    -0.257412
8208    -1.396689
8209     0.496403
8210    -0.427765
8211     1.124419
8212    -1.164373
8213     0.388334
8214     0.272030
8215     1.700640
8216    -1.176618
8217    -0.080750
8218     1.341492
8219    -0.743484
8220     0.570866
8221    -0.683269
8222     0.404875
8223     1.599498
8224    -0.598373
8225    -0.438979
8226     1.682640
8227     0.126726
8228     1.483286
8229     1.228896
8230    -0.309704
8231     0.003046
8232    -0.645770
8233    -0.559746
8234     1.558218
8235     0.475294
8236    -0.429024
8237    -0.220248
8238    -0.907589
8239    -0.140743
8240    -0.449348
8241    -0.942087
8242    -0.051064
8243    -0.076090
8244     0.190894
8245     0.009140
8246    -0.335979
8247    -1.732411
8248    -0.057918
8249     0.554206
8250    -1.319083
8251     1.064602
8252    -1.084467
8253    -0.286686
8254     2.595596
8255    -2.213634
8256    -2.118433
8257    -0.631389
8258     0.785842
8259     0.453361
8260     0.211711
8261    -0.410960
8262    -0.392471
8263    -0.478998
8264     0.682334
8265     2.535586
8266    -0.651982
8267     0.180770
8268    -1.641733
8269    -0.419718
8270     0.552666
8271     0.905723
8272    -0.763235
8273     1.623622
8274     0.539853
8275     0.882988
8276    -1.139590
8277    -0.575130
8278     0.884401
8279    -1.459570
8280     0.949648
8281    -0.015040
8282    -0.646672
8283     0.989504
8284    -0.411860
8285    -0.764516
8286     1.080947
8287    -1.539208
8288     3.916463
8289     1.644335
8290    -1.417517
8291     1.317619
8292     0.109140
8293     0.432820
8294     0.567731
8295     0.490723
8296     0.413039
8297    -1.194558
8298    -1.679334
8299     0.752585
8300    -1.496888
8301    -1.190799
8302     0.441659
8303    -0.132166
8304     0.614185
8305    -0.572924
8306     0.455268
8307    -1.114884
8308     0.477064
8309     0.507246
8310    -0.774455
8311     1.490393
8312    -0.897262
8313    -0.482369
8314     0.533764
8315    -1.194093
8316    -1.294339
8317    -0.444593
8318     1.171579
8319     0.403548
8320     1.247404
8321    -1.510272
8322    -0.788292
8323    -0.379474
8324    -0.474726
8325     0.610511
8326    -0.295823
8327     0.010284
8328    -1.812522
8329    -0.421934
8330     1.080613
8331     0.699500
8332     0.306881
8333    -0.309329
8334     0.709763
8335    -0.344773
8336    -0.017145
8337     0.444199
8338    -0.252463
8339    -0.389176
8340     1.340639
8341    -0.579146
8342    -0.525639
8343     1.569058
8344    -0.420950
8345    -0.872129
8346     1.885625
8347     0.815681
8348     2.047044
8349     0.425593
8350    -1.728954
8351     1.949821
8352     0.004602
8353     0.144642
8354     1.388917
8355     0.982433
8356    -0.087122
8357    -0.972737
8358    -0.741144
8359    -0.053096
8360    -1.341459
8361    -0.694983
8362    -1.487806
8363     0.370249
8364     0.381548
8365    -0.298877
8366     0.569338
8367    -1.819091
8368     0.949376
8369     0.615509
8370    -1.867895
8371     0.761283
8372    -0.722699
8373    -0.650803
8374     1.114793
8375    -1.518092
8376    -1.603550
8377    -0.398874
8378     1.900997
8379     0.760673
8380     0.267172
8381    -1.385077
8382    -0.238353
8383    -0.288673
8384    -0.419412
8385     1.595729
8386    -0.254124
8387     0.422918
8388    -0.723493
8389     0.885755
8390     0.075686
8391    -0.679371
8392     0.703669
8393    -0.653894
8394    -0.103948
8395     0.676597
8396    -0.557020
8397    -0.158661
8398    -0.721344
8399    -0.372319
8400     1.676032
8401    -1.373564
8402    -0.035732
8403     1.069786
8404    -1.406766
8405    -0.582523
8406     1.113936
8407     0.415267
8408     0.847035
8409    -0.875544
8410    -1.845001
8411     1.456154
8412     1.132280
8413    -0.201741
8414     0.805489
8415     0.444407
8416    -0.037621
8417    -0.929312
8418    -0.992621
8419     0.126845
8420    -1.328816
8421    -0.529819
8422    -1.994996
8423     0.984860
8424     0.791545
8425     0.331761
8426     0.588390
8427    -0.561219
8428     1.984632
8429    -0.400921
8430    -1.535461
8431     0.706521
8432     0.009432
8433    -1.132887
8434     1.774229
8435    -0.535367
8436    -1.595083
8437    -0.411644
8438     1.286549
8439     1.018098
8440     0.162466
8441    -1.125813
8442    -0.991357
8443    -0.932831
8444    -0.078258
8445     1.151997
8446     0.015940
8447    -0.642150
8448    -0.624140
8449     1.577583
8450     0.168281
8451    -0.316336
8452     1.226485
8453    -0.057087
8454     0.458379
8455     1.360432
8456    -0.279433
8457     0.641369
8458    -1.477994
8459    -0.150776
8460     1.332668
8461    -1.079157
8462     0.188044
8463     0.710291
8464    -1.226293
8465    -0.289639
8466     0.771447
8467     0.655006
8468     0.106853
8469     0.988329
8470    -1.191735
8471     0.649750
8472     2.295511
8473    -0.062206
8474     0.234689
8475     1.704374
8476     0.662611
8477    -1.314009
8478    -2.243603
8479     0.512380
8480    -1.422598
8481    -2.088504
8482    -0.953150
8483     0.253619
8484     0.746494
8485     0.745497
8486     0.266699
8487    -0.540067
8488     0.927768
8489     0.086267
8490    -0.039742
8491    -0.888764
8492     0.668966
8493     0.548065
8494     0.696470
8495     0.110924
8496    -0.399752
8497     0.217981
8498     0.618070
8499     1.440069
8500     0.988446
8501    -1.628533
8502    -1.924895
8503    -0.912179
8504     0.313718
8505     0.907307
8506     0.676635
8507    -1.037591
8508    -2.403709
8509     1.080643
8510     0.633196
8511    -0.684783
8512     0.229520
8513     0.778055
8514    -0.063898
8515     0.322900
8516     0.527863
8517    -0.411387
8518    -1.402374
8519     0.255660
8520     0.688454
8521    -1.089648
8522     1.331730
8523     1.020603
8524    -1.190393
8525     0.557773
8526     1.156051
8527     0.737357
8528    -0.370734
8529     0.894815
8530    -1.748936
8531    -0.360642
8532     1.369349
8533     0.152502
8534    -0.453200
8535     2.248612
8536     0.861084
8537    -0.464541
8538    -1.458831
8539     0.875349
8540    -0.607941
8541    -1.023782
8542    -0.930643
8543     0.525062
8544     0.722344
8545     0.800935
8546    -0.494812
8547    -0.968471
8548     1.061520
8549    -0.788885
8550    -0.416743
8551    -1.103009
8552     1.643575
8553     0.498290
8554     0.687877
8555    -0.383822
8556    -0.776162
8557     0.321441
8558    -0.270587
8559     1.561305
8560     1.325709
8561    -0.695723
8562    -0.959261
8563    -1.071895
8564     1.479842
8565     0.807644
8566     0.926967
8567    -0.457030
8568    -1.690467
8569     0.697418
8570     0.053262
8571    -1.661488
8572     0.027693
8573    -0.700582
8574    -0.936998
8575     0.034693
8576    -0.449133
8577    -1.348284
8578    -1.376021
8579     0.906388
8580     0.961471
8581     0.118802
8582     0.542169
8583    -0.050241
8584     0.085752
8585     0.139001
8586    -0.360028
8587    -0.151790
8588    -0.664633
8589     2.451154
8590    -1.543897
8591    -0.155652
8592     0.507893
8593    -0.141153
8594    -0.222717
8595     2.708648
8596    -0.259719
8597    -0.936229
8598     0.402759
8599    -0.222127
8600    -0.189159
8601     0.342092
8602     0.473977
8603     0.018175
8604    -0.654157
8605     0.020591
8606    -0.962578
8607     0.532368
8608    -0.220581
8609     0.367974
8610     0.671924
8611    -0.302055
8612     0.231652
8613     0.408593
8614    -0.278458
8615    -0.278789
8616     0.726822
8617     0.653838
8618    -0.266613
8619     1.094942
8620     0.254467
8621    -0.332522
8622     0.582856
8623    -0.163586
8624     0.548627
8625     0.367200
8626     0.023935
8627    -0.560917
8628    -0.186676
8629     0.953031
8630     0.622333
8631    -2.473578
8632     0.225039
8633     1.251011
8634    -3.410904
8635     0.637825
8636     0.495702
8637    -3.496476
8638    -0.163890
8639     0.353165
8640    -0.165191
8641    -0.131922
8642     0.982528
8643    -0.269616
8644     0.089750
8645     0.402869
8646    -0.421050
8647    -0.214925
8648    -0.751532
8649     2.067621
8650    -0.440720
8651    -0.011119
8652     2.272753
8653    -0.503351
8654    -0.185334
8655     1.964970
8656    -0.205270
8657    -0.507467
8658     0.760788
8659    -0.048963
8660    -0.377133
8661     0.407740
8662    -0.017531
8663     0.478601
8664    -1.436906
8665    -0.041372
8666    -0.303177
8667     0.977626
8668     0.164018
8669    -0.790288
8670     0.591191
8671     0.282096
8672    -0.318996
8673     0.964146
8674    -0.106851
8675    -0.325632
8676     0.977645
8677    -0.253763
8678     0.034866
8679    -0.113246
8680     0.251834
8681    -0.488162
8682     0.528143
8683    -0.130864
8684     0.855066
8685    -0.000740
8686     0.215843
8687    -0.639387
8688     0.188363
8689     0.065048
8690     1.396954
8691    -2.536936
8692     1.112613
8693    -1.181211
8694    -3.207728
8695     0.199241
8696     1.000694
8697    -3.346367
8698    -0.284910
8699     0.727858
8700    -0.368398
8701     0.072564
8702     0.605196
8703    -0.208586
8704    -0.193756
8705     0.560623
8706     0.183235
8707     0.154848
8708     0.688621
8709     0.548552
8710     0.138185
8711     0.197638
8712     1.942392
8713    -0.336879
8714     0.297247
8715     2.130654
8716    -0.107277
8717    -0.385468
8718     0.578957
8719    -0.047086
8720     0.017618
8721     0.245543
8722    -0.472187
8723    -1.413924
8724    -0.114406
8725     0.472877
8726    -0.319230
8727     0.216983
8728     0.143520
8729     0.121573
8730     0.899451
8731     0.287106
8732     1.027425
8733     0.910708
8734     0.245766
8735    -0.555568
8736     0.612472
8737    -0.413588
8738     0.179168
8739     0.676733
8740     0.588093
8741    -0.499379
8742     0.479225
8743    -0.047150
8744     1.065851
8745     0.183797
8746     0.162791
8747    -0.404656
8748     0.390545
8749     0.009673
8750     0.033874
8751    -3.350470
8752     0.164408
8753    -1.999634
8754    -2.418601
8755    -0.436104
8756     0.271441
8757    -3.689847
8758    -0.385806
8759     0.511586
8760    -0.217338
8761     0.387922
8762     0.560926
8763    -0.522039
8764    -0.022530
8765     1.943906
8766     2.284314
8767     0.477671
8768    -0.622716
8769    -0.339938
8770    -0.142210
8771     0.030717
8772     0.536697
8773    -0.963182
8774     0.057810
8775     0.500328
8776    -0.148686
8777    -0.796955
8778     0.300050
8779    -0.101614
8780     0.064871
8781    -0.060117
8782    -0.962808
8783     1.133525
8784     3.115346
8785     0.688097
8786    -0.592626
8787     0.535456
8788    -0.304029
8789     0.731938
8790    -0.175371
8791     0.377420
8792    -1.177062
8793    -1.258826
8794    -0.262747
8795    -0.083802
8796     0.014628
8797    -0.060269
8798    -0.281545
8799     0.632973
8800     0.458783
8801    -0.855685
8802    -0.798018
8803     0.293074
8804    -0.358191
8805    -1.172646
8806     0.445106
8807    -0.941681
8808     0.398525
8809     0.069558
8810     0.103232
8811    -2.867694
8812    -0.830161
8813     1.712428
8814     0.294825
8815     0.506077
8816    -0.626123
8817    -1.401480
8818     0.094527
8819    -0.002967
8820    -0.017014
8821    -0.223262
8822     0.163606
8823     0.500421
8824    -0.346187
8825     1.316297
8826     2.450222
8827    -0.180573
8828    -0.830579
8829    -0.048122
8830    -0.131544
8831    -0.692061
8832    -0.428940
8833    -0.068445
8834    -0.465359
8835    -0.872139
8836     0.103798
8837    -0.860628
8838    -0.519134
8839    -0.593349
8840    -0.762575
8841     0.150865
8842     0.224780
8843     1.770514
8844     2.052234
8845     0.002669
8846    -1.028497
8847    -0.064588
8848     0.074405
8849    -0.959799
8850    -0.700225
8851    -0.380164
8852     0.258700
8853     1.246389
8854     0.215708
8855    -0.328080
8856    -0.841458
8857    -0.199074
8858    -0.762104
8859    -0.178020
8860    -0.468315
8861    -0.282521
8862     1.021296
8863    -0.566880
8864     0.123864
8865     0.858086
8866     0.294944
8867    -1.171139
8868    -0.569579
8869     1.122103
8870     1.553197
8871    -1.915909
8872     0.747522
8873     0.426223
8874    -3.220290
8875     0.490349
8876     3.078665
8877     1.211498
8878    -0.118485
8879    -0.547723
8880    -0.132607
8881     0.517217
8882     0.147051
8883     0.039198
8884     0.315209
8885    -0.037812
8886    -2.062285
8887     0.206673
8888     0.447524
8889     0.802582
8890     0.122109
8891     0.363476
8892     0.689553
8893    -0.719821
8894    -0.297080
8895     0.754618
8896     0.164662
8897     0.189315
8898     0.891198
8899     0.192042
8900     0.318596
8901     0.435591
8902    -1.354430
8903    -1.229269
8904     0.657717
8905     0.037693
8906    -0.132575
8907     1.224029
8908    -0.584647
8909    -0.257768
8910     1.390592
8911     0.100540
8912    -0.634998
8913    -0.085073
8914    -0.916637
8915    -0.285423
8916     1.016484
8917     0.382340
8918     0.434404
8919     0.471830
8920     0.356420
8921    -0.161235
8922    -0.005919
8923     0.230566
8924    -0.099214
8925    -0.220132
8926     0.046936
8927    -0.171353
8928     1.106606
8929     0.761788
8930    -0.955645
8931    -5.509763
8932    -0.591537
8933     1.257148
8934    -0.368727
8935     0.552063
8936     1.028204
8937    -1.944912
8938     0.180813
8939     0.076654
8940     0.716812
8941    -2.241746
8942    -1.810068
8943    -0.979578
8944     0.327059
8945    -0.383809
8946    -1.806712
8947     1.357162
8948     0.907753
8949     0.446393
8950    -0.797311
8951    -0.584063
8952     0.792223
8953     1.276916
8954     0.840815
8955    -0.694608
8956     1.270311
8957     0.535681
8958     0.500426
8959     1.045100
8960     0.288593
8961    -0.217356
8962     0.787911
8963     0.536142
8964    -0.422936
8965     1.254314
8966     0.514926
8967     0.644065
8968     0.545844
8969    -0.030553
8970     0.225271
8971    -2.250698
8972    -2.094352
8973    -0.129060
8974     0.663996
8975     0.468157
8976    -0.967924
8977     0.265429
8978    -0.080391
8979     0.363099
8980     1.118924
8981     0.265270
8982     0.146470
8983    -1.364510
8984    -1.358292
8985     0.082945
8986     1.070232
8987     0.187804
8988     0.501546
8989    -2.185511
8990     0.957892
8991     0.165957
8992     0.004284
8993     1.545055
8994     0.819618
8995    -0.263828
8996     0.963679
8997     0.509612
8998    -1.883877
8999    -1.670237
9000     0.020548
9001    -1.252210
9002    -2.038678
9003    -0.417177
9004    -0.756060
9005    -2.089723
9006    -0.398564
9007     1.579499
9008     1.758557
9009     0.890260
9010    -0.738407
9011     0.009347
9012    -0.466574
9013     0.142912
9014     0.175166
9015    -1.014500
9016     1.061670
9017     1.505233
9018    -0.046451
9019    -0.228954
9020    -0.353275
9021    -0.927134
9022    -0.855398
9023     0.132480
9024    -1.351797
9025    -0.261573
9026    -0.798043
9027    -0.162130
9028    -0.705041
9029    -0.767345
9030    -0.652692
9031    -0.293828
9032    -1.596645
9033     0.794774
9034    -0.720110
9035    -0.604459
9036    -1.286971
9037     1.094114
9038     1.239732
9039     0.675660
9040     0.071655
9041    -0.301514
9042    -0.550993
9043    -0.209512
9044    -1.113403
9045     0.259490
9046     0.913994
9047     0.835128
9048     0.066393
9049     0.216596
9050     1.963887
9051     2.153397
9052     0.614880
9053     0.713389
9054     0.563819
9055     1.110114
9056     2.007438
9057     2.355405
9058    -0.784341
9059    -0.677271
9060    -0.484216
9061    -0.215317
9062    -1.078179
9063    -0.023755
9064     0.808183
9065    -3.958870
9066    -1.674697
9067     0.074559
9068    -0.384095
9069     0.238771
9070     0.184735
9071     0.729693
9072    -0.008123
9073    -0.184292
9074     0.791627
9075    -0.183278
9076    -0.581180
9077    -0.034314
9078    -0.293150
9079    -0.842676
9080    -0.074615
9081    -0.547866
9082    -0.208963
9083     0.440196
9084    -1.449359
9085     0.216704
9086    -0.034352
9087     0.141853
9088    -0.364474
9089    -0.219832
9090    -0.559327
9091     0.487063
9092    -1.113842
9093     0.379512
9094    -0.103045
9095    -0.613527
9096    -1.824288
9097    -0.215826
9098     0.104375
9099     0.148384
9100    -0.123477
9101    -0.005906
9102    -0.556056
9103    -0.004358
9104    -0.370303
9105     0.507353
9106    -0.526135
9107    -0.229604
9108    -0.146241
9109    -0.014908
9110     2.354045
9111     2.629782
9112     0.849432
9113     1.113142
9114     0.502639
9115     0.925568
9116     2.521648
9117     2.853582
9118    -0.161592
9119     0.062713
9120    -0.135738
9121     0.923373
9122    -0.453347
9123     0.713230
9124     0.443176
9125    -1.367686
9126     0.088258
9127    -0.851124
9128    -0.929024
9129    -0.629406
9130     0.522958
9131     0.640397
9132    -0.310553
9133    -0.080021
9134     0.113520
9135    -0.828137
9136    -1.324280
9137    -0.913990
9138    -0.970551
9139    -1.200812
9140    -0.818619
9141    -1.200930
9142    -0.011920
9143     0.755376
9144     1.690180
9145     1.045210
9146    -0.021831
9147     0.169918
9148    -0.476987
9149     0.080740
9150    -0.933623
9151     0.992416
9152    -0.298346
9153     0.456272
9154     0.830160
9155    -0.781025
9156    -1.331802
9157    -1.266623
9158    -0.901897
9159    -0.637121
9160    -0.677938
9161    -0.198144
9162    -1.120391
9163     0.224553
9164    -0.172245
9165    -0.146219
9166    -1.502648
9167    -1.305481
9168    -0.812370
9169     0.286089
9170     2.381909
9171     2.019465
9172     0.797418
9173     1.672646
9174     2.124069
9175     1.126301
9176     2.326812
9177     2.144179
9178     0.200698
9179     0.190236
9180    -0.484465
9181     1.344426
9182    -1.666329
9183     0.974841
9184     0.496171
9185    -2.534176
9186     1.021405
9187    -1.132441
9188    -0.309816
9189    -0.940636
9190     0.610416
9191     0.709318
9192    -0.609698
9193    -0.169502
9194     0.320896
9195    -0.461080
9196    -1.290687
9197    -0.445866
9198    -1.105870
9199    -1.161880
9200    -0.344254
9201    -1.353719
9202     0.146179
9203     0.809105
9204     1.104702
9205     1.153197
9206     0.038835
9207    -0.130569
9208    -0.159080
9209    -0.122142
9210    -0.488348
9211     0.754224
9212     0.082809
9213     0.170093
9214     0.536016
9215    -0.693077
9216    -0.502739
9217    -1.175775
9218    -0.483471
9219    -0.859037
9220    -0.605412
9221     0.109961
9222    -1.147370
9223     0.519585
9224    -0.203036
9225    -0.583702
9226    -1.734686
9227    -0.639667
9228    -1.131374
9229     0.724687
9230     1.788800
9231     1.671240
9232     0.120014
9233     2.006831
9234     1.761293
9235     0.899347
9236     2.330582
9237     2.002140
9238     0.125201
9239    -0.755302
9240     0.608430
9241     1.529482
9242    -0.955638
9243     0.519852
9244     0.049274
9245    -2.243860
9246     1.045331
9247    -1.161830
9248     0.099476
9249    -1.033786
9250     0.112482
9251     0.712834
9252    -0.380132
9253    -0.386994
9254     0.081472
9255    -0.144570
9256    -1.077218
9257    -0.254507
9258    -1.163685
9259    -0.648973
9260    -0.207980
9261    -1.555288
9262     0.727483
9263     0.857660
9264     1.177798
9265     0.857023
9266    -0.413734
9267     0.240347
9268    -0.340492
9269     0.342999
9270    -0.572878
9271     0.917229
9272     0.113707
9273     0.351536
9274     0.345324
9275    -1.757395
9276    -0.171956
9277    -0.621453
9278    -0.848471
9279    -0.867688
9280    -0.438447
9281     0.219708
9282    -1.129261
9283     0.831610
9284    -1.280309
9285    -0.363790
9286    -1.070517
9287    -0.514880
9288    -1.493262
9289     0.033827
9290     2.341113
9291     1.782402
9292    -0.706087
9293     2.369853
9294     1.960670
9295     0.993600
9296     1.050992
9297     2.351970
9298     0.054679
9299     0.286959
9300    -0.553609
9301     0.972109
9302    -0.764777
9303    -0.262372
9304     0.350502
9305    -0.550747
9306    -0.477732
9307    -1.223243
9308    -0.216221
9309    -0.622485
9310    -0.149923
9311     0.417576
9312    -0.232746
9313     0.907499
9314    -1.608226
9315     0.143439
9316     0.384456
9317    -1.291331
9318    -0.816001
9319     0.097809
9320    -0.940368
9321    -1.268689
9322     0.021143
9323     1.821516
9324     1.282853
9325     0.032704
9326     0.172435
9327    -0.727386
9328    -1.062446
9329     0.724077
9330    -0.602442
9331     0.276653
9332     0.082149
9333     0.079830
9334    -0.457719
9335    -1.544351
9336    -0.774912
9337    -0.848078
9338    -0.190160
9339    -0.593552
9340    -0.833970
9341     0.171984
9342    -1.089852
9343     0.441397
9344    -0.649230
9345    -0.749597
9346     0.443231
9347    -1.026243
9348    -1.062720
9349     0.798450
9350     1.177581
9351     2.141471
9352    -0.626066
9353     2.290422
9354     3.386285
9355     0.179778
9356     1.908369
9357     2.246854
9358     0.295715
9359     0.015547
9360    -0.000247
9361     1.371867
9362    -1.376194
9363     0.108769
9364     0.272445
9365     0.624004
9366    -0.282053
9367    -1.631013
9368     0.560549
9369    -0.208243
9370     0.392688
9371     0.510976
9372     0.499326
9373     0.032995
9374    -0.633720
9375    -0.517907
9376     0.362396
9377    -0.130669
9378    -1.013863
9379    -0.276177
9380     0.292841
9381    -1.794901
9382     0.433394
9383     1.116382
9384     2.173873
9385    -0.339329
9386     1.150126
9387    -0.692145
9388    -1.147822
9389     1.543986
9390    -0.077541
9391     1.576916
9392    -2.325904
9393     0.006495
9394     0.221750
9395    -0.784289
9396    -0.322302
9397    -0.419067
9398    -0.634699
9399    -0.001782
9400    -0.897225
9401     1.469882
9402    -0.913011
9403     0.426261
9404    -1.264494
9405    -0.726461
9406    -0.272528
9407    -0.034355
9408    -1.810058
9409    -0.085176
9410     0.653309
9411     2.175968
9412    -1.006100
9413     0.572729
9414     0.864064
9415     0.104379
9416     0.643717
9417     2.535159
9418     0.879345
9419    -1.954176
9420    -0.003387
9421    -0.038114
9422    -1.672416
9423    -0.894642
9424    -0.183342
9425     0.212473
9426    -2.084626
9427    -0.250037
9428     0.502221
9429     0.084777
9430    -0.091601
9431     0.311397
9432    -0.319488
9433     0.298668
9434    -0.932117
9435     0.018258
9436     0.192999
9437    -0.024651
9438    -0.718192
9439    -0.043234
9440     1.196476
9441    -0.589214
9442    -0.088965
9443     1.024052
9444     0.173852
9445     0.116918
9446     1.748004
9447     0.144221
9448     0.326066
9449     1.870648
9450     0.267112
9451    -0.213792
9452    -2.654116
9453    -0.878139
9454     0.196053
9455    -0.562163
9456     0.834783
9457    -0.666529
9458    -0.718965
9459     0.771710
9460     0.172497
9461     2.512223
9462     0.295591
9463     0.076147
9464    -1.902020
9465    -0.925137
9466     0.123772
9467     0.820664
9468    -0.556930
9469     0.021771
9470     0.380205
9471     2.315916
9472     0.018815
9473     0.494007
9474     1.621412
9475     0.229818
9476     0.157738
9477     1.570987
9478    -0.197909
9479    -2.763658
9480    -1.132251
9481     0.297940
9482    -1.423019
9483    -0.677052
9484     0.689278
9485    -0.157275
9486    -1.541741
9487     0.107770
9488    -0.186481
9489     1.337319
9490    -0.252163
9491     0.955300
9492    -0.704940
9493     0.583227
9494    -0.507200
9495     1.219740
9496     0.330297
9497     1.083537
9498    -0.394769
9499    -0.356135
9500     1.443157
9501    -0.522438
9502    -0.003033
9503     1.061206
9504     0.629073
9505    -0.101837
9506     2.276403
9507     0.043282
9508     0.399369
9509     2.130097
9510    -0.025249
9511     0.008643
9512    -3.030483
9513    -0.123630
9514     0.106782
9515    -0.917053
9516     1.810040
9517    -1.504496
9518     0.153608
9519     1.261533
9520     0.301289
9521     1.399442
9522    -0.191257
9523     0.233046
9524    -2.087703
9525    -0.537737
9526     0.036550
9527     1.596258
9528    -0.355136
9529    -0.491258
9530    -0.598964
9531    -0.131446
9532    -0.545576
9533    -0.170857
9534    -0.071608
9535    -0.047106
9536    -1.087557
9537    -0.062197
9538     0.207413
9539    -1.932413
9540    -0.961787
9541     0.087238
9542    -1.187666
9543    -0.097817
9544    -0.498286
9545     0.580761
9546    -1.526808
9547     0.306829
9548     0.182502
9549     2.783575
9550    -0.578991
9551     0.609916
9552    -1.850744
9553     0.184193
9554     0.204870
9555     2.669011
9556     0.262937
9557     0.814967
9558     0.130264
9559     0.476501
9560     1.580931
9561    -0.873643
9562    -0.709306
9563     0.768932
9564    -2.452122
9565     0.547493
9566     1.133789
9567     0.036221
9568     0.372017
9569     1.493311
9570    -0.083488
9571    -0.327376
9572    -1.421504
9573    -0.896941
9574     0.334744
9575    -0.523782
9576     0.575606
9577    -0.514264
9578    -0.911227
9579     1.110834
9580     0.562783
9581     2.035290
9582    -0.318745
9583    -0.005956
9584    -1.806905
9585     0.200626
9586     0.373503
9587     0.838398
9588     0.060908
9589    -0.392206
9590    -1.124547
9591     0.240905
9592     0.268076
9593    -1.014111
9594    -0.060665
9595    -0.572953
9596    -0.699191
9597     0.756098
9598    -0.176977
9599    -1.554735
9600    -0.403075
9601     0.698927
9602    -0.719600
9603     0.914588
9604    -0.185545
9605     0.198840
9606     0.275625
9607    -0.339025
9608    -1.408233
9609     1.243408
9610    -0.396822
9611    -0.421372
9612    -0.022442
9613    -0.449000
9614    -1.005518
9615     1.019719
9616    -0.184471
9617     1.582201
9618    -1.863467
9619    -0.130243
9620     1.561801
9621    -1.283303
9622    -0.481353
9623     0.069722
9624    -0.769244
9625     0.164305
9626     1.386982
9627    -1.528302
9628    -0.279606
9629     0.466483
9630    -1.523885
9631     0.945728
9632    -2.087947
9633     2.273822
9634     0.570983
9635    -0.397289
9636     1.026829
9637    -0.111245
9638     0.690250
9639     0.534957
9640    -0.047356
9641     1.678624
9642    -1.344296
9643     0.759132
9644     0.126144
9645     0.533555
9646    -0.191652
9647     1.388544
9648    -1.513710
9649    -0.004443
9650     0.366137
9651     0.793473
9652     0.247525
9653    -0.844809
9654    -0.041610
9655    -0.890429
9656    -1.112082
9657     0.355736
9658     0.304590
9659    -1.518879
9660     0.918546
9661     0.158628
9662     0.985814
9663     0.805271
9664     0.172683
9665     0.353078
9666     0.686976
9667    -1.742269
9668    -2.831292
9669     0.254175
9670    -0.069988
9671     0.134666
9672     0.393869
9673    -2.046741
9674    -2.184291
9675    -0.078488
9676     0.901166
9677     0.316518
9678    -1.330099
9679     0.277221
9680     1.720053
9681    -0.812815
9682     0.623181
9683     0.121605
9684    -0.088565
9685     0.992162
9686     0.501239
9687    -1.406160
9688     0.292742
9689     0.301132
9690    -0.963491
9691    -1.408272
9692    -0.303675
9693    -0.125829
9694     0.162460
9695     0.384515
9696     0.921089
9697    -0.087470
9698    -0.420151
9699    -0.381874
9700     1.017028
9701     0.572435
9702    -0.629787
9703     0.765262
9704     0.686203
9705     0.785287
9706     0.591209
9707     0.165806
9708    -1.122700
9709     0.036007
9710    -0.454636
9711     0.493389
9712     0.638073
9713     0.341330
9714     0.976675
9715    -0.751662
9716    -0.485470
9717     1.114863
9718    -0.521422
9719     0.095122
9720     0.508212
9721     0.334021
9722    -0.275838
9723    -0.076032
9724     0.427296
9725    -0.658496
9726    -0.183008
9727    -1.005102
9728    -0.418587
9729     0.298698
9730     0.237520
9731    -0.216554
9732    -0.361178
9733    -1.183996
9734     0.086859
9735    -0.262903
9736     0.368835
9737     1.912165
9738    -0.322540
9739    -0.424012
9740     2.387987
9741     0.600746
9742     0.833287
9743    -0.723191
9744    -1.066953
9745    -0.562356
9746    -1.895224
9747     1.127196
9748     0.206855
9749    -1.155523
9750    -1.232256
9751    -0.592660
9752     0.017699
9753    -1.183298
9754    -0.215784
9755    -0.475870
9756     1.124326
9757    -0.391455
9758    -0.000281
9759     0.471528
9760     0.757205
9761     2.490441
9762     0.611244
9763     0.895895
9764    -0.061796
9765    -0.131650
9766     0.030751
9767     2.291433
9768     0.154347
9769     0.242425
9770    -0.657592
9771     0.023271
9772     0.368186
9773    -1.445866
9774     0.677836
9775    -0.172132
9776    -0.990794
9777     0.022275
9778    -0.154779
9779    -0.210974
9780    -0.291649
9781    -0.141604
9782    -0.945532
9783    -0.432915
9784    -0.209313
9785    -0.963150
9786    -0.742795
9787     0.169775
9788     1.306979
9789     1.116498
9790    -0.570543
9791    -1.477812
9792    -1.111816
9793    -0.049026
9794     1.268776
9795     0.778096
9796     0.227800
9797     0.434680
9798    -0.019063
9799     0.333521
9800     1.847042
9801     1.609841
9802     0.177408
9803    -0.720209
9804    -1.354173
9805     0.350852
9806     0.664110
9807     1.418741
9808     0.414946
9809     1.350530
9810    -2.232606
9811    -0.649118
9812    -1.149741
9813    -0.897504
9814     0.484077
9815     1.455322
9816     1.523654
9817     0.335846
9818     0.839558
9819     1.301813
9820     0.171599
9821     1.008539
9822     0.164806
9823     0.207253
9824    -0.731920
9825    -0.612857
9826     0.568942
9827     0.649227
9828     1.583937
9829    -0.353840
9830    -0.960092
9831    -0.578777
9832    -0.316218
9833    -1.066265
9834    -0.467703
9835    -0.506212
9836    -1.339197
9837    -0.361831
9838    -0.646143
9839    -1.470846
9840    -0.685347
9841     0.237657
9842    -0.763253
9843    -1.311747
9844    -0.015359
9845    -1.088794
9846    -1.316651
9847     0.050983
9848     0.968504
9849     0.728885
9850     0.086579
9851    -0.374217
9852    -1.743857
9853    -0.267912
9854     0.748671
9855     0.717503
9856    -0.493616
9857     1.110209
9858     2.944566
9859     0.388763
9860     1.170120
9861     0.967109
9862     0.296437
9863    -0.663676
9864    -1.754038
9865     0.269820
9866     0.798036
9867     1.036458
9868    -0.204286
9869     0.612762
9870     0.473144
9871    -0.312201
9872    -1.165756
9873    -1.495530
9874     0.261115
9875     0.750644
9876     1.156474
9877     0.340614
9878     1.048466
9879     0.709693
9880    -0.177856
9881     0.313247
9882     1.097388
9883     0.241938
9884    -0.860169
9885    -0.872952
9886    -0.004260
9887     1.145994
9888     2.738948
9889    -0.158318
9890    -1.129879
9891    -0.976779
9892    -0.167601
9893    -1.134234
9894    -0.843896
9895    -0.108660
9896    -0.725656
9897    -1.008380
9898    -0.263837
9899    -0.761020
9900    -1.246339
9901     0.072189
9902    -0.548653
9903    -1.631651
9904     0.220273
9905    -0.275700
9906    -1.586533
9907    -0.361468
9908    -0.068772
9909     0.703845
9910     0.027160
9911    -0.314495
9912    -1.644931
9913    -0.204239
9914     0.143080
9915     1.059751
9916    -0.118766
9917     1.828022
9918     3.041257
9919    -0.160001
9920    -0.396064
9921     1.169829
9922     0.364302
9923    -0.290468
9924    -1.705589
9925     0.020964
9926    -0.254101
9927     1.262959
9928    -0.228255
9929    -0.469606
9930     1.108860
9931    -0.112411
9932    -0.344355
9933    -1.667514
9934    -0.214430
9935    -0.364778
9936     1.089879
9937    -0.060810
9938    -0.276883
9939     0.926707
9940     0.253795
9941     1.056638
9942     1.029666
9943     0.286005
9944    -0.037882
9945    -1.345196
9946     0.243676
9947     1.221422
9948     3.060369
9949     0.181533
9950     0.122091
9951    -1.341524
9952    -0.050848
9953    -0.605908
9954    -0.841435
9955    -0.006534
9956     0.152665
9957    -1.368683
9958    -0.152135
9959    -0.276254
9960    -1.320066
9961     0.188440
9962    -1.349190
9963    -2.571569
9964     0.191899
9965    -0.203747
9966    -1.538850
9967    -0.348214
9968    -1.699829
9969    -0.134531
9970    -0.165762
9971     0.410335
9972    -0.750930
9973    -0.055516
9974    -1.600823
9975     0.010994
9976     0.157040
9977     1.256831
9978     1.462925
9979    -0.109703
9980    -1.843756
9981     0.590877
9982     0.102934
9983     0.876608
9984    -0.231847
9985    -0.044603
9986    -1.465152
9987     0.998827
9988     0.115798
9989    -0.734166
9990     0.008671
9991    -0.537912
9992     0.203210
9993    -0.000907
9994    -0.126080
9995    -1.233653
9996     0.296244
9997     0.011642
9998    -1.177638
9999     0.078237
10000     0.226638
10001     1.222779
10002     0.521031
10003     0.044586
10004    -0.255896
10005    -0.584200
10006     0.315407
10007     0.106933
10008     2.220526
10009     0.035958
10010     1.714869
10011    -0.018802
10012     0.179901
10013     2.355675
10014     0.303321
10015    -0.037253
10016     2.555712
10017     0.179840
10018    -0.145197
10019     0.860895
10020    -0.839859
10021     0.645045
10022    -1.954006
10023    -0.094974
10024     0.073528
10025    -1.008055
10026    -0.240799
10027    -1.448337
10028    -1.765191
10029    -0.365661
10030     0.239883
10031     0.107901
10032     0.125190
10033    -0.418647
10034    -0.815699
10035    -0.560072
10036    -1.618337
10037     0.299225
10038     0.255961
10039    -1.560527
10040    -1.941713
10041     0.005491
10042     0.479528
10043     1.581746
10044    -0.949815
10045     0.458176
10046    -0.297074
10047     0.186808
10048    -0.104171
10049    -0.401317
10050     0.008190
10051     0.071589
10052     0.689767
10053    -0.307782
10054     0.537883
10055    -0.387312
10056     0.231174
10057     0.128511
10058    -0.221557
10059    -0.449566
10060    -0.554907
10061     0.087883
10062     1.331924
10063    -1.424484
10064    -1.084148
10065    -0.342081
10066    -1.238552
10067     0.045753
10068     0.223675
10069     1.204407
10070     1.911934
10071    -0.137189
10072     1.644602
10073     2.114688
10074     0.654903
10075     2.211907
10076     2.758186
10077     0.025396
10078     0.672904
10079     0.278988
10080     0.399229
10081     1.086121
10082     0.687752
10083     0.373074
10084     0.357776
10085     0.737122
10086    -0.310160
10087    -0.622578
10088    -0.288206
10089     0.652063
10090     0.532828
10091     0.743040
10092     1.427180
10093    -0.417279
10094    -2.450519
10095     0.697039
10096    -1.413423
10097    -0.697738
10098    -0.806590
10099    -1.371689
10100    -2.571843
10101    -0.338253
10102    -0.213639
10103    -1.709032
10104    -0.972362
10105     0.169164
10106     0.560859
10107    -0.259710
10108    -0.056438
10109     0.736573
10110    -0.296511
10111     0.311276
10112     1.754763
10113     0.179038
10114     0.199068
10115     0.303056
10116    -0.939119
10117    -0.179612
10118     0.216937
10119    -0.719101
10120     0.214687
10121     2.050433
10122    -0.056675
10123    -1.255869
10124    -1.471942
10125    -0.663590
10126    -1.167011
10127    -1.032495
10128    -1.308680
10129     0.635438
10130    -0.792505
10131     1.163470
10132     0.760542
10133    -0.228496
10134     1.212799
10135     1.306208
10136     1.263732
10137     0.863660
10138     1.124430
10139     2.188510
10140     0.102426
10141     0.492072
10142    -0.257222
10143     1.698425
10144     0.636216
10145    -0.237538
10146     1.302189
10147     0.736177
10148     0.297456
10149    -0.360175
10150     1.682753
10151     0.700896
10152     1.123632
10153    -1.172700
10154    -1.349105
10155    -1.377270
10156    -1.682787
10157    -0.381919
10158    -0.784772
10159    -1.579667
10160    -1.400769
10161    -1.099780
10162    -0.940922
10163    -0.896093
10164    -1.293686
10165    -0.281843
10166     0.385335
10167     0.073979
10168     0.524469
10169     0.497079
10170     0.480200
10171     1.624421
10172     1.006087
10173     1.086917
10174     0.368541
10175    -0.145543
10176     0.401161
10177     0.487132
10178    -0.143029
10179     0.720652
10180     1.605367
10181     1.561128
10182     0.227538
10183    -1.794499
10184    -0.768329
10185    -1.454296
10186    -2.189692
10187    -0.737576
10188    -1.800498
10189    -0.198083
10190    -0.183541
10191    -0.350751
10192     0.025068
10193     0.228297
10194    -0.668238
10195     1.377625
10196     1.227406
10197     0.405395
10198     0.280349
10199     0.596980
10200     1.669378
10201     0.082101
10202    -1.738146
10203    -0.241750
10204     0.006460
10205    -0.793138
10206     0.272392
10207     1.084850
10208     1.058664
10209     0.624916
10210     1.750151
10211     0.745976
10212     1.779194
10213    -0.212250
10214    -0.565400
10215     0.135298
10216    -0.810657
10217     1.271519
10218     0.129402
10219    -1.257508
10220    -1.192155
10221    -0.402902
10222    -0.916719
10223     0.415919
10224    -0.945690
10225    -0.377124
10226     0.179671
10227     0.251844
10228     0.664216
10229     0.243212
10230     1.124946
10231     0.723073
10232     1.978039
10233    -0.141423
10234    -0.423540
10235     0.516247
10236    -0.995249
10237    -0.356837
10238     0.413508
10239    -0.766076
10240     0.902358
10241     2.488827
10242    -0.221633
10243    -1.290911
10244    -2.111654
10245    -1.266595
10246    -1.774592
10247    -1.920327
10248    -1.624258
10249     0.109515
10250    -0.103442
10251     0.473285
10252    -0.099557
10253     0.001729
10254    -0.348671
10255     1.199429
10256     0.744549
10257     0.800134
10258     0.997542
10259    -1.633600
10260     1.362836
10261    -1.372557
10262    -1.474269
10263    -0.007597
10264    -1.802638
10265    -1.575029
10266    -0.434876
10267     1.728048
10268     1.009741
10269     0.416766
10270     2.160316
10271     0.444195
10272     1.176830
10273     1.434342
10274     1.374224
10275    -0.731527
10276    -0.414150
10277     0.909001
10278     0.266797
10279    -0.300922
10280    -0.317680
10281    -0.070104
10282    -0.052838
10283     0.569862
10284    -0.569457
10285    -1.495603
10286    -0.703586
10287    -0.008524
10288     0.342724
10289    -0.388216
10290     0.886611
10291     1.008327
10292     1.021913
10293    -0.211253
10294    -1.707834
10295    -0.283293
10296    -0.843103
10297    -1.190269
10298    -0.021923
10299    -0.350318
10300     0.186618
10301     1.513780
10302     0.038167
10303    -1.388670
10304    -1.612654
10305    -0.586677
10306    -1.448032
10307    -1.665155
10308    -1.030719
10309     1.301297
10310     1.254243
10311     0.139816
10312     0.513485
10313     0.276862
10314    -0.078862
10315     1.467197
10316     1.002997
10317     0.824051
10318     1.031158
10319    -1.335013
10320     1.173979
10321    -1.682499
10322    -1.989398
10323    -0.182818
10324    -1.763384
10325    -2.087561
10326    -0.149605
10327     1.416871
10328     1.041429
10329    -0.226878
10330     1.759147
10331     0.996018
10332     0.278104
10333     1.426246
10334     1.433253
10335    -0.715336
10336     0.061998
10337     0.703782
10338     0.234165
10339     0.210502
10340     0.664007
10341    -0.235138
10342     0.305338
10343     0.816781
10344    -0.663920
10345    -1.426687
10346    -1.112744
10347    -0.333818
10348     0.709077
10349     0.387844
10350     0.575579
10351     1.028168
10352     0.363906
10353     0.412242
10354    -1.343885
10355    -0.896328
10356    -0.420622
10357    -1.277142
10358    -0.834693
10359    -0.320038
10360     0.183615
10361     0.463155
10362     0.431701
10363    -1.396926
10364    -2.094468
10365    -0.283459
10366    -0.574039
10367     0.225971
10368     0.390342
10369     1.357797
10370     1.007848
10371     0.193936
10372     0.906033
10373     1.215712
10374    -0.021604
10375     1.473035
10376     1.595604
10377     0.319972
10378    -1.373266
10379    -1.900117
10380     0.717195
10381    -0.928637
10382    -2.165485
10383    -0.167773
10384    -1.105537
10385    -1.681951
10386    -0.223752
10387     0.588978
10388     0.904201
10389     0.170877
10390     1.913181
10391     0.770436
10392     0.599991
10393     1.757407
10394     1.815689
10395    -0.462028
10396    -1.232302
10397     0.117512
10398    -0.008059
10399    -0.297750
10400     0.081909
10401     0.023267
10402     0.458155
10403     0.608151
10404    -0.451462
10405    -0.449218
10406    -0.442942
10407     0.280186
10408    -1.099145
10409    -0.152097
10410    -0.424367
10411    -0.580488
10412    -0.433104
10413     0.054726
10414    -0.425814
10415    -0.415048
10416     0.172756
10417    -0.115598
10418     0.136661
10419    -0.239878
10420    -1.511799
10421     0.139926
10422    -0.998896
10423    -0.256726
10424    -1.260165
10425     0.288212
10426    -1.098337
10427    -0.400127
10428    -0.094468
10429     1.778440
10430     0.801957
10431     0.380093
10432     1.903112
10433     1.524806
10434     1.192735
10435     2.107940
10436     2.130838
10437     0.926884
10438    -1.405863
10439    -2.081166
10440    -1.019044
10441    -0.880139
10442    -0.573739
10443    -0.696067
10444    -1.360292
10445    -0.651042
10446    -1.269634
10447    -0.038221
10448    -0.216856
10449    -0.441832
10450     1.330421
10451    -0.093922
10452    -0.776227
10453     1.489994
10454     0.584918
10455    -0.418421
10456    -1.543900
10457    -0.648131
10458     0.919725
10459    -0.542493
10460    -0.118448
10461    -0.285658
10462     0.955961
10463     1.010619
10464    -0.873404
10465    -0.020826
10466    -0.071993
10467     0.895654
10468    -1.182104
10469    -0.578421
10470     0.927981
10471    -1.045547
10472    -1.284670
10473    -0.042867
10474    -0.223606
10475    -0.315048
10476     0.410726
10477     0.065309
10478    -0.147503
10479     0.118444
10480    -1.542696
10481     0.168108
10482     0.885727
10483    -0.692545
10484    -0.976299
10485    -1.107008
10486    -0.916355
10487    -0.073164
10488     0.786031
10489     2.841638
10490     1.404461
10491     0.151327
10492     2.093415
10493     1.364805
10494     0.793322
10495     2.361067
10496     2.213363
10497     0.463306
10498    -1.149081
10499    -0.997038
10500    -0.441124
10501     0.089669
10502    -0.323901
10503    -1.649165
10504     0.048523
10505    -0.553886
10506    -1.511824
10507    -0.027371
10508    -0.654661
10509    -0.072378
10510     0.663154
10511    -0.831355
10512    -0.115979
10513     1.057028
10514     0.125683
10515     0.198555
10516    -1.700136
10517    -0.379136
10518     0.098079
10519    -1.539919
10520    -0.855424
10521     1.198828
10522     1.244249
10523     1.028129
10524    -0.959603
10525     0.430310
10526    -0.085647
10527     1.013153
10528     0.008749
10529    -0.056230
10530     0.452191
10531    -0.081307
10532    -0.596287
10533    -1.735404
10534    -0.008223
10535    -0.504775
10536     0.466623
10537     0.181213
10538    -0.473947
10539     0.377834
10540    -1.556915
10541     0.216547
10542     1.558021
10543     0.710824
10544    -1.461416
10545    -0.994264
10546    -1.367506
10547    -0.314611
10548     0.854855
10549     1.156032
10550     1.663913
10551     0.512617
10552    -0.297847
10553     1.773471
10554     1.170102
10555     1.245345
10556     2.807050
10557     1.020534
10558    -0.255873
10559    -0.523517
10560    -1.882774
10561     0.141243
10562    -0.597720
10563    -1.217168
10564     0.156092
10565    -0.466595
10566    -1.301067
10567    -0.018685
10568    -0.837198
10569     0.202294
10570     1.106784
10571    -0.266235
10572     0.337361
10573     1.313354
10574    -0.269317
10575     0.631357
10576    -1.691706
10577    -0.443938
10578     0.533483
10579    -2.735365
10580    -1.039106
10581    -0.886159
10582     1.879090
10583     1.550338
10584     0.262718
10585     0.353655
10586    -0.047538
10587     0.839585
10588    -0.002732
10589     0.282139
10590     0.249699
10591    -0.012443
10592    -0.742128
10593    -1.393217
10594     0.022256
10595    -0.573242
10596     0.683571
10597     0.090686
10598    -0.619213
10599     0.040661
10600    -2.579196
10601    -0.174810
10602    -0.782237
10603     1.508822
10604     0.290218
10605     0.294908
10606    -1.603480
10607    -0.214858
10608     0.403735
10609     1.245406
10610     1.401802
10611     0.448776
10612    -0.286984
10613     1.179215
10614     0.946028
10615     1.240393
10616     2.086118
10617     1.121642
10618    -0.127190
10619    -0.497932
10620    -1.415972
10621    -0.229757
10622    -1.594576
10623    -0.841319
10624    -0.119523
10625    -1.584107
10626    -0.545048
10627    -0.107899
10628    -0.524636
10629    -1.109278
10630    -0.142003
10631    -0.561063
10632    -1.269994
10633    -0.020354
10634    -0.657058
10635    -0.886287
10636    -0.395290
10637     0.782359
10638     0.776578
10639    -0.157179
10640     0.741456
10641     2.382538
10642     0.091140
10643     0.419569
10644    -0.344525
10645     1.386975
10646     0.492388
10647     1.356648
10648     1.244831
10649     0.803800
10650     1.218715
10651    -0.206156
10652    -1.747999
10653    -0.845805
10654    -0.273428
10655    -0.628029
10656    -0.294506
10657    -0.123433
10658    -0.772804
10659    -0.767338
10660     0.182452
10661     1.786584
10662     2.702968
10663     0.054384
10664    -0.895037
10665    -0.559829
10666     0.216068
10667     0.951631
10668     1.462393
10669    -0.325012
10670     0.979759
10671    -0.783001
10672    -0.399869
10673     1.704955
10674    -0.579405
10675    -0.219774
10676     1.855166
10677    -0.271413
10678    -0.456174
10679    -1.552360
10680    -0.802094
10681    -0.091188
10682    -1.414915
10683    -0.404902
10684    -0.034396
10685    -1.348103
10686    -0.404944
10687    -0.107857
10688    -1.333108
10689    -0.663270
10690    -0.161979
10691    -1.261512
10692    -0.762490
10693    -0.072743
10694    -1.349148
10695    -0.587633
10696    -0.267290
10697     1.905563
10698     0.569037
10699    -0.149255
10700     2.365061
10701     1.617913
10702    -0.250285
10703    -0.507835
10704    -1.535223
10705     1.086728
10706     0.441153
10707     0.584029
10708     1.047287
10709     1.753257
10710     0.694365
10711     0.035012
10712    -1.017997
10713    -0.376750
10714    -0.211353
10715    -0.882725
10716    -0.640450
10717    -0.091750
10718    -0.957076
10719    -1.169092
10720    -0.180070
10721     2.321330
10722     0.363566
10723     0.074647
10724    -0.903363
10725    -0.389552
10726     0.548601
10727     2.487564
10728     2.589136
10729    -0.202886
10730     0.471907
10731     0.184362
10732    -0.315577
10733     0.491296
10734     0.474548
10735    -0.327160
10736     0.106210
10737     0.431697
10738    -0.328484
10739    -1.367558
10740    -0.574345
10741     0.070962
10742     0.250646
10743    -1.227566
10744     0.076683
10745    -0.210274
10746    -1.147637
10747     0.261526
10748    -0.382660
10749    -1.213844
10750    -0.003859
10751     0.007737
10752    -1.488562
10753    -0.087181
10754    -0.238617
10755    -1.400650
10756    -0.465312
10757     0.742535
10758     1.609735
10759    -0.709071
10760     1.581407
10761     1.848738
10762     0.057780
10763    -0.182404
10764    -1.685054
10765     1.271379
10766    -0.765140
10767     1.473833
10768    -0.432264
10769    -0.714469
10770     1.541549
10771    -0.275678
10772    -0.550039
10773    -1.144212
10774    -0.011154
10775    -0.761860
10776    -0.926638
10777    -0.257012
10778    -0.621447
10779    -1.830318
10780    -0.485387
10781     0.614933
10782     1.628846
10783     0.004335
10784     0.148810
10785    -1.233781
10786    -0.877005
10787     1.561426
10788     2.159481
10789     0.834105
10790    -0.070500
10791     1.410825
10792     0.831705
10793    -0.451281
10794     1.927733
10795     0.442998
10796     0.190959
10797     1.057833
10798    -0.247551
10799    -0.149762
10800    -1.360310
10801     0.347991
10802     0.705506
10803    -0.695545
10804     0.315107
10805     0.520863
10806    -0.661450
10807     0.552259
10808     0.290975
10809    -0.914361
10810     0.139181
10811     0.401324
10812    -1.030796
10813     0.144063
10814     0.118974
10815    -1.136734
10816    -0.763623
10817    -1.140727
10818     2.645146
10819    -0.984652
10820    -0.135589
10821     2.481962
10822     0.209500
10823     0.467125
10824    -1.014235
10825     1.018908
10826    -0.413385
10827    -0.481960
10828    -0.592594
10829    -0.806159
10830     2.574039
10831    -0.147420
10832     0.615900
10833    -1.325908
10834     0.153702
10835     0.599907
10836    -0.670754
10837    -0.073693
10838     0.097992
10839    -1.245781
10840    -0.692073
10841    -1.209378
10842     2.605591
10843     0.242319
10844     0.468975
10845    -0.895630
10846    -1.300595
10847    -1.100732
10848     2.375149
10849     0.685331
10850     0.095762
10851    -0.480168
10852     0.493397
10853     0.234604
10854    -0.601076
10855     0.314920
10856     0.067019
10857    -0.607028
10858    -0.062028
10859     0.121044
10860    -0.920462
10861     0.632615
10862     0.676149
10863    -0.574143
10864     0.550814
10865     0.255600
10866    -0.717640
10867     0.805319
10868     0.582095
10869    -0.744478
10870    -0.168154
10871     0.766951
10872    -0.941048
10873     0.223295
10874     0.616967
10875    -0.914630
10876    -0.162121
10877    -1.319414
10878     2.717542
10879    -0.324946
10880    -0.958050
10881     2.389858
10882     0.612527
10883     0.048166
10884    -0.981633
10885    -0.521429
10886     0.058838
10887    -0.739221
10888    -0.341154
10889    -1.329832
10890     2.435970
10891    -0.019766
10892     0.874989
10893    -1.159678
10894     0.328098
10895     0.106634
10896    -0.780991
10897     0.218536
10898     0.087452
10899    -1.055537
10900    -0.084325
10901    -1.085239
10902     2.767888
10903    -0.380174
10904     0.740005
10905    -0.883177
10906    -0.370985
10907    -1.477534
10908     2.445692
10909     0.150181
10910     0.326148
10911    -0.664142
10912    -0.587933
10913     0.485582
10914    -0.950761
10915    -0.101328
10916     0.229238
10917    -0.744231
10918    -0.459070
10919     0.315255
10920    -0.905640
10921     1.091098
10922     0.641086
10923    -0.363016
10924     1.207199
10925     0.413545
10926    -0.266066
10927     1.413784
10928    -0.152242
10929    -0.455413
10930    -0.355324
10931    -0.403766
10932    -0.854816
10933     0.568601
10934     0.296030
10935    -0.662433
10936    -1.097828
10937    -0.466030
10938     1.869442
10939    -1.133542
10940    -0.267746
10941     1.726908
10942     1.122321
10943    -0.664599
10944    -0.650508
10945    -0.712971
10946     1.670588
10947    -0.680386
10948    -1.105522
10949    -0.734814
10950     1.740053
10951     0.688953
10952    -0.197442
10953    -0.418127
10954     1.052629
10955     0.127444
10956    -0.106765
10957     0.975220
10958    -0.166483
10959     0.058604
10960    -0.741535
10961    -0.775961
10962     2.261488
10963    -0.557950
10964    -0.355810
10965    -0.506421
10966    -1.011902
10967    -0.961556
10968     1.916873
10969     0.523218
10970     0.250735
10971    -0.533233
10972    -1.480866
10973     1.652264
10974    -2.546403
10975     0.118225
10976     0.120088
10977    -0.787916
10978    -0.563808
10979    -0.025333
10980    -0.741866
10981    -0.638761
10982     0.787972
10983    -0.295365
10984     1.481690
10985     0.884006
10986    -0.210780
10987    -0.058236
10988     0.728223
10989    -0.105582
10990     0.841633
10991    -0.535464
10992    -0.592506
10993     0.473984
10994     0.303030
10995    -0.500393
10996    -1.169864
10997    -0.727024
10998     1.368327
10999    -1.273908
11000    -0.944712
11001     1.025412
11002     1.213463
11003    -1.719512
11004    -1.261694
11005    -1.316687
11006     1.279729
11007    -0.612025
11008    -1.614349
11009    -0.283858
11010     1.669415
11011    -1.997177
11012     1.212638
11013     0.086083
11014     0.169804
11015    -0.096440
11016    -0.179840
11017     1.025754
11018    -0.616158
11019    -0.176381
11020    -0.671269
11021    -0.779831
11022     1.789489
11023     0.409552
11024     0.048990
11025     0.056889
11026    -1.216203
11027    -1.503091
11028     1.173259
11029     1.249342
11030     0.830322
11031    -0.224709
11032     1.147860
11033     0.610280
11034    -2.147695
11035     1.632036
11036     0.756856
11037    -0.249978
11038     0.311334
11039    -0.235957
11040    -0.611926
11041    -1.046153
11042     0.485349
11043    -0.770368
11044     1.180309
11045     0.151735
11046    -0.639196
11047     1.541139
11048    -0.375899
11049     1.352696
11050     1.133896
11051    -0.026776
11052    -0.351564
11053     1.053838
11054     0.167914
11055     0.031518
11056    -1.516175
11057     0.313428
11058     0.952814
11059    -1.060887
11060    -0.434823
11061     0.895350
11062     0.891387
11063    -2.221543
11064    -1.682787
11065    -0.487339
11066     1.905944
11067     0.012119
11068    -1.629261
11069     0.058480
11070     1.515465
11071    -1.286146
11072     1.933919
11073     0.467739
11074    -0.787746
11075     0.482710
11076    -0.543450
11077     1.031842
11078    -0.803286
11079    -0.018345
11080    -1.091156
11081    -0.035182
11082     1.320958
11083     0.972365
11084     0.426395
11085     0.658610
11086    -1.436825
11087    -0.258553
11088     0.825025
11089     0.627285
11090    -1.085157
11091    -0.531611
11092     0.732889
11093    -0.605342
11094    -2.141832
11095     0.691798
11096    -0.060674
11097    -0.855894
11098     0.484940
11099    -0.018640
11100    -0.497246
11101    -0.588306
11102     0.244708
11103    -0.091463
11104     0.360881
11105    -0.338407
11106    -2.245286
11107    -1.212066
11108    -0.566279
11109     1.199772
11110     0.220365
11111    -0.210834
11112     0.018855
11113    -0.856934
11114    -0.059955
11115     0.766834
11116    -0.018062
11117     0.429290
11118     0.321882
11119     0.667568
11120    -0.023090
11121     0.745430
11122     1.489428
11123    -1.250292
11124    -2.088695
11125     0.308609
11126     1.553293
11127     0.518820
11128    -0.995631
11129     0.485899
11130     2.372781
11131    -1.047528
11132     0.931345
11133     0.053616
11134     0.412704
11135     0.719053
11136     0.173361
11137    -0.196912
11138    -0.491174
11139     1.310926
11140    -0.914494
11141    -0.186940
11142     1.009540
11143    -1.026029
11144    -0.030470
11145     0.858608
11146     0.544469
11147     0.284395
11148     0.789082
11149     1.134301
11150    -0.618461
11151    -0.733530
11152     1.432936
11153    -0.467971
11154    -3.488484
11155     1.213895
11156    -0.221626
11157    -1.776802
11158    -0.929192
11159    -0.182484
11160     0.284752
11161     0.477319
11162    -0.467773
11163     0.369135
11164    -2.063304
11165     0.191647
11166    -2.481010
11167    -1.516834
11168     0.905579
11169    -0.050395
11170     1.297070
11171    -1.015245
11172     0.493924
11173     0.888555
11174     0.440059
11175     0.278144
11176    -1.101450
11177     0.509623
11178     0.122218
11179    -0.400906
11180     0.148835
11181     0.458810
11182     0.033619
11183    -0.885840
11184    -2.500613
11185    -0.111221
11186     0.540068
11187     1.200236
11188     0.073042
11189     2.508700
11190     1.121485
11191     1.719524
11192    -0.358667
11193     1.467791
11194     0.838135
11195     0.355153
11196     0.230157
11197    -0.111887
11198     0.561947
11199     0.329707
11200    -0.513171
11201     0.186565
11202     0.546638
11203     0.522071
11204     0.486776
11205     0.359526
11206    -0.778325
11207     0.517820
11208     0.415220
11209    -0.183838
11210    -1.283548
11211    -0.242856
11212    -0.499137
11213    -1.912685
11214    -1.729725
11215    -0.223467
11216    -0.732958
11217    -1.459493
11218     1.654206
11219    -0.696058
11220     1.071103
11221     1.183894
11222    -2.169175
11223     0.139100
11224    -0.903957
11225    -0.578965
11226    -1.108512
11227    -0.699683
11228     0.329290
11229     1.709598
11230     0.793799
11231    -0.034224
11232     0.481523
11233     2.214338
11234    -0.934685
11235     0.196185
11236    -1.518236
11237     0.096723
11238     0.563242
11239    -1.452424
11240     0.887813
11241     1.307074
11242     0.692486
11243    -0.318190
11244    -1.544896
11245    -0.501305
11246     0.324752
11247     1.243509
11248     1.612816
11249     0.884395
11250    -1.123054
11251     0.989126
11252     0.096002
11253    -0.346657
11254     0.516309
11255     0.948369
11256     0.041801
11257     0.367232
11258    -1.126391
11259    -1.338709
11260    -1.417965
11261     0.347011
11262     0.703210
11263     0.666464
11264     0.237605
11265    -0.542980
11266    -1.384927
11267    -0.280381
11268    -0.177094
11269    -1.483209
11270     0.823530
11271     1.107858
11272    -0.244598
11273     0.208711
11274     1.048040
11275    -0.488349
11276     0.425407
11277    -0.401523
11278     1.058189
11279    -0.167597
11280    -1.957714
11281     2.733699
11282    -1.508580
11283     2.265352
11284    -0.802704
11285    -0.766693
11286     0.704720
11287    -0.272213
11288     0.820554
11289    -1.450377
11290     1.079671
11291    -0.391787
11292     0.986605
11293    -0.022556
11294    -0.801386
11295     1.559063
11296    -0.161579
11297     0.018485
11298     0.069573
11299    -1.252801
11300     0.984567
11301    -0.946811
11302    -0.162435
11303    -0.397611
11304    -0.011726
11305    -0.005397
11306     0.392487
11307    -0.306798
11308     0.112314
11309     1.112645
11310    -2.430153
11311     0.900529
11312    -0.354874
11313     1.456978
11314    -0.743651
11315     0.486378
11316     0.681064
11317     0.871818
11318    -0.903388
11319    -0.146808
11320     0.259759
11321     0.700153
11322    -1.577571
11323     1.543437
11324    -0.088257
11325    -0.087112
11326    -0.788310
11327    -0.329667
11328    -0.446541
11329    -0.540104
11330     0.888486
11331    -0.615539
11332    -1.917745
11333     0.273155
11334    -0.004518
11335    -2.162803
11336     0.232840
11337     0.067134
11338     1.331069
11339    -0.367507
11340     0.233467
11341     2.223935
11342     0.365482
11343     2.044661
11344    -0.372395
11345    -0.719790
11346    -0.337089
11347     0.018716
11348     1.013181
11349    -0.985917
11350     0.855407
11351     0.043879
11352     1.526324
11353     0.244230
11354    -0.020435
11355     0.824152
11356     0.233052
11357     0.995548
11358    -0.169182
11359    -2.242726
11360    -2.470962
11361    -0.806310
11362     0.323110
11363     0.583478
11364    -0.684101
11365     0.080276
11366     0.888177
11367     0.326006
11368    -1.074658
11369    -2.075314
11370    -1.888751
11371     1.048603
11372     0.585512
11373     0.499545
11374    -0.285090
11375     0.837364
11376     0.332791
11377     0.606534
11378    -0.613216
11379     0.635607
11380     0.261687
11381     2.338588
11382    -0.382640
11383     1.192212
11384     0.399377
11385     0.750465
11386    -0.317443
11387     0.351771
11388    -0.291524
11389    -0.913585
11390    -1.173426
11391    -0.292784
11392    -1.377441
11393    -0.465967
11394    -0.574653
11395    -1.462176
11396    -0.377036
11397    -1.179603
11398     0.957751
11399    -0.486211
11400     0.653002
11401     0.758154
11402     1.045854
11403     1.938608
11404    -0.280098
11405    -1.333020
11406    -0.117979
11407    -0.542157
11408     0.532995
11409    -0.734824
11410     0.221107
11411     0.190502
11412     1.865804
11413     0.235194
11414    -0.905975
11415     1.717873
11416    -0.335159
11417     0.209664
11418     0.466718
11419    -1.255055
11420    -2.995973
11421    -1.052992
11422     1.013392
11423     0.426596
11424    -0.490460
11425    -0.659574
11426     0.728717
11427     0.682460
11428     0.355774
11429    -1.697390
11430    -3.017666
11431     0.683730
11432     0.657701
11433     0.762457
11434    -0.740351
11435     1.136865
11436     0.512312
11437     0.036652
11438     0.065674
11439     0.272272
11440    -0.667909
11441     0.557380
11442     0.540799
11443     0.771182
11444     0.754332
11445     0.895154
11446    -1.282701
11447    -0.383554
11448     0.094066
11449     0.360570
11450    -0.104674
11451    -1.293857
11452     0.269268
11453     0.324748
11454    -1.331265
11455    -0.027502
11456     0.244984
11457    -1.899344
11458     1.085483
11459     0.544574
11460     0.189865
11461     1.285158
11462    -0.093908
11463     0.891555
11464    -0.064537
11465    -2.089658
11466    -0.256811
11467    -0.686536
11468     0.457689
11469    -1.120611
11470     0.438342
11471    -0.392761
11472     2.042313
11473     0.596718
11474    -1.588787
11475     2.131096
11476    -0.277747
11477    -0.463032
11478    -0.815474
11479    -2.076050
11480    -2.258226
11481    -1.098949
11482     0.983524
11483     0.414416
11484    -0.682445
11485    -1.007781
11486     0.790030
11487     0.016794
11488    -0.293723
11489     0.944748
11490    -1.247386
11491     1.084604
11492     0.039507
11493     0.946840
11494    -0.773534
11495     0.937283
11496    -0.152806
11497    -0.685249
11498     0.600104
11499    -0.278702
11500     0.071722
11501    -0.775644
11502    -1.000236
11503     1.122314
11504     0.019280
11505     0.726873
11506    -1.230017
11507    -1.197549
11508    -1.460175
11509     0.434858
11510     0.602528
11511     0.093579
11512     0.167128
11513     1.836566
11514     0.619940
11515    -0.094103
11516     1.425144
11517    -0.170261
11518     1.004911
11519     0.792270
11520     0.814867
11521     2.098010
11522     0.408835
11523     1.525390
11524     0.908295
11525    -1.260096
11526     0.369979
11527    -0.156253
11528     0.418692
11529    -1.127674
11530     0.168375
11531    -0.448280
11532     1.154205
11533     0.960877
11534    -0.636603
11535     0.477274
11536     0.141302
11537     0.003463
11538    -1.679715
11539    -2.276231
11540    -2.141277
11541    -0.700689
11542     1.384674
11543     0.477847
11544    -0.324926
11545    -0.728863
11546     0.497100
11547     0.099012
11548    -1.498814
11549     0.054113
11550    -0.364416
11551     1.242324
11552     0.159085
11553     0.247660
11554    -2.298514
11555    -0.044976
11556     1.592925
11557    -0.493442
11558     0.270281
11559     0.486776
11560    -0.836958
11561    -0.880481
11562    -1.645745
11563     1.336922
11564     0.167107
11565     0.586501
11566    -0.031277
11567    -0.274109
11568    -1.779097
11569     0.426350
11570     0.566845
11571    -0.803018
11572    -0.219505
11573     1.288301
11574     0.414312
11575    -0.873676
11576     0.795460
11577    -0.408975
11578     0.746405
11579     0.578694
11580     1.880220
11581     0.787455
11582     1.084722
11583     2.566805
11584     0.751837
11585    -0.156840
11586     0.054634
11587    -0.302373
11588     0.220833
11589    -0.716931
11590     0.538822
11591    -0.720470
11592     0.822480
11593     0.827155
11594    -0.527026
11595     0.682644
11596     0.099030
11597    -0.770955
11598    -1.191825
11599    -1.923288
11600    -2.677235
11601    -0.701268
11602     1.151536
11603     0.973182
11604    -0.141406
11605    -0.738240
11606     0.173921
11607     0.404812
11608    -1.005743
11609    -0.566309
11610    -0.657101
11611     1.207624
11612    -0.260041
11613     0.531186
11614    -1.360142
11615     0.059219
11616     0.224831
11617    -0.803053
11618     0.299728
11619     1.013388
11620    -0.315497
11621    -0.688431
11622    -2.229224
11623     0.067372
11624    -0.131904
11625     2.044889
11626    -0.462504
11627    -0.256605
11628    -1.115973
11629     0.212973
11630     0.915488
11631    -0.596312
11632     0.683467
11633     1.115401
11634    -0.796221
11635     0.277526
11636     0.324687
11637    -2.018405
11638     0.306042
11639     1.588633
11640     1.818999
11641    -0.279792
11642     0.792132
11643     1.290203
11644     0.571800
11645    -0.149637
11646     0.092395
11647    -0.557860
11648    -0.544176
11649    -0.494393
11650     0.288774
11651    -0.600637
11652     0.689116
11653     0.715336
11654    -1.714419
11655     1.077119
11656    -0.303679
11657    -1.243959
11658    -1.089381
11659    -1.327422
11660    -1.561835
11661    -0.484251
11662     0.682705
11663     0.465546
11664    -0.083237
11665    -0.462895
11666     0.707259
11667     0.419542
11668    -0.493123
11669     0.604861
11670    -0.567430
11671     0.763906
11672    -0.264512
11673     0.364919
11674    -0.370311
11675     1.215468
11676     0.459491
11677    -0.723484
11678     0.918003
11679     0.802008
11680    -0.189051
11681    -2.961576
11682    -1.358846
11683    -1.210102
11684    -0.846871
11685     0.690397
11686    -1.002779
11687    -0.582876
11688    -1.234014
11689    -0.134321
11690     0.769421
11691    -0.647030
11692     2.370707
11693     2.200586
11694     0.042247
11695     2.060496
11696     1.623303
11697    -1.000248
11698    -0.398906
11699     1.173918
11700     1.031392
11701     0.414310
11702     0.209107
11703     0.757406
11704     1.371663
11705    -0.677083
11706     0.353311
11707    -0.006965
11708    -0.688410
11709    -0.829673
11710     0.256160
11711    -0.632691
11712     0.678541
11713     0.764715
11714    -1.393389
11715    -0.076062
11716     0.453077
11717    -1.241764
11718    -1.515738
11719    -1.432048
11720    -1.038555
11721    -0.033541
11722     0.924625
11723     0.003135
11724     0.061735
11725    -1.003531
11726     0.838915
11727     0.397708
11728    -0.969706
11729     0.681621
11730     0.101015
11731     0.684105
11732    -0.369587
11733    -0.036696
11734    -0.832495
11735     1.149383
11736     0.872305
11737    -1.298956
11738     1.071620
11739     1.655705
11740     1.122881
11741    -2.535683
11742    -2.481203
11743    -0.449550
11744    -0.748647
11745    -0.732169
11746    -1.039163
11747    -0.372721
11748    -1.349741
11749    -0.004504
11750     0.336382
11751    -0.330975
11752     0.347223
11753     2.787551
11754     1.197114
11755     0.214533
11756     2.237637
11757     0.469620
11758     0.483627
11759     0.383178
11760     0.841340
11761     0.626439
11762     1.088757
11763     1.813158
11764     1.674252
11765     0.081851
11766     1.010053
11767     0.315577
11768    -0.428205
11769    -1.522186
11770     0.118944
11771    -1.044192
11772     0.599650
11773     1.001728
11774    -1.223111
11775    -0.851815
11776     0.955465
11777    -0.461327
11778    -1.718705
11779    -1.533238
11780    -1.507822
11781    -0.312207
11782     1.124997
11783     0.677102
11784     0.683610
11785    -1.154773
11786     0.313743
11787     0.477098
11788    -0.909584
11789     0.667416
11790     0.392705
11791     0.823827
11792    -0.390632
11793    -0.076724
11794    -0.728844
11795     1.128884
11796     1.186737
11797    -1.348151
11798     0.694880
11799     0.725619
11800     1.750363
11801    -1.409424
11802    -3.184715
11803    -0.778941
11804    -0.970906
11805     0.262006
11806    -1.303769
11807    -0.337904
11808    -0.285460
11809    -0.072810
11810     0.062549
11811    -0.367720
11812    -0.636139
11813     1.354983
11814     0.062684
11815    -0.643541
11816     0.918427
11817    -0.235333
11818     0.718199
11819     0.784933
11820     1.341544
11821    -0.952601
11822     1.573226
11823     1.439579
11824     0.303197
11825     0.053821
11826     1.197859
11827     0.709039
11828    -0.195419
11829    -1.413286
11830     0.196314
11831    -0.643421
11832     0.492324
11833     0.889924
11834    -2.097128
11835    -0.127882
11836     0.239920
11837    -0.730980
11838    -1.057582
11839    -1.156926
11840    -1.445961
11841    -0.087699
11842     1.176277
11843     0.222897
11844     0.933301
11845    -0.561693
11846     0.779848
11847     0.107723
11848    -1.106758
11849     0.928096
11850     0.318501
11851     0.776118
11852    -0.070994
11853    -0.047813
11854    -0.516037
11855     1.623258
11856     0.720894
11857    -0.996822
11858     0.193708
11859     1.003703
11860     0.818881
11861    -2.430634
11862    -2.041740
11863    -1.992694
11864    -0.964681
11865     0.588956
11866    -1.385780
11867    -0.486696
11868     0.073028
11869     0.444491
11870     0.795567
11871    -0.994586
11872     1.219655
11873     0.675208
11874    -0.410126
11875     1.620486
11876     0.684500
11877    -1.466785
11878     0.275010
11879     1.535786
11880     0.771630
11881    -1.058995
11882     0.284450
11883    -0.046956
11884     0.286295
11885     0.220597
11886     1.319241
11887     0.518434
11888    -0.366867
11889    -0.609611
11890     0.355283
11891     0.307207
11892     0.951806
11893     0.250891
11894    -1.855902
11895    -0.495147
11896     0.785974
11897    -1.291244
11898     0.017902
11899    -0.378547
11900    -0.977570
11901     0.783656
11902     0.301513
11903     0.560269
11904    -0.077542
11905    -0.684933
11906     1.163219
11907     0.037592
11908    -0.950503
11909     1.323487
11910     0.325395
11911     0.541475
11912    -0.427683
11913     0.263224
11914    -0.758612
11915     1.505062
11916     0.252198
11917    -0.940539
11918    -0.533368
11919     0.407567
11920     0.793152
11921    -3.429509
11922    -2.205294
11923    -1.991101
11924    -0.860832
11925    -0.845021
11926    -1.536631
11927     0.691053
11928    -1.240965
11929     1.099775
11930     1.543948
11931     0.335122
11932     1.483773
11933     0.043995
11934     0.624260
11935     2.068594
11936     1.452236
11937     0.096946
11938    -0.185299
11939     0.647454
11940     0.105625

