Building DAG of jobs...
Relative file path './2XWR_A_91-289_N239Y/xray/no_restraints/theseus/theseus_sup.pdb' starts with './'. This is redundant and strongly discouraged. It can also lead to inconsistent results of the file-matching approach used by Snakemake. You can simply omit the './' for relative file paths.
Relative file path './2XWR_A_91-289_N239Y/xray/ca_rest_zinc_bs/theseus/theseus_sup.pdb' starts with './'. This is redundant and strongly discouraged. It can also lead to inconsistent results of the file-matching approach used by Snakemake. You can simply omit the './' for relative file paths.
Relative file path './2XWR_A_91-289_N239Y/xray/ca_sc_rest_zinc_bs/theseus/theseus_sup.pdb' starts with './'. This is redundant and strongly discouraged. It can also lead to inconsistent results of the file-matching approach used by Snakemake. You can simply omit the './' for relative file paths.
Relative file path './2XWR_A_91-289_H168R/xray/no_restraints/theseus/theseus_sup.pdb' starts with './'. This is redundant and strongly discouraged. It can also lead to inconsistent results of the file-matching approach used by Snakemake. You can simply omit the './' for relative file paths.
Relative file path './2XWR_A_91-289_H168R/xray/ca_rest_zinc_bs/theseus/theseus_sup.pdb' starts with './'. This is redundant and strongly discouraged. It can also lead to inconsistent results of the file-matching approach used by Snakemake. You can simply omit the './' for relative file paths.
Relative file path './2XWR_A_91-289_H168R/xray/ca_sc_rest_zinc_bs/theseus/theseus_sup.pdb' starts with './'. This is redundant and strongly discouraged. It can also lead to inconsistent results of the file-matching approach used by Snakemake. You can simply omit the './' for relative file paths.
Relative file path './2XWR_A_91-289_D148E/xray/no_restraints/theseus/theseus_sup.pdb' starts with './'. This is redundant and strongly discouraged. It can also lead to inconsistent results of the file-matching approach used by Snakemake. You can simply omit the './' for relative file paths.
Relative file path './2XWR_A_91-289_D148E/xray/ca_rest_zinc_bs/theseus/theseus_sup.pdb' starts with './'. This is redundant and strongly discouraged. It can also lead to inconsistent results of the file-matching approach used by Snakemake. You can simply omit the './' for relative file paths.
Relative file path './2XWR_A_91-289_D148E/xray/ca_sc_rest_zinc_bs/theseus/theseus_sup.pdb' starts with './'. This is redundant and strongly discouraged. It can also lead to inconsistent results of the file-matching approach used by Snakemake. You can simply omit the './' for relative file paths.
Relative file path './2XWR_A_91-289_WT/xray/no_restraints/theseus/theseus_sup.pdb' starts with './'. This is redundant and strongly discouraged. It can also lead to inconsistent results of the file-matching approach used by Snakemake. You can simply omit the './' for relative file paths.
Relative file path './2XWR_A_91-289_WT/xray/ca_rest_zinc_bs/theseus/theseus_sup.pdb' starts with './'. This is redundant and strongly discouraged. It can also lead to inconsistent results of the file-matching approach used by Snakemake. You can simply omit the './' for relative file paths.
Relative file path './2XWR_A_91-289_WT/xray/ca_sc_rest_zinc_bs/theseus/theseus_sup.pdb' starts with './'. This is redundant and strongly discouraged. It can also lead to inconsistent results of the file-matching approach used by Snakemake. You can simply omit the './' for relative file paths.
Relative file path './2XWR_A_91-289_N239Y/xray/no_restraints/output_pdbs/model_0.pdb' starts with './'. This is redundant and strongly discouraged. It can also lead to inconsistent results of the file-matching approach used by Snakemake. You can simply omit the './' for relative file paths.
Relative file path './2XWR_A_91-289_N239Y/xray/no_restraints/output_pdbs/model_1.pdb' starts with './'. This is redundant and strongly discouraged. It can also lead to inconsistent results of the file-matching approach used by Snakemake. You can simply omit the './' for relative file paths.
Relative file path './2XWR_A_91-289_N239Y/xray/no_restraints/output_pdbs/model_2.pdb' starts with './'. This is redundant and strongly discouraged. It can also lead to inconsistent results of the file-matching approach used by Snakemake. You can simply omit the './' for relative file paths.
Relative file path './2XWR_A_91-289_N239Y/xray/no_restraints/output_pdbs/model_3.pdb' starts with './'. This is redundant and strongly discouraged. It can also lead to inconsistent results of the file-matching approach used by Snakemake. You can simply omit the './' for relative file paths.
Relative file path './2XWR_A_91-289_N239Y/xray/no_restraints/output_pdbs/model_4.pdb' starts with './'. This is redundant and strongly discouraged. It can also lead to inconsistent results of the file-matching approach used by Snakemake. You can simply omit the './' for relative file paths.
Relative file path './2XWR_A_91-289_N239Y/xray/no_restraints/output_pdbs/model_5.pdb' starts with './'. This is redundant and strongly discouraged. It can also lead to inconsistent results of the file-matching approach used by Snakemake. You can simply omit the './' for relative file paths.
Relative file path './2XWR_A_91-289_N239Y/xray/no_restraints/output_pdbs/model_6.pdb' starts with './'. This is redundant and strongly discouraged. It can also lead to inconsistent results of the file-matching approach used by Snakemake. You can simply omit the './' for relative file paths.
Relative file path './2XWR_A_91-289_N239Y/xray/no_restraints/output_pdbs/model_7.pdb' starts with './'. This is redundant and strongly discouraged. It can also lead to inconsistent results of the file-matching approach used by Snakemake. You can simply omit the './' for relative file paths.
Relative file path './2XWR_A_91-289_N239Y/xray/no_restraints/output_pdbs/model_8.pdb' starts with './'. This is redundant and strongly discouraged. It can also lead to inconsistent results of the file-matching approach used by Snakemake. You can simply omit the './' for relative file paths.
Relative file path './2XWR_A_91-289_N239Y/xray/no_restraints/output_pdbs/model_9.pdb' starts with './'. This is redundant and strongly discouraged. It can also lead to inconsistent results of the file-matching approach used by Snakemake. You can simply omit the './' for relative file paths.
Relative file path './2XWR_A_91-289_N239Y/xray/no_restraints/output_pdbs/model_10.pdb' starts with './'. This is redundant and strongly discouraged. It can also lead to inconsistent results of the file-matching approach used by Snakemake. You can simply omit the './' for relative file paths.
Relative file path './2XWR_A_91-289_N239Y/xray/no_restraints/output_pdbs/model_11.pdb' starts with './'. This is redundant and strongly discouraged. It can also lead to inconsistent results of the file-matching approach used by Snakemake. You can simply omit the './' for relative file paths.
Relative file path './2XWR_A_91-289_N239Y/xray/no_restraints/output_pdbs/model_12.pdb' starts with './'. This is redundant and strongly discouraged. It can also lead to inconsistent results of the file-matching approach used by Snakemake. You can simply omit the './' for relative file paths.
Relative file path './2XWR_A_91-289_N239Y/xray/no_restraints/output_pdbs/model_13.pdb' starts with './'. This is redundant and strongly discouraged. It can also lead to inconsistent results of the file-matching approach used by Snakemake. You can simply omit the './' for relative file paths.
Relative file path './2XWR_A_91-289_N239Y/xray/no_restraints/output_pdbs/model_14.pdb' starts with './'. This is redundant and strongly discouraged. It can also lead to inconsistent results of the file-matching approach used by Snakemake. You can simply omit the './' for relative file paths.
Relative file path './2XWR_A_91-289_N239Y/xray/no_restraints/output_pdbs/model_15.pdb' starts with './'. This is redundant and strongly discouraged. It can also lead to inconsistent results of the file-matching approach used by Snakemake. You can simply omit the './' for relative file paths.
Relative file path './2XWR_A_91-289_N239Y/xray/no_restraints/output_pdbs/model_16.pdb' starts with './'. This is redundant and strongly discouraged. It can also lead to inconsistent results of the file-matching approach used by Snakemake. You can simply omit the './' for relative file paths.
Relative file path './2XWR_A_91-289_N239Y/xray/no_restraints/output_pdbs/model_17.pdb' starts with './'. This is redundant and strongly discouraged. It can also lead to inconsistent results of the file-matching approach used by Snakemake. You can simply omit the './' for relative file paths.
Relative file path './2XWR_A_91-289_N239Y/xray/no_restraints/output_pdbs/model_18.pdb' starts with './'. This is redundant and strongly discouraged. It can also lead to inconsistent results of the file-matching approach used by Snakemake. You can simply omit the './' for relative file paths.
Relative file path './2XWR_A_91-289_N239Y/xray/no_restraints/output_pdbs/model_19.pdb' starts with './'. This is redundant and strongly discouraged. It can also lead to inconsistent results of the file-matching approach used by Snakemake. You can simply omit the './' for relative file paths.
Relative file path './2XWR_A_91-289_N239Y/xray/no_restraints/theseus/theseus_sup.pdb' starts with './'. This is redundant and strongly discouraged. It can also lead to inconsistent results of the file-matching approach used by Snakemake. You can simply omit the './' for relative file paths.
Relative file path './input_structures/2XWR_A_ASN239TYR.pdb' starts with './'. This is redundant and strongly discouraged. It can also lead to inconsistent results of the file-matching approach used by Snakemake. You can simply omit the './' for relative file paths.
Relative file path './2XWR_A_91-289_N239Y/xray/no_restraints/output_pdbs/model_0.pdb' starts with './'. This is redundant and strongly discouraged. It can also lead to inconsistent results of the file-matching approach used by Snakemake. You can simply omit the './' for relative file paths.
Relative file path './2XWR_A_91-289_N239Y/xray/no_restraints/output_pdbs/model_1.pdb' starts with './'. This is redundant and strongly discouraged. It can also lead to inconsistent results of the file-matching approach used by Snakemake. You can simply omit the './' for relative file paths.
Relative file path './2XWR_A_91-289_N239Y/xray/no_restraints/output_pdbs/model_2.pdb' starts with './'. This is redundant and strongly discouraged. It can also lead to inconsistent results of the file-matching approach used by Snakemake. You can simply omit the './' for relative file paths.
Relative file path './2XWR_A_91-289_N239Y/xray/no_restraints/output_pdbs/model_3.pdb' starts with './'. This is redundant and strongly discouraged. It can also lead to inconsistent results of the file-matching approach used by Snakemake. You can simply omit the './' for relative file paths.
Relative file path './2XWR_A_91-289_N239Y/xray/no_restraints/output_pdbs/model_4.pdb' starts with './'. This is redundant and strongly discouraged. It can also lead to inconsistent results of the file-matching approach used by Snakemake. You can simply omit the './' for relative file paths.
Relative file path './2XWR_A_91-289_N239Y/xray/no_restraints/output_pdbs/model_5.pdb' starts with './'. This is redundant and strongly discouraged. It can also lead to inconsistent results of the file-matching approach used by Snakemake. You can simply omit the './' for relative file paths.
Relative file path './2XWR_A_91-289_N239Y/xray/no_restraints/output_pdbs/model_6.pdb' starts with './'. This is redundant and strongly discouraged. It can also lead to inconsistent results of the file-matching approach used by Snakemake. You can simply omit the './' for relative file paths.
Relative file path './2XWR_A_91-289_N239Y/xray/no_restraints/output_pdbs/model_7.pdb' starts with './'. This is redundant and strongly discouraged. It can also lead to inconsistent results of the file-matching approach used by Snakemake. You can simply omit the './' for relative file paths.
Relative file path './2XWR_A_91-289_N239Y/xray/no_restraints/output_pdbs/model_8.pdb' starts with './'. This is redundant and strongly discouraged. It can also lead to inconsistent results of the file-matching approach used by Snakemake. You can simply omit the './' for relative file paths.
Relative file path './2XWR_A_91-289_N239Y/xray/no_restraints/output_pdbs/model_9.pdb' starts with './'. This is redundant and strongly discouraged. It can also lead to inconsistent results of the file-matching approach used by Snakemake. You can simply omit the './' for relative file paths.
Relative file path './2XWR_A_91-289_N239Y/xray/no_restraints/output_pdbs/model_10.pdb' starts with './'. This is redundant and strongly discouraged. It can also lead to inconsistent results of the file-matching approach used by Snakemake. You can simply omit the './' for relative file paths.
Relative file path './2XWR_A_91-289_N239Y/xray/no_restraints/output_pdbs/model_11.pdb' starts with './'. This is redundant and strongly discouraged. It can also lead to inconsistent results of the file-matching approach used by Snakemake. You can simply omit the './' for relative file paths.
Relative file path './2XWR_A_91-289_N239Y/xray/no_restraints/output_pdbs/model_12.pdb' starts with './'. This is redundant and strongly discouraged. It can also lead to inconsistent results of the file-matching approach used by Snakemake. You can simply omit the './' for relative file paths.
Relative file path './2XWR_A_91-289_N239Y/xray/no_restraints/output_pdbs/model_13.pdb' starts with './'. This is redundant and strongly discouraged. It can also lead to inconsistent results of the file-matching approach used by Snakemake. You can simply omit the './' for relative file paths.
Relative file path './2XWR_A_91-289_N239Y/xray/no_restraints/output_pdbs/model_14.pdb' starts with './'. This is redundant and strongly discouraged. It can also lead to inconsistent results of the file-matching approach used by Snakemake. You can simply omit the './' for relative file paths.
Relative file path './2XWR_A_91-289_N239Y/xray/no_restraints/output_pdbs/model_15.pdb' starts with './'. This is redundant and strongly discouraged. It can also lead to inconsistent results of the file-matching approach used by Snakemake. You can simply omit the './' for relative file paths.
Relative file path './2XWR_A_91-289_N239Y/xray/no_restraints/output_pdbs/model_16.pdb' starts with './'. This is redundant and strongly discouraged. It can also lead to inconsistent results of the file-matching approach used by Snakemake. You can simply omit the './' for relative file paths.
Relative file path './2XWR_A_91-289_N239Y/xray/no_restraints/output_pdbs/model_17.pdb' starts with './'. This is redundant and strongly discouraged. It can also lead to inconsistent results of the file-matching approach used by Snakemake. You can simply omit the './' for relative file paths.
Relative file path './2XWR_A_91-289_N239Y/xray/no_restraints/output_pdbs/model_18.pdb' starts with './'. This is redundant and strongly discouraged. It can also lead to inconsistent results of the file-matching approach used by Snakemake. You can simply omit the './' for relative file paths.
Relative file path './2XWR_A_91-289_N239Y/xray/no_restraints/output_pdbs/model_19.pdb' starts with './'. This is redundant and strongly discouraged. It can also lead to inconsistent results of the file-matching approach used by Snakemake. You can simply omit the './' for relative file paths.
Relative file path './2XWR_A_91-289_N239Y/xray/ca_rest_zinc_bs/output_pdbs/model_ligand_0.pdb' starts with './'. This is redundant and strongly discouraged. It can also lead to inconsistent results of the file-matching approach used by Snakemake. You can simply omit the './' for relative file paths.
Relative file path './2XWR_A_91-289_N239Y/xray/ca_rest_zinc_bs/output_pdbs/model_ligand_1.pdb' starts with './'. This is redundant and strongly discouraged. It can also lead to inconsistent results of the file-matching approach used by Snakemake. You can simply omit the './' for relative file paths.
Relative file path './2XWR_A_91-289_N239Y/xray/ca_rest_zinc_bs/output_pdbs/model_ligand_2.pdb' starts with './'. This is redundant and strongly discouraged. It can also lead to inconsistent results of the file-matching approach used by Snakemake. You can simply omit the './' for relative file paths.
Relative file path './2XWR_A_91-289_N239Y/xray/ca_rest_zinc_bs/output_pdbs/model_ligand_3.pdb' starts with './'. This is redundant and strongly discouraged. It can also lead to inconsistent results of the file-matching approach used by Snakemake. You can simply omit the './' for relative file paths.
Relative file path './2XWR_A_91-289_N239Y/xray/ca_rest_zinc_bs/output_pdbs/model_ligand_4.pdb' starts with './'. This is redundant and strongly discouraged. It can also lead to inconsistent results of the file-matching approach used by Snakemake. You can simply omit the './' for relative file paths.
Relative file path './2XWR_A_91-289_N239Y/xray/ca_rest_zinc_bs/output_pdbs/model_ligand_5.pdb' starts with './'. This is redundant and strongly discouraged. It can also lead to inconsistent results of the file-matching approach used by Snakemake. You can simply omit the './' for relative file paths.
Relative file path './2XWR_A_91-289_N239Y/xray/ca_rest_zinc_bs/output_pdbs/model_ligand_6.pdb' starts with './'. This is redundant and strongly discouraged. It can also lead to inconsistent results of the file-matching approach used by Snakemake. You can simply omit the './' for relative file paths.
Relative file path './2XWR_A_91-289_N239Y/xray/ca_rest_zinc_bs/output_pdbs/model_ligand_7.pdb' starts with './'. This is redundant and strongly discouraged. It can also lead to inconsistent results of the file-matching approach used by Snakemake. You can simply omit the './' for relative file paths.
Relative file path './2XWR_A_91-289_N239Y/xray/ca_rest_zinc_bs/output_pdbs/model_ligand_8.pdb' starts with './'. This is redundant and strongly discouraged. It can also lead to inconsistent results of the file-matching approach used by Snakemake. You can simply omit the './' for relative file paths.
Relative file path './2XWR_A_91-289_N239Y/xray/ca_rest_zinc_bs/output_pdbs/model_ligand_9.pdb' starts with './'. This is redundant and strongly discouraged. It can also lead to inconsistent results of the file-matching approach used by Snakemake. You can simply omit the './' for relative file paths.
Relative file path './2XWR_A_91-289_N239Y/xray/ca_rest_zinc_bs/output_pdbs/model_ligand_10.pdb' starts with './'. This is redundant and strongly discouraged. It can also lead to inconsistent results of the file-matching approach used by Snakemake. You can simply omit the './' for relative file paths.
Relative file path './2XWR_A_91-289_N239Y/xray/ca_rest_zinc_bs/output_pdbs/model_ligand_11.pdb' starts with './'. This is redundant and strongly discouraged. It can also lead to inconsistent results of the file-matching approach used by Snakemake. You can simply omit the './' for relative file paths.
Relative file path './2XWR_A_91-289_N239Y/xray/ca_rest_zinc_bs/output_pdbs/model_ligand_12.pdb' starts with './'. This is redundant and strongly discouraged. It can also lead to inconsistent results of the file-matching approach used by Snakemake. You can simply omit the './' for relative file paths.
Relative file path './2XWR_A_91-289_N239Y/xray/ca_rest_zinc_bs/output_pdbs/model_ligand_13.pdb' starts with './'. This is redundant and strongly discouraged. It can also lead to inconsistent results of the file-matching approach used by Snakemake. You can simply omit the './' for relative file paths.
Relative file path './2XWR_A_91-289_N239Y/xray/ca_rest_zinc_bs/output_pdbs/model_ligand_14.pdb' starts with './'. This is redundant and strongly discouraged. It can also lead to inconsistent results of the file-matching approach used by Snakemake. You can simply omit the './' for relative file paths.
Relative file path './2XWR_A_91-289_N239Y/xray/ca_rest_zinc_bs/output_pdbs/model_ligand_15.pdb' starts with './'. This is redundant and strongly discouraged. It can also lead to inconsistent results of the file-matching approach used by Snakemake. You can simply omit the './' for relative file paths.
Relative file path './2XWR_A_91-289_N239Y/xray/ca_rest_zinc_bs/output_pdbs/model_ligand_16.pdb' starts with './'. This is redundant and strongly discouraged. It can also lead to inconsistent results of the file-matching approach used by Snakemake. You can simply omit the './' for relative file paths.
Relative file path './2XWR_A_91-289_N239Y/xray/ca_rest_zinc_bs/output_pdbs/model_ligand_17.pdb' starts with './'. This is redundant and strongly discouraged. It can also lead to inconsistent results of the file-matching approach used by Snakemake. You can simply omit the './' for relative file paths.
Relative file path './2XWR_A_91-289_N239Y/xray/ca_rest_zinc_bs/output_pdbs/model_ligand_18.pdb' starts with './'. This is redundant and strongly discouraged. It can also lead to inconsistent results of the file-matching approach used by Snakemake. You can simply omit the './' for relative file paths.
Relative file path './2XWR_A_91-289_N239Y/xray/ca_rest_zinc_bs/output_pdbs/model_ligand_19.pdb' starts with './'. This is redundant and strongly discouraged. It can also lead to inconsistent results of the file-matching approach used by Snakemake. You can simply omit the './' for relative file paths.
Relative file path './2XWR_A_91-289_N239Y/xray/ca_rest_zinc_bs/theseus/theseus_sup.pdb' starts with './'. This is redundant and strongly discouraged. It can also lead to inconsistent results of the file-matching approach used by Snakemake. You can simply omit the './' for relative file paths.
Relative file path './2XWR_A_91-289_N239Y/xray/ca_rest_zinc_bs/output_pdbs/model_0.pdb' starts with './'. This is redundant and strongly discouraged. It can also lead to inconsistent results of the file-matching approach used by Snakemake. You can simply omit the './' for relative file paths.
Relative file path './2XWR_A_91-289_N239Y/xray/ca_rest_zinc_bs/output_pdbs/model_1.pdb' starts with './'. This is redundant and strongly discouraged. It can also lead to inconsistent results of the file-matching approach used by Snakemake. You can simply omit the './' for relative file paths.
Relative file path './2XWR_A_91-289_N239Y/xray/ca_rest_zinc_bs/output_pdbs/model_2.pdb' starts with './'. This is redundant and strongly discouraged. It can also lead to inconsistent results of the file-matching approach used by Snakemake. You can simply omit the './' for relative file paths.
Relative file path './2XWR_A_91-289_N239Y/xray/ca_rest_zinc_bs/output_pdbs/model_3.pdb' starts with './'. This is redundant and strongly discouraged. It can also lead to inconsistent results of the file-matching approach used by Snakemake. You can simply omit the './' for relative file paths.
Relative file path './2XWR_A_91-289_N239Y/xray/ca_rest_zinc_bs/output_pdbs/model_4.pdb' starts with './'. This is redundant and strongly discouraged. It can also lead to inconsistent results of the file-matching approach used by Snakemake. You can simply omit the './' for relative file paths.
Relative file path './2XWR_A_91-289_N239Y/xray/ca_rest_zinc_bs/output_pdbs/model_5.pdb' starts with './'. This is redundant and strongly discouraged. It can also lead to inconsistent results of the file-matching approach used by Snakemake. You can simply omit the './' for relative file paths.
Relative file path './2XWR_A_91-289_N239Y/xray/ca_rest_zinc_bs/output_pdbs/model_6.pdb' starts with './'. This is redundant and strongly discouraged. It can also lead to inconsistent results of the file-matching approach used by Snakemake. You can simply omit the './' for relative file paths.
Relative file path './2XWR_A_91-289_N239Y/xray/ca_rest_zinc_bs/output_pdbs/model_7.pdb' starts with './'. This is redundant and strongly discouraged. It can also lead to inconsistent results of the file-matching approach used by Snakemake. You can simply omit the './' for relative file paths.
Relative file path './2XWR_A_91-289_N239Y/xray/ca_rest_zinc_bs/output_pdbs/model_8.pdb' starts with './'. This is redundant and strongly discouraged. It can also lead to inconsistent results of the file-matching approach used by Snakemake. You can simply omit the './' for relative file paths.
Relative file path './2XWR_A_91-289_N239Y/xray/ca_rest_zinc_bs/output_pdbs/model_9.pdb' starts with './'. This is redundant and strongly discouraged. It can also lead to inconsistent results of the file-matching approach used by Snakemake. You can simply omit the './' for relative file paths.
Relative file path './2XWR_A_91-289_N239Y/xray/ca_rest_zinc_bs/output_pdbs/model_10.pdb' starts with './'. This is redundant and strongly discouraged. It can also lead to inconsistent results of the file-matching approach used by Snakemake. You can simply omit the './' for relative file paths.
Relative file path './2XWR_A_91-289_N239Y/xray/ca_rest_zinc_bs/output_pdbs/model_11.pdb' starts with './'. This is redundant and strongly discouraged. It can also lead to inconsistent results of the file-matching approach used by Snakemake. You can simply omit the './' for relative file paths.
Relative file path './2XWR_A_91-289_N239Y/xray/ca_rest_zinc_bs/output_pdbs/model_12.pdb' starts with './'. This is redundant and strongly discouraged. It can also lead to inconsistent results of the file-matching approach used by Snakemake. You can simply omit the './' for relative file paths.
Relative file path './2XWR_A_91-289_N239Y/xray/ca_rest_zinc_bs/output_pdbs/model_13.pdb' starts with './'. This is redundant and strongly discouraged. It can also lead to inconsistent results of the file-matching approach used by Snakemake. You can simply omit the './' for relative file paths.
Relative file path './2XWR_A_91-289_N239Y/xray/ca_rest_zinc_bs/output_pdbs/model_14.pdb' starts with './'. This is redundant and strongly discouraged. It can also lead to inconsistent results of the file-matching approach used by Snakemake. You can simply omit the './' for relative file paths.
Relative file path './2XWR_A_91-289_N239Y/xray/ca_rest_zinc_bs/output_pdbs/model_15.pdb' starts with './'. This is redundant and strongly discouraged. It can also lead to inconsistent results of the file-matching approach used by Snakemake. You can simply omit the './' for relative file paths.
Relative file path './2XWR_A_91-289_N239Y/xray/ca_rest_zinc_bs/output_pdbs/model_16.pdb' starts with './'. This is redundant and strongly discouraged. It can also lead to inconsistent results of the file-matching approach used by Snakemake. You can simply omit the './' for relative file paths.
Relative file path './2XWR_A_91-289_N239Y/xray/ca_rest_zinc_bs/output_pdbs/model_17.pdb' starts with './'. This is redundant and strongly discouraged. It can also lead to inconsistent results of the file-matching approach used by Snakemake. You can simply omit the './' for relative file paths.
Relative file path './2XWR_A_91-289_N239Y/xray/ca_rest_zinc_bs/output_pdbs/model_18.pdb' starts with './'. This is redundant and strongly discouraged. It can also lead to inconsistent results of the file-matching approach used by Snakemake. You can simply omit the './' for relative file paths.
Relative file path './2XWR_A_91-289_N239Y/xray/ca_rest_zinc_bs/output_pdbs/model_19.pdb' starts with './'. This is redundant and strongly discouraged. It can also lead to inconsistent results of the file-matching approach used by Snakemake. You can simply omit the './' for relative file paths.
Relative file path './2XWR_A_91-289_N239Y/xray/ca_rest_zinc_bs/output_pdbs/model_ligand_0.pdb' starts with './'. This is redundant and strongly discouraged. It can also lead to inconsistent results of the file-matching approach used by Snakemake. You can simply omit the './' for relative file paths.
Relative file path './2XWR_A_91-289_N239Y/xray/ca_rest_zinc_bs/output_pdbs/model_ligand_1.pdb' starts with './'. This is redundant and strongly discouraged. It can also lead to inconsistent results of the file-matching approach used by Snakemake. You can simply omit the './' for relative file paths.
Relative file path './2XWR_A_91-289_N239Y/xray/ca_rest_zinc_bs/output_pdbs/model_ligand_2.pdb' starts with './'. This is redundant and strongly discouraged. It can also lead to inconsistent results of the file-matching approach used by Snakemake. You can simply omit the './' for relative file paths.
Relative file path './2XWR_A_91-289_N239Y/xray/ca_rest_zinc_bs/output_pdbs/model_ligand_3.pdb' starts with './'. This is redundant and strongly discouraged. It can also lead to inconsistent results of the file-matching approach used by Snakemake. You can simply omit the './' for relative file paths.
Relative file path './2XWR_A_91-289_N239Y/xray/ca_rest_zinc_bs/output_pdbs/model_ligand_4.pdb' starts with './'. This is redundant and strongly discouraged. It can also lead to inconsistent results of the file-matching approach used by Snakemake. You can simply omit the './' for relative file paths.
Relative file path './2XWR_A_91-289_N239Y/xray/ca_rest_zinc_bs/output_pdbs/model_ligand_5.pdb' starts with './'. This is redundant and strongly discouraged. It can also lead to inconsistent results of the file-matching approach used by Snakemake. You can simply omit the './' for relative file paths.
Relative file path './2XWR_A_91-289_N239Y/xray/ca_rest_zinc_bs/output_pdbs/model_ligand_6.pdb' starts with './'. This is redundant and strongly discouraged. It can also lead to inconsistent results of the file-matching approach used by Snakemake. You can simply omit the './' for relative file paths.
Relative file path './2XWR_A_91-289_N239Y/xray/ca_rest_zinc_bs/output_pdbs/model_ligand_7.pdb' starts with './'. This is redundant and strongly discouraged. It can also lead to inconsistent results of the file-matching approach used by Snakemake. You can simply omit the './' for relative file paths.
Relative file path './2XWR_A_91-289_N239Y/xray/ca_rest_zinc_bs/output_pdbs/model_ligand_8.pdb' starts with './'. This is redundant and strongly discouraged. It can also lead to inconsistent results of the file-matching approach used by Snakemake. You can simply omit the './' for relative file paths.
Relative file path './2XWR_A_91-289_N239Y/xray/ca_rest_zinc_bs/output_pdbs/model_ligand_9.pdb' starts with './'. This is redundant and strongly discouraged. It can also lead to inconsistent results of the file-matching approach used by Snakemake. You can simply omit the './' for relative file paths.
Relative file path './2XWR_A_91-289_N239Y/xray/ca_rest_zinc_bs/output_pdbs/model_ligand_10.pdb' starts with './'. This is redundant and strongly discouraged. It can also lead to inconsistent results of the file-matching approach used by Snakemake. You can simply omit the './' for relative file paths.
Relative file path './2XWR_A_91-289_N239Y/xray/ca_rest_zinc_bs/output_pdbs/model_ligand_11.pdb' starts with './'. This is redundant and strongly discouraged. It can also lead to inconsistent results of the file-matching approach used by Snakemake. You can simply omit the './' for relative file paths.
Relative file path './2XWR_A_91-289_N239Y/xray/ca_rest_zinc_bs/output_pdbs/model_ligand_12.pdb' starts with './'. This is redundant and strongly discouraged. It can also lead to inconsistent results of the file-matching approach used by Snakemake. You can simply omit the './' for relative file paths.
Relative file path './2XWR_A_91-289_N239Y/xray/ca_rest_zinc_bs/output_pdbs/model_ligand_13.pdb' starts with './'. This is redundant and strongly discouraged. It can also lead to inconsistent results of the file-matching approach used by Snakemake. You can simply omit the './' for relative file paths.
Relative file path './2XWR_A_91-289_N239Y/xray/ca_rest_zinc_bs/output_pdbs/model_ligand_14.pdb' starts with './'. This is redundant and strongly discouraged. It can also lead to inconsistent results of the file-matching approach used by Snakemake. You can simply omit the './' for relative file paths.
Relative file path './2XWR_A_91-289_N239Y/xray/ca_rest_zinc_bs/output_pdbs/model_ligand_15.pdb' starts with './'. This is redundant and strongly discouraged. It can also lead to inconsistent results of the file-matching approach used by Snakemake. You can simply omit the './' for relative file paths.
Relative file path './2XWR_A_91-289_N239Y/xray/ca_rest_zinc_bs/output_pdbs/model_ligand_16.pdb' starts with './'. This is redundant and strongly discouraged. It can also lead to inconsistent results of the file-matching approach used by Snakemake. You can simply omit the './' for relative file paths.
Relative file path './2XWR_A_91-289_N239Y/xray/ca_rest_zinc_bs/output_pdbs/model_ligand_17.pdb' starts with './'. This is redundant and strongly discouraged. It can also lead to inconsistent results of the file-matching approach used by Snakemake. You can simply omit the './' for relative file paths.
Relative file path './2XWR_A_91-289_N239Y/xray/ca_rest_zinc_bs/output_pdbs/model_ligand_18.pdb' starts with './'. This is redundant and strongly discouraged. It can also lead to inconsistent results of the file-matching approach used by Snakemake. You can simply omit the './' for relative file paths.
Relative file path './2XWR_A_91-289_N239Y/xray/ca_rest_zinc_bs/output_pdbs/model_ligand_19.pdb' starts with './'. This is redundant and strongly discouraged. It can also lead to inconsistent results of the file-matching approach used by Snakemake. You can simply omit the './' for relative file paths.
Relative file path './input_structures/2XWR_A_ASN239TYR.pdb' starts with './'. This is redundant and strongly discouraged. It can also lead to inconsistent results of the file-matching approach used by Snakemake. You can simply omit the './' for relative file paths.
Relative file path './2XWR_A_91-289_N239Y/xray/ca_rest_zinc_bs/output_pdbs/model_0.pdb' starts with './'. This is redundant and strongly discouraged. It can also lead to inconsistent results of the file-matching approach used by Snakemake. You can simply omit the './' for relative file paths.
Relative file path './2XWR_A_91-289_N239Y/xray/ca_rest_zinc_bs/output_pdbs/model_1.pdb' starts with './'. This is redundant and strongly discouraged. It can also lead to inconsistent results of the file-matching approach used by Snakemake. You can simply omit the './' for relative file paths.
Relative file path './2XWR_A_91-289_N239Y/xray/ca_rest_zinc_bs/output_pdbs/model_2.pdb' starts with './'. This is redundant and strongly discouraged. It can also lead to inconsistent results of the file-matching approach used by Snakemake. You can simply omit the './' for relative file paths.
Relative file path './2XWR_A_91-289_N239Y/xray/ca_rest_zinc_bs/output_pdbs/model_3.pdb' starts with './'. This is redundant and strongly discouraged. It can also lead to inconsistent results of the file-matching approach used by Snakemake. You can simply omit the './' for relative file paths.
Relative file path './2XWR_A_91-289_N239Y/xray/ca_rest_zinc_bs/output_pdbs/model_4.pdb' starts with './'. This is redundant and strongly discouraged. It can also lead to inconsistent results of the file-matching approach used by Snakemake. You can simply omit the './' for relative file paths.
Relative file path './2XWR_A_91-289_N239Y/xray/ca_rest_zinc_bs/output_pdbs/model_5.pdb' starts with './'. This is redundant and strongly discouraged. It can also lead to inconsistent results of the file-matching approach used by Snakemake. You can simply omit the './' for relative file paths.
Relative file path './2XWR_A_91-289_N239Y/xray/ca_rest_zinc_bs/output_pdbs/model_6.pdb' starts with './'. This is redundant and strongly discouraged. It can also lead to inconsistent results of the file-matching approach used by Snakemake. You can simply omit the './' for relative file paths.
Relative file path './2XWR_A_91-289_N239Y/xray/ca_rest_zinc_bs/output_pdbs/model_7.pdb' starts with './'. This is redundant and strongly discouraged. It can also lead to inconsistent results of the file-matching approach used by Snakemake. You can simply omit the './' for relative file paths.
Relative file path './2XWR_A_91-289_N239Y/xray/ca_rest_zinc_bs/output_pdbs/model_8.pdb' starts with './'. This is redundant and strongly discouraged. It can also lead to inconsistent results of the file-matching approach used by Snakemake. You can simply omit the './' for relative file paths.
Relative file path './2XWR_A_91-289_N239Y/xray/ca_rest_zinc_bs/output_pdbs/model_9.pdb' starts with './'. This is redundant and strongly discouraged. It can also lead to inconsistent results of the file-matching approach used by Snakemake. You can simply omit the './' for relative file paths.
Relative file path './2XWR_A_91-289_N239Y/xray/ca_rest_zinc_bs/output_pdbs/model_10.pdb' starts with './'. This is redundant and strongly discouraged. It can also lead to inconsistent results of the file-matching approach used by Snakemake. You can simply omit the './' for relative file paths.
Relative file path './2XWR_A_91-289_N239Y/xray/ca_rest_zinc_bs/output_pdbs/model_11.pdb' starts with './'. This is redundant and strongly discouraged. It can also lead to inconsistent results of the file-matching approach used by Snakemake. You can simply omit the './' for relative file paths.
Relative file path './2XWR_A_91-289_N239Y/xray/ca_rest_zinc_bs/output_pdbs/model_12.pdb' starts with './'. This is redundant and strongly discouraged. It can also lead to inconsistent results of the file-matching approach used by Snakemake. You can simply omit the './' for relative file paths.
Relative file path './2XWR_A_91-289_N239Y/xray/ca_rest_zinc_bs/output_pdbs/model_13.pdb' starts with './'. This is redundant and strongly discouraged. It can also lead to inconsistent results of the file-matching approach used by Snakemake. You can simply omit the './' for relative file paths.
Relative file path './2XWR_A_91-289_N239Y/xray/ca_rest_zinc_bs/output_pdbs/model_14.pdb' starts with './'. This is redundant and strongly discouraged. It can also lead to inconsistent results of the file-matching approach used by Snakemake. You can simply omit the './' for relative file paths.
Relative file path './2XWR_A_91-289_N239Y/xray/ca_rest_zinc_bs/output_pdbs/model_15.pdb' starts with './'. This is redundant and strongly discouraged. It can also lead to inconsistent results of the file-matching approach used by Snakemake. You can simply omit the './' for relative file paths.
Relative file path './2XWR_A_91-289_N239Y/xray/ca_rest_zinc_bs/output_pdbs/model_16.pdb' starts with './'. This is redundant and strongly discouraged. It can also lead to inconsistent results of the file-matching approach used by Snakemake. You can simply omit the './' for relative file paths.
Relative file path './2XWR_A_91-289_N239Y/xray/ca_rest_zinc_bs/output_pdbs/model_17.pdb' starts with './'. This is redundant and strongly discouraged. It can also lead to inconsistent results of the file-matching approach used by Snakemake. You can simply omit the './' for relative file paths.
Relative file path './2XWR_A_91-289_N239Y/xray/ca_rest_zinc_bs/output_pdbs/model_18.pdb' starts with './'. This is redundant and strongly discouraged. It can also lead to inconsistent results of the file-matching approach used by Snakemake. You can simply omit the './' for relative file paths.
Relative file path './2XWR_A_91-289_N239Y/xray/ca_rest_zinc_bs/output_pdbs/model_19.pdb' starts with './'. This is redundant and strongly discouraged. It can also lead to inconsistent results of the file-matching approach used by Snakemake. You can simply omit the './' for relative file paths.
Relative file path './2XWR_A_91-289_N239Y/xray/ca_sc_rest_zinc_bs/output_pdbs/model_ligand_0.pdb' starts with './'. This is redundant and strongly discouraged. It can also lead to inconsistent results of the file-matching approach used by Snakemake. You can simply omit the './' for relative file paths.
Relative file path './2XWR_A_91-289_N239Y/xray/ca_sc_rest_zinc_bs/output_pdbs/model_ligand_1.pdb' starts with './'. This is redundant and strongly discouraged. It can also lead to inconsistent results of the file-matching approach used by Snakemake. You can simply omit the './' for relative file paths.
Relative file path './2XWR_A_91-289_N239Y/xray/ca_sc_rest_zinc_bs/output_pdbs/model_ligand_2.pdb' starts with './'. This is redundant and strongly discouraged. It can also lead to inconsistent results of the file-matching approach used by Snakemake. You can simply omit the './' for relative file paths.
Relative file path './2XWR_A_91-289_N239Y/xray/ca_sc_rest_zinc_bs/output_pdbs/model_ligand_3.pdb' starts with './'. This is redundant and strongly discouraged. It can also lead to inconsistent results of the file-matching approach used by Snakemake. You can simply omit the './' for relative file paths.
Relative file path './2XWR_A_91-289_N239Y/xray/ca_sc_rest_zinc_bs/output_pdbs/model_ligand_4.pdb' starts with './'. This is redundant and strongly discouraged. It can also lead to inconsistent results of the file-matching approach used by Snakemake. You can simply omit the './' for relative file paths.
Relative file path './2XWR_A_91-289_N239Y/xray/ca_sc_rest_zinc_bs/output_pdbs/model_ligand_5.pdb' starts with './'. This is redundant and strongly discouraged. It can also lead to inconsistent results of the file-matching approach used by Snakemake. You can simply omit the './' for relative file paths.
Relative file path './2XWR_A_91-289_N239Y/xray/ca_sc_rest_zinc_bs/output_pdbs/model_ligand_6.pdb' starts with './'. This is redundant and strongly discouraged. It can also lead to inconsistent results of the file-matching approach used by Snakemake. You can simply omit the './' for relative file paths.
Relative file path './2XWR_A_91-289_N239Y/xray/ca_sc_rest_zinc_bs/output_pdbs/model_ligand_7.pdb' starts with './'. This is redundant and strongly discouraged. It can also lead to inconsistent results of the file-matching approach used by Snakemake. You can simply omit the './' for relative file paths.
Relative file path './2XWR_A_91-289_N239Y/xray/ca_sc_rest_zinc_bs/output_pdbs/model_ligand_8.pdb' starts with './'. This is redundant and strongly discouraged. It can also lead to inconsistent results of the file-matching approach used by Snakemake. You can simply omit the './' for relative file paths.
Relative file path './2XWR_A_91-289_N239Y/xray/ca_sc_rest_zinc_bs/output_pdbs/model_ligand_9.pdb' starts with './'. This is redundant and strongly discouraged. It can also lead to inconsistent results of the file-matching approach used by Snakemake. You can simply omit the './' for relative file paths.
Relative file path './2XWR_A_91-289_N239Y/xray/ca_sc_rest_zinc_bs/output_pdbs/model_ligand_10.pdb' starts with './'. This is redundant and strongly discouraged. It can also lead to inconsistent results of the file-matching approach used by Snakemake. You can simply omit the './' for relative file paths.
Relative file path './2XWR_A_91-289_N239Y/xray/ca_sc_rest_zinc_bs/output_pdbs/model_ligand_11.pdb' starts with './'. This is redundant and strongly discouraged. It can also lead to inconsistent results of the file-matching approach used by Snakemake. You can simply omit the './' for relative file paths.
Relative file path './2XWR_A_91-289_N239Y/xray/ca_sc_rest_zinc_bs/output_pdbs/model_ligand_12.pdb' starts with './'. This is redundant and strongly discouraged. It can also lead to inconsistent results of the file-matching approach used by Snakemake. You can simply omit the './' for relative file paths.
Relative file path './2XWR_A_91-289_N239Y/xray/ca_sc_rest_zinc_bs/output_pdbs/model_ligand_13.pdb' starts with './'. This is redundant and strongly discouraged. It can also lead to inconsistent results of the file-matching approach used by Snakemake. You can simply omit the './' for relative file paths.
Relative file path './2XWR_A_91-289_N239Y/xray/ca_sc_rest_zinc_bs/output_pdbs/model_ligand_14.pdb' starts with './'. This is redundant and strongly discouraged. It can also lead to inconsistent results of the file-matching approach used by Snakemake. You can simply omit the './' for relative file paths.
Relative file path './2XWR_A_91-289_N239Y/xray/ca_sc_rest_zinc_bs/output_pdbs/model_ligand_15.pdb' starts with './'. This is redundant and strongly discouraged. It can also lead to inconsistent results of the file-matching approach used by Snakemake. You can simply omit the './' for relative file paths.
Relative file path './2XWR_A_91-289_N239Y/xray/ca_sc_rest_zinc_bs/output_pdbs/model_ligand_16.pdb' starts with './'. This is redundant and strongly discouraged. It can also lead to inconsistent results of the file-matching approach used by Snakemake. You can simply omit the './' for relative file paths.
Relative file path './2XWR_A_91-289_N239Y/xray/ca_sc_rest_zinc_bs/output_pdbs/model_ligand_17.pdb' starts with './'. This is redundant and strongly discouraged. It can also lead to inconsistent results of the file-matching approach used by Snakemake. You can simply omit the './' for relative file paths.
Relative file path './2XWR_A_91-289_N239Y/xray/ca_sc_rest_zinc_bs/output_pdbs/model_ligand_18.pdb' starts with './'. This is redundant and strongly discouraged. It can also lead to inconsistent results of the file-matching approach used by Snakemake. You can simply omit the './' for relative file paths.
Relative file path './2XWR_A_91-289_N239Y/xray/ca_sc_rest_zinc_bs/output_pdbs/model_ligand_19.pdb' starts with './'. This is redundant and strongly discouraged. It can also lead to inconsistent results of the file-matching approach used by Snakemake. You can simply omit the './' for relative file paths.
Relative file path './2XWR_A_91-289_N239Y/xray/ca_sc_rest_zinc_bs/theseus/theseus_sup.pdb' starts with './'. This is redundant and strongly discouraged. It can also lead to inconsistent results of the file-matching approach used by Snakemake. You can simply omit the './' for relative file paths.
Relative file path './2XWR_A_91-289_N239Y/xray/ca_sc_rest_zinc_bs/output_pdbs/model_0.pdb' starts with './'. This is redundant and strongly discouraged. It can also lead to inconsistent results of the file-matching approach used by Snakemake. You can simply omit the './' for relative file paths.
Relative file path './2XWR_A_91-289_N239Y/xray/ca_sc_rest_zinc_bs/output_pdbs/model_1.pdb' starts with './'. This is redundant and strongly discouraged. It can also lead to inconsistent results of the file-matching approach used by Snakemake. You can simply omit the './' for relative file paths.
Relative file path './2XWR_A_91-289_N239Y/xray/ca_sc_rest_zinc_bs/output_pdbs/model_2.pdb' starts with './'. This is redundant and strongly discouraged. It can also lead to inconsistent results of the file-matching approach used by Snakemake. You can simply omit the './' for relative file paths.
Relative file path './2XWR_A_91-289_N239Y/xray/ca_sc_rest_zinc_bs/output_pdbs/model_3.pdb' starts with './'. This is redundant and strongly discouraged. It can also lead to inconsistent results of the file-matching approach used by Snakemake. You can simply omit the './' for relative file paths.
Relative file path './2XWR_A_91-289_N239Y/xray/ca_sc_rest_zinc_bs/output_pdbs/model_4.pdb' starts with './'. This is redundant and strongly discouraged. It can also lead to inconsistent results of the file-matching approach used by Snakemake. You can simply omit the './' for relative file paths.
Relative file path './2XWR_A_91-289_N239Y/xray/ca_sc_rest_zinc_bs/output_pdbs/model_5.pdb' starts with './'. This is redundant and strongly discouraged. It can also lead to inconsistent results of the file-matching approach used by Snakemake. You can simply omit the './' for relative file paths.
Relative file path './2XWR_A_91-289_N239Y/xray/ca_sc_rest_zinc_bs/output_pdbs/model_6.pdb' starts with './'. This is redundant and strongly discouraged. It can also lead to inconsistent results of the file-matching approach used by Snakemake. You can simply omit the './' for relative file paths.
Relative file path './2XWR_A_91-289_N239Y/xray/ca_sc_rest_zinc_bs/output_pdbs/model_7.pdb' starts with './'. This is redundant and strongly discouraged. It can also lead to inconsistent results of the file-matching approach used by Snakemake. You can simply omit the './' for relative file paths.
Relative file path './2XWR_A_91-289_N239Y/xray/ca_sc_rest_zinc_bs/output_pdbs/model_8.pdb' starts with './'. This is redundant and strongly discouraged. It can also lead to inconsistent results of the file-matching approach used by Snakemake. You can simply omit the './' for relative file paths.
Relative file path './2XWR_A_91-289_N239Y/xray/ca_sc_rest_zinc_bs/output_pdbs/model_9.pdb' starts with './'. This is redundant and strongly discouraged. It can also lead to inconsistent results of the file-matching approach used by Snakemake. You can simply omit the './' for relative file paths.
Relative file path './2XWR_A_91-289_N239Y/xray/ca_sc_rest_zinc_bs/output_pdbs/model_10.pdb' starts with './'. This is redundant and strongly discouraged. It can also lead to inconsistent results of the file-matching approach used by Snakemake. You can simply omit the './' for relative file paths.
Relative file path './2XWR_A_91-289_N239Y/xray/ca_sc_rest_zinc_bs/output_pdbs/model_11.pdb' starts with './'. This is redundant and strongly discouraged. It can also lead to inconsistent results of the file-matching approach used by Snakemake. You can simply omit the './' for relative file paths.
Relative file path './2XWR_A_91-289_N239Y/xray/ca_sc_rest_zinc_bs/output_pdbs/model_12.pdb' starts with './'. This is redundant and strongly discouraged. It can also lead to inconsistent results of the file-matching approach used by Snakemake. You can simply omit the './' for relative file paths.
Relative file path './2XWR_A_91-289_N239Y/xray/ca_sc_rest_zinc_bs/output_pdbs/model_13.pdb' starts with './'. This is redundant and strongly discouraged. It can also lead to inconsistent results of the file-matching approach used by Snakemake. You can simply omit the './' for relative file paths.
Relative file path './2XWR_A_91-289_N239Y/xray/ca_sc_rest_zinc_bs/output_pdbs/model_14.pdb' starts with './'. This is redundant and strongly discouraged. It can also lead to inconsistent results of the file-matching approach used by Snakemake. You can simply omit the './' for relative file paths.
Relative file path './2XWR_A_91-289_N239Y/xray/ca_sc_rest_zinc_bs/output_pdbs/model_15.pdb' starts with './'. This is redundant and strongly discouraged. It can also lead to inconsistent results of the file-matching approach used by Snakemake. You can simply omit the './' for relative file paths.
Relative file path './2XWR_A_91-289_N239Y/xray/ca_sc_rest_zinc_bs/output_pdbs/model_16.pdb' starts with './'. This is redundant and strongly discouraged. It can also lead to inconsistent results of the file-matching approach used by Snakemake. You can simply omit the './' for relative file paths.
Relative file path './2XWR_A_91-289_N239Y/xray/ca_sc_rest_zinc_bs/output_pdbs/model_17.pdb' starts with './'. This is redundant and strongly discouraged. It can also lead to inconsistent results of the file-matching approach used by Snakemake. You can simply omit the './' for relative file paths.
Relative file path './2XWR_A_91-289_N239Y/xray/ca_sc_rest_zinc_bs/output_pdbs/model_18.pdb' starts with './'. This is redundant and strongly discouraged. It can also lead to inconsistent results of the file-matching approach used by Snakemake. You can simply omit the './' for relative file paths.
Relative file path './2XWR_A_91-289_N239Y/xray/ca_sc_rest_zinc_bs/output_pdbs/model_19.pdb' starts with './'. This is redundant and strongly discouraged. It can also lead to inconsistent results of the file-matching approach used by Snakemake. You can simply omit the './' for relative file paths.
Relative file path './2XWR_A_91-289_N239Y/xray/ca_sc_rest_zinc_bs/output_pdbs/model_ligand_0.pdb' starts with './'. This is redundant and strongly discouraged. It can also lead to inconsistent results of the file-matching approach used by Snakemake. You can simply omit the './' for relative file paths.
Relative file path './2XWR_A_91-289_N239Y/xray/ca_sc_rest_zinc_bs/output_pdbs/model_ligand_1.pdb' starts with './'. This is redundant and strongly discouraged. It can also lead to inconsistent results of the file-matching approach used by Snakemake. You can simply omit the './' for relative file paths.
Relative file path './2XWR_A_91-289_N239Y/xray/ca_sc_rest_zinc_bs/output_pdbs/model_ligand_2.pdb' starts with './'. This is redundant and strongly discouraged. It can also lead to inconsistent results of the file-matching approach used by Snakemake. You can simply omit the './' for relative file paths.
Relative file path './2XWR_A_91-289_N239Y/xray/ca_sc_rest_zinc_bs/output_pdbs/model_ligand_3.pdb' starts with './'. This is redundant and strongly discouraged. It can also lead to inconsistent results of the file-matching approach used by Snakemake. You can simply omit the './' for relative file paths.
Relative file path './2XWR_A_91-289_N239Y/xray/ca_sc_rest_zinc_bs/output_pdbs/model_ligand_4.pdb' starts with './'. This is redundant and strongly discouraged. It can also lead to inconsistent results of the file-matching approach used by Snakemake. You can simply omit the './' for relative file paths.
Relative file path './2XWR_A_91-289_N239Y/xray/ca_sc_rest_zinc_bs/output_pdbs/model_ligand_5.pdb' starts with './'. This is redundant and strongly discouraged. It can also lead to inconsistent results of the file-matching approach used by Snakemake. You can simply omit the './' for relative file paths.
Relative file path './2XWR_A_91-289_N239Y/xray/ca_sc_rest_zinc_bs/output_pdbs/model_ligand_6.pdb' starts with './'. This is redundant and strongly discouraged. It can also lead to inconsistent results of the file-matching approach used by Snakemake. You can simply omit the './' for relative file paths.
Relative file path './2XWR_A_91-289_N239Y/xray/ca_sc_rest_zinc_bs/output_pdbs/model_ligand_7.pdb' starts with './'. This is redundant and strongly discouraged. It can also lead to inconsistent results of the file-matching approach used by Snakemake. You can simply omit the './' for relative file paths.
Relative file path './2XWR_A_91-289_N239Y/xray/ca_sc_rest_zinc_bs/output_pdbs/model_ligand_8.pdb' starts with './'. This is redundant and strongly discouraged. It can also lead to inconsistent results of the file-matching approach used by Snakemake. You can simply omit the './' for relative file paths.
Relative file path './2XWR_A_91-289_N239Y/xray/ca_sc_rest_zinc_bs/output_pdbs/model_ligand_9.pdb' starts with './'. This is redundant and strongly discouraged. It can also lead to inconsistent results of the file-matching approach used by Snakemake. You can simply omit the './' for relative file paths.
Relative file path './2XWR_A_91-289_N239Y/xray/ca_sc_rest_zinc_bs/output_pdbs/model_ligand_10.pdb' starts with './'. This is redundant and strongly discouraged. It can also lead to inconsistent results of the file-matching approach used by Snakemake. You can simply omit the './' for relative file paths.
Relative file path './2XWR_A_91-289_N239Y/xray/ca_sc_rest_zinc_bs/output_pdbs/model_ligand_11.pdb' starts with './'. This is redundant and strongly discouraged. It can also lead to inconsistent results of the file-matching approach used by Snakemake. You can simply omit the './' for relative file paths.
Relative file path './2XWR_A_91-289_N239Y/xray/ca_sc_rest_zinc_bs/output_pdbs/model_ligand_12.pdb' starts with './'. This is redundant and strongly discouraged. It can also lead to inconsistent results of the file-matching approach used by Snakemake. You can simply omit the './' for relative file paths.
Relative file path './2XWR_A_91-289_N239Y/xray/ca_sc_rest_zinc_bs/output_pdbs/model_ligand_13.pdb' starts with './'. This is redundant and strongly discouraged. It can also lead to inconsistent results of the file-matching approach used by Snakemake. You can simply omit the './' for relative file paths.
Relative file path './2XWR_A_91-289_N239Y/xray/ca_sc_rest_zinc_bs/output_pdbs/model_ligand_14.pdb' starts with './'. This is redundant and strongly discouraged. It can also lead to inconsistent results of the file-matching approach used by Snakemake. You can simply omit the './' for relative file paths.
Relative file path './2XWR_A_91-289_N239Y/xray/ca_sc_rest_zinc_bs/output_pdbs/model_ligand_15.pdb' starts with './'. This is redundant and strongly discouraged. It can also lead to inconsistent results of the file-matching approach used by Snakemake. You can simply omit the './' for relative file paths.
Relative file path './2XWR_A_91-289_N239Y/xray/ca_sc_rest_zinc_bs/output_pdbs/model_ligand_16.pdb' starts with './'. This is redundant and strongly discouraged. It can also lead to inconsistent results of the file-matching approach used by Snakemake. You can simply omit the './' for relative file paths.
Relative file path './2XWR_A_91-289_N239Y/xray/ca_sc_rest_zinc_bs/output_pdbs/model_ligand_17.pdb' starts with './'. This is redundant and strongly discouraged. It can also lead to inconsistent results of the file-matching approach used by Snakemake. You can simply omit the './' for relative file paths.
Relative file path './2XWR_A_91-289_N239Y/xray/ca_sc_rest_zinc_bs/output_pdbs/model_ligand_18.pdb' starts with './'. This is redundant and strongly discouraged. It can also lead to inconsistent results of the file-matching approach used by Snakemake. You can simply omit the './' for relative file paths.
Relative file path './2XWR_A_91-289_N239Y/xray/ca_sc_rest_zinc_bs/output_pdbs/model_ligand_19.pdb' starts with './'. This is redundant and strongly discouraged. It can also lead to inconsistent results of the file-matching approach used by Snakemake. You can simply omit the './' for relative file paths.
Relative file path './input_structures/2XWR_A_ASN239TYR.pdb' starts with './'. This is redundant and strongly discouraged. It can also lead to inconsistent results of the file-matching approach used by Snakemake. You can simply omit the './' for relative file paths.
Relative file path './2XWR_A_91-289_N239Y/xray/ca_sc_rest_zinc_bs/output_pdbs/model_0.pdb' starts with './'. This is redundant and strongly discouraged. It can also lead to inconsistent results of the file-matching approach used by Snakemake. You can simply omit the './' for relative file paths.
Relative file path './2XWR_A_91-289_N239Y/xray/ca_sc_rest_zinc_bs/output_pdbs/model_1.pdb' starts with './'. This is redundant and strongly discouraged. It can also lead to inconsistent results of the file-matching approach used by Snakemake. You can simply omit the './' for relative file paths.
Relative file path './2XWR_A_91-289_N239Y/xray/ca_sc_rest_zinc_bs/output_pdbs/model_2.pdb' starts with './'. This is redundant and strongly discouraged. It can also lead to inconsistent results of the file-matching approach used by Snakemake. You can simply omit the './' for relative file paths.
Relative file path './2XWR_A_91-289_N239Y/xray/ca_sc_rest_zinc_bs/output_pdbs/model_3.pdb' starts with './'. This is redundant and strongly discouraged. It can also lead to inconsistent results of the file-matching approach used by Snakemake. You can simply omit the './' for relative file paths.
Relative file path './2XWR_A_91-289_N239Y/xray/ca_sc_rest_zinc_bs/output_pdbs/model_4.pdb' starts with './'. This is redundant and strongly discouraged. It can also lead to inconsistent results of the file-matching approach used by Snakemake. You can simply omit the './' for relative file paths.
Relative file path './2XWR_A_91-289_N239Y/xray/ca_sc_rest_zinc_bs/output_pdbs/model_5.pdb' starts with './'. This is redundant and strongly discouraged. It can also lead to inconsistent results of the file-matching approach used by Snakemake. You can simply omit the './' for relative file paths.
Relative file path './2XWR_A_91-289_N239Y/xray/ca_sc_rest_zinc_bs/output_pdbs/model_6.pdb' starts with './'. This is redundant and strongly discouraged. It can also lead to inconsistent results of the file-matching approach used by Snakemake. You can simply omit the './' for relative file paths.
Relative file path './2XWR_A_91-289_N239Y/xray/ca_sc_rest_zinc_bs/output_pdbs/model_7.pdb' starts with './'. This is redundant and strongly discouraged. It can also lead to inconsistent results of the file-matching approach used by Snakemake. You can simply omit the './' for relative file paths.
Relative file path './2XWR_A_91-289_N239Y/xray/ca_sc_rest_zinc_bs/output_pdbs/model_8.pdb' starts with './'. This is redundant and strongly discouraged. It can also lead to inconsistent results of the file-matching approach used by Snakemake. You can simply omit the './' for relative file paths.
Relative file path './2XWR_A_91-289_N239Y/xray/ca_sc_rest_zinc_bs/output_pdbs/model_9.pdb' starts with './'. This is redundant and strongly discouraged. It can also lead to inconsistent results of the file-matching approach used by Snakemake. You can simply omit the './' for relative file paths.
Relative file path './2XWR_A_91-289_N239Y/xray/ca_sc_rest_zinc_bs/output_pdbs/model_10.pdb' starts with './'. This is redundant and strongly discouraged. It can also lead to inconsistent results of the file-matching approach used by Snakemake. You can simply omit the './' for relative file paths.
Relative file path './2XWR_A_91-289_N239Y/xray/ca_sc_rest_zinc_bs/output_pdbs/model_11.pdb' starts with './'. This is redundant and strongly discouraged. It can also lead to inconsistent results of the file-matching approach used by Snakemake. You can simply omit the './' for relative file paths.
Relative file path './2XWR_A_91-289_N239Y/xray/ca_sc_rest_zinc_bs/output_pdbs/model_12.pdb' starts with './'. This is redundant and strongly discouraged. It can also lead to inconsistent results of the file-matching approach used by Snakemake. You can simply omit the './' for relative file paths.
Relative file path './2XWR_A_91-289_N239Y/xray/ca_sc_rest_zinc_bs/output_pdbs/model_13.pdb' starts with './'. This is redundant and strongly discouraged. It can also lead to inconsistent results of the file-matching approach used by Snakemake. You can simply omit the './' for relative file paths.
Relative file path './2XWR_A_91-289_N239Y/xray/ca_sc_rest_zinc_bs/output_pdbs/model_14.pdb' starts with './'. This is redundant and strongly discouraged. It can also lead to inconsistent results of the file-matching approach used by Snakemake. You can simply omit the './' for relative file paths.
Relative file path './2XWR_A_91-289_N239Y/xray/ca_sc_rest_zinc_bs/output_pdbs/model_15.pdb' starts with './'. This is redundant and strongly discouraged. It can also lead to inconsistent results of the file-matching approach used by Snakemake. You can simply omit the './' for relative file paths.
Relative file path './2XWR_A_91-289_N239Y/xray/ca_sc_rest_zinc_bs/output_pdbs/model_16.pdb' starts with './'. This is redundant and strongly discouraged. It can also lead to inconsistent results of the file-matching approach used by Snakemake. You can simply omit the './' for relative file paths.
Relative file path './2XWR_A_91-289_N239Y/xray/ca_sc_rest_zinc_bs/output_pdbs/model_17.pdb' starts with './'. This is redundant and strongly discouraged. It can also lead to inconsistent results of the file-matching approach used by Snakemake. You can simply omit the './' for relative file paths.
Relative file path './2XWR_A_91-289_N239Y/xray/ca_sc_rest_zinc_bs/output_pdbs/model_18.pdb' starts with './'. This is redundant and strongly discouraged. It can also lead to inconsistent results of the file-matching approach used by Snakemake. You can simply omit the './' for relative file paths.
Relative file path './2XWR_A_91-289_N239Y/xray/ca_sc_rest_zinc_bs/output_pdbs/model_19.pdb' starts with './'. This is redundant and strongly discouraged. It can also lead to inconsistent results of the file-matching approach used by Snakemake. You can simply omit the './' for relative file paths.
Relative file path './2XWR_A_91-289_H168R/xray/no_restraints/output_pdbs/model_0.pdb' starts with './'. This is redundant and strongly discouraged. It can also lead to inconsistent results of the file-matching approach used by Snakemake. You can simply omit the './' for relative file paths.
Relative file path './2XWR_A_91-289_H168R/xray/no_restraints/output_pdbs/model_1.pdb' starts with './'. This is redundant and strongly discouraged. It can also lead to inconsistent results of the file-matching approach used by Snakemake. You can simply omit the './' for relative file paths.
Relative file path './2XWR_A_91-289_H168R/xray/no_restraints/output_pdbs/model_2.pdb' starts with './'. This is redundant and strongly discouraged. It can also lead to inconsistent results of the file-matching approach used by Snakemake. You can simply omit the './' for relative file paths.
Relative file path './2XWR_A_91-289_H168R/xray/no_restraints/output_pdbs/model_3.pdb' starts with './'. This is redundant and strongly discouraged. It can also lead to inconsistent results of the file-matching approach used by Snakemake. You can simply omit the './' for relative file paths.
Relative file path './2XWR_A_91-289_H168R/xray/no_restraints/output_pdbs/model_4.pdb' starts with './'. This is redundant and strongly discouraged. It can also lead to inconsistent results of the file-matching approach used by Snakemake. You can simply omit the './' for relative file paths.
Relative file path './2XWR_A_91-289_H168R/xray/no_restraints/output_pdbs/model_5.pdb' starts with './'. This is redundant and strongly discouraged. It can also lead to inconsistent results of the file-matching approach used by Snakemake. You can simply omit the './' for relative file paths.
Relative file path './2XWR_A_91-289_H168R/xray/no_restraints/output_pdbs/model_6.pdb' starts with './'. This is redundant and strongly discouraged. It can also lead to inconsistent results of the file-matching approach used by Snakemake. You can simply omit the './' for relative file paths.
Relative file path './2XWR_A_91-289_H168R/xray/no_restraints/output_pdbs/model_7.pdb' starts with './'. This is redundant and strongly discouraged. It can also lead to inconsistent results of the file-matching approach used by Snakemake. You can simply omit the './' for relative file paths.
Relative file path './2XWR_A_91-289_H168R/xray/no_restraints/output_pdbs/model_8.pdb' starts with './'. This is redundant and strongly discouraged. It can also lead to inconsistent results of the file-matching approach used by Snakemake. You can simply omit the './' for relative file paths.
Relative file path './2XWR_A_91-289_H168R/xray/no_restraints/output_pdbs/model_9.pdb' starts with './'. This is redundant and strongly discouraged. It can also lead to inconsistent results of the file-matching approach used by Snakemake. You can simply omit the './' for relative file paths.
Relative file path './2XWR_A_91-289_H168R/xray/no_restraints/output_pdbs/model_10.pdb' starts with './'. This is redundant and strongly discouraged. It can also lead to inconsistent results of the file-matching approach used by Snakemake. You can simply omit the './' for relative file paths.
Relative file path './2XWR_A_91-289_H168R/xray/no_restraints/output_pdbs/model_11.pdb' starts with './'. This is redundant and strongly discouraged. It can also lead to inconsistent results of the file-matching approach used by Snakemake. You can simply omit the './' for relative file paths.
Relative file path './2XWR_A_91-289_H168R/xray/no_restraints/output_pdbs/model_12.pdb' starts with './'. This is redundant and strongly discouraged. It can also lead to inconsistent results of the file-matching approach used by Snakemake. You can simply omit the './' for relative file paths.
Relative file path './2XWR_A_91-289_H168R/xray/no_restraints/output_pdbs/model_13.pdb' starts with './'. This is redundant and strongly discouraged. It can also lead to inconsistent results of the file-matching approach used by Snakemake. You can simply omit the './' for relative file paths.
Relative file path './2XWR_A_91-289_H168R/xray/no_restraints/output_pdbs/model_14.pdb' starts with './'. This is redundant and strongly discouraged. It can also lead to inconsistent results of the file-matching approach used by Snakemake. You can simply omit the './' for relative file paths.
Relative file path './2XWR_A_91-289_H168R/xray/no_restraints/output_pdbs/model_15.pdb' starts with './'. This is redundant and strongly discouraged. It can also lead to inconsistent results of the file-matching approach used by Snakemake. You can simply omit the './' for relative file paths.
Relative file path './2XWR_A_91-289_H168R/xray/no_restraints/output_pdbs/model_16.pdb' starts with './'. This is redundant and strongly discouraged. It can also lead to inconsistent results of the file-matching approach used by Snakemake. You can simply omit the './' for relative file paths.
Relative file path './2XWR_A_91-289_H168R/xray/no_restraints/output_pdbs/model_17.pdb' starts with './'. This is redundant and strongly discouraged. It can also lead to inconsistent results of the file-matching approach used by Snakemake. You can simply omit the './' for relative file paths.
Relative file path './2XWR_A_91-289_H168R/xray/no_restraints/output_pdbs/model_18.pdb' starts with './'. This is redundant and strongly discouraged. It can also lead to inconsistent results of the file-matching approach used by Snakemake. You can simply omit the './' for relative file paths.
Relative file path './2XWR_A_91-289_H168R/xray/no_restraints/output_pdbs/model_19.pdb' starts with './'. This is redundant and strongly discouraged. It can also lead to inconsistent results of the file-matching approach used by Snakemake. You can simply omit the './' for relative file paths.
Relative file path './2XWR_A_91-289_H168R/xray/no_restraints/theseus/theseus_sup.pdb' starts with './'. This is redundant and strongly discouraged. It can also lead to inconsistent results of the file-matching approach used by Snakemake. You can simply omit the './' for relative file paths.
Relative file path './input_structures/2XWR_A_HIS168ARG.pdb' starts with './'. This is redundant and strongly discouraged. It can also lead to inconsistent results of the file-matching approach used by Snakemake. You can simply omit the './' for relative file paths.
Relative file path './2XWR_A_91-289_H168R/xray/no_restraints/output_pdbs/model_0.pdb' starts with './'. This is redundant and strongly discouraged. It can also lead to inconsistent results of the file-matching approach used by Snakemake. You can simply omit the './' for relative file paths.
Relative file path './2XWR_A_91-289_H168R/xray/no_restraints/output_pdbs/model_1.pdb' starts with './'. This is redundant and strongly discouraged. It can also lead to inconsistent results of the file-matching approach used by Snakemake. You can simply omit the './' for relative file paths.
Relative file path './2XWR_A_91-289_H168R/xray/no_restraints/output_pdbs/model_2.pdb' starts with './'. This is redundant and strongly discouraged. It can also lead to inconsistent results of the file-matching approach used by Snakemake. You can simply omit the './' for relative file paths.
Relative file path './2XWR_A_91-289_H168R/xray/no_restraints/output_pdbs/model_3.pdb' starts with './'. This is redundant and strongly discouraged. It can also lead to inconsistent results of the file-matching approach used by Snakemake. You can simply omit the './' for relative file paths.
Relative file path './2XWR_A_91-289_H168R/xray/no_restraints/output_pdbs/model_4.pdb' starts with './'. This is redundant and strongly discouraged. It can also lead to inconsistent results of the file-matching approach used by Snakemake. You can simply omit the './' for relative file paths.
Relative file path './2XWR_A_91-289_H168R/xray/no_restraints/output_pdbs/model_5.pdb' starts with './'. This is redundant and strongly discouraged. It can also lead to inconsistent results of the file-matching approach used by Snakemake. You can simply omit the './' for relative file paths.
Relative file path './2XWR_A_91-289_H168R/xray/no_restraints/output_pdbs/model_6.pdb' starts with './'. This is redundant and strongly discouraged. It can also lead to inconsistent results of the file-matching approach used by Snakemake. You can simply omit the './' for relative file paths.
Relative file path './2XWR_A_91-289_H168R/xray/no_restraints/output_pdbs/model_7.pdb' starts with './'. This is redundant and strongly discouraged. It can also lead to inconsistent results of the file-matching approach used by Snakemake. You can simply omit the './' for relative file paths.
Relative file path './2XWR_A_91-289_H168R/xray/no_restraints/output_pdbs/model_8.pdb' starts with './'. This is redundant and strongly discouraged. It can also lead to inconsistent results of the file-matching approach used by Snakemake. You can simply omit the './' for relative file paths.
Relative file path './2XWR_A_91-289_H168R/xray/no_restraints/output_pdbs/model_9.pdb' starts with './'. This is redundant and strongly discouraged. It can also lead to inconsistent results of the file-matching approach used by Snakemake. You can simply omit the './' for relative file paths.
Relative file path './2XWR_A_91-289_H168R/xray/no_restraints/output_pdbs/model_10.pdb' starts with './'. This is redundant and strongly discouraged. It can also lead to inconsistent results of the file-matching approach used by Snakemake. You can simply omit the './' for relative file paths.
Relative file path './2XWR_A_91-289_H168R/xray/no_restraints/output_pdbs/model_11.pdb' starts with './'. This is redundant and strongly discouraged. It can also lead to inconsistent results of the file-matching approach used by Snakemake. You can simply omit the './' for relative file paths.
Relative file path './2XWR_A_91-289_H168R/xray/no_restraints/output_pdbs/model_12.pdb' starts with './'. This is redundant and strongly discouraged. It can also lead to inconsistent results of the file-matching approach used by Snakemake. You can simply omit the './' for relative file paths.
Relative file path './2XWR_A_91-289_H168R/xray/no_restraints/output_pdbs/model_13.pdb' starts with './'. This is redundant and strongly discouraged. It can also lead to inconsistent results of the file-matching approach used by Snakemake. You can simply omit the './' for relative file paths.
Relative file path './2XWR_A_91-289_H168R/xray/no_restraints/output_pdbs/model_14.pdb' starts with './'. This is redundant and strongly discouraged. It can also lead to inconsistent results of the file-matching approach used by Snakemake. You can simply omit the './' for relative file paths.
Relative file path './2XWR_A_91-289_H168R/xray/no_restraints/output_pdbs/model_15.pdb' starts with './'. This is redundant and strongly discouraged. It can also lead to inconsistent results of the file-matching approach used by Snakemake. You can simply omit the './' for relative file paths.
Relative file path './2XWR_A_91-289_H168R/xray/no_restraints/output_pdbs/model_16.pdb' starts with './'. This is redundant and strongly discouraged. It can also lead to inconsistent results of the file-matching approach used by Snakemake. You can simply omit the './' for relative file paths.
Relative file path './2XWR_A_91-289_H168R/xray/no_restraints/output_pdbs/model_17.pdb' starts with './'. This is redundant and strongly discouraged. It can also lead to inconsistent results of the file-matching approach used by Snakemake. You can simply omit the './' for relative file paths.
Relative file path './2XWR_A_91-289_H168R/xray/no_restraints/output_pdbs/model_18.pdb' starts with './'. This is redundant and strongly discouraged. It can also lead to inconsistent results of the file-matching approach used by Snakemake. You can simply omit the './' for relative file paths.
Relative file path './2XWR_A_91-289_H168R/xray/no_restraints/output_pdbs/model_19.pdb' starts with './'. This is redundant and strongly discouraged. It can also lead to inconsistent results of the file-matching approach used by Snakemake. You can simply omit the './' for relative file paths.
Relative file path './2XWR_A_91-289_H168R/xray/ca_rest_zinc_bs/output_pdbs/model_ligand_0.pdb' starts with './'. This is redundant and strongly discouraged. It can also lead to inconsistent results of the file-matching approach used by Snakemake. You can simply omit the './' for relative file paths.
Relative file path './2XWR_A_91-289_H168R/xray/ca_rest_zinc_bs/output_pdbs/model_ligand_1.pdb' starts with './'. This is redundant and strongly discouraged. It can also lead to inconsistent results of the file-matching approach used by Snakemake. You can simply omit the './' for relative file paths.
Relative file path './2XWR_A_91-289_H168R/xray/ca_rest_zinc_bs/output_pdbs/model_ligand_2.pdb' starts with './'. This is redundant and strongly discouraged. It can also lead to inconsistent results of the file-matching approach used by Snakemake. You can simply omit the './' for relative file paths.
Relative file path './2XWR_A_91-289_H168R/xray/ca_rest_zinc_bs/output_pdbs/model_ligand_3.pdb' starts with './'. This is redundant and strongly discouraged. It can also lead to inconsistent results of the file-matching approach used by Snakemake. You can simply omit the './' for relative file paths.
Relative file path './2XWR_A_91-289_H168R/xray/ca_rest_zinc_bs/output_pdbs/model_ligand_4.pdb' starts with './'. This is redundant and strongly discouraged. It can also lead to inconsistent results of the file-matching approach used by Snakemake. You can simply omit the './' for relative file paths.
Relative file path './2XWR_A_91-289_H168R/xray/ca_rest_zinc_bs/output_pdbs/model_ligand_5.pdb' starts with './'. This is redundant and strongly discouraged. It can also lead to inconsistent results of the file-matching approach used by Snakemake. You can simply omit the './' for relative file paths.
Relative file path './2XWR_A_91-289_H168R/xray/ca_rest_zinc_bs/output_pdbs/model_ligand_6.pdb' starts with './'. This is redundant and strongly discouraged. It can also lead to inconsistent results of the file-matching approach used by Snakemake. You can simply omit the './' for relative file paths.
Relative file path './2XWR_A_91-289_H168R/xray/ca_rest_zinc_bs/output_pdbs/model_ligand_7.pdb' starts with './'. This is redundant and strongly discouraged. It can also lead to inconsistent results of the file-matching approach used by Snakemake. You can simply omit the './' for relative file paths.
Relative file path './2XWR_A_91-289_H168R/xray/ca_rest_zinc_bs/output_pdbs/model_ligand_8.pdb' starts with './'. This is redundant and strongly discouraged. It can also lead to inconsistent results of the file-matching approach used by Snakemake. You can simply omit the './' for relative file paths.
Relative file path './2XWR_A_91-289_H168R/xray/ca_rest_zinc_bs/output_pdbs/model_ligand_9.pdb' starts with './'. This is redundant and strongly discouraged. It can also lead to inconsistent results of the file-matching approach used by Snakemake. You can simply omit the './' for relative file paths.
Relative file path './2XWR_A_91-289_H168R/xray/ca_rest_zinc_bs/output_pdbs/model_ligand_10.pdb' starts with './'. This is redundant and strongly discouraged. It can also lead to inconsistent results of the file-matching approach used by Snakemake. You can simply omit the './' for relative file paths.
Relative file path './2XWR_A_91-289_H168R/xray/ca_rest_zinc_bs/output_pdbs/model_ligand_11.pdb' starts with './'. This is redundant and strongly discouraged. It can also lead to inconsistent results of the file-matching approach used by Snakemake. You can simply omit the './' for relative file paths.
Relative file path './2XWR_A_91-289_H168R/xray/ca_rest_zinc_bs/output_pdbs/model_ligand_12.pdb' starts with './'. This is redundant and strongly discouraged. It can also lead to inconsistent results of the file-matching approach used by Snakemake. You can simply omit the './' for relative file paths.
Relative file path './2XWR_A_91-289_H168R/xray/ca_rest_zinc_bs/output_pdbs/model_ligand_13.pdb' starts with './'. This is redundant and strongly discouraged. It can also lead to inconsistent results of the file-matching approach used by Snakemake. You can simply omit the './' for relative file paths.
Relative file path './2XWR_A_91-289_H168R/xray/ca_rest_zinc_bs/output_pdbs/model_ligand_14.pdb' starts with './'. This is redundant and strongly discouraged. It can also lead to inconsistent results of the file-matching approach used by Snakemake. You can simply omit the './' for relative file paths.
Relative file path './2XWR_A_91-289_H168R/xray/ca_rest_zinc_bs/output_pdbs/model_ligand_15.pdb' starts with './'. This is redundant and strongly discouraged. It can also lead to inconsistent results of the file-matching approach used by Snakemake. You can simply omit the './' for relative file paths.
Relative file path './2XWR_A_91-289_H168R/xray/ca_rest_zinc_bs/output_pdbs/model_ligand_16.pdb' starts with './'. This is redundant and strongly discouraged. It can also lead to inconsistent results of the file-matching approach used by Snakemake. You can simply omit the './' for relative file paths.
Relative file path './2XWR_A_91-289_H168R/xray/ca_rest_zinc_bs/output_pdbs/model_ligand_17.pdb' starts with './'. This is redundant and strongly discouraged. It can also lead to inconsistent results of the file-matching approach used by Snakemake. You can simply omit the './' for relative file paths.
Relative file path './2XWR_A_91-289_H168R/xray/ca_rest_zinc_bs/output_pdbs/model_ligand_18.pdb' starts with './'. This is redundant and strongly discouraged. It can also lead to inconsistent results of the file-matching approach used by Snakemake. You can simply omit the './' for relative file paths.
Relative file path './2XWR_A_91-289_H168R/xray/ca_rest_zinc_bs/output_pdbs/model_ligand_19.pdb' starts with './'. This is redundant and strongly discouraged. It can also lead to inconsistent results of the file-matching approach used by Snakemake. You can simply omit the './' for relative file paths.
Relative file path './2XWR_A_91-289_H168R/xray/ca_rest_zinc_bs/theseus/theseus_sup.pdb' starts with './'. This is redundant and strongly discouraged. It can also lead to inconsistent results of the file-matching approach used by Snakemake. You can simply omit the './' for relative file paths.
Relative file path './2XWR_A_91-289_H168R/xray/ca_rest_zinc_bs/output_pdbs/model_0.pdb' starts with './'. This is redundant and strongly discouraged. It can also lead to inconsistent results of the file-matching approach used by Snakemake. You can simply omit the './' for relative file paths.
Relative file path './2XWR_A_91-289_H168R/xray/ca_rest_zinc_bs/output_pdbs/model_1.pdb' starts with './'. This is redundant and strongly discouraged. It can also lead to inconsistent results of the file-matching approach used by Snakemake. You can simply omit the './' for relative file paths.
Relative file path './2XWR_A_91-289_H168R/xray/ca_rest_zinc_bs/output_pdbs/model_2.pdb' starts with './'. This is redundant and strongly discouraged. It can also lead to inconsistent results of the file-matching approach used by Snakemake. You can simply omit the './' for relative file paths.
Relative file path './2XWR_A_91-289_H168R/xray/ca_rest_zinc_bs/output_pdbs/model_3.pdb' starts with './'. This is redundant and strongly discouraged. It can also lead to inconsistent results of the file-matching approach used by Snakemake. You can simply omit the './' for relative file paths.
Relative file path './2XWR_A_91-289_H168R/xray/ca_rest_zinc_bs/output_pdbs/model_4.pdb' starts with './'. This is redundant and strongly discouraged. It can also lead to inconsistent results of the file-matching approach used by Snakemake. You can simply omit the './' for relative file paths.
Relative file path './2XWR_A_91-289_H168R/xray/ca_rest_zinc_bs/output_pdbs/model_5.pdb' starts with './'. This is redundant and strongly discouraged. It can also lead to inconsistent results of the file-matching approach used by Snakemake. You can simply omit the './' for relative file paths.
Relative file path './2XWR_A_91-289_H168R/xray/ca_rest_zinc_bs/output_pdbs/model_6.pdb' starts with './'. This is redundant and strongly discouraged. It can also lead to inconsistent results of the file-matching approach used by Snakemake. You can simply omit the './' for relative file paths.
Relative file path './2XWR_A_91-289_H168R/xray/ca_rest_zinc_bs/output_pdbs/model_7.pdb' starts with './'. This is redundant and strongly discouraged. It can also lead to inconsistent results of the file-matching approach used by Snakemake. You can simply omit the './' for relative file paths.
Relative file path './2XWR_A_91-289_H168R/xray/ca_rest_zinc_bs/output_pdbs/model_8.pdb' starts with './'. This is redundant and strongly discouraged. It can also lead to inconsistent results of the file-matching approach used by Snakemake. You can simply omit the './' for relative file paths.
Relative file path './2XWR_A_91-289_H168R/xray/ca_rest_zinc_bs/output_pdbs/model_9.pdb' starts with './'. This is redundant and strongly discouraged. It can also lead to inconsistent results of the file-matching approach used by Snakemake. You can simply omit the './' for relative file paths.
Relative file path './2XWR_A_91-289_H168R/xray/ca_rest_zinc_bs/output_pdbs/model_10.pdb' starts with './'. This is redundant and strongly discouraged. It can also lead to inconsistent results of the file-matching approach used by Snakemake. You can simply omit the './' for relative file paths.
Relative file path './2XWR_A_91-289_H168R/xray/ca_rest_zinc_bs/output_pdbs/model_11.pdb' starts with './'. This is redundant and strongly discouraged. It can also lead to inconsistent results of the file-matching approach used by Snakemake. You can simply omit the './' for relative file paths.
Relative file path './2XWR_A_91-289_H168R/xray/ca_rest_zinc_bs/output_pdbs/model_12.pdb' starts with './'. This is redundant and strongly discouraged. It can also lead to inconsistent results of the file-matching approach used by Snakemake. You can simply omit the './' for relative file paths.
Relative file path './2XWR_A_91-289_H168R/xray/ca_rest_zinc_bs/output_pdbs/model_13.pdb' starts with './'. This is redundant and strongly discouraged. It can also lead to inconsistent results of the file-matching approach used by Snakemake. You can simply omit the './' for relative file paths.
Relative file path './2XWR_A_91-289_H168R/xray/ca_rest_zinc_bs/output_pdbs/model_14.pdb' starts with './'. This is redundant and strongly discouraged. It can also lead to inconsistent results of the file-matching approach used by Snakemake. You can simply omit the './' for relative file paths.
Relative file path './2XWR_A_91-289_H168R/xray/ca_rest_zinc_bs/output_pdbs/model_15.pdb' starts with './'. This is redundant and strongly discouraged. It can also lead to inconsistent results of the file-matching approach used by Snakemake. You can simply omit the './' for relative file paths.
Relative file path './2XWR_A_91-289_H168R/xray/ca_rest_zinc_bs/output_pdbs/model_16.pdb' starts with './'. This is redundant and strongly discouraged. It can also lead to inconsistent results of the file-matching approach used by Snakemake. You can simply omit the './' for relative file paths.
Relative file path './2XWR_A_91-289_H168R/xray/ca_rest_zinc_bs/output_pdbs/model_17.pdb' starts with './'. This is redundant and strongly discouraged. It can also lead to inconsistent results of the file-matching approach used by Snakemake. You can simply omit the './' for relative file paths.
Relative file path './2XWR_A_91-289_H168R/xray/ca_rest_zinc_bs/output_pdbs/model_18.pdb' starts with './'. This is redundant and strongly discouraged. It can also lead to inconsistent results of the file-matching approach used by Snakemake. You can simply omit the './' for relative file paths.
Relative file path './2XWR_A_91-289_H168R/xray/ca_rest_zinc_bs/output_pdbs/model_19.pdb' starts with './'. This is redundant and strongly discouraged. It can also lead to inconsistent results of the file-matching approach used by Snakemake. You can simply omit the './' for relative file paths.
Relative file path './2XWR_A_91-289_H168R/xray/ca_rest_zinc_bs/output_pdbs/model_ligand_0.pdb' starts with './'. This is redundant and strongly discouraged. It can also lead to inconsistent results of the file-matching approach used by Snakemake. You can simply omit the './' for relative file paths.
Relative file path './2XWR_A_91-289_H168R/xray/ca_rest_zinc_bs/output_pdbs/model_ligand_1.pdb' starts with './'. This is redundant and strongly discouraged. It can also lead to inconsistent results of the file-matching approach used by Snakemake. You can simply omit the './' for relative file paths.
Relative file path './2XWR_A_91-289_H168R/xray/ca_rest_zinc_bs/output_pdbs/model_ligand_2.pdb' starts with './'. This is redundant and strongly discouraged. It can also lead to inconsistent results of the file-matching approach used by Snakemake. You can simply omit the './' for relative file paths.
Relative file path './2XWR_A_91-289_H168R/xray/ca_rest_zinc_bs/output_pdbs/model_ligand_3.pdb' starts with './'. This is redundant and strongly discouraged. It can also lead to inconsistent results of the file-matching approach used by Snakemake. You can simply omit the './' for relative file paths.
Relative file path './2XWR_A_91-289_H168R/xray/ca_rest_zinc_bs/output_pdbs/model_ligand_4.pdb' starts with './'. This is redundant and strongly discouraged. It can also lead to inconsistent results of the file-matching approach used by Snakemake. You can simply omit the './' for relative file paths.
Relative file path './2XWR_A_91-289_H168R/xray/ca_rest_zinc_bs/output_pdbs/model_ligand_5.pdb' starts with './'. This is redundant and strongly discouraged. It can also lead to inconsistent results of the file-matching approach used by Snakemake. You can simply omit the './' for relative file paths.
Relative file path './2XWR_A_91-289_H168R/xray/ca_rest_zinc_bs/output_pdbs/model_ligand_6.pdb' starts with './'. This is redundant and strongly discouraged. It can also lead to inconsistent results of the file-matching approach used by Snakemake. You can simply omit the './' for relative file paths.
Relative file path './2XWR_A_91-289_H168R/xray/ca_rest_zinc_bs/output_pdbs/model_ligand_7.pdb' starts with './'. This is redundant and strongly discouraged. It can also lead to inconsistent results of the file-matching approach used by Snakemake. You can simply omit the './' for relative file paths.
Relative file path './2XWR_A_91-289_H168R/xray/ca_rest_zinc_bs/output_pdbs/model_ligand_8.pdb' starts with './'. This is redundant and strongly discouraged. It can also lead to inconsistent results of the file-matching approach used by Snakemake. You can simply omit the './' for relative file paths.
Relative file path './2XWR_A_91-289_H168R/xray/ca_rest_zinc_bs/output_pdbs/model_ligand_9.pdb' starts with './'. This is redundant and strongly discouraged. It can also lead to inconsistent results of the file-matching approach used by Snakemake. You can simply omit the './' for relative file paths.
Relative file path './2XWR_A_91-289_H168R/xray/ca_rest_zinc_bs/output_pdbs/model_ligand_10.pdb' starts with './'. This is redundant and strongly discouraged. It can also lead to inconsistent results of the file-matching approach used by Snakemake. You can simply omit the './' for relative file paths.
Relative file path './2XWR_A_91-289_H168R/xray/ca_rest_zinc_bs/output_pdbs/model_ligand_11.pdb' starts with './'. This is redundant and strongly discouraged. It can also lead to inconsistent results of the file-matching approach used by Snakemake. You can simply omit the './' for relative file paths.
Relative file path './2XWR_A_91-289_H168R/xray/ca_rest_zinc_bs/output_pdbs/model_ligand_12.pdb' starts with './'. This is redundant and strongly discouraged. It can also lead to inconsistent results of the file-matching approach used by Snakemake. You can simply omit the './' for relative file paths.
Relative file path './2XWR_A_91-289_H168R/xray/ca_rest_zinc_bs/output_pdbs/model_ligand_13.pdb' starts with './'. This is redundant and strongly discouraged. It can also lead to inconsistent results of the file-matching approach used by Snakemake. You can simply omit the './' for relative file paths.
Relative file path './2XWR_A_91-289_H168R/xray/ca_rest_zinc_bs/output_pdbs/model_ligand_14.pdb' starts with './'. This is redundant and strongly discouraged. It can also lead to inconsistent results of the file-matching approach used by Snakemake. You can simply omit the './' for relative file paths.
Relative file path './2XWR_A_91-289_H168R/xray/ca_rest_zinc_bs/output_pdbs/model_ligand_15.pdb' starts with './'. This is redundant and strongly discouraged. It can also lead to inconsistent results of the file-matching approach used by Snakemake. You can simply omit the './' for relative file paths.
Relative file path './2XWR_A_91-289_H168R/xray/ca_rest_zinc_bs/output_pdbs/model_ligand_16.pdb' starts with './'. This is redundant and strongly discouraged. It can also lead to inconsistent results of the file-matching approach used by Snakemake. You can simply omit the './' for relative file paths.
Relative file path './2XWR_A_91-289_H168R/xray/ca_rest_zinc_bs/output_pdbs/model_ligand_17.pdb' starts with './'. This is redundant and strongly discouraged. It can also lead to inconsistent results of the file-matching approach used by Snakemake. You can simply omit the './' for relative file paths.
Relative file path './2XWR_A_91-289_H168R/xray/ca_rest_zinc_bs/output_pdbs/model_ligand_18.pdb' starts with './'. This is redundant and strongly discouraged. It can also lead to inconsistent results of the file-matching approach used by Snakemake. You can simply omit the './' for relative file paths.
Relative file path './2XWR_A_91-289_H168R/xray/ca_rest_zinc_bs/output_pdbs/model_ligand_19.pdb' starts with './'. This is redundant and strongly discouraged. It can also lead to inconsistent results of the file-matching approach used by Snakemake. You can simply omit the './' for relative file paths.
Relative file path './input_structures/2XWR_A_HIS168ARG.pdb' starts with './'. This is redundant and strongly discouraged. It can also lead to inconsistent results of the file-matching approach used by Snakemake. You can simply omit the './' for relative file paths.
Relative file path './2XWR_A_91-289_H168R/xray/ca_rest_zinc_bs/output_pdbs/model_0.pdb' starts with './'. This is redundant and strongly discouraged. It can also lead to inconsistent results of the file-matching approach used by Snakemake. You can simply omit the './' for relative file paths.
Relative file path './2XWR_A_91-289_H168R/xray/ca_rest_zinc_bs/output_pdbs/model_1.pdb' starts with './'. This is redundant and strongly discouraged. It can also lead to inconsistent results of the file-matching approach used by Snakemake. You can simply omit the './' for relative file paths.
Relative file path './2XWR_A_91-289_H168R/xray/ca_rest_zinc_bs/output_pdbs/model_2.pdb' starts with './'. This is redundant and strongly discouraged. It can also lead to inconsistent results of the file-matching approach used by Snakemake. You can simply omit the './' for relative file paths.
Relative file path './2XWR_A_91-289_H168R/xray/ca_rest_zinc_bs/output_pdbs/model_3.pdb' starts with './'. This is redundant and strongly discouraged. It can also lead to inconsistent results of the file-matching approach used by Snakemake. You can simply omit the './' for relative file paths.
Relative file path './2XWR_A_91-289_H168R/xray/ca_rest_zinc_bs/output_pdbs/model_4.pdb' starts with './'. This is redundant and strongly discouraged. It can also lead to inconsistent results of the file-matching approach used by Snakemake. You can simply omit the './' for relative file paths.
Relative file path './2XWR_A_91-289_H168R/xray/ca_rest_zinc_bs/output_pdbs/model_5.pdb' starts with './'. This is redundant and strongly discouraged. It can also lead to inconsistent results of the file-matching approach used by Snakemake. You can simply omit the './' for relative file paths.
Relative file path './2XWR_A_91-289_H168R/xray/ca_rest_zinc_bs/output_pdbs/model_6.pdb' starts with './'. This is redundant and strongly discouraged. It can also lead to inconsistent results of the file-matching approach used by Snakemake. You can simply omit the './' for relative file paths.
Relative file path './2XWR_A_91-289_H168R/xray/ca_rest_zinc_bs/output_pdbs/model_7.pdb' starts with './'. This is redundant and strongly discouraged. It can also lead to inconsistent results of the file-matching approach used by Snakemake. You can simply omit the './' for relative file paths.
Relative file path './2XWR_A_91-289_H168R/xray/ca_rest_zinc_bs/output_pdbs/model_8.pdb' starts with './'. This is redundant and strongly discouraged. It can also lead to inconsistent results of the file-matching approach used by Snakemake. You can simply omit the './' for relative file paths.
Relative file path './2XWR_A_91-289_H168R/xray/ca_rest_zinc_bs/output_pdbs/model_9.pdb' starts with './'. This is redundant and strongly discouraged. It can also lead to inconsistent results of the file-matching approach used by Snakemake. You can simply omit the './' for relative file paths.
Relative file path './2XWR_A_91-289_H168R/xray/ca_rest_zinc_bs/output_pdbs/model_10.pdb' starts with './'. This is redundant and strongly discouraged. It can also lead to inconsistent results of the file-matching approach used by Snakemake. You can simply omit the './' for relative file paths.
Relative file path './2XWR_A_91-289_H168R/xray/ca_rest_zinc_bs/output_pdbs/model_11.pdb' starts with './'. This is redundant and strongly discouraged. It can also lead to inconsistent results of the file-matching approach used by Snakemake. You can simply omit the './' for relative file paths.
Relative file path './2XWR_A_91-289_H168R/xray/ca_rest_zinc_bs/output_pdbs/model_12.pdb' starts with './'. This is redundant and strongly discouraged. It can also lead to inconsistent results of the file-matching approach used by Snakemake. You can simply omit the './' for relative file paths.
Relative file path './2XWR_A_91-289_H168R/xray/ca_rest_zinc_bs/output_pdbs/model_13.pdb' starts with './'. This is redundant and strongly discouraged. It can also lead to inconsistent results of the file-matching approach used by Snakemake. You can simply omit the './' for relative file paths.
Relative file path './2XWR_A_91-289_H168R/xray/ca_rest_zinc_bs/output_pdbs/model_14.pdb' starts with './'. This is redundant and strongly discouraged. It can also lead to inconsistent results of the file-matching approach used by Snakemake. You can simply omit the './' for relative file paths.
Relative file path './2XWR_A_91-289_H168R/xray/ca_rest_zinc_bs/output_pdbs/model_15.pdb' starts with './'. This is redundant and strongly discouraged. It can also lead to inconsistent results of the file-matching approach used by Snakemake. You can simply omit the './' for relative file paths.
Relative file path './2XWR_A_91-289_H168R/xray/ca_rest_zinc_bs/output_pdbs/model_16.pdb' starts with './'. This is redundant and strongly discouraged. It can also lead to inconsistent results of the file-matching approach used by Snakemake. You can simply omit the './' for relative file paths.
Relative file path './2XWR_A_91-289_H168R/xray/ca_rest_zinc_bs/output_pdbs/model_17.pdb' starts with './'. This is redundant and strongly discouraged. It can also lead to inconsistent results of the file-matching approach used by Snakemake. You can simply omit the './' for relative file paths.
Relative file path './2XWR_A_91-289_H168R/xray/ca_rest_zinc_bs/output_pdbs/model_18.pdb' starts with './'. This is redundant and strongly discouraged. It can also lead to inconsistent results of the file-matching approach used by Snakemake. You can simply omit the './' for relative file paths.
Relative file path './2XWR_A_91-289_H168R/xray/ca_rest_zinc_bs/output_pdbs/model_19.pdb' starts with './'. This is redundant and strongly discouraged. It can also lead to inconsistent results of the file-matching approach used by Snakemake. You can simply omit the './' for relative file paths.
Relative file path './2XWR_A_91-289_H168R/xray/ca_sc_rest_zinc_bs/output_pdbs/model_ligand_0.pdb' starts with './'. This is redundant and strongly discouraged. It can also lead to inconsistent results of the file-matching approach used by Snakemake. You can simply omit the './' for relative file paths.
Relative file path './2XWR_A_91-289_H168R/xray/ca_sc_rest_zinc_bs/output_pdbs/model_ligand_1.pdb' starts with './'. This is redundant and strongly discouraged. It can also lead to inconsistent results of the file-matching approach used by Snakemake. You can simply omit the './' for relative file paths.
Relative file path './2XWR_A_91-289_H168R/xray/ca_sc_rest_zinc_bs/output_pdbs/model_ligand_2.pdb' starts with './'. This is redundant and strongly discouraged. It can also lead to inconsistent results of the file-matching approach used by Snakemake. You can simply omit the './' for relative file paths.
Relative file path './2XWR_A_91-289_H168R/xray/ca_sc_rest_zinc_bs/output_pdbs/model_ligand_3.pdb' starts with './'. This is redundant and strongly discouraged. It can also lead to inconsistent results of the file-matching approach used by Snakemake. You can simply omit the './' for relative file paths.
Relative file path './2XWR_A_91-289_H168R/xray/ca_sc_rest_zinc_bs/output_pdbs/model_ligand_4.pdb' starts with './'. This is redundant and strongly discouraged. It can also lead to inconsistent results of the file-matching approach used by Snakemake. You can simply omit the './' for relative file paths.
Relative file path './2XWR_A_91-289_H168R/xray/ca_sc_rest_zinc_bs/output_pdbs/model_ligand_5.pdb' starts with './'. This is redundant and strongly discouraged. It can also lead to inconsistent results of the file-matching approach used by Snakemake. You can simply omit the './' for relative file paths.
Relative file path './2XWR_A_91-289_H168R/xray/ca_sc_rest_zinc_bs/output_pdbs/model_ligand_6.pdb' starts with './'. This is redundant and strongly discouraged. It can also lead to inconsistent results of the file-matching approach used by Snakemake. You can simply omit the './' for relative file paths.
Relative file path './2XWR_A_91-289_H168R/xray/ca_sc_rest_zinc_bs/output_pdbs/model_ligand_7.pdb' starts with './'. This is redundant and strongly discouraged. It can also lead to inconsistent results of the file-matching approach used by Snakemake. You can simply omit the './' for relative file paths.
Relative file path './2XWR_A_91-289_H168R/xray/ca_sc_rest_zinc_bs/output_pdbs/model_ligand_8.pdb' starts with './'. This is redundant and strongly discouraged. It can also lead to inconsistent results of the file-matching approach used by Snakemake. You can simply omit the './' for relative file paths.
Relative file path './2XWR_A_91-289_H168R/xray/ca_sc_rest_zinc_bs/output_pdbs/model_ligand_9.pdb' starts with './'. This is redundant and strongly discouraged. It can also lead to inconsistent results of the file-matching approach used by Snakemake. You can simply omit the './' for relative file paths.
Relative file path './2XWR_A_91-289_H168R/xray/ca_sc_rest_zinc_bs/output_pdbs/model_ligand_10.pdb' starts with './'. This is redundant and strongly discouraged. It can also lead to inconsistent results of the file-matching approach used by Snakemake. You can simply omit the './' for relative file paths.
Relative file path './2XWR_A_91-289_H168R/xray/ca_sc_rest_zinc_bs/output_pdbs/model_ligand_11.pdb' starts with './'. This is redundant and strongly discouraged. It can also lead to inconsistent results of the file-matching approach used by Snakemake. You can simply omit the './' for relative file paths.
Relative file path './2XWR_A_91-289_H168R/xray/ca_sc_rest_zinc_bs/output_pdbs/model_ligand_12.pdb' starts with './'. This is redundant and strongly discouraged. It can also lead to inconsistent results of the file-matching approach used by Snakemake. You can simply omit the './' for relative file paths.
Relative file path './2XWR_A_91-289_H168R/xray/ca_sc_rest_zinc_bs/output_pdbs/model_ligand_13.pdb' starts with './'. This is redundant and strongly discouraged. It can also lead to inconsistent results of the file-matching approach used by Snakemake. You can simply omit the './' for relative file paths.
Relative file path './2XWR_A_91-289_H168R/xray/ca_sc_rest_zinc_bs/output_pdbs/model_ligand_14.pdb' starts with './'. This is redundant and strongly discouraged. It can also lead to inconsistent results of the file-matching approach used by Snakemake. You can simply omit the './' for relative file paths.
Relative file path './2XWR_A_91-289_H168R/xray/ca_sc_rest_zinc_bs/output_pdbs/model_ligand_15.pdb' starts with './'. This is redundant and strongly discouraged. It can also lead to inconsistent results of the file-matching approach used by Snakemake. You can simply omit the './' for relative file paths.
Relative file path './2XWR_A_91-289_H168R/xray/ca_sc_rest_zinc_bs/output_pdbs/model_ligand_16.pdb' starts with './'. This is redundant and strongly discouraged. It can also lead to inconsistent results of the file-matching approach used by Snakemake. You can simply omit the './' for relative file paths.
Relative file path './2XWR_A_91-289_H168R/xray/ca_sc_rest_zinc_bs/output_pdbs/model_ligand_17.pdb' starts with './'. This is redundant and strongly discouraged. It can also lead to inconsistent results of the file-matching approach used by Snakemake. You can simply omit the './' for relative file paths.
Relative file path './2XWR_A_91-289_H168R/xray/ca_sc_rest_zinc_bs/output_pdbs/model_ligand_18.pdb' starts with './'. This is redundant and strongly discouraged. It can also lead to inconsistent results of the file-matching approach used by Snakemake. You can simply omit the './' for relative file paths.
Relative file path './2XWR_A_91-289_H168R/xray/ca_sc_rest_zinc_bs/output_pdbs/model_ligand_19.pdb' starts with './'. This is redundant and strongly discouraged. It can also lead to inconsistent results of the file-matching approach used by Snakemake. You can simply omit the './' for relative file paths.
Relative file path './2XWR_A_91-289_H168R/xray/ca_sc_rest_zinc_bs/theseus/theseus_sup.pdb' starts with './'. This is redundant and strongly discouraged. It can also lead to inconsistent results of the file-matching approach used by Snakemake. You can simply omit the './' for relative file paths.
Relative file path './2XWR_A_91-289_H168R/xray/ca_sc_rest_zinc_bs/output_pdbs/model_0.pdb' starts with './'. This is redundant and strongly discouraged. It can also lead to inconsistent results of the file-matching approach used by Snakemake. You can simply omit the './' for relative file paths.
Relative file path './2XWR_A_91-289_H168R/xray/ca_sc_rest_zinc_bs/output_pdbs/model_1.pdb' starts with './'. This is redundant and strongly discouraged. It can also lead to inconsistent results of the file-matching approach used by Snakemake. You can simply omit the './' for relative file paths.
Relative file path './2XWR_A_91-289_H168R/xray/ca_sc_rest_zinc_bs/output_pdbs/model_2.pdb' starts with './'. This is redundant and strongly discouraged. It can also lead to inconsistent results of the file-matching approach used by Snakemake. You can simply omit the './' for relative file paths.
Relative file path './2XWR_A_91-289_H168R/xray/ca_sc_rest_zinc_bs/output_pdbs/model_3.pdb' starts with './'. This is redundant and strongly discouraged. It can also lead to inconsistent results of the file-matching approach used by Snakemake. You can simply omit the './' for relative file paths.
Relative file path './2XWR_A_91-289_H168R/xray/ca_sc_rest_zinc_bs/output_pdbs/model_4.pdb' starts with './'. This is redundant and strongly discouraged. It can also lead to inconsistent results of the file-matching approach used by Snakemake. You can simply omit the './' for relative file paths.
Relative file path './2XWR_A_91-289_H168R/xray/ca_sc_rest_zinc_bs/output_pdbs/model_5.pdb' starts with './'. This is redundant and strongly discouraged. It can also lead to inconsistent results of the file-matching approach used by Snakemake. You can simply omit the './' for relative file paths.
Relative file path './2XWR_A_91-289_H168R/xray/ca_sc_rest_zinc_bs/output_pdbs/model_6.pdb' starts with './'. This is redundant and strongly discouraged. It can also lead to inconsistent results of the file-matching approach used by Snakemake. You can simply omit the './' for relative file paths.
Relative file path './2XWR_A_91-289_H168R/xray/ca_sc_rest_zinc_bs/output_pdbs/model_7.pdb' starts with './'. This is redundant and strongly discouraged. It can also lead to inconsistent results of the file-matching approach used by Snakemake. You can simply omit the './' for relative file paths.
Relative file path './2XWR_A_91-289_H168R/xray/ca_sc_rest_zinc_bs/output_pdbs/model_8.pdb' starts with './'. This is redundant and strongly discouraged. It can also lead to inconsistent results of the file-matching approach used by Snakemake. You can simply omit the './' for relative file paths.
Relative file path './2XWR_A_91-289_H168R/xray/ca_sc_rest_zinc_bs/output_pdbs/model_9.pdb' starts with './'. This is redundant and strongly discouraged. It can also lead to inconsistent results of the file-matching approach used by Snakemake. You can simply omit the './' for relative file paths.
Relative file path './2XWR_A_91-289_H168R/xray/ca_sc_rest_zinc_bs/output_pdbs/model_10.pdb' starts with './'. This is redundant and strongly discouraged. It can also lead to inconsistent results of the file-matching approach used by Snakemake. You can simply omit the './' for relative file paths.
Relative file path './2XWR_A_91-289_H168R/xray/ca_sc_rest_zinc_bs/output_pdbs/model_11.pdb' starts with './'. This is redundant and strongly discouraged. It can also lead to inconsistent results of the file-matching approach used by Snakemake. You can simply omit the './' for relative file paths.
Relative file path './2XWR_A_91-289_H168R/xray/ca_sc_rest_zinc_bs/output_pdbs/model_12.pdb' starts with './'. This is redundant and strongly discouraged. It can also lead to inconsistent results of the file-matching approach used by Snakemake. You can simply omit the './' for relative file paths.
Relative file path './2XWR_A_91-289_H168R/xray/ca_sc_rest_zinc_bs/output_pdbs/model_13.pdb' starts with './'. This is redundant and strongly discouraged. It can also lead to inconsistent results of the file-matching approach used by Snakemake. You can simply omit the './' for relative file paths.
Relative file path './2XWR_A_91-289_H168R/xray/ca_sc_rest_zinc_bs/output_pdbs/model_14.pdb' starts with './'. This is redundant and strongly discouraged. It can also lead to inconsistent results of the file-matching approach used by Snakemake. You can simply omit the './' for relative file paths.
Relative file path './2XWR_A_91-289_H168R/xray/ca_sc_rest_zinc_bs/output_pdbs/model_15.pdb' starts with './'. This is redundant and strongly discouraged. It can also lead to inconsistent results of the file-matching approach used by Snakemake. You can simply omit the './' for relative file paths.
Relative file path './2XWR_A_91-289_H168R/xray/ca_sc_rest_zinc_bs/output_pdbs/model_16.pdb' starts with './'. This is redundant and strongly discouraged. It can also lead to inconsistent results of the file-matching approach used by Snakemake. You can simply omit the './' for relative file paths.
Relative file path './2XWR_A_91-289_H168R/xray/ca_sc_rest_zinc_bs/output_pdbs/model_17.pdb' starts with './'. This is redundant and strongly discouraged. It can also lead to inconsistent results of the file-matching approach used by Snakemake. You can simply omit the './' for relative file paths.
Relative file path './2XWR_A_91-289_H168R/xray/ca_sc_rest_zinc_bs/output_pdbs/model_18.pdb' starts with './'. This is redundant and strongly discouraged. It can also lead to inconsistent results of the file-matching approach used by Snakemake. You can simply omit the './' for relative file paths.
Relative file path './2XWR_A_91-289_H168R/xray/ca_sc_rest_zinc_bs/output_pdbs/model_19.pdb' starts with './'. This is redundant and strongly discouraged. It can also lead to inconsistent results of the file-matching approach used by Snakemake. You can simply omit the './' for relative file paths.
Relative file path './2XWR_A_91-289_H168R/xray/ca_sc_rest_zinc_bs/output_pdbs/model_ligand_0.pdb' starts with './'. This is redundant and strongly discouraged. It can also lead to inconsistent results of the file-matching approach used by Snakemake. You can simply omit the './' for relative file paths.
Relative file path './2XWR_A_91-289_H168R/xray/ca_sc_rest_zinc_bs/output_pdbs/model_ligand_1.pdb' starts with './'. This is redundant and strongly discouraged. It can also lead to inconsistent results of the file-matching approach used by Snakemake. You can simply omit the './' for relative file paths.
Relative file path './2XWR_A_91-289_H168R/xray/ca_sc_rest_zinc_bs/output_pdbs/model_ligand_2.pdb' starts with './'. This is redundant and strongly discouraged. It can also lead to inconsistent results of the file-matching approach used by Snakemake. You can simply omit the './' for relative file paths.
Relative file path './2XWR_A_91-289_H168R/xray/ca_sc_rest_zinc_bs/output_pdbs/model_ligand_3.pdb' starts with './'. This is redundant and strongly discouraged. It can also lead to inconsistent results of the file-matching approach used by Snakemake. You can simply omit the './' for relative file paths.
Relative file path './2XWR_A_91-289_H168R/xray/ca_sc_rest_zinc_bs/output_pdbs/model_ligand_4.pdb' starts with './'. This is redundant and strongly discouraged. It can also lead to inconsistent results of the file-matching approach used by Snakemake. You can simply omit the './' for relative file paths.
Relative file path './2XWR_A_91-289_H168R/xray/ca_sc_rest_zinc_bs/output_pdbs/model_ligand_5.pdb' starts with './'. This is redundant and strongly discouraged. It can also lead to inconsistent results of the file-matching approach used by Snakemake. You can simply omit the './' for relative file paths.
Relative file path './2XWR_A_91-289_H168R/xray/ca_sc_rest_zinc_bs/output_pdbs/model_ligand_6.pdb' starts with './'. This is redundant and strongly discouraged. It can also lead to inconsistent results of the file-matching approach used by Snakemake. You can simply omit the './' for relative file paths.
Relative file path './2XWR_A_91-289_H168R/xray/ca_sc_rest_zinc_bs/output_pdbs/model_ligand_7.pdb' starts with './'. This is redundant and strongly discouraged. It can also lead to inconsistent results of the file-matching approach used by Snakemake. You can simply omit the './' for relative file paths.
Relative file path './2XWR_A_91-289_H168R/xray/ca_sc_rest_zinc_bs/output_pdbs/model_ligand_8.pdb' starts with './'. This is redundant and strongly discouraged. It can also lead to inconsistent results of the file-matching approach used by Snakemake. You can simply omit the './' for relative file paths.
Relative file path './2XWR_A_91-289_H168R/xray/ca_sc_rest_zinc_bs/output_pdbs/model_ligand_9.pdb' starts with './'. This is redundant and strongly discouraged. It can also lead to inconsistent results of the file-matching approach used by Snakemake. You can simply omit the './' for relative file paths.
Relative file path './2XWR_A_91-289_H168R/xray/ca_sc_rest_zinc_bs/output_pdbs/model_ligand_10.pdb' starts with './'. This is redundant and strongly discouraged. It can also lead to inconsistent results of the file-matching approach used by Snakemake. You can simply omit the './' for relative file paths.
Relative file path './2XWR_A_91-289_H168R/xray/ca_sc_rest_zinc_bs/output_pdbs/model_ligand_11.pdb' starts with './'. This is redundant and strongly discouraged. It can also lead to inconsistent results of the file-matching approach used by Snakemake. You can simply omit the './' for relative file paths.
Relative file path './2XWR_A_91-289_H168R/xray/ca_sc_rest_zinc_bs/output_pdbs/model_ligand_12.pdb' starts with './'. This is redundant and strongly discouraged. It can also lead to inconsistent results of the file-matching approach used by Snakemake. You can simply omit the './' for relative file paths.
Relative file path './2XWR_A_91-289_H168R/xray/ca_sc_rest_zinc_bs/output_pdbs/model_ligand_13.pdb' starts with './'. This is redundant and strongly discouraged. It can also lead to inconsistent results of the file-matching approach used by Snakemake. You can simply omit the './' for relative file paths.
Relative file path './2XWR_A_91-289_H168R/xray/ca_sc_rest_zinc_bs/output_pdbs/model_ligand_14.pdb' starts with './'. This is redundant and strongly discouraged. It can also lead to inconsistent results of the file-matching approach used by Snakemake. You can simply omit the './' for relative file paths.
Relative file path './2XWR_A_91-289_H168R/xray/ca_sc_rest_zinc_bs/output_pdbs/model_ligand_15.pdb' starts with './'. This is redundant and strongly discouraged. It can also lead to inconsistent results of the file-matching approach used by Snakemake. You can simply omit the './' for relative file paths.
Relative file path './2XWR_A_91-289_H168R/xray/ca_sc_rest_zinc_bs/output_pdbs/model_ligand_16.pdb' starts with './'. This is redundant and strongly discouraged. It can also lead to inconsistent results of the file-matching approach used by Snakemake. You can simply omit the './' for relative file paths.
Relative file path './2XWR_A_91-289_H168R/xray/ca_sc_rest_zinc_bs/output_pdbs/model_ligand_17.pdb' starts with './'. This is redundant and strongly discouraged. It can also lead to inconsistent results of the file-matching approach used by Snakemake. You can simply omit the './' for relative file paths.
Relative file path './2XWR_A_91-289_H168R/xray/ca_sc_rest_zinc_bs/output_pdbs/model_ligand_18.pdb' starts with './'. This is redundant and strongly discouraged. It can also lead to inconsistent results of the file-matching approach used by Snakemake. You can simply omit the './' for relative file paths.
Relative file path './2XWR_A_91-289_H168R/xray/ca_sc_rest_zinc_bs/output_pdbs/model_ligand_19.pdb' starts with './'. This is redundant and strongly discouraged. It can also lead to inconsistent results of the file-matching approach used by Snakemake. You can simply omit the './' for relative file paths.
Relative file path './input_structures/2XWR_A_HIS168ARG.pdb' starts with './'. This is redundant and strongly discouraged. It can also lead to inconsistent results of the file-matching approach used by Snakemake. You can simply omit the './' for relative file paths.
Relative file path './2XWR_A_91-289_H168R/xray/ca_sc_rest_zinc_bs/output_pdbs/model_0.pdb' starts with './'. This is redundant and strongly discouraged. It can also lead to inconsistent results of the file-matching approach used by Snakemake. You can simply omit the './' for relative file paths.
Relative file path './2XWR_A_91-289_H168R/xray/ca_sc_rest_zinc_bs/output_pdbs/model_1.pdb' starts with './'. This is redundant and strongly discouraged. It can also lead to inconsistent results of the file-matching approach used by Snakemake. You can simply omit the './' for relative file paths.
Relative file path './2XWR_A_91-289_H168R/xray/ca_sc_rest_zinc_bs/output_pdbs/model_2.pdb' starts with './'. This is redundant and strongly discouraged. It can also lead to inconsistent results of the file-matching approach used by Snakemake. You can simply omit the './' for relative file paths.
Relative file path './2XWR_A_91-289_H168R/xray/ca_sc_rest_zinc_bs/output_pdbs/model_3.pdb' starts with './'. This is redundant and strongly discouraged. It can also lead to inconsistent results of the file-matching approach used by Snakemake. You can simply omit the './' for relative file paths.
Relative file path './2XWR_A_91-289_H168R/xray/ca_sc_rest_zinc_bs/output_pdbs/model_4.pdb' starts with './'. This is redundant and strongly discouraged. It can also lead to inconsistent results of the file-matching approach used by Snakemake. You can simply omit the './' for relative file paths.
Relative file path './2XWR_A_91-289_H168R/xray/ca_sc_rest_zinc_bs/output_pdbs/model_5.pdb' starts with './'. This is redundant and strongly discouraged. It can also lead to inconsistent results of the file-matching approach used by Snakemake. You can simply omit the './' for relative file paths.
Relative file path './2XWR_A_91-289_H168R/xray/ca_sc_rest_zinc_bs/output_pdbs/model_6.pdb' starts with './'. This is redundant and strongly discouraged. It can also lead to inconsistent results of the file-matching approach used by Snakemake. You can simply omit the './' for relative file paths.
Relative file path './2XWR_A_91-289_H168R/xray/ca_sc_rest_zinc_bs/output_pdbs/model_7.pdb' starts with './'. This is redundant and strongly discouraged. It can also lead to inconsistent results of the file-matching approach used by Snakemake. You can simply omit the './' for relative file paths.
Relative file path './2XWR_A_91-289_H168R/xray/ca_sc_rest_zinc_bs/output_pdbs/model_8.pdb' starts with './'. This is redundant and strongly discouraged. It can also lead to inconsistent results of the file-matching approach used by Snakemake. You can simply omit the './' for relative file paths.
Relative file path './2XWR_A_91-289_H168R/xray/ca_sc_rest_zinc_bs/output_pdbs/model_9.pdb' starts with './'. This is redundant and strongly discouraged. It can also lead to inconsistent results of the file-matching approach used by Snakemake. You can simply omit the './' for relative file paths.
Relative file path './2XWR_A_91-289_H168R/xray/ca_sc_rest_zinc_bs/output_pdbs/model_10.pdb' starts with './'. This is redundant and strongly discouraged. It can also lead to inconsistent results of the file-matching approach used by Snakemake. You can simply omit the './' for relative file paths.
Relative file path './2XWR_A_91-289_H168R/xray/ca_sc_rest_zinc_bs/output_pdbs/model_11.pdb' starts with './'. This is redundant and strongly discouraged. It can also lead to inconsistent results of the file-matching approach used by Snakemake. You can simply omit the './' for relative file paths.
Relative file path './2XWR_A_91-289_H168R/xray/ca_sc_rest_zinc_bs/output_pdbs/model_12.pdb' starts with './'. This is redundant and strongly discouraged. It can also lead to inconsistent results of the file-matching approach used by Snakemake. You can simply omit the './' for relative file paths.
Relative file path './2XWR_A_91-289_H168R/xray/ca_sc_rest_zinc_bs/output_pdbs/model_13.pdb' starts with './'. This is redundant and strongly discouraged. It can also lead to inconsistent results of the file-matching approach used by Snakemake. You can simply omit the './' for relative file paths.
Relative file path './2XWR_A_91-289_H168R/xray/ca_sc_rest_zinc_bs/output_pdbs/model_14.pdb' starts with './'. This is redundant and strongly discouraged. It can also lead to inconsistent results of the file-matching approach used by Snakemake. You can simply omit the './' for relative file paths.
Relative file path './2XWR_A_91-289_H168R/xray/ca_sc_rest_zinc_bs/output_pdbs/model_15.pdb' starts with './'. This is redundant and strongly discouraged. It can also lead to inconsistent results of the file-matching approach used by Snakemake. You can simply omit the './' for relative file paths.
Relative file path './2XWR_A_91-289_H168R/xray/ca_sc_rest_zinc_bs/output_pdbs/model_16.pdb' starts with './'. This is redundant and strongly discouraged. It can also lead to inconsistent results of the file-matching approach used by Snakemake. You can simply omit the './' for relative file paths.
Relative file path './2XWR_A_91-289_H168R/xray/ca_sc_rest_zinc_bs/output_pdbs/model_17.pdb' starts with './'. This is redundant and strongly discouraged. It can also lead to inconsistent results of the file-matching approach used by Snakemake. You can simply omit the './' for relative file paths.
Relative file path './2XWR_A_91-289_H168R/xray/ca_sc_rest_zinc_bs/output_pdbs/model_18.pdb' starts with './'. This is redundant and strongly discouraged. It can also lead to inconsistent results of the file-matching approach used by Snakemake. You can simply omit the './' for relative file paths.
Relative file path './2XWR_A_91-289_H168R/xray/ca_sc_rest_zinc_bs/output_pdbs/model_19.pdb' starts with './'. This is redundant and strongly discouraged. It can also lead to inconsistent results of the file-matching approach used by Snakemake. You can simply omit the './' for relative file paths.
Relative file path './2XWR_A_91-289_D148E/xray/no_restraints/output_pdbs/model_0.pdb' starts with './'. This is redundant and strongly discouraged. It can also lead to inconsistent results of the file-matching approach used by Snakemake. You can simply omit the './' for relative file paths.
Relative file path './2XWR_A_91-289_D148E/xray/no_restraints/output_pdbs/model_1.pdb' starts with './'. This is redundant and strongly discouraged. It can also lead to inconsistent results of the file-matching approach used by Snakemake. You can simply omit the './' for relative file paths.
Relative file path './2XWR_A_91-289_D148E/xray/no_restraints/output_pdbs/model_2.pdb' starts with './'. This is redundant and strongly discouraged. It can also lead to inconsistent results of the file-matching approach used by Snakemake. You can simply omit the './' for relative file paths.
Relative file path './2XWR_A_91-289_D148E/xray/no_restraints/output_pdbs/model_3.pdb' starts with './'. This is redundant and strongly discouraged. It can also lead to inconsistent results of the file-matching approach used by Snakemake. You can simply omit the './' for relative file paths.
Relative file path './2XWR_A_91-289_D148E/xray/no_restraints/output_pdbs/model_4.pdb' starts with './'. This is redundant and strongly discouraged. It can also lead to inconsistent results of the file-matching approach used by Snakemake. You can simply omit the './' for relative file paths.
Relative file path './2XWR_A_91-289_D148E/xray/no_restraints/output_pdbs/model_5.pdb' starts with './'. This is redundant and strongly discouraged. It can also lead to inconsistent results of the file-matching approach used by Snakemake. You can simply omit the './' for relative file paths.
Relative file path './2XWR_A_91-289_D148E/xray/no_restraints/output_pdbs/model_6.pdb' starts with './'. This is redundant and strongly discouraged. It can also lead to inconsistent results of the file-matching approach used by Snakemake. You can simply omit the './' for relative file paths.
Relative file path './2XWR_A_91-289_D148E/xray/no_restraints/output_pdbs/model_7.pdb' starts with './'. This is redundant and strongly discouraged. It can also lead to inconsistent results of the file-matching approach used by Snakemake. You can simply omit the './' for relative file paths.
Relative file path './2XWR_A_91-289_D148E/xray/no_restraints/output_pdbs/model_8.pdb' starts with './'. This is redundant and strongly discouraged. It can also lead to inconsistent results of the file-matching approach used by Snakemake. You can simply omit the './' for relative file paths.
Relative file path './2XWR_A_91-289_D148E/xray/no_restraints/output_pdbs/model_9.pdb' starts with './'. This is redundant and strongly discouraged. It can also lead to inconsistent results of the file-matching approach used by Snakemake. You can simply omit the './' for relative file paths.
Relative file path './2XWR_A_91-289_D148E/xray/no_restraints/output_pdbs/model_10.pdb' starts with './'. This is redundant and strongly discouraged. It can also lead to inconsistent results of the file-matching approach used by Snakemake. You can simply omit the './' for relative file paths.
Relative file path './2XWR_A_91-289_D148E/xray/no_restraints/output_pdbs/model_11.pdb' starts with './'. This is redundant and strongly discouraged. It can also lead to inconsistent results of the file-matching approach used by Snakemake. You can simply omit the './' for relative file paths.
Relative file path './2XWR_A_91-289_D148E/xray/no_restraints/output_pdbs/model_12.pdb' starts with './'. This is redundant and strongly discouraged. It can also lead to inconsistent results of the file-matching approach used by Snakemake. You can simply omit the './' for relative file paths.
Relative file path './2XWR_A_91-289_D148E/xray/no_restraints/output_pdbs/model_13.pdb' starts with './'. This is redundant and strongly discouraged. It can also lead to inconsistent results of the file-matching approach used by Snakemake. You can simply omit the './' for relative file paths.
Relative file path './2XWR_A_91-289_D148E/xray/no_restraints/output_pdbs/model_14.pdb' starts with './'. This is redundant and strongly discouraged. It can also lead to inconsistent results of the file-matching approach used by Snakemake. You can simply omit the './' for relative file paths.
Relative file path './2XWR_A_91-289_D148E/xray/no_restraints/output_pdbs/model_15.pdb' starts with './'. This is redundant and strongly discouraged. It can also lead to inconsistent results of the file-matching approach used by Snakemake. You can simply omit the './' for relative file paths.
Relative file path './2XWR_A_91-289_D148E/xray/no_restraints/output_pdbs/model_16.pdb' starts with './'. This is redundant and strongly discouraged. It can also lead to inconsistent results of the file-matching approach used by Snakemake. You can simply omit the './' for relative file paths.
Relative file path './2XWR_A_91-289_D148E/xray/no_restraints/output_pdbs/model_17.pdb' starts with './'. This is redundant and strongly discouraged. It can also lead to inconsistent results of the file-matching approach used by Snakemake. You can simply omit the './' for relative file paths.
Relative file path './2XWR_A_91-289_D148E/xray/no_restraints/output_pdbs/model_18.pdb' starts with './'. This is redundant and strongly discouraged. It can also lead to inconsistent results of the file-matching approach used by Snakemake. You can simply omit the './' for relative file paths.
Relative file path './2XWR_A_91-289_D148E/xray/no_restraints/output_pdbs/model_19.pdb' starts with './'. This is redundant and strongly discouraged. It can also lead to inconsistent results of the file-matching approach used by Snakemake. You can simply omit the './' for relative file paths.
Relative file path './2XWR_A_91-289_D148E/xray/no_restraints/theseus/theseus_sup.pdb' starts with './'. This is redundant and strongly discouraged. It can also lead to inconsistent results of the file-matching approach used by Snakemake. You can simply omit the './' for relative file paths.
Relative file path './input_structures/2XWR_A_ASP148GLU.pdb' starts with './'. This is redundant and strongly discouraged. It can also lead to inconsistent results of the file-matching approach used by Snakemake. You can simply omit the './' for relative file paths.
Relative file path './2XWR_A_91-289_D148E/xray/no_restraints/output_pdbs/model_0.pdb' starts with './'. This is redundant and strongly discouraged. It can also lead to inconsistent results of the file-matching approach used by Snakemake. You can simply omit the './' for relative file paths.
Relative file path './2XWR_A_91-289_D148E/xray/no_restraints/output_pdbs/model_1.pdb' starts with './'. This is redundant and strongly discouraged. It can also lead to inconsistent results of the file-matching approach used by Snakemake. You can simply omit the './' for relative file paths.
Relative file path './2XWR_A_91-289_D148E/xray/no_restraints/output_pdbs/model_2.pdb' starts with './'. This is redundant and strongly discouraged. It can also lead to inconsistent results of the file-matching approach used by Snakemake. You can simply omit the './' for relative file paths.
Relative file path './2XWR_A_91-289_D148E/xray/no_restraints/output_pdbs/model_3.pdb' starts with './'. This is redundant and strongly discouraged. It can also lead to inconsistent results of the file-matching approach used by Snakemake. You can simply omit the './' for relative file paths.
Relative file path './2XWR_A_91-289_D148E/xray/no_restraints/output_pdbs/model_4.pdb' starts with './'. This is redundant and strongly discouraged. It can also lead to inconsistent results of the file-matching approach used by Snakemake. You can simply omit the './' for relative file paths.
Relative file path './2XWR_A_91-289_D148E/xray/no_restraints/output_pdbs/model_5.pdb' starts with './'. This is redundant and strongly discouraged. It can also lead to inconsistent results of the file-matching approach used by Snakemake. You can simply omit the './' for relative file paths.
Relative file path './2XWR_A_91-289_D148E/xray/no_restraints/output_pdbs/model_6.pdb' starts with './'. This is redundant and strongly discouraged. It can also lead to inconsistent results of the file-matching approach used by Snakemake. You can simply omit the './' for relative file paths.
Relative file path './2XWR_A_91-289_D148E/xray/no_restraints/output_pdbs/model_7.pdb' starts with './'. This is redundant and strongly discouraged. It can also lead to inconsistent results of the file-matching approach used by Snakemake. You can simply omit the './' for relative file paths.
Relative file path './2XWR_A_91-289_D148E/xray/no_restraints/output_pdbs/model_8.pdb' starts with './'. This is redundant and strongly discouraged. It can also lead to inconsistent results of the file-matching approach used by Snakemake. You can simply omit the './' for relative file paths.
Relative file path './2XWR_A_91-289_D148E/xray/no_restraints/output_pdbs/model_9.pdb' starts with './'. This is redundant and strongly discouraged. It can also lead to inconsistent results of the file-matching approach used by Snakemake. You can simply omit the './' for relative file paths.
Relative file path './2XWR_A_91-289_D148E/xray/no_restraints/output_pdbs/model_10.pdb' starts with './'. This is redundant and strongly discouraged. It can also lead to inconsistent results of the file-matching approach used by Snakemake. You can simply omit the './' for relative file paths.
Relative file path './2XWR_A_91-289_D148E/xray/no_restraints/output_pdbs/model_11.pdb' starts with './'. This is redundant and strongly discouraged. It can also lead to inconsistent results of the file-matching approach used by Snakemake. You can simply omit the './' for relative file paths.
Relative file path './2XWR_A_91-289_D148E/xray/no_restraints/output_pdbs/model_12.pdb' starts with './'. This is redundant and strongly discouraged. It can also lead to inconsistent results of the file-matching approach used by Snakemake. You can simply omit the './' for relative file paths.
Relative file path './2XWR_A_91-289_D148E/xray/no_restraints/output_pdbs/model_13.pdb' starts with './'. This is redundant and strongly discouraged. It can also lead to inconsistent results of the file-matching approach used by Snakemake. You can simply omit the './' for relative file paths.
Relative file path './2XWR_A_91-289_D148E/xray/no_restraints/output_pdbs/model_14.pdb' starts with './'. This is redundant and strongly discouraged. It can also lead to inconsistent results of the file-matching approach used by Snakemake. You can simply omit the './' for relative file paths.
Relative file path './2XWR_A_91-289_D148E/xray/no_restraints/output_pdbs/model_15.pdb' starts with './'. This is redundant and strongly discouraged. It can also lead to inconsistent results of the file-matching approach used by Snakemake. You can simply omit the './' for relative file paths.
Relative file path './2XWR_A_91-289_D148E/xray/no_restraints/output_pdbs/model_16.pdb' starts with './'. This is redundant and strongly discouraged. It can also lead to inconsistent results of the file-matching approach used by Snakemake. You can simply omit the './' for relative file paths.
Relative file path './2XWR_A_91-289_D148E/xray/no_restraints/output_pdbs/model_17.pdb' starts with './'. This is redundant and strongly discouraged. It can also lead to inconsistent results of the file-matching approach used by Snakemake. You can simply omit the './' for relative file paths.
Relative file path './2XWR_A_91-289_D148E/xray/no_restraints/output_pdbs/model_18.pdb' starts with './'. This is redundant and strongly discouraged. It can also lead to inconsistent results of the file-matching approach used by Snakemake. You can simply omit the './' for relative file paths.
Relative file path './2XWR_A_91-289_D148E/xray/no_restraints/output_pdbs/model_19.pdb' starts with './'. This is redundant and strongly discouraged. It can also lead to inconsistent results of the file-matching approach used by Snakemake. You can simply omit the './' for relative file paths.
Relative file path './2XWR_A_91-289_D148E/xray/ca_rest_zinc_bs/output_pdbs/model_ligand_0.pdb' starts with './'. This is redundant and strongly discouraged. It can also lead to inconsistent results of the file-matching approach used by Snakemake. You can simply omit the './' for relative file paths.
Relative file path './2XWR_A_91-289_D148E/xray/ca_rest_zinc_bs/output_pdbs/model_ligand_1.pdb' starts with './'. This is redundant and strongly discouraged. It can also lead to inconsistent results of the file-matching approach used by Snakemake. You can simply omit the './' for relative file paths.
Relative file path './2XWR_A_91-289_D148E/xray/ca_rest_zinc_bs/output_pdbs/model_ligand_2.pdb' starts with './'. This is redundant and strongly discouraged. It can also lead to inconsistent results of the file-matching approach used by Snakemake. You can simply omit the './' for relative file paths.
Relative file path './2XWR_A_91-289_D148E/xray/ca_rest_zinc_bs/output_pdbs/model_ligand_3.pdb' starts with './'. This is redundant and strongly discouraged. It can also lead to inconsistent results of the file-matching approach used by Snakemake. You can simply omit the './' for relative file paths.
Relative file path './2XWR_A_91-289_D148E/xray/ca_rest_zinc_bs/output_pdbs/model_ligand_4.pdb' starts with './'. This is redundant and strongly discouraged. It can also lead to inconsistent results of the file-matching approach used by Snakemake. You can simply omit the './' for relative file paths.
Relative file path './2XWR_A_91-289_D148E/xray/ca_rest_zinc_bs/output_pdbs/model_ligand_5.pdb' starts with './'. This is redundant and strongly discouraged. It can also lead to inconsistent results of the file-matching approach used by Snakemake. You can simply omit the './' for relative file paths.
Relative file path './2XWR_A_91-289_D148E/xray/ca_rest_zinc_bs/output_pdbs/model_ligand_6.pdb' starts with './'. This is redundant and strongly discouraged. It can also lead to inconsistent results of the file-matching approach used by Snakemake. You can simply omit the './' for relative file paths.
Relative file path './2XWR_A_91-289_D148E/xray/ca_rest_zinc_bs/output_pdbs/model_ligand_7.pdb' starts with './'. This is redundant and strongly discouraged. It can also lead to inconsistent results of the file-matching approach used by Snakemake. You can simply omit the './' for relative file paths.
Relative file path './2XWR_A_91-289_D148E/xray/ca_rest_zinc_bs/output_pdbs/model_ligand_8.pdb' starts with './'. This is redundant and strongly discouraged. It can also lead to inconsistent results of the file-matching approach used by Snakemake. You can simply omit the './' for relative file paths.
Relative file path './2XWR_A_91-289_D148E/xray/ca_rest_zinc_bs/output_pdbs/model_ligand_9.pdb' starts with './'. This is redundant and strongly discouraged. It can also lead to inconsistent results of the file-matching approach used by Snakemake. You can simply omit the './' for relative file paths.
Relative file path './2XWR_A_91-289_D148E/xray/ca_rest_zinc_bs/output_pdbs/model_ligand_10.pdb' starts with './'. This is redundant and strongly discouraged. It can also lead to inconsistent results of the file-matching approach used by Snakemake. You can simply omit the './' for relative file paths.
Relative file path './2XWR_A_91-289_D148E/xray/ca_rest_zinc_bs/output_pdbs/model_ligand_11.pdb' starts with './'. This is redundant and strongly discouraged. It can also lead to inconsistent results of the file-matching approach used by Snakemake. You can simply omit the './' for relative file paths.
Relative file path './2XWR_A_91-289_D148E/xray/ca_rest_zinc_bs/output_pdbs/model_ligand_12.pdb' starts with './'. This is redundant and strongly discouraged. It can also lead to inconsistent results of the file-matching approach used by Snakemake. You can simply omit the './' for relative file paths.
Relative file path './2XWR_A_91-289_D148E/xray/ca_rest_zinc_bs/output_pdbs/model_ligand_13.pdb' starts with './'. This is redundant and strongly discouraged. It can also lead to inconsistent results of the file-matching approach used by Snakemake. You can simply omit the './' for relative file paths.
Relative file path './2XWR_A_91-289_D148E/xray/ca_rest_zinc_bs/output_pdbs/model_ligand_14.pdb' starts with './'. This is redundant and strongly discouraged. It can also lead to inconsistent results of the file-matching approach used by Snakemake. You can simply omit the './' for relative file paths.
Relative file path './2XWR_A_91-289_D148E/xray/ca_rest_zinc_bs/output_pdbs/model_ligand_15.pdb' starts with './'. This is redundant and strongly discouraged. It can also lead to inconsistent results of the file-matching approach used by Snakemake. You can simply omit the './' for relative file paths.
Relative file path './2XWR_A_91-289_D148E/xray/ca_rest_zinc_bs/output_pdbs/model_ligand_16.pdb' starts with './'. This is redundant and strongly discouraged. It can also lead to inconsistent results of the file-matching approach used by Snakemake. You can simply omit the './' for relative file paths.
Relative file path './2XWR_A_91-289_D148E/xray/ca_rest_zinc_bs/output_pdbs/model_ligand_17.pdb' starts with './'. This is redundant and strongly discouraged. It can also lead to inconsistent results of the file-matching approach used by Snakemake. You can simply omit the './' for relative file paths.
Relative file path './2XWR_A_91-289_D148E/xray/ca_rest_zinc_bs/output_pdbs/model_ligand_18.pdb' starts with './'. This is redundant and strongly discouraged. It can also lead to inconsistent results of the file-matching approach used by Snakemake. You can simply omit the './' for relative file paths.
Relative file path './2XWR_A_91-289_D148E/xray/ca_rest_zinc_bs/output_pdbs/model_ligand_19.pdb' starts with './'. This is redundant and strongly discouraged. It can also lead to inconsistent results of the file-matching approach used by Snakemake. You can simply omit the './' for relative file paths.
Relative file path './2XWR_A_91-289_D148E/xray/ca_rest_zinc_bs/theseus/theseus_sup.pdb' starts with './'. This is redundant and strongly discouraged. It can also lead to inconsistent results of the file-matching approach used by Snakemake. You can simply omit the './' for relative file paths.
Relative file path './2XWR_A_91-289_D148E/xray/ca_rest_zinc_bs/output_pdbs/model_0.pdb' starts with './'. This is redundant and strongly discouraged. It can also lead to inconsistent results of the file-matching approach used by Snakemake. You can simply omit the './' for relative file paths.
Relative file path './2XWR_A_91-289_D148E/xray/ca_rest_zinc_bs/output_pdbs/model_1.pdb' starts with './'. This is redundant and strongly discouraged. It can also lead to inconsistent results of the file-matching approach used by Snakemake. You can simply omit the './' for relative file paths.
Relative file path './2XWR_A_91-289_D148E/xray/ca_rest_zinc_bs/output_pdbs/model_2.pdb' starts with './'. This is redundant and strongly discouraged. It can also lead to inconsistent results of the file-matching approach used by Snakemake. You can simply omit the './' for relative file paths.
Relative file path './2XWR_A_91-289_D148E/xray/ca_rest_zinc_bs/output_pdbs/model_3.pdb' starts with './'. This is redundant and strongly discouraged. It can also lead to inconsistent results of the file-matching approach used by Snakemake. You can simply omit the './' for relative file paths.
Relative file path './2XWR_A_91-289_D148E/xray/ca_rest_zinc_bs/output_pdbs/model_4.pdb' starts with './'. This is redundant and strongly discouraged. It can also lead to inconsistent results of the file-matching approach used by Snakemake. You can simply omit the './' for relative file paths.
Relative file path './2XWR_A_91-289_D148E/xray/ca_rest_zinc_bs/output_pdbs/model_5.pdb' starts with './'. This is redundant and strongly discouraged. It can also lead to inconsistent results of the file-matching approach used by Snakemake. You can simply omit the './' for relative file paths.
Relative file path './2XWR_A_91-289_D148E/xray/ca_rest_zinc_bs/output_pdbs/model_6.pdb' starts with './'. This is redundant and strongly discouraged. It can also lead to inconsistent results of the file-matching approach used by Snakemake. You can simply omit the './' for relative file paths.
Relative file path './2XWR_A_91-289_D148E/xray/ca_rest_zinc_bs/output_pdbs/model_7.pdb' starts with './'. This is redundant and strongly discouraged. It can also lead to inconsistent results of the file-matching approach used by Snakemake. You can simply omit the './' for relative file paths.
Relative file path './2XWR_A_91-289_D148E/xray/ca_rest_zinc_bs/output_pdbs/model_8.pdb' starts with './'. This is redundant and strongly discouraged. It can also lead to inconsistent results of the file-matching approach used by Snakemake. You can simply omit the './' for relative file paths.
Relative file path './2XWR_A_91-289_D148E/xray/ca_rest_zinc_bs/output_pdbs/model_9.pdb' starts with './'. This is redundant and strongly discouraged. It can also lead to inconsistent results of the file-matching approach used by Snakemake. You can simply omit the './' for relative file paths.
Relative file path './2XWR_A_91-289_D148E/xray/ca_rest_zinc_bs/output_pdbs/model_10.pdb' starts with './'. This is redundant and strongly discouraged. It can also lead to inconsistent results of the file-matching approach used by Snakemake. You can simply omit the './' for relative file paths.
Relative file path './2XWR_A_91-289_D148E/xray/ca_rest_zinc_bs/output_pdbs/model_11.pdb' starts with './'. This is redundant and strongly discouraged. It can also lead to inconsistent results of the file-matching approach used by Snakemake. You can simply omit the './' for relative file paths.
Relative file path './2XWR_A_91-289_D148E/xray/ca_rest_zinc_bs/output_pdbs/model_12.pdb' starts with './'. This is redundant and strongly discouraged. It can also lead to inconsistent results of the file-matching approach used by Snakemake. You can simply omit the './' for relative file paths.
Relative file path './2XWR_A_91-289_D148E/xray/ca_rest_zinc_bs/output_pdbs/model_13.pdb' starts with './'. This is redundant and strongly discouraged. It can also lead to inconsistent results of the file-matching approach used by Snakemake. You can simply omit the './' for relative file paths.
Relative file path './2XWR_A_91-289_D148E/xray/ca_rest_zinc_bs/output_pdbs/model_14.pdb' starts with './'. This is redundant and strongly discouraged. It can also lead to inconsistent results of the file-matching approach used by Snakemake. You can simply omit the './' for relative file paths.
Relative file path './2XWR_A_91-289_D148E/xray/ca_rest_zinc_bs/output_pdbs/model_15.pdb' starts with './'. This is redundant and strongly discouraged. It can also lead to inconsistent results of the file-matching approach used by Snakemake. You can simply omit the './' for relative file paths.
Relative file path './2XWR_A_91-289_D148E/xray/ca_rest_zinc_bs/output_pdbs/model_16.pdb' starts with './'. This is redundant and strongly discouraged. It can also lead to inconsistent results of the file-matching approach used by Snakemake. You can simply omit the './' for relative file paths.
Relative file path './2XWR_A_91-289_D148E/xray/ca_rest_zinc_bs/output_pdbs/model_17.pdb' starts with './'. This is redundant and strongly discouraged. It can also lead to inconsistent results of the file-matching approach used by Snakemake. You can simply omit the './' for relative file paths.
Relative file path './2XWR_A_91-289_D148E/xray/ca_rest_zinc_bs/output_pdbs/model_18.pdb' starts with './'. This is redundant and strongly discouraged. It can also lead to inconsistent results of the file-matching approach used by Snakemake. You can simply omit the './' for relative file paths.
Relative file path './2XWR_A_91-289_D148E/xray/ca_rest_zinc_bs/output_pdbs/model_19.pdb' starts with './'. This is redundant and strongly discouraged. It can also lead to inconsistent results of the file-matching approach used by Snakemake. You can simply omit the './' for relative file paths.
Relative file path './2XWR_A_91-289_D148E/xray/ca_rest_zinc_bs/output_pdbs/model_ligand_0.pdb' starts with './'. This is redundant and strongly discouraged. It can also lead to inconsistent results of the file-matching approach used by Snakemake. You can simply omit the './' for relative file paths.
Relative file path './2XWR_A_91-289_D148E/xray/ca_rest_zinc_bs/output_pdbs/model_ligand_1.pdb' starts with './'. This is redundant and strongly discouraged. It can also lead to inconsistent results of the file-matching approach used by Snakemake. You can simply omit the './' for relative file paths.
Relative file path './2XWR_A_91-289_D148E/xray/ca_rest_zinc_bs/output_pdbs/model_ligand_2.pdb' starts with './'. This is redundant and strongly discouraged. It can also lead to inconsistent results of the file-matching approach used by Snakemake. You can simply omit the './' for relative file paths.
Relative file path './2XWR_A_91-289_D148E/xray/ca_rest_zinc_bs/output_pdbs/model_ligand_3.pdb' starts with './'. This is redundant and strongly discouraged. It can also lead to inconsistent results of the file-matching approach used by Snakemake. You can simply omit the './' for relative file paths.
Relative file path './2XWR_A_91-289_D148E/xray/ca_rest_zinc_bs/output_pdbs/model_ligand_4.pdb' starts with './'. This is redundant and strongly discouraged. It can also lead to inconsistent results of the file-matching approach used by Snakemake. You can simply omit the './' for relative file paths.
Relative file path './2XWR_A_91-289_D148E/xray/ca_rest_zinc_bs/output_pdbs/model_ligand_5.pdb' starts with './'. This is redundant and strongly discouraged. It can also lead to inconsistent results of the file-matching approach used by Snakemake. You can simply omit the './' for relative file paths.
Relative file path './2XWR_A_91-289_D148E/xray/ca_rest_zinc_bs/output_pdbs/model_ligand_6.pdb' starts with './'. This is redundant and strongly discouraged. It can also lead to inconsistent results of the file-matching approach used by Snakemake. You can simply omit the './' for relative file paths.
Relative file path './2XWR_A_91-289_D148E/xray/ca_rest_zinc_bs/output_pdbs/model_ligand_7.pdb' starts with './'. This is redundant and strongly discouraged. It can also lead to inconsistent results of the file-matching approach used by Snakemake. You can simply omit the './' for relative file paths.
Relative file path './2XWR_A_91-289_D148E/xray/ca_rest_zinc_bs/output_pdbs/model_ligand_8.pdb' starts with './'. This is redundant and strongly discouraged. It can also lead to inconsistent results of the file-matching approach used by Snakemake. You can simply omit the './' for relative file paths.
Relative file path './2XWR_A_91-289_D148E/xray/ca_rest_zinc_bs/output_pdbs/model_ligand_9.pdb' starts with './'. This is redundant and strongly discouraged. It can also lead to inconsistent results of the file-matching approach used by Snakemake. You can simply omit the './' for relative file paths.
Relative file path './2XWR_A_91-289_D148E/xray/ca_rest_zinc_bs/output_pdbs/model_ligand_10.pdb' starts with './'. This is redundant and strongly discouraged. It can also lead to inconsistent results of the file-matching approach used by Snakemake. You can simply omit the './' for relative file paths.
Relative file path './2XWR_A_91-289_D148E/xray/ca_rest_zinc_bs/output_pdbs/model_ligand_11.pdb' starts with './'. This is redundant and strongly discouraged. It can also lead to inconsistent results of the file-matching approach used by Snakemake. You can simply omit the './' for relative file paths.
Relative file path './2XWR_A_91-289_D148E/xray/ca_rest_zinc_bs/output_pdbs/model_ligand_12.pdb' starts with './'. This is redundant and strongly discouraged. It can also lead to inconsistent results of the file-matching approach used by Snakemake. You can simply omit the './' for relative file paths.
Relative file path './2XWR_A_91-289_D148E/xray/ca_rest_zinc_bs/output_pdbs/model_ligand_13.pdb' starts with './'. This is redundant and strongly discouraged. It can also lead to inconsistent results of the file-matching approach used by Snakemake. You can simply omit the './' for relative file paths.
Relative file path './2XWR_A_91-289_D148E/xray/ca_rest_zinc_bs/output_pdbs/model_ligand_14.pdb' starts with './'. This is redundant and strongly discouraged. It can also lead to inconsistent results of the file-matching approach used by Snakemake. You can simply omit the './' for relative file paths.
Relative file path './2XWR_A_91-289_D148E/xray/ca_rest_zinc_bs/output_pdbs/model_ligand_15.pdb' starts with './'. This is redundant and strongly discouraged. It can also lead to inconsistent results of the file-matching approach used by Snakemake. You can simply omit the './' for relative file paths.
Relative file path './2XWR_A_91-289_D148E/xray/ca_rest_zinc_bs/output_pdbs/model_ligand_16.pdb' starts with './'. This is redundant and strongly discouraged. It can also lead to inconsistent results of the file-matching approach used by Snakemake. You can simply omit the './' for relative file paths.
Relative file path './2XWR_A_91-289_D148E/xray/ca_rest_zinc_bs/output_pdbs/model_ligand_17.pdb' starts with './'. This is redundant and strongly discouraged. It can also lead to inconsistent results of the file-matching approach used by Snakemake. You can simply omit the './' for relative file paths.
Relative file path './2XWR_A_91-289_D148E/xray/ca_rest_zinc_bs/output_pdbs/model_ligand_18.pdb' starts with './'. This is redundant and strongly discouraged. It can also lead to inconsistent results of the file-matching approach used by Snakemake. You can simply omit the './' for relative file paths.
Relative file path './2XWR_A_91-289_D148E/xray/ca_rest_zinc_bs/output_pdbs/model_ligand_19.pdb' starts with './'. This is redundant and strongly discouraged. It can also lead to inconsistent results of the file-matching approach used by Snakemake. You can simply omit the './' for relative file paths.
Relative file path './input_structures/2XWR_A_ASP148GLU.pdb' starts with './'. This is redundant and strongly discouraged. It can also lead to inconsistent results of the file-matching approach used by Snakemake. You can simply omit the './' for relative file paths.
Relative file path './2XWR_A_91-289_D148E/xray/ca_rest_zinc_bs/output_pdbs/model_0.pdb' starts with './'. This is redundant and strongly discouraged. It can also lead to inconsistent results of the file-matching approach used by Snakemake. You can simply omit the './' for relative file paths.
Relative file path './2XWR_A_91-289_D148E/xray/ca_rest_zinc_bs/output_pdbs/model_1.pdb' starts with './'. This is redundant and strongly discouraged. It can also lead to inconsistent results of the file-matching approach used by Snakemake. You can simply omit the './' for relative file paths.
Relative file path './2XWR_A_91-289_D148E/xray/ca_rest_zinc_bs/output_pdbs/model_2.pdb' starts with './'. This is redundant and strongly discouraged. It can also lead to inconsistent results of the file-matching approach used by Snakemake. You can simply omit the './' for relative file paths.
Relative file path './2XWR_A_91-289_D148E/xray/ca_rest_zinc_bs/output_pdbs/model_3.pdb' starts with './'. This is redundant and strongly discouraged. It can also lead to inconsistent results of the file-matching approach used by Snakemake. You can simply omit the './' for relative file paths.
Relative file path './2XWR_A_91-289_D148E/xray/ca_rest_zinc_bs/output_pdbs/model_4.pdb' starts with './'. This is redundant and strongly discouraged. It can also lead to inconsistent results of the file-matching approach used by Snakemake. You can simply omit the './' for relative file paths.
Relative file path './2XWR_A_91-289_D148E/xray/ca_rest_zinc_bs/output_pdbs/model_5.pdb' starts with './'. This is redundant and strongly discouraged. It can also lead to inconsistent results of the file-matching approach used by Snakemake. You can simply omit the './' for relative file paths.
Relative file path './2XWR_A_91-289_D148E/xray/ca_rest_zinc_bs/output_pdbs/model_6.pdb' starts with './'. This is redundant and strongly discouraged. It can also lead to inconsistent results of the file-matching approach used by Snakemake. You can simply omit the './' for relative file paths.
Relative file path './2XWR_A_91-289_D148E/xray/ca_rest_zinc_bs/output_pdbs/model_7.pdb' starts with './'. This is redundant and strongly discouraged. It can also lead to inconsistent results of the file-matching approach used by Snakemake. You can simply omit the './' for relative file paths.
Relative file path './2XWR_A_91-289_D148E/xray/ca_rest_zinc_bs/output_pdbs/model_8.pdb' starts with './'. This is redundant and strongly discouraged. It can also lead to inconsistent results of the file-matching approach used by Snakemake. You can simply omit the './' for relative file paths.
Relative file path './2XWR_A_91-289_D148E/xray/ca_rest_zinc_bs/output_pdbs/model_9.pdb' starts with './'. This is redundant and strongly discouraged. It can also lead to inconsistent results of the file-matching approach used by Snakemake. You can simply omit the './' for relative file paths.
Relative file path './2XWR_A_91-289_D148E/xray/ca_rest_zinc_bs/output_pdbs/model_10.pdb' starts with './'. This is redundant and strongly discouraged. It can also lead to inconsistent results of the file-matching approach used by Snakemake. You can simply omit the './' for relative file paths.
Relative file path './2XWR_A_91-289_D148E/xray/ca_rest_zinc_bs/output_pdbs/model_11.pdb' starts with './'. This is redundant and strongly discouraged. It can also lead to inconsistent results of the file-matching approach used by Snakemake. You can simply omit the './' for relative file paths.
Relative file path './2XWR_A_91-289_D148E/xray/ca_rest_zinc_bs/output_pdbs/model_12.pdb' starts with './'. This is redundant and strongly discouraged. It can also lead to inconsistent results of the file-matching approach used by Snakemake. You can simply omit the './' for relative file paths.
Relative file path './2XWR_A_91-289_D148E/xray/ca_rest_zinc_bs/output_pdbs/model_13.pdb' starts with './'. This is redundant and strongly discouraged. It can also lead to inconsistent results of the file-matching approach used by Snakemake. You can simply omit the './' for relative file paths.
Relative file path './2XWR_A_91-289_D148E/xray/ca_rest_zinc_bs/output_pdbs/model_14.pdb' starts with './'. This is redundant and strongly discouraged. It can also lead to inconsistent results of the file-matching approach used by Snakemake. You can simply omit the './' for relative file paths.
Relative file path './2XWR_A_91-289_D148E/xray/ca_rest_zinc_bs/output_pdbs/model_15.pdb' starts with './'. This is redundant and strongly discouraged. It can also lead to inconsistent results of the file-matching approach used by Snakemake. You can simply omit the './' for relative file paths.
Relative file path './2XWR_A_91-289_D148E/xray/ca_rest_zinc_bs/output_pdbs/model_16.pdb' starts with './'. This is redundant and strongly discouraged. It can also lead to inconsistent results of the file-matching approach used by Snakemake. You can simply omit the './' for relative file paths.
Relative file path './2XWR_A_91-289_D148E/xray/ca_rest_zinc_bs/output_pdbs/model_17.pdb' starts with './'. This is redundant and strongly discouraged. It can also lead to inconsistent results of the file-matching approach used by Snakemake. You can simply omit the './' for relative file paths.
Relative file path './2XWR_A_91-289_D148E/xray/ca_rest_zinc_bs/output_pdbs/model_18.pdb' starts with './'. This is redundant and strongly discouraged. It can also lead to inconsistent results of the file-matching approach used by Snakemake. You can simply omit the './' for relative file paths.
Relative file path './2XWR_A_91-289_D148E/xray/ca_rest_zinc_bs/output_pdbs/model_19.pdb' starts with './'. This is redundant and strongly discouraged. It can also lead to inconsistent results of the file-matching approach used by Snakemake. You can simply omit the './' for relative file paths.
Relative file path './2XWR_A_91-289_D148E/xray/ca_sc_rest_zinc_bs/output_pdbs/model_ligand_0.pdb' starts with './'. This is redundant and strongly discouraged. It can also lead to inconsistent results of the file-matching approach used by Snakemake. You can simply omit the './' for relative file paths.
Relative file path './2XWR_A_91-289_D148E/xray/ca_sc_rest_zinc_bs/output_pdbs/model_ligand_1.pdb' starts with './'. This is redundant and strongly discouraged. It can also lead to inconsistent results of the file-matching approach used by Snakemake. You can simply omit the './' for relative file paths.
Relative file path './2XWR_A_91-289_D148E/xray/ca_sc_rest_zinc_bs/output_pdbs/model_ligand_2.pdb' starts with './'. This is redundant and strongly discouraged. It can also lead to inconsistent results of the file-matching approach used by Snakemake. You can simply omit the './' for relative file paths.
Relative file path './2XWR_A_91-289_D148E/xray/ca_sc_rest_zinc_bs/output_pdbs/model_ligand_3.pdb' starts with './'. This is redundant and strongly discouraged. It can also lead to inconsistent results of the file-matching approach used by Snakemake. You can simply omit the './' for relative file paths.
Relative file path './2XWR_A_91-289_D148E/xray/ca_sc_rest_zinc_bs/output_pdbs/model_ligand_4.pdb' starts with './'. This is redundant and strongly discouraged. It can also lead to inconsistent results of the file-matching approach used by Snakemake. You can simply omit the './' for relative file paths.
Relative file path './2XWR_A_91-289_D148E/xray/ca_sc_rest_zinc_bs/output_pdbs/model_ligand_5.pdb' starts with './'. This is redundant and strongly discouraged. It can also lead to inconsistent results of the file-matching approach used by Snakemake. You can simply omit the './' for relative file paths.
Relative file path './2XWR_A_91-289_D148E/xray/ca_sc_rest_zinc_bs/output_pdbs/model_ligand_6.pdb' starts with './'. This is redundant and strongly discouraged. It can also lead to inconsistent results of the file-matching approach used by Snakemake. You can simply omit the './' for relative file paths.
Relative file path './2XWR_A_91-289_D148E/xray/ca_sc_rest_zinc_bs/output_pdbs/model_ligand_7.pdb' starts with './'. This is redundant and strongly discouraged. It can also lead to inconsistent results of the file-matching approach used by Snakemake. You can simply omit the './' for relative file paths.
Relative file path './2XWR_A_91-289_D148E/xray/ca_sc_rest_zinc_bs/output_pdbs/model_ligand_8.pdb' starts with './'. This is redundant and strongly discouraged. It can also lead to inconsistent results of the file-matching approach used by Snakemake. You can simply omit the './' for relative file paths.
Relative file path './2XWR_A_91-289_D148E/xray/ca_sc_rest_zinc_bs/output_pdbs/model_ligand_9.pdb' starts with './'. This is redundant and strongly discouraged. It can also lead to inconsistent results of the file-matching approach used by Snakemake. You can simply omit the './' for relative file paths.
Relative file path './2XWR_A_91-289_D148E/xray/ca_sc_rest_zinc_bs/output_pdbs/model_ligand_10.pdb' starts with './'. This is redundant and strongly discouraged. It can also lead to inconsistent results of the file-matching approach used by Snakemake. You can simply omit the './' for relative file paths.
Relative file path './2XWR_A_91-289_D148E/xray/ca_sc_rest_zinc_bs/output_pdbs/model_ligand_11.pdb' starts with './'. This is redundant and strongly discouraged. It can also lead to inconsistent results of the file-matching approach used by Snakemake. You can simply omit the './' for relative file paths.
Relative file path './2XWR_A_91-289_D148E/xray/ca_sc_rest_zinc_bs/output_pdbs/model_ligand_12.pdb' starts with './'. This is redundant and strongly discouraged. It can also lead to inconsistent results of the file-matching approach used by Snakemake. You can simply omit the './' for relative file paths.
Relative file path './2XWR_A_91-289_D148E/xray/ca_sc_rest_zinc_bs/output_pdbs/model_ligand_13.pdb' starts with './'. This is redundant and strongly discouraged. It can also lead to inconsistent results of the file-matching approach used by Snakemake. You can simply omit the './' for relative file paths.
Relative file path './2XWR_A_91-289_D148E/xray/ca_sc_rest_zinc_bs/output_pdbs/model_ligand_14.pdb' starts with './'. This is redundant and strongly discouraged. It can also lead to inconsistent results of the file-matching approach used by Snakemake. You can simply omit the './' for relative file paths.
Relative file path './2XWR_A_91-289_D148E/xray/ca_sc_rest_zinc_bs/output_pdbs/model_ligand_15.pdb' starts with './'. This is redundant and strongly discouraged. It can also lead to inconsistent results of the file-matching approach used by Snakemake. You can simply omit the './' for relative file paths.
Relative file path './2XWR_A_91-289_D148E/xray/ca_sc_rest_zinc_bs/output_pdbs/model_ligand_16.pdb' starts with './'. This is redundant and strongly discouraged. It can also lead to inconsistent results of the file-matching approach used by Snakemake. You can simply omit the './' for relative file paths.
Relative file path './2XWR_A_91-289_D148E/xray/ca_sc_rest_zinc_bs/output_pdbs/model_ligand_17.pdb' starts with './'. This is redundant and strongly discouraged. It can also lead to inconsistent results of the file-matching approach used by Snakemake. You can simply omit the './' for relative file paths.
Relative file path './2XWR_A_91-289_D148E/xray/ca_sc_rest_zinc_bs/output_pdbs/model_ligand_18.pdb' starts with './'. This is redundant and strongly discouraged. It can also lead to inconsistent results of the file-matching approach used by Snakemake. You can simply omit the './' for relative file paths.
Relative file path './2XWR_A_91-289_D148E/xray/ca_sc_rest_zinc_bs/output_pdbs/model_ligand_19.pdb' starts with './'. This is redundant and strongly discouraged. It can also lead to inconsistent results of the file-matching approach used by Snakemake. You can simply omit the './' for relative file paths.
Relative file path './2XWR_A_91-289_D148E/xray/ca_sc_rest_zinc_bs/theseus/theseus_sup.pdb' starts with './'. This is redundant and strongly discouraged. It can also lead to inconsistent results of the file-matching approach used by Snakemake. You can simply omit the './' for relative file paths.
Relative file path './2XWR_A_91-289_D148E/xray/ca_sc_rest_zinc_bs/output_pdbs/model_0.pdb' starts with './'. This is redundant and strongly discouraged. It can also lead to inconsistent results of the file-matching approach used by Snakemake. You can simply omit the './' for relative file paths.
Relative file path './2XWR_A_91-289_D148E/xray/ca_sc_rest_zinc_bs/output_pdbs/model_1.pdb' starts with './'. This is redundant and strongly discouraged. It can also lead to inconsistent results of the file-matching approach used by Snakemake. You can simply omit the './' for relative file paths.
Relative file path './2XWR_A_91-289_D148E/xray/ca_sc_rest_zinc_bs/output_pdbs/model_2.pdb' starts with './'. This is redundant and strongly discouraged. It can also lead to inconsistent results of the file-matching approach used by Snakemake. You can simply omit the './' for relative file paths.
Relative file path './2XWR_A_91-289_D148E/xray/ca_sc_rest_zinc_bs/output_pdbs/model_3.pdb' starts with './'. This is redundant and strongly discouraged. It can also lead to inconsistent results of the file-matching approach used by Snakemake. You can simply omit the './' for relative file paths.
Relative file path './2XWR_A_91-289_D148E/xray/ca_sc_rest_zinc_bs/output_pdbs/model_4.pdb' starts with './'. This is redundant and strongly discouraged. It can also lead to inconsistent results of the file-matching approach used by Snakemake. You can simply omit the './' for relative file paths.
Relative file path './2XWR_A_91-289_D148E/xray/ca_sc_rest_zinc_bs/output_pdbs/model_5.pdb' starts with './'. This is redundant and strongly discouraged. It can also lead to inconsistent results of the file-matching approach used by Snakemake. You can simply omit the './' for relative file paths.
Relative file path './2XWR_A_91-289_D148E/xray/ca_sc_rest_zinc_bs/output_pdbs/model_6.pdb' starts with './'. This is redundant and strongly discouraged. It can also lead to inconsistent results of the file-matching approach used by Snakemake. You can simply omit the './' for relative file paths.
Relative file path './2XWR_A_91-289_D148E/xray/ca_sc_rest_zinc_bs/output_pdbs/model_7.pdb' starts with './'. This is redundant and strongly discouraged. It can also lead to inconsistent results of the file-matching approach used by Snakemake. You can simply omit the './' for relative file paths.
Relative file path './2XWR_A_91-289_D148E/xray/ca_sc_rest_zinc_bs/output_pdbs/model_8.pdb' starts with './'. This is redundant and strongly discouraged. It can also lead to inconsistent results of the file-matching approach used by Snakemake. You can simply omit the './' for relative file paths.
Relative file path './2XWR_A_91-289_D148E/xray/ca_sc_rest_zinc_bs/output_pdbs/model_9.pdb' starts with './'. This is redundant and strongly discouraged. It can also lead to inconsistent results of the file-matching approach used by Snakemake. You can simply omit the './' for relative file paths.
Relative file path './2XWR_A_91-289_D148E/xray/ca_sc_rest_zinc_bs/output_pdbs/model_10.pdb' starts with './'. This is redundant and strongly discouraged. It can also lead to inconsistent results of the file-matching approach used by Snakemake. You can simply omit the './' for relative file paths.
Relative file path './2XWR_A_91-289_D148E/xray/ca_sc_rest_zinc_bs/output_pdbs/model_11.pdb' starts with './'. This is redundant and strongly discouraged. It can also lead to inconsistent results of the file-matching approach used by Snakemake. You can simply omit the './' for relative file paths.
Relative file path './2XWR_A_91-289_D148E/xray/ca_sc_rest_zinc_bs/output_pdbs/model_12.pdb' starts with './'. This is redundant and strongly discouraged. It can also lead to inconsistent results of the file-matching approach used by Snakemake. You can simply omit the './' for relative file paths.
Relative file path './2XWR_A_91-289_D148E/xray/ca_sc_rest_zinc_bs/output_pdbs/model_13.pdb' starts with './'. This is redundant and strongly discouraged. It can also lead to inconsistent results of the file-matching approach used by Snakemake. You can simply omit the './' for relative file paths.
Relative file path './2XWR_A_91-289_D148E/xray/ca_sc_rest_zinc_bs/output_pdbs/model_14.pdb' starts with './'. This is redundant and strongly discouraged. It can also lead to inconsistent results of the file-matching approach used by Snakemake. You can simply omit the './' for relative file paths.
Relative file path './2XWR_A_91-289_D148E/xray/ca_sc_rest_zinc_bs/output_pdbs/model_15.pdb' starts with './'. This is redundant and strongly discouraged. It can also lead to inconsistent results of the file-matching approach used by Snakemake. You can simply omit the './' for relative file paths.
Relative file path './2XWR_A_91-289_D148E/xray/ca_sc_rest_zinc_bs/output_pdbs/model_16.pdb' starts with './'. This is redundant and strongly discouraged. It can also lead to inconsistent results of the file-matching approach used by Snakemake. You can simply omit the './' for relative file paths.
Relative file path './2XWR_A_91-289_D148E/xray/ca_sc_rest_zinc_bs/output_pdbs/model_17.pdb' starts with './'. This is redundant and strongly discouraged. It can also lead to inconsistent results of the file-matching approach used by Snakemake. You can simply omit the './' for relative file paths.
Relative file path './2XWR_A_91-289_D148E/xray/ca_sc_rest_zinc_bs/output_pdbs/model_18.pdb' starts with './'. This is redundant and strongly discouraged. It can also lead to inconsistent results of the file-matching approach used by Snakemake. You can simply omit the './' for relative file paths.
Relative file path './2XWR_A_91-289_D148E/xray/ca_sc_rest_zinc_bs/output_pdbs/model_19.pdb' starts with './'. This is redundant and strongly discouraged. It can also lead to inconsistent results of the file-matching approach used by Snakemake. You can simply omit the './' for relative file paths.
Relative file path './2XWR_A_91-289_D148E/xray/ca_sc_rest_zinc_bs/output_pdbs/model_ligand_0.pdb' starts with './'. This is redundant and strongly discouraged. It can also lead to inconsistent results of the file-matching approach used by Snakemake. You can simply omit the './' for relative file paths.
Relative file path './2XWR_A_91-289_D148E/xray/ca_sc_rest_zinc_bs/output_pdbs/model_ligand_1.pdb' starts with './'. This is redundant and strongly discouraged. It can also lead to inconsistent results of the file-matching approach used by Snakemake. You can simply omit the './' for relative file paths.
Relative file path './2XWR_A_91-289_D148E/xray/ca_sc_rest_zinc_bs/output_pdbs/model_ligand_2.pdb' starts with './'. This is redundant and strongly discouraged. It can also lead to inconsistent results of the file-matching approach used by Snakemake. You can simply omit the './' for relative file paths.
Relative file path './2XWR_A_91-289_D148E/xray/ca_sc_rest_zinc_bs/output_pdbs/model_ligand_3.pdb' starts with './'. This is redundant and strongly discouraged. It can also lead to inconsistent results of the file-matching approach used by Snakemake. You can simply omit the './' for relative file paths.
Relative file path './2XWR_A_91-289_D148E/xray/ca_sc_rest_zinc_bs/output_pdbs/model_ligand_4.pdb' starts with './'. This is redundant and strongly discouraged. It can also lead to inconsistent results of the file-matching approach used by Snakemake. You can simply omit the './' for relative file paths.
Relative file path './2XWR_A_91-289_D148E/xray/ca_sc_rest_zinc_bs/output_pdbs/model_ligand_5.pdb' starts with './'. This is redundant and strongly discouraged. It can also lead to inconsistent results of the file-matching approach used by Snakemake. You can simply omit the './' for relative file paths.
Relative file path './2XWR_A_91-289_D148E/xray/ca_sc_rest_zinc_bs/output_pdbs/model_ligand_6.pdb' starts with './'. This is redundant and strongly discouraged. It can also lead to inconsistent results of the file-matching approach used by Snakemake. You can simply omit the './' for relative file paths.
Relative file path './2XWR_A_91-289_D148E/xray/ca_sc_rest_zinc_bs/output_pdbs/model_ligand_7.pdb' starts with './'. This is redundant and strongly discouraged. It can also lead to inconsistent results of the file-matching approach used by Snakemake. You can simply omit the './' for relative file paths.
Relative file path './2XWR_A_91-289_D148E/xray/ca_sc_rest_zinc_bs/output_pdbs/model_ligand_8.pdb' starts with './'. This is redundant and strongly discouraged. It can also lead to inconsistent results of the file-matching approach used by Snakemake. You can simply omit the './' for relative file paths.
Relative file path './2XWR_A_91-289_D148E/xray/ca_sc_rest_zinc_bs/output_pdbs/model_ligand_9.pdb' starts with './'. This is redundant and strongly discouraged. It can also lead to inconsistent results of the file-matching approach used by Snakemake. You can simply omit the './' for relative file paths.
Relative file path './2XWR_A_91-289_D148E/xray/ca_sc_rest_zinc_bs/output_pdbs/model_ligand_10.pdb' starts with './'. This is redundant and strongly discouraged. It can also lead to inconsistent results of the file-matching approach used by Snakemake. You can simply omit the './' for relative file paths.
Relative file path './2XWR_A_91-289_D148E/xray/ca_sc_rest_zinc_bs/output_pdbs/model_ligand_11.pdb' starts with './'. This is redundant and strongly discouraged. It can also lead to inconsistent results of the file-matching approach used by Snakemake. You can simply omit the './' for relative file paths.
Relative file path './2XWR_A_91-289_D148E/xray/ca_sc_rest_zinc_bs/output_pdbs/model_ligand_12.pdb' starts with './'. This is redundant and strongly discouraged. It can also lead to inconsistent results of the file-matching approach used by Snakemake. You can simply omit the './' for relative file paths.
Relative file path './2XWR_A_91-289_D148E/xray/ca_sc_rest_zinc_bs/output_pdbs/model_ligand_13.pdb' starts with './'. This is redundant and strongly discouraged. It can also lead to inconsistent results of the file-matching approach used by Snakemake. You can simply omit the './' for relative file paths.
Relative file path './2XWR_A_91-289_D148E/xray/ca_sc_rest_zinc_bs/output_pdbs/model_ligand_14.pdb' starts with './'. This is redundant and strongly discouraged. It can also lead to inconsistent results of the file-matching approach used by Snakemake. You can simply omit the './' for relative file paths.
Relative file path './2XWR_A_91-289_D148E/xray/ca_sc_rest_zinc_bs/output_pdbs/model_ligand_15.pdb' starts with './'. This is redundant and strongly discouraged. It can also lead to inconsistent results of the file-matching approach used by Snakemake. You can simply omit the './' for relative file paths.
Relative file path './2XWR_A_91-289_D148E/xray/ca_sc_rest_zinc_bs/output_pdbs/model_ligand_16.pdb' starts with './'. This is redundant and strongly discouraged. It can also lead to inconsistent results of the file-matching approach used by Snakemake. You can simply omit the './' for relative file paths.
Relative file path './2XWR_A_91-289_D148E/xray/ca_sc_rest_zinc_bs/output_pdbs/model_ligand_17.pdb' starts with './'. This is redundant and strongly discouraged. It can also lead to inconsistent results of the file-matching approach used by Snakemake. You can simply omit the './' for relative file paths.
Relative file path './2XWR_A_91-289_D148E/xray/ca_sc_rest_zinc_bs/output_pdbs/model_ligand_18.pdb' starts with './'. This is redundant and strongly discouraged. It can also lead to inconsistent results of the file-matching approach used by Snakemake. You can simply omit the './' for relative file paths.
Relative file path './2XWR_A_91-289_D148E/xray/ca_sc_rest_zinc_bs/output_pdbs/model_ligand_19.pdb' starts with './'. This is redundant and strongly discouraged. It can also lead to inconsistent results of the file-matching approach used by Snakemake. You can simply omit the './' for relative file paths.
Relative file path './input_structures/2XWR_A_ASP148GLU.pdb' starts with './'. This is redundant and strongly discouraged. It can also lead to inconsistent results of the file-matching approach used by Snakemake. You can simply omit the './' for relative file paths.
Relative file path './2XWR_A_91-289_D148E/xray/ca_sc_rest_zinc_bs/output_pdbs/model_0.pdb' starts with './'. This is redundant and strongly discouraged. It can also lead to inconsistent results of the file-matching approach used by Snakemake. You can simply omit the './' for relative file paths.
Relative file path './2XWR_A_91-289_D148E/xray/ca_sc_rest_zinc_bs/output_pdbs/model_1.pdb' starts with './'. This is redundant and strongly discouraged. It can also lead to inconsistent results of the file-matching approach used by Snakemake. You can simply omit the './' for relative file paths.
Relative file path './2XWR_A_91-289_D148E/xray/ca_sc_rest_zinc_bs/output_pdbs/model_2.pdb' starts with './'. This is redundant and strongly discouraged. It can also lead to inconsistent results of the file-matching approach used by Snakemake. You can simply omit the './' for relative file paths.
Relative file path './2XWR_A_91-289_D148E/xray/ca_sc_rest_zinc_bs/output_pdbs/model_3.pdb' starts with './'. This is redundant and strongly discouraged. It can also lead to inconsistent results of the file-matching approach used by Snakemake. You can simply omit the './' for relative file paths.
Relative file path './2XWR_A_91-289_D148E/xray/ca_sc_rest_zinc_bs/output_pdbs/model_4.pdb' starts with './'. This is redundant and strongly discouraged. It can also lead to inconsistent results of the file-matching approach used by Snakemake. You can simply omit the './' for relative file paths.
Relative file path './2XWR_A_91-289_D148E/xray/ca_sc_rest_zinc_bs/output_pdbs/model_5.pdb' starts with './'. This is redundant and strongly discouraged. It can also lead to inconsistent results of the file-matching approach used by Snakemake. You can simply omit the './' for relative file paths.
Relative file path './2XWR_A_91-289_D148E/xray/ca_sc_rest_zinc_bs/output_pdbs/model_6.pdb' starts with './'. This is redundant and strongly discouraged. It can also lead to inconsistent results of the file-matching approach used by Snakemake. You can simply omit the './' for relative file paths.
Relative file path './2XWR_A_91-289_D148E/xray/ca_sc_rest_zinc_bs/output_pdbs/model_7.pdb' starts with './'. This is redundant and strongly discouraged. It can also lead to inconsistent results of the file-matching approach used by Snakemake. You can simply omit the './' for relative file paths.
Relative file path './2XWR_A_91-289_D148E/xray/ca_sc_rest_zinc_bs/output_pdbs/model_8.pdb' starts with './'. This is redundant and strongly discouraged. It can also lead to inconsistent results of the file-matching approach used by Snakemake. You can simply omit the './' for relative file paths.
Relative file path './2XWR_A_91-289_D148E/xray/ca_sc_rest_zinc_bs/output_pdbs/model_9.pdb' starts with './'. This is redundant and strongly discouraged. It can also lead to inconsistent results of the file-matching approach used by Snakemake. You can simply omit the './' for relative file paths.
Relative file path './2XWR_A_91-289_D148E/xray/ca_sc_rest_zinc_bs/output_pdbs/model_10.pdb' starts with './'. This is redundant and strongly discouraged. It can also lead to inconsistent results of the file-matching approach used by Snakemake. You can simply omit the './' for relative file paths.
Relative file path './2XWR_A_91-289_D148E/xray/ca_sc_rest_zinc_bs/output_pdbs/model_11.pdb' starts with './'. This is redundant and strongly discouraged. It can also lead to inconsistent results of the file-matching approach used by Snakemake. You can simply omit the './' for relative file paths.
Relative file path './2XWR_A_91-289_D148E/xray/ca_sc_rest_zinc_bs/output_pdbs/model_12.pdb' starts with './'. This is redundant and strongly discouraged. It can also lead to inconsistent results of the file-matching approach used by Snakemake. You can simply omit the './' for relative file paths.
Relative file path './2XWR_A_91-289_D148E/xray/ca_sc_rest_zinc_bs/output_pdbs/model_13.pdb' starts with './'. This is redundant and strongly discouraged. It can also lead to inconsistent results of the file-matching approach used by Snakemake. You can simply omit the './' for relative file paths.
Relative file path './2XWR_A_91-289_D148E/xray/ca_sc_rest_zinc_bs/output_pdbs/model_14.pdb' starts with './'. This is redundant and strongly discouraged. It can also lead to inconsistent results of the file-matching approach used by Snakemake. You can simply omit the './' for relative file paths.
Relative file path './2XWR_A_91-289_D148E/xray/ca_sc_rest_zinc_bs/output_pdbs/model_15.pdb' starts with './'. This is redundant and strongly discouraged. It can also lead to inconsistent results of the file-matching approach used by Snakemake. You can simply omit the './' for relative file paths.
Relative file path './2XWR_A_91-289_D148E/xray/ca_sc_rest_zinc_bs/output_pdbs/model_16.pdb' starts with './'. This is redundant and strongly discouraged. It can also lead to inconsistent results of the file-matching approach used by Snakemake. You can simply omit the './' for relative file paths.
Relative file path './2XWR_A_91-289_D148E/xray/ca_sc_rest_zinc_bs/output_pdbs/model_17.pdb' starts with './'. This is redundant and strongly discouraged. It can also lead to inconsistent results of the file-matching approach used by Snakemake. You can simply omit the './' for relative file paths.
Relative file path './2XWR_A_91-289_D148E/xray/ca_sc_rest_zinc_bs/output_pdbs/model_18.pdb' starts with './'. This is redundant and strongly discouraged. It can also lead to inconsistent results of the file-matching approach used by Snakemake. You can simply omit the './' for relative file paths.
Relative file path './2XWR_A_91-289_D148E/xray/ca_sc_rest_zinc_bs/output_pdbs/model_19.pdb' starts with './'. This is redundant and strongly discouraged. It can also lead to inconsistent results of the file-matching approach used by Snakemake. You can simply omit the './' for relative file paths.
Relative file path './2XWR_A_91-289_WT/xray/no_restraints/output_pdbs/model_0.pdb' starts with './'. This is redundant and strongly discouraged. It can also lead to inconsistent results of the file-matching approach used by Snakemake. You can simply omit the './' for relative file paths.
Relative file path './2XWR_A_91-289_WT/xray/no_restraints/output_pdbs/model_1.pdb' starts with './'. This is redundant and strongly discouraged. It can also lead to inconsistent results of the file-matching approach used by Snakemake. You can simply omit the './' for relative file paths.
Relative file path './2XWR_A_91-289_WT/xray/no_restraints/output_pdbs/model_2.pdb' starts with './'. This is redundant and strongly discouraged. It can also lead to inconsistent results of the file-matching approach used by Snakemake. You can simply omit the './' for relative file paths.
Relative file path './2XWR_A_91-289_WT/xray/no_restraints/output_pdbs/model_3.pdb' starts with './'. This is redundant and strongly discouraged. It can also lead to inconsistent results of the file-matching approach used by Snakemake. You can simply omit the './' for relative file paths.
Relative file path './2XWR_A_91-289_WT/xray/no_restraints/output_pdbs/model_4.pdb' starts with './'. This is redundant and strongly discouraged. It can also lead to inconsistent results of the file-matching approach used by Snakemake. You can simply omit the './' for relative file paths.
Relative file path './2XWR_A_91-289_WT/xray/no_restraints/output_pdbs/model_5.pdb' starts with './'. This is redundant and strongly discouraged. It can also lead to inconsistent results of the file-matching approach used by Snakemake. You can simply omit the './' for relative file paths.
Relative file path './2XWR_A_91-289_WT/xray/no_restraints/output_pdbs/model_6.pdb' starts with './'. This is redundant and strongly discouraged. It can also lead to inconsistent results of the file-matching approach used by Snakemake. You can simply omit the './' for relative file paths.
Relative file path './2XWR_A_91-289_WT/xray/no_restraints/output_pdbs/model_7.pdb' starts with './'. This is redundant and strongly discouraged. It can also lead to inconsistent results of the file-matching approach used by Snakemake. You can simply omit the './' for relative file paths.
Relative file path './2XWR_A_91-289_WT/xray/no_restraints/output_pdbs/model_8.pdb' starts with './'. This is redundant and strongly discouraged. It can also lead to inconsistent results of the file-matching approach used by Snakemake. You can simply omit the './' for relative file paths.
Relative file path './2XWR_A_91-289_WT/xray/no_restraints/output_pdbs/model_9.pdb' starts with './'. This is redundant and strongly discouraged. It can also lead to inconsistent results of the file-matching approach used by Snakemake. You can simply omit the './' for relative file paths.
Relative file path './2XWR_A_91-289_WT/xray/no_restraints/output_pdbs/model_10.pdb' starts with './'. This is redundant and strongly discouraged. It can also lead to inconsistent results of the file-matching approach used by Snakemake. You can simply omit the './' for relative file paths.
Relative file path './2XWR_A_91-289_WT/xray/no_restraints/output_pdbs/model_11.pdb' starts with './'. This is redundant and strongly discouraged. It can also lead to inconsistent results of the file-matching approach used by Snakemake. You can simply omit the './' for relative file paths.
Relative file path './2XWR_A_91-289_WT/xray/no_restraints/output_pdbs/model_12.pdb' starts with './'. This is redundant and strongly discouraged. It can also lead to inconsistent results of the file-matching approach used by Snakemake. You can simply omit the './' for relative file paths.
Relative file path './2XWR_A_91-289_WT/xray/no_restraints/output_pdbs/model_13.pdb' starts with './'. This is redundant and strongly discouraged. It can also lead to inconsistent results of the file-matching approach used by Snakemake. You can simply omit the './' for relative file paths.
Relative file path './2XWR_A_91-289_WT/xray/no_restraints/output_pdbs/model_14.pdb' starts with './'. This is redundant and strongly discouraged. It can also lead to inconsistent results of the file-matching approach used by Snakemake. You can simply omit the './' for relative file paths.
Relative file path './2XWR_A_91-289_WT/xray/no_restraints/output_pdbs/model_15.pdb' starts with './'. This is redundant and strongly discouraged. It can also lead to inconsistent results of the file-matching approach used by Snakemake. You can simply omit the './' for relative file paths.
Relative file path './2XWR_A_91-289_WT/xray/no_restraints/output_pdbs/model_16.pdb' starts with './'. This is redundant and strongly discouraged. It can also lead to inconsistent results of the file-matching approach used by Snakemake. You can simply omit the './' for relative file paths.
Relative file path './2XWR_A_91-289_WT/xray/no_restraints/output_pdbs/model_17.pdb' starts with './'. This is redundant and strongly discouraged. It can also lead to inconsistent results of the file-matching approach used by Snakemake. You can simply omit the './' for relative file paths.
Relative file path './2XWR_A_91-289_WT/xray/no_restraints/output_pdbs/model_18.pdb' starts with './'. This is redundant and strongly discouraged. It can also lead to inconsistent results of the file-matching approach used by Snakemake. You can simply omit the './' for relative file paths.
Relative file path './2XWR_A_91-289_WT/xray/no_restraints/output_pdbs/model_19.pdb' starts with './'. This is redundant and strongly discouraged. It can also lead to inconsistent results of the file-matching approach used by Snakemake. You can simply omit the './' for relative file paths.
Relative file path './2XWR_A_91-289_WT/xray/no_restraints/theseus/theseus_sup.pdb' starts with './'. This is redundant and strongly discouraged. It can also lead to inconsistent results of the file-matching approach used by Snakemake. You can simply omit the './' for relative file paths.
Relative file path './input_structures/2XWR_A_WT.pdb' starts with './'. This is redundant and strongly discouraged. It can also lead to inconsistent results of the file-matching approach used by Snakemake. You can simply omit the './' for relative file paths.
Relative file path './2XWR_A_91-289_WT/xray/no_restraints/output_pdbs/model_0.pdb' starts with './'. This is redundant and strongly discouraged. It can also lead to inconsistent results of the file-matching approach used by Snakemake. You can simply omit the './' for relative file paths.
Relative file path './2XWR_A_91-289_WT/xray/no_restraints/output_pdbs/model_1.pdb' starts with './'. This is redundant and strongly discouraged. It can also lead to inconsistent results of the file-matching approach used by Snakemake. You can simply omit the './' for relative file paths.
Relative file path './2XWR_A_91-289_WT/xray/no_restraints/output_pdbs/model_2.pdb' starts with './'. This is redundant and strongly discouraged. It can also lead to inconsistent results of the file-matching approach used by Snakemake. You can simply omit the './' for relative file paths.
Relative file path './2XWR_A_91-289_WT/xray/no_restraints/output_pdbs/model_3.pdb' starts with './'. This is redundant and strongly discouraged. It can also lead to inconsistent results of the file-matching approach used by Snakemake. You can simply omit the './' for relative file paths.
Relative file path './2XWR_A_91-289_WT/xray/no_restraints/output_pdbs/model_4.pdb' starts with './'. This is redundant and strongly discouraged. It can also lead to inconsistent results of the file-matching approach used by Snakemake. You can simply omit the './' for relative file paths.
Relative file path './2XWR_A_91-289_WT/xray/no_restraints/output_pdbs/model_5.pdb' starts with './'. This is redundant and strongly discouraged. It can also lead to inconsistent results of the file-matching approach used by Snakemake. You can simply omit the './' for relative file paths.
Relative file path './2XWR_A_91-289_WT/xray/no_restraints/output_pdbs/model_6.pdb' starts with './'. This is redundant and strongly discouraged. It can also lead to inconsistent results of the file-matching approach used by Snakemake. You can simply omit the './' for relative file paths.
Relative file path './2XWR_A_91-289_WT/xray/no_restraints/output_pdbs/model_7.pdb' starts with './'. This is redundant and strongly discouraged. It can also lead to inconsistent results of the file-matching approach used by Snakemake. You can simply omit the './' for relative file paths.
Relative file path './2XWR_A_91-289_WT/xray/no_restraints/output_pdbs/model_8.pdb' starts with './'. This is redundant and strongly discouraged. It can also lead to inconsistent results of the file-matching approach used by Snakemake. You can simply omit the './' for relative file paths.
Relative file path './2XWR_A_91-289_WT/xray/no_restraints/output_pdbs/model_9.pdb' starts with './'. This is redundant and strongly discouraged. It can also lead to inconsistent results of the file-matching approach used by Snakemake. You can simply omit the './' for relative file paths.
Relative file path './2XWR_A_91-289_WT/xray/no_restraints/output_pdbs/model_10.pdb' starts with './'. This is redundant and strongly discouraged. It can also lead to inconsistent results of the file-matching approach used by Snakemake. You can simply omit the './' for relative file paths.
Relative file path './2XWR_A_91-289_WT/xray/no_restraints/output_pdbs/model_11.pdb' starts with './'. This is redundant and strongly discouraged. It can also lead to inconsistent results of the file-matching approach used by Snakemake. You can simply omit the './' for relative file paths.
Relative file path './2XWR_A_91-289_WT/xray/no_restraints/output_pdbs/model_12.pdb' starts with './'. This is redundant and strongly discouraged. It can also lead to inconsistent results of the file-matching approach used by Snakemake. You can simply omit the './' for relative file paths.
Relative file path './2XWR_A_91-289_WT/xray/no_restraints/output_pdbs/model_13.pdb' starts with './'. This is redundant and strongly discouraged. It can also lead to inconsistent results of the file-matching approach used by Snakemake. You can simply omit the './' for relative file paths.
Relative file path './2XWR_A_91-289_WT/xray/no_restraints/output_pdbs/model_14.pdb' starts with './'. This is redundant and strongly discouraged. It can also lead to inconsistent results of the file-matching approach used by Snakemake. You can simply omit the './' for relative file paths.
Relative file path './2XWR_A_91-289_WT/xray/no_restraints/output_pdbs/model_15.pdb' starts with './'. This is redundant and strongly discouraged. It can also lead to inconsistent results of the file-matching approach used by Snakemake. You can simply omit the './' for relative file paths.
Relative file path './2XWR_A_91-289_WT/xray/no_restraints/output_pdbs/model_16.pdb' starts with './'. This is redundant and strongly discouraged. It can also lead to inconsistent results of the file-matching approach used by Snakemake. You can simply omit the './' for relative file paths.
Relative file path './2XWR_A_91-289_WT/xray/no_restraints/output_pdbs/model_17.pdb' starts with './'. This is redundant and strongly discouraged. It can also lead to inconsistent results of the file-matching approach used by Snakemake. You can simply omit the './' for relative file paths.
Relative file path './2XWR_A_91-289_WT/xray/no_restraints/output_pdbs/model_18.pdb' starts with './'. This is redundant and strongly discouraged. It can also lead to inconsistent results of the file-matching approach used by Snakemake. You can simply omit the './' for relative file paths.
Relative file path './2XWR_A_91-289_WT/xray/no_restraints/output_pdbs/model_19.pdb' starts with './'. This is redundant and strongly discouraged. It can also lead to inconsistent results of the file-matching approach used by Snakemake. You can simply omit the './' for relative file paths.
Relative file path './2XWR_A_91-289_WT/xray/ca_rest_zinc_bs/output_pdbs/model_ligand_0.pdb' starts with './'. This is redundant and strongly discouraged. It can also lead to inconsistent results of the file-matching approach used by Snakemake. You can simply omit the './' for relative file paths.
Relative file path './2XWR_A_91-289_WT/xray/ca_rest_zinc_bs/output_pdbs/model_ligand_1.pdb' starts with './'. This is redundant and strongly discouraged. It can also lead to inconsistent results of the file-matching approach used by Snakemake. You can simply omit the './' for relative file paths.
Relative file path './2XWR_A_91-289_WT/xray/ca_rest_zinc_bs/output_pdbs/model_ligand_2.pdb' starts with './'. This is redundant and strongly discouraged. It can also lead to inconsistent results of the file-matching approach used by Snakemake. You can simply omit the './' for relative file paths.
Relative file path './2XWR_A_91-289_WT/xray/ca_rest_zinc_bs/output_pdbs/model_ligand_3.pdb' starts with './'. This is redundant and strongly discouraged. It can also lead to inconsistent results of the file-matching approach used by Snakemake. You can simply omit the './' for relative file paths.
Relative file path './2XWR_A_91-289_WT/xray/ca_rest_zinc_bs/output_pdbs/model_ligand_4.pdb' starts with './'. This is redundant and strongly discouraged. It can also lead to inconsistent results of the file-matching approach used by Snakemake. You can simply omit the './' for relative file paths.
Relative file path './2XWR_A_91-289_WT/xray/ca_rest_zinc_bs/output_pdbs/model_ligand_5.pdb' starts with './'. This is redundant and strongly discouraged. It can also lead to inconsistent results of the file-matching approach used by Snakemake. You can simply omit the './' for relative file paths.
Relative file path './2XWR_A_91-289_WT/xray/ca_rest_zinc_bs/output_pdbs/model_ligand_6.pdb' starts with './'. This is redundant and strongly discouraged. It can also lead to inconsistent results of the file-matching approach used by Snakemake. You can simply omit the './' for relative file paths.
Relative file path './2XWR_A_91-289_WT/xray/ca_rest_zinc_bs/output_pdbs/model_ligand_7.pdb' starts with './'. This is redundant and strongly discouraged. It can also lead to inconsistent results of the file-matching approach used by Snakemake. You can simply omit the './' for relative file paths.
Relative file path './2XWR_A_91-289_WT/xray/ca_rest_zinc_bs/output_pdbs/model_ligand_8.pdb' starts with './'. This is redundant and strongly discouraged. It can also lead to inconsistent results of the file-matching approach used by Snakemake. You can simply omit the './' for relative file paths.
Relative file path './2XWR_A_91-289_WT/xray/ca_rest_zinc_bs/output_pdbs/model_ligand_9.pdb' starts with './'. This is redundant and strongly discouraged. It can also lead to inconsistent results of the file-matching approach used by Snakemake. You can simply omit the './' for relative file paths.
Relative file path './2XWR_A_91-289_WT/xray/ca_rest_zinc_bs/output_pdbs/model_ligand_10.pdb' starts with './'. This is redundant and strongly discouraged. It can also lead to inconsistent results of the file-matching approach used by Snakemake. You can simply omit the './' for relative file paths.
Relative file path './2XWR_A_91-289_WT/xray/ca_rest_zinc_bs/output_pdbs/model_ligand_11.pdb' starts with './'. This is redundant and strongly discouraged. It can also lead to inconsistent results of the file-matching approach used by Snakemake. You can simply omit the './' for relative file paths.
Relative file path './2XWR_A_91-289_WT/xray/ca_rest_zinc_bs/output_pdbs/model_ligand_12.pdb' starts with './'. This is redundant and strongly discouraged. It can also lead to inconsistent results of the file-matching approach used by Snakemake. You can simply omit the './' for relative file paths.
Relative file path './2XWR_A_91-289_WT/xray/ca_rest_zinc_bs/output_pdbs/model_ligand_13.pdb' starts with './'. This is redundant and strongly discouraged. It can also lead to inconsistent results of the file-matching approach used by Snakemake. You can simply omit the './' for relative file paths.
Relative file path './2XWR_A_91-289_WT/xray/ca_rest_zinc_bs/output_pdbs/model_ligand_14.pdb' starts with './'. This is redundant and strongly discouraged. It can also lead to inconsistent results of the file-matching approach used by Snakemake. You can simply omit the './' for relative file paths.
Relative file path './2XWR_A_91-289_WT/xray/ca_rest_zinc_bs/output_pdbs/model_ligand_15.pdb' starts with './'. This is redundant and strongly discouraged. It can also lead to inconsistent results of the file-matching approach used by Snakemake. You can simply omit the './' for relative file paths.
Relative file path './2XWR_A_91-289_WT/xray/ca_rest_zinc_bs/output_pdbs/model_ligand_16.pdb' starts with './'. This is redundant and strongly discouraged. It can also lead to inconsistent results of the file-matching approach used by Snakemake. You can simply omit the './' for relative file paths.
Relative file path './2XWR_A_91-289_WT/xray/ca_rest_zinc_bs/output_pdbs/model_ligand_17.pdb' starts with './'. This is redundant and strongly discouraged. It can also lead to inconsistent results of the file-matching approach used by Snakemake. You can simply omit the './' for relative file paths.
Relative file path './2XWR_A_91-289_WT/xray/ca_rest_zinc_bs/output_pdbs/model_ligand_18.pdb' starts with './'. This is redundant and strongly discouraged. It can also lead to inconsistent results of the file-matching approach used by Snakemake. You can simply omit the './' for relative file paths.
Relative file path './2XWR_A_91-289_WT/xray/ca_rest_zinc_bs/output_pdbs/model_ligand_19.pdb' starts with './'. This is redundant and strongly discouraged. It can also lead to inconsistent results of the file-matching approach used by Snakemake. You can simply omit the './' for relative file paths.
Relative file path './2XWR_A_91-289_WT/xray/ca_rest_zinc_bs/theseus/theseus_sup.pdb' starts with './'. This is redundant and strongly discouraged. It can also lead to inconsistent results of the file-matching approach used by Snakemake. You can simply omit the './' for relative file paths.
Relative file path './2XWR_A_91-289_WT/xray/ca_rest_zinc_bs/output_pdbs/model_0.pdb' starts with './'. This is redundant and strongly discouraged. It can also lead to inconsistent results of the file-matching approach used by Snakemake. You can simply omit the './' for relative file paths.
Relative file path './2XWR_A_91-289_WT/xray/ca_rest_zinc_bs/output_pdbs/model_1.pdb' starts with './'. This is redundant and strongly discouraged. It can also lead to inconsistent results of the file-matching approach used by Snakemake. You can simply omit the './' for relative file paths.
Relative file path './2XWR_A_91-289_WT/xray/ca_rest_zinc_bs/output_pdbs/model_2.pdb' starts with './'. This is redundant and strongly discouraged. It can also lead to inconsistent results of the file-matching approach used by Snakemake. You can simply omit the './' for relative file paths.
Relative file path './2XWR_A_91-289_WT/xray/ca_rest_zinc_bs/output_pdbs/model_3.pdb' starts with './'. This is redundant and strongly discouraged. It can also lead to inconsistent results of the file-matching approach used by Snakemake. You can simply omit the './' for relative file paths.
Relative file path './2XWR_A_91-289_WT/xray/ca_rest_zinc_bs/output_pdbs/model_4.pdb' starts with './'. This is redundant and strongly discouraged. It can also lead to inconsistent results of the file-matching approach used by Snakemake. You can simply omit the './' for relative file paths.
Relative file path './2XWR_A_91-289_WT/xray/ca_rest_zinc_bs/output_pdbs/model_5.pdb' starts with './'. This is redundant and strongly discouraged. It can also lead to inconsistent results of the file-matching approach used by Snakemake. You can simply omit the './' for relative file paths.
Relative file path './2XWR_A_91-289_WT/xray/ca_rest_zinc_bs/output_pdbs/model_6.pdb' starts with './'. This is redundant and strongly discouraged. It can also lead to inconsistent results of the file-matching approach used by Snakemake. You can simply omit the './' for relative file paths.
Relative file path './2XWR_A_91-289_WT/xray/ca_rest_zinc_bs/output_pdbs/model_7.pdb' starts with './'. This is redundant and strongly discouraged. It can also lead to inconsistent results of the file-matching approach used by Snakemake. You can simply omit the './' for relative file paths.
Relative file path './2XWR_A_91-289_WT/xray/ca_rest_zinc_bs/output_pdbs/model_8.pdb' starts with './'. This is redundant and strongly discouraged. It can also lead to inconsistent results of the file-matching approach used by Snakemake. You can simply omit the './' for relative file paths.
Relative file path './2XWR_A_91-289_WT/xray/ca_rest_zinc_bs/output_pdbs/model_9.pdb' starts with './'. This is redundant and strongly discouraged. It can also lead to inconsistent results of the file-matching approach used by Snakemake. You can simply omit the './' for relative file paths.
Relative file path './2XWR_A_91-289_WT/xray/ca_rest_zinc_bs/output_pdbs/model_10.pdb' starts with './'. This is redundant and strongly discouraged. It can also lead to inconsistent results of the file-matching approach used by Snakemake. You can simply omit the './' for relative file paths.
Relative file path './2XWR_A_91-289_WT/xray/ca_rest_zinc_bs/output_pdbs/model_11.pdb' starts with './'. This is redundant and strongly discouraged. It can also lead to inconsistent results of the file-matching approach used by Snakemake. You can simply omit the './' for relative file paths.
Relative file path './2XWR_A_91-289_WT/xray/ca_rest_zinc_bs/output_pdbs/model_12.pdb' starts with './'. This is redundant and strongly discouraged. It can also lead to inconsistent results of the file-matching approach used by Snakemake. You can simply omit the './' for relative file paths.
Relative file path './2XWR_A_91-289_WT/xray/ca_rest_zinc_bs/output_pdbs/model_13.pdb' starts with './'. This is redundant and strongly discouraged. It can also lead to inconsistent results of the file-matching approach used by Snakemake. You can simply omit the './' for relative file paths.
Relative file path './2XWR_A_91-289_WT/xray/ca_rest_zinc_bs/output_pdbs/model_14.pdb' starts with './'. This is redundant and strongly discouraged. It can also lead to inconsistent results of the file-matching approach used by Snakemake. You can simply omit the './' for relative file paths.
Relative file path './2XWR_A_91-289_WT/xray/ca_rest_zinc_bs/output_pdbs/model_15.pdb' starts with './'. This is redundant and strongly discouraged. It can also lead to inconsistent results of the file-matching approach used by Snakemake. You can simply omit the './' for relative file paths.
Relative file path './2XWR_A_91-289_WT/xray/ca_rest_zinc_bs/output_pdbs/model_16.pdb' starts with './'. This is redundant and strongly discouraged. It can also lead to inconsistent results of the file-matching approach used by Snakemake. You can simply omit the './' for relative file paths.
Relative file path './2XWR_A_91-289_WT/xray/ca_rest_zinc_bs/output_pdbs/model_17.pdb' starts with './'. This is redundant and strongly discouraged. It can also lead to inconsistent results of the file-matching approach used by Snakemake. You can simply omit the './' for relative file paths.
Relative file path './2XWR_A_91-289_WT/xray/ca_rest_zinc_bs/output_pdbs/model_18.pdb' starts with './'. This is redundant and strongly discouraged. It can also lead to inconsistent results of the file-matching approach used by Snakemake. You can simply omit the './' for relative file paths.
Relative file path './2XWR_A_91-289_WT/xray/ca_rest_zinc_bs/output_pdbs/model_19.pdb' starts with './'. This is redundant and strongly discouraged. It can also lead to inconsistent results of the file-matching approach used by Snakemake. You can simply omit the './' for relative file paths.
Relative file path './2XWR_A_91-289_WT/xray/ca_rest_zinc_bs/output_pdbs/model_ligand_0.pdb' starts with './'. This is redundant and strongly discouraged. It can also lead to inconsistent results of the file-matching approach used by Snakemake. You can simply omit the './' for relative file paths.
Relative file path './2XWR_A_91-289_WT/xray/ca_rest_zinc_bs/output_pdbs/model_ligand_1.pdb' starts with './'. This is redundant and strongly discouraged. It can also lead to inconsistent results of the file-matching approach used by Snakemake. You can simply omit the './' for relative file paths.
Relative file path './2XWR_A_91-289_WT/xray/ca_rest_zinc_bs/output_pdbs/model_ligand_2.pdb' starts with './'. This is redundant and strongly discouraged. It can also lead to inconsistent results of the file-matching approach used by Snakemake. You can simply omit the './' for relative file paths.
Relative file path './2XWR_A_91-289_WT/xray/ca_rest_zinc_bs/output_pdbs/model_ligand_3.pdb' starts with './'. This is redundant and strongly discouraged. It can also lead to inconsistent results of the file-matching approach used by Snakemake. You can simply omit the './' for relative file paths.
Relative file path './2XWR_A_91-289_WT/xray/ca_rest_zinc_bs/output_pdbs/model_ligand_4.pdb' starts with './'. This is redundant and strongly discouraged. It can also lead to inconsistent results of the file-matching approach used by Snakemake. You can simply omit the './' for relative file paths.
Relative file path './2XWR_A_91-289_WT/xray/ca_rest_zinc_bs/output_pdbs/model_ligand_5.pdb' starts with './'. This is redundant and strongly discouraged. It can also lead to inconsistent results of the file-matching approach used by Snakemake. You can simply omit the './' for relative file paths.
Relative file path './2XWR_A_91-289_WT/xray/ca_rest_zinc_bs/output_pdbs/model_ligand_6.pdb' starts with './'. This is redundant and strongly discouraged. It can also lead to inconsistent results of the file-matching approach used by Snakemake. You can simply omit the './' for relative file paths.
Relative file path './2XWR_A_91-289_WT/xray/ca_rest_zinc_bs/output_pdbs/model_ligand_7.pdb' starts with './'. This is redundant and strongly discouraged. It can also lead to inconsistent results of the file-matching approach used by Snakemake. You can simply omit the './' for relative file paths.
Relative file path './2XWR_A_91-289_WT/xray/ca_rest_zinc_bs/output_pdbs/model_ligand_8.pdb' starts with './'. This is redundant and strongly discouraged. It can also lead to inconsistent results of the file-matching approach used by Snakemake. You can simply omit the './' for relative file paths.
Relative file path './2XWR_A_91-289_WT/xray/ca_rest_zinc_bs/output_pdbs/model_ligand_9.pdb' starts with './'. This is redundant and strongly discouraged. It can also lead to inconsistent results of the file-matching approach used by Snakemake. You can simply omit the './' for relative file paths.
Relative file path './2XWR_A_91-289_WT/xray/ca_rest_zinc_bs/output_pdbs/model_ligand_10.pdb' starts with './'. This is redundant and strongly discouraged. It can also lead to inconsistent results of the file-matching approach used by Snakemake. You can simply omit the './' for relative file paths.
Relative file path './2XWR_A_91-289_WT/xray/ca_rest_zinc_bs/output_pdbs/model_ligand_11.pdb' starts with './'. This is redundant and strongly discouraged. It can also lead to inconsistent results of the file-matching approach used by Snakemake. You can simply omit the './' for relative file paths.
Relative file path './2XWR_A_91-289_WT/xray/ca_rest_zinc_bs/output_pdbs/model_ligand_12.pdb' starts with './'. This is redundant and strongly discouraged. It can also lead to inconsistent results of the file-matching approach used by Snakemake. You can simply omit the './' for relative file paths.
Relative file path './2XWR_A_91-289_WT/xray/ca_rest_zinc_bs/output_pdbs/model_ligand_13.pdb' starts with './'. This is redundant and strongly discouraged. It can also lead to inconsistent results of the file-matching approach used by Snakemake. You can simply omit the './' for relative file paths.
Relative file path './2XWR_A_91-289_WT/xray/ca_rest_zinc_bs/output_pdbs/model_ligand_14.pdb' starts with './'. This is redundant and strongly discouraged. It can also lead to inconsistent results of the file-matching approach used by Snakemake. You can simply omit the './' for relative file paths.
Relative file path './2XWR_A_91-289_WT/xray/ca_rest_zinc_bs/output_pdbs/model_ligand_15.pdb' starts with './'. This is redundant and strongly discouraged. It can also lead to inconsistent results of the file-matching approach used by Snakemake. You can simply omit the './' for relative file paths.
Relative file path './2XWR_A_91-289_WT/xray/ca_rest_zinc_bs/output_pdbs/model_ligand_16.pdb' starts with './'. This is redundant and strongly discouraged. It can also lead to inconsistent results of the file-matching approach used by Snakemake. You can simply omit the './' for relative file paths.
Relative file path './2XWR_A_91-289_WT/xray/ca_rest_zinc_bs/output_pdbs/model_ligand_17.pdb' starts with './'. This is redundant and strongly discouraged. It can also lead to inconsistent results of the file-matching approach used by Snakemake. You can simply omit the './' for relative file paths.
Relative file path './2XWR_A_91-289_WT/xray/ca_rest_zinc_bs/output_pdbs/model_ligand_18.pdb' starts with './'. This is redundant and strongly discouraged. It can also lead to inconsistent results of the file-matching approach used by Snakemake. You can simply omit the './' for relative file paths.
Relative file path './2XWR_A_91-289_WT/xray/ca_rest_zinc_bs/output_pdbs/model_ligand_19.pdb' starts with './'. This is redundant and strongly discouraged. It can also lead to inconsistent results of the file-matching approach used by Snakemake. You can simply omit the './' for relative file paths.
Relative file path './input_structures/2XWR_A_WT.pdb' starts with './'. This is redundant and strongly discouraged. It can also lead to inconsistent results of the file-matching approach used by Snakemake. You can simply omit the './' for relative file paths.
Relative file path './2XWR_A_91-289_WT/xray/ca_rest_zinc_bs/output_pdbs/model_0.pdb' starts with './'. This is redundant and strongly discouraged. It can also lead to inconsistent results of the file-matching approach used by Snakemake. You can simply omit the './' for relative file paths.
Relative file path './2XWR_A_91-289_WT/xray/ca_rest_zinc_bs/output_pdbs/model_1.pdb' starts with './'. This is redundant and strongly discouraged. It can also lead to inconsistent results of the file-matching approach used by Snakemake. You can simply omit the './' for relative file paths.
Relative file path './2XWR_A_91-289_WT/xray/ca_rest_zinc_bs/output_pdbs/model_2.pdb' starts with './'. This is redundant and strongly discouraged. It can also lead to inconsistent results of the file-matching approach used by Snakemake. You can simply omit the './' for relative file paths.
Relative file path './2XWR_A_91-289_WT/xray/ca_rest_zinc_bs/output_pdbs/model_3.pdb' starts with './'. This is redundant and strongly discouraged. It can also lead to inconsistent results of the file-matching approach used by Snakemake. You can simply omit the './' for relative file paths.
Relative file path './2XWR_A_91-289_WT/xray/ca_rest_zinc_bs/output_pdbs/model_4.pdb' starts with './'. This is redundant and strongly discouraged. It can also lead to inconsistent results of the file-matching approach used by Snakemake. You can simply omit the './' for relative file paths.
Relative file path './2XWR_A_91-289_WT/xray/ca_rest_zinc_bs/output_pdbs/model_5.pdb' starts with './'. This is redundant and strongly discouraged. It can also lead to inconsistent results of the file-matching approach used by Snakemake. You can simply omit the './' for relative file paths.
Relative file path './2XWR_A_91-289_WT/xray/ca_rest_zinc_bs/output_pdbs/model_6.pdb' starts with './'. This is redundant and strongly discouraged. It can also lead to inconsistent results of the file-matching approach used by Snakemake. You can simply omit the './' for relative file paths.
Relative file path './2XWR_A_91-289_WT/xray/ca_rest_zinc_bs/output_pdbs/model_7.pdb' starts with './'. This is redundant and strongly discouraged. It can also lead to inconsistent results of the file-matching approach used by Snakemake. You can simply omit the './' for relative file paths.
Relative file path './2XWR_A_91-289_WT/xray/ca_rest_zinc_bs/output_pdbs/model_8.pdb' starts with './'. This is redundant and strongly discouraged. It can also lead to inconsistent results of the file-matching approach used by Snakemake. You can simply omit the './' for relative file paths.
Relative file path './2XWR_A_91-289_WT/xray/ca_rest_zinc_bs/output_pdbs/model_9.pdb' starts with './'. This is redundant and strongly discouraged. It can also lead to inconsistent results of the file-matching approach used by Snakemake. You can simply omit the './' for relative file paths.
Relative file path './2XWR_A_91-289_WT/xray/ca_rest_zinc_bs/output_pdbs/model_10.pdb' starts with './'. This is redundant and strongly discouraged. It can also lead to inconsistent results of the file-matching approach used by Snakemake. You can simply omit the './' for relative file paths.
Relative file path './2XWR_A_91-289_WT/xray/ca_rest_zinc_bs/output_pdbs/model_11.pdb' starts with './'. This is redundant and strongly discouraged. It can also lead to inconsistent results of the file-matching approach used by Snakemake. You can simply omit the './' for relative file paths.
Relative file path './2XWR_A_91-289_WT/xray/ca_rest_zinc_bs/output_pdbs/model_12.pdb' starts with './'. This is redundant and strongly discouraged. It can also lead to inconsistent results of the file-matching approach used by Snakemake. You can simply omit the './' for relative file paths.
Relative file path './2XWR_A_91-289_WT/xray/ca_rest_zinc_bs/output_pdbs/model_13.pdb' starts with './'. This is redundant and strongly discouraged. It can also lead to inconsistent results of the file-matching approach used by Snakemake. You can simply omit the './' for relative file paths.
Relative file path './2XWR_A_91-289_WT/xray/ca_rest_zinc_bs/output_pdbs/model_14.pdb' starts with './'. This is redundant and strongly discouraged. It can also lead to inconsistent results of the file-matching approach used by Snakemake. You can simply omit the './' for relative file paths.
Relative file path './2XWR_A_91-289_WT/xray/ca_rest_zinc_bs/output_pdbs/model_15.pdb' starts with './'. This is redundant and strongly discouraged. It can also lead to inconsistent results of the file-matching approach used by Snakemake. You can simply omit the './' for relative file paths.
Relative file path './2XWR_A_91-289_WT/xray/ca_rest_zinc_bs/output_pdbs/model_16.pdb' starts with './'. This is redundant and strongly discouraged. It can also lead to inconsistent results of the file-matching approach used by Snakemake. You can simply omit the './' for relative file paths.
Relative file path './2XWR_A_91-289_WT/xray/ca_rest_zinc_bs/output_pdbs/model_17.pdb' starts with './'. This is redundant and strongly discouraged. It can also lead to inconsistent results of the file-matching approach used by Snakemake. You can simply omit the './' for relative file paths.
Relative file path './2XWR_A_91-289_WT/xray/ca_rest_zinc_bs/output_pdbs/model_18.pdb' starts with './'. This is redundant and strongly discouraged. It can also lead to inconsistent results of the file-matching approach used by Snakemake. You can simply omit the './' for relative file paths.
Relative file path './2XWR_A_91-289_WT/xray/ca_rest_zinc_bs/output_pdbs/model_19.pdb' starts with './'. This is redundant and strongly discouraged. It can also lead to inconsistent results of the file-matching approach used by Snakemake. You can simply omit the './' for relative file paths.
Relative file path './2XWR_A_91-289_WT/xray/ca_sc_rest_zinc_bs/output_pdbs/model_ligand_0.pdb' starts with './'. This is redundant and strongly discouraged. It can also lead to inconsistent results of the file-matching approach used by Snakemake. You can simply omit the './' for relative file paths.
Relative file path './2XWR_A_91-289_WT/xray/ca_sc_rest_zinc_bs/output_pdbs/model_ligand_1.pdb' starts with './'. This is redundant and strongly discouraged. It can also lead to inconsistent results of the file-matching approach used by Snakemake. You can simply omit the './' for relative file paths.
Relative file path './2XWR_A_91-289_WT/xray/ca_sc_rest_zinc_bs/output_pdbs/model_ligand_2.pdb' starts with './'. This is redundant and strongly discouraged. It can also lead to inconsistent results of the file-matching approach used by Snakemake. You can simply omit the './' for relative file paths.
Relative file path './2XWR_A_91-289_WT/xray/ca_sc_rest_zinc_bs/output_pdbs/model_ligand_3.pdb' starts with './'. This is redundant and strongly discouraged. It can also lead to inconsistent results of the file-matching approach used by Snakemake. You can simply omit the './' for relative file paths.
Relative file path './2XWR_A_91-289_WT/xray/ca_sc_rest_zinc_bs/output_pdbs/model_ligand_4.pdb' starts with './'. This is redundant and strongly discouraged. It can also lead to inconsistent results of the file-matching approach used by Snakemake. You can simply omit the './' for relative file paths.
Relative file path './2XWR_A_91-289_WT/xray/ca_sc_rest_zinc_bs/output_pdbs/model_ligand_5.pdb' starts with './'. This is redundant and strongly discouraged. It can also lead to inconsistent results of the file-matching approach used by Snakemake. You can simply omit the './' for relative file paths.
Relative file path './2XWR_A_91-289_WT/xray/ca_sc_rest_zinc_bs/output_pdbs/model_ligand_6.pdb' starts with './'. This is redundant and strongly discouraged. It can also lead to inconsistent results of the file-matching approach used by Snakemake. You can simply omit the './' for relative file paths.
Relative file path './2XWR_A_91-289_WT/xray/ca_sc_rest_zinc_bs/output_pdbs/model_ligand_7.pdb' starts with './'. This is redundant and strongly discouraged. It can also lead to inconsistent results of the file-matching approach used by Snakemake. You can simply omit the './' for relative file paths.
Relative file path './2XWR_A_91-289_WT/xray/ca_sc_rest_zinc_bs/output_pdbs/model_ligand_8.pdb' starts with './'. This is redundant and strongly discouraged. It can also lead to inconsistent results of the file-matching approach used by Snakemake. You can simply omit the './' for relative file paths.
Relative file path './2XWR_A_91-289_WT/xray/ca_sc_rest_zinc_bs/output_pdbs/model_ligand_9.pdb' starts with './'. This is redundant and strongly discouraged. It can also lead to inconsistent results of the file-matching approach used by Snakemake. You can simply omit the './' for relative file paths.
Relative file path './2XWR_A_91-289_WT/xray/ca_sc_rest_zinc_bs/output_pdbs/model_ligand_10.pdb' starts with './'. This is redundant and strongly discouraged. It can also lead to inconsistent results of the file-matching approach used by Snakemake. You can simply omit the './' for relative file paths.
Relative file path './2XWR_A_91-289_WT/xray/ca_sc_rest_zinc_bs/output_pdbs/model_ligand_11.pdb' starts with './'. This is redundant and strongly discouraged. It can also lead to inconsistent results of the file-matching approach used by Snakemake. You can simply omit the './' for relative file paths.
Relative file path './2XWR_A_91-289_WT/xray/ca_sc_rest_zinc_bs/output_pdbs/model_ligand_12.pdb' starts with './'. This is redundant and strongly discouraged. It can also lead to inconsistent results of the file-matching approach used by Snakemake. You can simply omit the './' for relative file paths.
Relative file path './2XWR_A_91-289_WT/xray/ca_sc_rest_zinc_bs/output_pdbs/model_ligand_13.pdb' starts with './'. This is redundant and strongly discouraged. It can also lead to inconsistent results of the file-matching approach used by Snakemake. You can simply omit the './' for relative file paths.
Relative file path './2XWR_A_91-289_WT/xray/ca_sc_rest_zinc_bs/output_pdbs/model_ligand_14.pdb' starts with './'. This is redundant and strongly discouraged. It can also lead to inconsistent results of the file-matching approach used by Snakemake. You can simply omit the './' for relative file paths.
Relative file path './2XWR_A_91-289_WT/xray/ca_sc_rest_zinc_bs/output_pdbs/model_ligand_15.pdb' starts with './'. This is redundant and strongly discouraged. It can also lead to inconsistent results of the file-matching approach used by Snakemake. You can simply omit the './' for relative file paths.
Relative file path './2XWR_A_91-289_WT/xray/ca_sc_rest_zinc_bs/output_pdbs/model_ligand_16.pdb' starts with './'. This is redundant and strongly discouraged. It can also lead to inconsistent results of the file-matching approach used by Snakemake. You can simply omit the './' for relative file paths.
Relative file path './2XWR_A_91-289_WT/xray/ca_sc_rest_zinc_bs/output_pdbs/model_ligand_17.pdb' starts with './'. This is redundant and strongly discouraged. It can also lead to inconsistent results of the file-matching approach used by Snakemake. You can simply omit the './' for relative file paths.
Relative file path './2XWR_A_91-289_WT/xray/ca_sc_rest_zinc_bs/output_pdbs/model_ligand_18.pdb' starts with './'. This is redundant and strongly discouraged. It can also lead to inconsistent results of the file-matching approach used by Snakemake. You can simply omit the './' for relative file paths.
Relative file path './2XWR_A_91-289_WT/xray/ca_sc_rest_zinc_bs/output_pdbs/model_ligand_19.pdb' starts with './'. This is redundant and strongly discouraged. It can also lead to inconsistent results of the file-matching approach used by Snakemake. You can simply omit the './' for relative file paths.
Relative file path './2XWR_A_91-289_WT/xray/ca_sc_rest_zinc_bs/theseus/theseus_sup.pdb' starts with './'. This is redundant and strongly discouraged. It can also lead to inconsistent results of the file-matching approach used by Snakemake. You can simply omit the './' for relative file paths.
Relative file path './2XWR_A_91-289_WT/xray/ca_sc_rest_zinc_bs/output_pdbs/model_0.pdb' starts with './'. This is redundant and strongly discouraged. It can also lead to inconsistent results of the file-matching approach used by Snakemake. You can simply omit the './' for relative file paths.
Relative file path './2XWR_A_91-289_WT/xray/ca_sc_rest_zinc_bs/output_pdbs/model_1.pdb' starts with './'. This is redundant and strongly discouraged. It can also lead to inconsistent results of the file-matching approach used by Snakemake. You can simply omit the './' for relative file paths.
Relative file path './2XWR_A_91-289_WT/xray/ca_sc_rest_zinc_bs/output_pdbs/model_2.pdb' starts with './'. This is redundant and strongly discouraged. It can also lead to inconsistent results of the file-matching approach used by Snakemake. You can simply omit the './' for relative file paths.
Relative file path './2XWR_A_91-289_WT/xray/ca_sc_rest_zinc_bs/output_pdbs/model_3.pdb' starts with './'. This is redundant and strongly discouraged. It can also lead to inconsistent results of the file-matching approach used by Snakemake. You can simply omit the './' for relative file paths.
Relative file path './2XWR_A_91-289_WT/xray/ca_sc_rest_zinc_bs/output_pdbs/model_4.pdb' starts with './'. This is redundant and strongly discouraged. It can also lead to inconsistent results of the file-matching approach used by Snakemake. You can simply omit the './' for relative file paths.
Relative file path './2XWR_A_91-289_WT/xray/ca_sc_rest_zinc_bs/output_pdbs/model_5.pdb' starts with './'. This is redundant and strongly discouraged. It can also lead to inconsistent results of the file-matching approach used by Snakemake. You can simply omit the './' for relative file paths.
Relative file path './2XWR_A_91-289_WT/xray/ca_sc_rest_zinc_bs/output_pdbs/model_6.pdb' starts with './'. This is redundant and strongly discouraged. It can also lead to inconsistent results of the file-matching approach used by Snakemake. You can simply omit the './' for relative file paths.
Relative file path './2XWR_A_91-289_WT/xray/ca_sc_rest_zinc_bs/output_pdbs/model_7.pdb' starts with './'. This is redundant and strongly discouraged. It can also lead to inconsistent results of the file-matching approach used by Snakemake. You can simply omit the './' for relative file paths.
Relative file path './2XWR_A_91-289_WT/xray/ca_sc_rest_zinc_bs/output_pdbs/model_8.pdb' starts with './'. This is redundant and strongly discouraged. It can also lead to inconsistent results of the file-matching approach used by Snakemake. You can simply omit the './' for relative file paths.
Relative file path './2XWR_A_91-289_WT/xray/ca_sc_rest_zinc_bs/output_pdbs/model_9.pdb' starts with './'. This is redundant and strongly discouraged. It can also lead to inconsistent results of the file-matching approach used by Snakemake. You can simply omit the './' for relative file paths.
Relative file path './2XWR_A_91-289_WT/xray/ca_sc_rest_zinc_bs/output_pdbs/model_10.pdb' starts with './'. This is redundant and strongly discouraged. It can also lead to inconsistent results of the file-matching approach used by Snakemake. You can simply omit the './' for relative file paths.
Relative file path './2XWR_A_91-289_WT/xray/ca_sc_rest_zinc_bs/output_pdbs/model_11.pdb' starts with './'. This is redundant and strongly discouraged. It can also lead to inconsistent results of the file-matching approach used by Snakemake. You can simply omit the './' for relative file paths.
Relative file path './2XWR_A_91-289_WT/xray/ca_sc_rest_zinc_bs/output_pdbs/model_12.pdb' starts with './'. This is redundant and strongly discouraged. It can also lead to inconsistent results of the file-matching approach used by Snakemake. You can simply omit the './' for relative file paths.
Relative file path './2XWR_A_91-289_WT/xray/ca_sc_rest_zinc_bs/output_pdbs/model_13.pdb' starts with './'. This is redundant and strongly discouraged. It can also lead to inconsistent results of the file-matching approach used by Snakemake. You can simply omit the './' for relative file paths.
Relative file path './2XWR_A_91-289_WT/xray/ca_sc_rest_zinc_bs/output_pdbs/model_14.pdb' starts with './'. This is redundant and strongly discouraged. It can also lead to inconsistent results of the file-matching approach used by Snakemake. You can simply omit the './' for relative file paths.
Relative file path './2XWR_A_91-289_WT/xray/ca_sc_rest_zinc_bs/output_pdbs/model_15.pdb' starts with './'. This is redundant and strongly discouraged. It can also lead to inconsistent results of the file-matching approach used by Snakemake. You can simply omit the './' for relative file paths.
Relative file path './2XWR_A_91-289_WT/xray/ca_sc_rest_zinc_bs/output_pdbs/model_16.pdb' starts with './'. This is redundant and strongly discouraged. It can also lead to inconsistent results of the file-matching approach used by Snakemake. You can simply omit the './' for relative file paths.
Relative file path './2XWR_A_91-289_WT/xray/ca_sc_rest_zinc_bs/output_pdbs/model_17.pdb' starts with './'. This is redundant and strongly discouraged. It can also lead to inconsistent results of the file-matching approach used by Snakemake. You can simply omit the './' for relative file paths.
Relative file path './2XWR_A_91-289_WT/xray/ca_sc_rest_zinc_bs/output_pdbs/model_18.pdb' starts with './'. This is redundant and strongly discouraged. It can also lead to inconsistent results of the file-matching approach used by Snakemake. You can simply omit the './' for relative file paths.
Relative file path './2XWR_A_91-289_WT/xray/ca_sc_rest_zinc_bs/output_pdbs/model_19.pdb' starts with './'. This is redundant and strongly discouraged. It can also lead to inconsistent results of the file-matching approach used by Snakemake. You can simply omit the './' for relative file paths.
Relative file path './2XWR_A_91-289_WT/xray/ca_sc_rest_zinc_bs/output_pdbs/model_ligand_0.pdb' starts with './'. This is redundant and strongly discouraged. It can also lead to inconsistent results of the file-matching approach used by Snakemake. You can simply omit the './' for relative file paths.
Relative file path './2XWR_A_91-289_WT/xray/ca_sc_rest_zinc_bs/output_pdbs/model_ligand_1.pdb' starts with './'. This is redundant and strongly discouraged. It can also lead to inconsistent results of the file-matching approach used by Snakemake. You can simply omit the './' for relative file paths.
Relative file path './2XWR_A_91-289_WT/xray/ca_sc_rest_zinc_bs/output_pdbs/model_ligand_2.pdb' starts with './'. This is redundant and strongly discouraged. It can also lead to inconsistent results of the file-matching approach used by Snakemake. You can simply omit the './' for relative file paths.
Relative file path './2XWR_A_91-289_WT/xray/ca_sc_rest_zinc_bs/output_pdbs/model_ligand_3.pdb' starts with './'. This is redundant and strongly discouraged. It can also lead to inconsistent results of the file-matching approach used by Snakemake. You can simply omit the './' for relative file paths.
Relative file path './2XWR_A_91-289_WT/xray/ca_sc_rest_zinc_bs/output_pdbs/model_ligand_4.pdb' starts with './'. This is redundant and strongly discouraged. It can also lead to inconsistent results of the file-matching approach used by Snakemake. You can simply omit the './' for relative file paths.
Relative file path './2XWR_A_91-289_WT/xray/ca_sc_rest_zinc_bs/output_pdbs/model_ligand_5.pdb' starts with './'. This is redundant and strongly discouraged. It can also lead to inconsistent results of the file-matching approach used by Snakemake. You can simply omit the './' for relative file paths.
Relative file path './2XWR_A_91-289_WT/xray/ca_sc_rest_zinc_bs/output_pdbs/model_ligand_6.pdb' starts with './'. This is redundant and strongly discouraged. It can also lead to inconsistent results of the file-matching approach used by Snakemake. You can simply omit the './' for relative file paths.
Relative file path './2XWR_A_91-289_WT/xray/ca_sc_rest_zinc_bs/output_pdbs/model_ligand_7.pdb' starts with './'. This is redundant and strongly discouraged. It can also lead to inconsistent results of the file-matching approach used by Snakemake. You can simply omit the './' for relative file paths.
Relative file path './2XWR_A_91-289_WT/xray/ca_sc_rest_zinc_bs/output_pdbs/model_ligand_8.pdb' starts with './'. This is redundant and strongly discouraged. It can also lead to inconsistent results of the file-matching approach used by Snakemake. You can simply omit the './' for relative file paths.
Relative file path './2XWR_A_91-289_WT/xray/ca_sc_rest_zinc_bs/output_pdbs/model_ligand_9.pdb' starts with './'. This is redundant and strongly discouraged. It can also lead to inconsistent results of the file-matching approach used by Snakemake. You can simply omit the './' for relative file paths.
Relative file path './2XWR_A_91-289_WT/xray/ca_sc_rest_zinc_bs/output_pdbs/model_ligand_10.pdb' starts with './'. This is redundant and strongly discouraged. It can also lead to inconsistent results of the file-matching approach used by Snakemake. You can simply omit the './' for relative file paths.
Relative file path './2XWR_A_91-289_WT/xray/ca_sc_rest_zinc_bs/output_pdbs/model_ligand_11.pdb' starts with './'. This is redundant and strongly discouraged. It can also lead to inconsistent results of the file-matching approach used by Snakemake. You can simply omit the './' for relative file paths.
Relative file path './2XWR_A_91-289_WT/xray/ca_sc_rest_zinc_bs/output_pdbs/model_ligand_12.pdb' starts with './'. This is redundant and strongly discouraged. It can also lead to inconsistent results of the file-matching approach used by Snakemake. You can simply omit the './' for relative file paths.
Relative file path './2XWR_A_91-289_WT/xray/ca_sc_rest_zinc_bs/output_pdbs/model_ligand_13.pdb' starts with './'. This is redundant and strongly discouraged. It can also lead to inconsistent results of the file-matching approach used by Snakemake. You can simply omit the './' for relative file paths.
Relative file path './2XWR_A_91-289_WT/xray/ca_sc_rest_zinc_bs/output_pdbs/model_ligand_14.pdb' starts with './'. This is redundant and strongly discouraged. It can also lead to inconsistent results of the file-matching approach used by Snakemake. You can simply omit the './' for relative file paths.
Relative file path './2XWR_A_91-289_WT/xray/ca_sc_rest_zinc_bs/output_pdbs/model_ligand_15.pdb' starts with './'. This is redundant and strongly discouraged. It can also lead to inconsistent results of the file-matching approach used by Snakemake. You can simply omit the './' for relative file paths.
Relative file path './2XWR_A_91-289_WT/xray/ca_sc_rest_zinc_bs/output_pdbs/model_ligand_16.pdb' starts with './'. This is redundant and strongly discouraged. It can also lead to inconsistent results of the file-matching approach used by Snakemake. You can simply omit the './' for relative file paths.
Relative file path './2XWR_A_91-289_WT/xray/ca_sc_rest_zinc_bs/output_pdbs/model_ligand_17.pdb' starts with './'. This is redundant and strongly discouraged. It can also lead to inconsistent results of the file-matching approach used by Snakemake. You can simply omit the './' for relative file paths.
Relative file path './2XWR_A_91-289_WT/xray/ca_sc_rest_zinc_bs/output_pdbs/model_ligand_18.pdb' starts with './'. This is redundant and strongly discouraged. It can also lead to inconsistent results of the file-matching approach used by Snakemake. You can simply omit the './' for relative file paths.
Relative file path './2XWR_A_91-289_WT/xray/ca_sc_rest_zinc_bs/output_pdbs/model_ligand_19.pdb' starts with './'. This is redundant and strongly discouraged. It can also lead to inconsistent results of the file-matching approach used by Snakemake. You can simply omit the './' for relative file paths.
Relative file path './input_structures/2XWR_A_WT.pdb' starts with './'. This is redundant and strongly discouraged. It can also lead to inconsistent results of the file-matching approach used by Snakemake. You can simply omit the './' for relative file paths.
Relative file path './2XWR_A_91-289_WT/xray/ca_sc_rest_zinc_bs/output_pdbs/model_0.pdb' starts with './'. This is redundant and strongly discouraged. It can also lead to inconsistent results of the file-matching approach used by Snakemake. You can simply omit the './' for relative file paths.
Relative file path './2XWR_A_91-289_WT/xray/ca_sc_rest_zinc_bs/output_pdbs/model_1.pdb' starts with './'. This is redundant and strongly discouraged. It can also lead to inconsistent results of the file-matching approach used by Snakemake. You can simply omit the './' for relative file paths.
Relative file path './2XWR_A_91-289_WT/xray/ca_sc_rest_zinc_bs/output_pdbs/model_2.pdb' starts with './'. This is redundant and strongly discouraged. It can also lead to inconsistent results of the file-matching approach used by Snakemake. You can simply omit the './' for relative file paths.
Relative file path './2XWR_A_91-289_WT/xray/ca_sc_rest_zinc_bs/output_pdbs/model_3.pdb' starts with './'. This is redundant and strongly discouraged. It can also lead to inconsistent results of the file-matching approach used by Snakemake. You can simply omit the './' for relative file paths.
Relative file path './2XWR_A_91-289_WT/xray/ca_sc_rest_zinc_bs/output_pdbs/model_4.pdb' starts with './'. This is redundant and strongly discouraged. It can also lead to inconsistent results of the file-matching approach used by Snakemake. You can simply omit the './' for relative file paths.
Relative file path './2XWR_A_91-289_WT/xray/ca_sc_rest_zinc_bs/output_pdbs/model_5.pdb' starts with './'. This is redundant and strongly discouraged. It can also lead to inconsistent results of the file-matching approach used by Snakemake. You can simply omit the './' for relative file paths.
Relative file path './2XWR_A_91-289_WT/xray/ca_sc_rest_zinc_bs/output_pdbs/model_6.pdb' starts with './'. This is redundant and strongly discouraged. It can also lead to inconsistent results of the file-matching approach used by Snakemake. You can simply omit the './' for relative file paths.
Relative file path './2XWR_A_91-289_WT/xray/ca_sc_rest_zinc_bs/output_pdbs/model_7.pdb' starts with './'. This is redundant and strongly discouraged. It can also lead to inconsistent results of the file-matching approach used by Snakemake. You can simply omit the './' for relative file paths.
Relative file path './2XWR_A_91-289_WT/xray/ca_sc_rest_zinc_bs/output_pdbs/model_8.pdb' starts with './'. This is redundant and strongly discouraged. It can also lead to inconsistent results of the file-matching approach used by Snakemake. You can simply omit the './' for relative file paths.
Relative file path './2XWR_A_91-289_WT/xray/ca_sc_rest_zinc_bs/output_pdbs/model_9.pdb' starts with './'. This is redundant and strongly discouraged. It can also lead to inconsistent results of the file-matching approach used by Snakemake. You can simply omit the './' for relative file paths.
Relative file path './2XWR_A_91-289_WT/xray/ca_sc_rest_zinc_bs/output_pdbs/model_10.pdb' starts with './'. This is redundant and strongly discouraged. It can also lead to inconsistent results of the file-matching approach used by Snakemake. You can simply omit the './' for relative file paths.
Relative file path './2XWR_A_91-289_WT/xray/ca_sc_rest_zinc_bs/output_pdbs/model_11.pdb' starts with './'. This is redundant and strongly discouraged. It can also lead to inconsistent results of the file-matching approach used by Snakemake. You can simply omit the './' for relative file paths.
Relative file path './2XWR_A_91-289_WT/xray/ca_sc_rest_zinc_bs/output_pdbs/model_12.pdb' starts with './'. This is redundant and strongly discouraged. It can also lead to inconsistent results of the file-matching approach used by Snakemake. You can simply omit the './' for relative file paths.
Relative file path './2XWR_A_91-289_WT/xray/ca_sc_rest_zinc_bs/output_pdbs/model_13.pdb' starts with './'. This is redundant and strongly discouraged. It can also lead to inconsistent results of the file-matching approach used by Snakemake. You can simply omit the './' for relative file paths.
Relative file path './2XWR_A_91-289_WT/xray/ca_sc_rest_zinc_bs/output_pdbs/model_14.pdb' starts with './'. This is redundant and strongly discouraged. It can also lead to inconsistent results of the file-matching approach used by Snakemake. You can simply omit the './' for relative file paths.
Relative file path './2XWR_A_91-289_WT/xray/ca_sc_rest_zinc_bs/output_pdbs/model_15.pdb' starts with './'. This is redundant and strongly discouraged. It can also lead to inconsistent results of the file-matching approach used by Snakemake. You can simply omit the './' for relative file paths.
Relative file path './2XWR_A_91-289_WT/xray/ca_sc_rest_zinc_bs/output_pdbs/model_16.pdb' starts with './'. This is redundant and strongly discouraged. It can also lead to inconsistent results of the file-matching approach used by Snakemake. You can simply omit the './' for relative file paths.
Relative file path './2XWR_A_91-289_WT/xray/ca_sc_rest_zinc_bs/output_pdbs/model_17.pdb' starts with './'. This is redundant and strongly discouraged. It can also lead to inconsistent results of the file-matching approach used by Snakemake. You can simply omit the './' for relative file paths.
Relative file path './2XWR_A_91-289_WT/xray/ca_sc_rest_zinc_bs/output_pdbs/model_18.pdb' starts with './'. This is redundant and strongly discouraged. It can also lead to inconsistent results of the file-matching approach used by Snakemake. You can simply omit the './' for relative file paths.
Relative file path './2XWR_A_91-289_WT/xray/ca_sc_rest_zinc_bs/output_pdbs/model_19.pdb' starts with './'. This is redundant and strongly discouraged. It can also lead to inconsistent results of the file-matching approach used by Snakemake. You can simply omit the './' for relative file paths.
Nothing to be done (all requested files are present and up to date).
Complete log: /data/user/krde/CABSflex_snakemake/cabs_production/cabsflex/example_run/.snakemake/log/2022-06-12T112418.406239.snakemake.log
