Building DAG of jobs...
Relative file path './2XWR_A_91-289_N239Y/xray/no_restraints/theseus/theseus_sup.pdb' starts with './'. This is redundant and strongly discouraged. It can also lead to inconsistent results of the file-matching approach used by Snakemake. You can simply omit the './' for relative file paths.
Relative file path './2XWR_A_91-289_N239Y/xray/ca_rest_zinc_bs/theseus/theseus_sup.pdb' starts with './'. This is redundant and strongly discouraged. It can also lead to inconsistent results of the file-matching approach used by Snakemake. You can simply omit the './' for relative file paths.
Relative file path './2XWR_A_91-289_N239Y/xray/ca_sc_rest_zinc_bs/theseus/theseus_sup.pdb' starts with './'. This is redundant and strongly discouraged. It can also lead to inconsistent results of the file-matching approach used by Snakemake. You can simply omit the './' for relative file paths.
Relative file path './2XWR_A_91-289_H168R/xray/no_restraints/theseus/theseus_sup.pdb' starts with './'. This is redundant and strongly discouraged. It can also lead to inconsistent results of the file-matching approach used by Snakemake. You can simply omit the './' for relative file paths.
Relative file path './2XWR_A_91-289_H168R/xray/ca_rest_zinc_bs/theseus/theseus_sup.pdb' starts with './'. This is redundant and strongly discouraged. It can also lead to inconsistent results of the file-matching approach used by Snakemake. You can simply omit the './' for relative file paths.
Relative file path './2XWR_A_91-289_H168R/xray/ca_sc_rest_zinc_bs/theseus/theseus_sup.pdb' starts with './'. This is redundant and strongly discouraged. It can also lead to inconsistent results of the file-matching approach used by Snakemake. You can simply omit the './' for relative file paths.
Relative file path './2XWR_A_91-289_D148E/xray/no_restraints/theseus/theseus_sup.pdb' starts with './'. This is redundant and strongly discouraged. It can also lead to inconsistent results of the file-matching approach used by Snakemake. You can simply omit the './' for relative file paths.
Relative file path './2XWR_A_91-289_D148E/xray/ca_rest_zinc_bs/theseus/theseus_sup.pdb' starts with './'. This is redundant and strongly discouraged. It can also lead to inconsistent results of the file-matching approach used by Snakemake. You can simply omit the './' for relative file paths.
Relative file path './2XWR_A_91-289_D148E/xray/ca_sc_rest_zinc_bs/theseus/theseus_sup.pdb' starts with './'. This is redundant and strongly discouraged. It can also lead to inconsistent results of the file-matching approach used by Snakemake. You can simply omit the './' for relative file paths.
Relative file path './2XWR_A_91-289_WT/xray/no_restraints/theseus/theseus_sup.pdb' starts with './'. This is redundant and strongly discouraged. It can also lead to inconsistent results of the file-matching approach used by Snakemake. You can simply omit the './' for relative file paths.
Relative file path './2XWR_A_91-289_WT/xray/ca_rest_zinc_bs/theseus/theseus_sup.pdb' starts with './'. This is redundant and strongly discouraged. It can also lead to inconsistent results of the file-matching approach used by Snakemake. You can simply omit the './' for relative file paths.
Relative file path './2XWR_A_91-289_WT/xray/ca_sc_rest_zinc_bs/theseus/theseus_sup.pdb' starts with './'. This is redundant and strongly discouraged. It can also lead to inconsistent results of the file-matching approach used by Snakemake. You can simply omit the './' for relative file paths.
Relative file path './2XWR_A_91-289_N239Y/xray/no_restraints/output_pdbs/model_0.pdb' starts with './'. This is redundant and strongly discouraged. It can also lead to inconsistent results of the file-matching approach used by Snakemake. You can simply omit the './' for relative file paths.
Relative file path './2XWR_A_91-289_N239Y/xray/no_restraints/output_pdbs/model_1.pdb' starts with './'. This is redundant and strongly discouraged. It can also lead to inconsistent results of the file-matching approach used by Snakemake. You can simply omit the './' for relative file paths.
Relative file path './2XWR_A_91-289_N239Y/xray/no_restraints/output_pdbs/model_2.pdb' starts with './'. This is redundant and strongly discouraged. It can also lead to inconsistent results of the file-matching approach used by Snakemake. You can simply omit the './' for relative file paths.
Relative file path './2XWR_A_91-289_N239Y/xray/no_restraints/output_pdbs/model_3.pdb' starts with './'. This is redundant and strongly discouraged. It can also lead to inconsistent results of the file-matching approach used by Snakemake. You can simply omit the './' for relative file paths.
Relative file path './2XWR_A_91-289_N239Y/xray/no_restraints/output_pdbs/model_4.pdb' starts with './'. This is redundant and strongly discouraged. It can also lead to inconsistent results of the file-matching approach used by Snakemake. You can simply omit the './' for relative file paths.
Relative file path './2XWR_A_91-289_N239Y/xray/no_restraints/output_pdbs/model_5.pdb' starts with './'. This is redundant and strongly discouraged. It can also lead to inconsistent results of the file-matching approach used by Snakemake. You can simply omit the './' for relative file paths.
Relative file path './2XWR_A_91-289_N239Y/xray/no_restraints/output_pdbs/model_6.pdb' starts with './'. This is redundant and strongly discouraged. It can also lead to inconsistent results of the file-matching approach used by Snakemake. You can simply omit the './' for relative file paths.
Relative file path './2XWR_A_91-289_N239Y/xray/no_restraints/output_pdbs/model_7.pdb' starts with './'. This is redundant and strongly discouraged. It can also lead to inconsistent results of the file-matching approach used by Snakemake. You can simply omit the './' for relative file paths.
Relative file path './2XWR_A_91-289_N239Y/xray/no_restraints/output_pdbs/model_8.pdb' starts with './'. This is redundant and strongly discouraged. It can also lead to inconsistent results of the file-matching approach used by Snakemake. You can simply omit the './' for relative file paths.
Relative file path './2XWR_A_91-289_N239Y/xray/no_restraints/output_pdbs/model_9.pdb' starts with './'. This is redundant and strongly discouraged. It can also lead to inconsistent results of the file-matching approach used by Snakemake. You can simply omit the './' for relative file paths.
Relative file path './2XWR_A_91-289_N239Y/xray/no_restraints/output_pdbs/model_10.pdb' starts with './'. This is redundant and strongly discouraged. It can also lead to inconsistent results of the file-matching approach used by Snakemake. You can simply omit the './' for relative file paths.
Relative file path './2XWR_A_91-289_N239Y/xray/no_restraints/output_pdbs/model_11.pdb' starts with './'. This is redundant and strongly discouraged. It can also lead to inconsistent results of the file-matching approach used by Snakemake. You can simply omit the './' for relative file paths.
Relative file path './2XWR_A_91-289_N239Y/xray/no_restraints/output_pdbs/model_12.pdb' starts with './'. This is redundant and strongly discouraged. It can also lead to inconsistent results of the file-matching approach used by Snakemake. You can simply omit the './' for relative file paths.
Relative file path './2XWR_A_91-289_N239Y/xray/no_restraints/output_pdbs/model_13.pdb' starts with './'. This is redundant and strongly discouraged. It can also lead to inconsistent results of the file-matching approach used by Snakemake. You can simply omit the './' for relative file paths.
Relative file path './2XWR_A_91-289_N239Y/xray/no_restraints/output_pdbs/model_14.pdb' starts with './'. This is redundant and strongly discouraged. It can also lead to inconsistent results of the file-matching approach used by Snakemake. You can simply omit the './' for relative file paths.
Relative file path './2XWR_A_91-289_N239Y/xray/no_restraints/output_pdbs/model_15.pdb' starts with './'. This is redundant and strongly discouraged. It can also lead to inconsistent results of the file-matching approach used by Snakemake. You can simply omit the './' for relative file paths.
Relative file path './2XWR_A_91-289_N239Y/xray/no_restraints/output_pdbs/model_16.pdb' starts with './'. This is redundant and strongly discouraged. It can also lead to inconsistent results of the file-matching approach used by Snakemake. You can simply omit the './' for relative file paths.
Relative file path './2XWR_A_91-289_N239Y/xray/no_restraints/output_pdbs/model_17.pdb' starts with './'. This is redundant and strongly discouraged. It can also lead to inconsistent results of the file-matching approach used by Snakemake. You can simply omit the './' for relative file paths.
Relative file path './2XWR_A_91-289_N239Y/xray/no_restraints/output_pdbs/model_18.pdb' starts with './'. This is redundant and strongly discouraged. It can also lead to inconsistent results of the file-matching approach used by Snakemake. You can simply omit the './' for relative file paths.
Relative file path './2XWR_A_91-289_N239Y/xray/no_restraints/output_pdbs/model_19.pdb' starts with './'. This is redundant and strongly discouraged. It can also lead to inconsistent results of the file-matching approach used by Snakemake. You can simply omit the './' for relative file paths.
Relative file path './2XWR_A_91-289_N239Y/xray/no_restraints/theseus/theseus_sup.pdb' starts with './'. This is redundant and strongly discouraged. It can also lead to inconsistent results of the file-matching approach used by Snakemake. You can simply omit the './' for relative file paths.
Relative file path './input_structures/2XWR_A_ASN239TYR.pdb' starts with './'. This is redundant and strongly discouraged. It can also lead to inconsistent results of the file-matching approach used by Snakemake. You can simply omit the './' for relative file paths.
Relative file path './2XWR_A_91-289_N239Y/xray/no_restraints/output_pdbs/model_0.pdb' starts with './'. This is redundant and strongly discouraged. It can also lead to inconsistent results of the file-matching approach used by Snakemake. You can simply omit the './' for relative file paths.
Relative file path './2XWR_A_91-289_N239Y/xray/no_restraints/output_pdbs/model_1.pdb' starts with './'. This is redundant and strongly discouraged. It can also lead to inconsistent results of the file-matching approach used by Snakemake. You can simply omit the './' for relative file paths.
Relative file path './2XWR_A_91-289_N239Y/xray/no_restraints/output_pdbs/model_2.pdb' starts with './'. This is redundant and strongly discouraged. It can also lead to inconsistent results of the file-matching approach used by Snakemake. You can simply omit the './' for relative file paths.
Relative file path './2XWR_A_91-289_N239Y/xray/no_restraints/output_pdbs/model_3.pdb' starts with './'. This is redundant and strongly discouraged. It can also lead to inconsistent results of the file-matching approach used by Snakemake. You can simply omit the './' for relative file paths.
Relative file path './2XWR_A_91-289_N239Y/xray/no_restraints/output_pdbs/model_4.pdb' starts with './'. This is redundant and strongly discouraged. It can also lead to inconsistent results of the file-matching approach used by Snakemake. You can simply omit the './' for relative file paths.
Relative file path './2XWR_A_91-289_N239Y/xray/no_restraints/output_pdbs/model_5.pdb' starts with './'. This is redundant and strongly discouraged. It can also lead to inconsistent results of the file-matching approach used by Snakemake. You can simply omit the './' for relative file paths.
Relative file path './2XWR_A_91-289_N239Y/xray/no_restraints/output_pdbs/model_6.pdb' starts with './'. This is redundant and strongly discouraged. It can also lead to inconsistent results of the file-matching approach used by Snakemake. You can simply omit the './' for relative file paths.
Relative file path './2XWR_A_91-289_N239Y/xray/no_restraints/output_pdbs/model_7.pdb' starts with './'. This is redundant and strongly discouraged. It can also lead to inconsistent results of the file-matching approach used by Snakemake. You can simply omit the './' for relative file paths.
Relative file path './2XWR_A_91-289_N239Y/xray/no_restraints/output_pdbs/model_8.pdb' starts with './'. This is redundant and strongly discouraged. It can also lead to inconsistent results of the file-matching approach used by Snakemake. You can simply omit the './' for relative file paths.
Relative file path './2XWR_A_91-289_N239Y/xray/no_restraints/output_pdbs/model_9.pdb' starts with './'. This is redundant and strongly discouraged. It can also lead to inconsistent results of the file-matching approach used by Snakemake. You can simply omit the './' for relative file paths.
Relative file path './2XWR_A_91-289_N239Y/xray/no_restraints/output_pdbs/model_10.pdb' starts with './'. This is redundant and strongly discouraged. It can also lead to inconsistent results of the file-matching approach used by Snakemake. You can simply omit the './' for relative file paths.
Relative file path './2XWR_A_91-289_N239Y/xray/no_restraints/output_pdbs/model_11.pdb' starts with './'. This is redundant and strongly discouraged. It can also lead to inconsistent results of the file-matching approach used by Snakemake. You can simply omit the './' for relative file paths.
Relative file path './2XWR_A_91-289_N239Y/xray/no_restraints/output_pdbs/model_12.pdb' starts with './'. This is redundant and strongly discouraged. It can also lead to inconsistent results of the file-matching approach used by Snakemake. You can simply omit the './' for relative file paths.
Relative file path './2XWR_A_91-289_N239Y/xray/no_restraints/output_pdbs/model_13.pdb' starts with './'. This is redundant and strongly discouraged. It can also lead to inconsistent results of the file-matching approach used by Snakemake. You can simply omit the './' for relative file paths.
Relative file path './2XWR_A_91-289_N239Y/xray/no_restraints/output_pdbs/model_14.pdb' starts with './'. This is redundant and strongly discouraged. It can also lead to inconsistent results of the file-matching approach used by Snakemake. You can simply omit the './' for relative file paths.
Relative file path './2XWR_A_91-289_N239Y/xray/no_restraints/output_pdbs/model_15.pdb' starts with './'. This is redundant and strongly discouraged. It can also lead to inconsistent results of the file-matching approach used by Snakemake. You can simply omit the './' for relative file paths.
Relative file path './2XWR_A_91-289_N239Y/xray/no_restraints/output_pdbs/model_16.pdb' starts with './'. This is redundant and strongly discouraged. It can also lead to inconsistent results of the file-matching approach used by Snakemake. You can simply omit the './' for relative file paths.
Relative file path './2XWR_A_91-289_N239Y/xray/no_restraints/output_pdbs/model_17.pdb' starts with './'. This is redundant and strongly discouraged. It can also lead to inconsistent results of the file-matching approach used by Snakemake. You can simply omit the './' for relative file paths.
Relative file path './2XWR_A_91-289_N239Y/xray/no_restraints/output_pdbs/model_18.pdb' starts with './'. This is redundant and strongly discouraged. It can also lead to inconsistent results of the file-matching approach used by Snakemake. You can simply omit the './' for relative file paths.
Relative file path './2XWR_A_91-289_N239Y/xray/no_restraints/output_pdbs/model_19.pdb' starts with './'. This is redundant and strongly discouraged. It can also lead to inconsistent results of the file-matching approach used by Snakemake. You can simply omit the './' for relative file paths.
Relative file path './2XWR_A_91-289_N239Y/xray/ca_rest_zinc_bs/output_pdbs/model_ligand_0.pdb' starts with './'. This is redundant and strongly discouraged. It can also lead to inconsistent results of the file-matching approach used by Snakemake. You can simply omit the './' for relative file paths.
Relative file path './2XWR_A_91-289_N239Y/xray/ca_rest_zinc_bs/output_pdbs/model_ligand_1.pdb' starts with './'. This is redundant and strongly discouraged. It can also lead to inconsistent results of the file-matching approach used by Snakemake. You can simply omit the './' for relative file paths.
Relative file path './2XWR_A_91-289_N239Y/xray/ca_rest_zinc_bs/output_pdbs/model_ligand_2.pdb' starts with './'. This is redundant and strongly discouraged. It can also lead to inconsistent results of the file-matching approach used by Snakemake. You can simply omit the './' for relative file paths.
Relative file path './2XWR_A_91-289_N239Y/xray/ca_rest_zinc_bs/output_pdbs/model_ligand_3.pdb' starts with './'. This is redundant and strongly discouraged. It can also lead to inconsistent results of the file-matching approach used by Snakemake. You can simply omit the './' for relative file paths.
Relative file path './2XWR_A_91-289_N239Y/xray/ca_rest_zinc_bs/output_pdbs/model_ligand_4.pdb' starts with './'. This is redundant and strongly discouraged. It can also lead to inconsistent results of the file-matching approach used by Snakemake. You can simply omit the './' for relative file paths.
Relative file path './2XWR_A_91-289_N239Y/xray/ca_rest_zinc_bs/output_pdbs/model_ligand_5.pdb' starts with './'. This is redundant and strongly discouraged. It can also lead to inconsistent results of the file-matching approach used by Snakemake. You can simply omit the './' for relative file paths.
Relative file path './2XWR_A_91-289_N239Y/xray/ca_rest_zinc_bs/output_pdbs/model_ligand_6.pdb' starts with './'. This is redundant and strongly discouraged. It can also lead to inconsistent results of the file-matching approach used by Snakemake. You can simply omit the './' for relative file paths.
Relative file path './2XWR_A_91-289_N239Y/xray/ca_rest_zinc_bs/output_pdbs/model_ligand_7.pdb' starts with './'. This is redundant and strongly discouraged. It can also lead to inconsistent results of the file-matching approach used by Snakemake. You can simply omit the './' for relative file paths.
Relative file path './2XWR_A_91-289_N239Y/xray/ca_rest_zinc_bs/output_pdbs/model_ligand_8.pdb' starts with './'. This is redundant and strongly discouraged. It can also lead to inconsistent results of the file-matching approach used by Snakemake. You can simply omit the './' for relative file paths.
Relative file path './2XWR_A_91-289_N239Y/xray/ca_rest_zinc_bs/output_pdbs/model_ligand_9.pdb' starts with './'. This is redundant and strongly discouraged. It can also lead to inconsistent results of the file-matching approach used by Snakemake. You can simply omit the './' for relative file paths.
Relative file path './2XWR_A_91-289_N239Y/xray/ca_rest_zinc_bs/output_pdbs/model_ligand_10.pdb' starts with './'. This is redundant and strongly discouraged. It can also lead to inconsistent results of the file-matching approach used by Snakemake. You can simply omit the './' for relative file paths.
Relative file path './2XWR_A_91-289_N239Y/xray/ca_rest_zinc_bs/output_pdbs/model_ligand_11.pdb' starts with './'. This is redundant and strongly discouraged. It can also lead to inconsistent results of the file-matching approach used by Snakemake. You can simply omit the './' for relative file paths.
Relative file path './2XWR_A_91-289_N239Y/xray/ca_rest_zinc_bs/output_pdbs/model_ligand_12.pdb' starts with './'. This is redundant and strongly discouraged. It can also lead to inconsistent results of the file-matching approach used by Snakemake. You can simply omit the './' for relative file paths.
Relative file path './2XWR_A_91-289_N239Y/xray/ca_rest_zinc_bs/output_pdbs/model_ligand_13.pdb' starts with './'. This is redundant and strongly discouraged. It can also lead to inconsistent results of the file-matching approach used by Snakemake. You can simply omit the './' for relative file paths.
Relative file path './2XWR_A_91-289_N239Y/xray/ca_rest_zinc_bs/output_pdbs/model_ligand_14.pdb' starts with './'. This is redundant and strongly discouraged. It can also lead to inconsistent results of the file-matching approach used by Snakemake. You can simply omit the './' for relative file paths.
Relative file path './2XWR_A_91-289_N239Y/xray/ca_rest_zinc_bs/output_pdbs/model_ligand_15.pdb' starts with './'. This is redundant and strongly discouraged. It can also lead to inconsistent results of the file-matching approach used by Snakemake. You can simply omit the './' for relative file paths.
Relative file path './2XWR_A_91-289_N239Y/xray/ca_rest_zinc_bs/output_pdbs/model_ligand_16.pdb' starts with './'. This is redundant and strongly discouraged. It can also lead to inconsistent results of the file-matching approach used by Snakemake. You can simply omit the './' for relative file paths.
Relative file path './2XWR_A_91-289_N239Y/xray/ca_rest_zinc_bs/output_pdbs/model_ligand_17.pdb' starts with './'. This is redundant and strongly discouraged. It can also lead to inconsistent results of the file-matching approach used by Snakemake. You can simply omit the './' for relative file paths.
Relative file path './2XWR_A_91-289_N239Y/xray/ca_rest_zinc_bs/output_pdbs/model_ligand_18.pdb' starts with './'. This is redundant and strongly discouraged. It can also lead to inconsistent results of the file-matching approach used by Snakemake. You can simply omit the './' for relative file paths.
Relative file path './2XWR_A_91-289_N239Y/xray/ca_rest_zinc_bs/output_pdbs/model_ligand_19.pdb' starts with './'. This is redundant and strongly discouraged. It can also lead to inconsistent results of the file-matching approach used by Snakemake. You can simply omit the './' for relative file paths.
Relative file path './2XWR_A_91-289_N239Y/xray/ca_rest_zinc_bs/theseus/theseus_sup.pdb' starts with './'. This is redundant and strongly discouraged. It can also lead to inconsistent results of the file-matching approach used by Snakemake. You can simply omit the './' for relative file paths.
Relative file path './2XWR_A_91-289_N239Y/xray/ca_rest_zinc_bs/output_pdbs/model_0.pdb' starts with './'. This is redundant and strongly discouraged. It can also lead to inconsistent results of the file-matching approach used by Snakemake. You can simply omit the './' for relative file paths.
Relative file path './2XWR_A_91-289_N239Y/xray/ca_rest_zinc_bs/output_pdbs/model_1.pdb' starts with './'. This is redundant and strongly discouraged. It can also lead to inconsistent results of the file-matching approach used by Snakemake. You can simply omit the './' for relative file paths.
Relative file path './2XWR_A_91-289_N239Y/xray/ca_rest_zinc_bs/output_pdbs/model_2.pdb' starts with './'. This is redundant and strongly discouraged. It can also lead to inconsistent results of the file-matching approach used by Snakemake. You can simply omit the './' for relative file paths.
Relative file path './2XWR_A_91-289_N239Y/xray/ca_rest_zinc_bs/output_pdbs/model_3.pdb' starts with './'. This is redundant and strongly discouraged. It can also lead to inconsistent results of the file-matching approach used by Snakemake. You can simply omit the './' for relative file paths.
Relative file path './2XWR_A_91-289_N239Y/xray/ca_rest_zinc_bs/output_pdbs/model_4.pdb' starts with './'. This is redundant and strongly discouraged. It can also lead to inconsistent results of the file-matching approach used by Snakemake. You can simply omit the './' for relative file paths.
Relative file path './2XWR_A_91-289_N239Y/xray/ca_rest_zinc_bs/output_pdbs/model_5.pdb' starts with './'. This is redundant and strongly discouraged. It can also lead to inconsistent results of the file-matching approach used by Snakemake. You can simply omit the './' for relative file paths.
Relative file path './2XWR_A_91-289_N239Y/xray/ca_rest_zinc_bs/output_pdbs/model_6.pdb' starts with './'. This is redundant and strongly discouraged. It can also lead to inconsistent results of the file-matching approach used by Snakemake. You can simply omit the './' for relative file paths.
Relative file path './2XWR_A_91-289_N239Y/xray/ca_rest_zinc_bs/output_pdbs/model_7.pdb' starts with './'. This is redundant and strongly discouraged. It can also lead to inconsistent results of the file-matching approach used by Snakemake. You can simply omit the './' for relative file paths.
Relative file path './2XWR_A_91-289_N239Y/xray/ca_rest_zinc_bs/output_pdbs/model_8.pdb' starts with './'. This is redundant and strongly discouraged. It can also lead to inconsistent results of the file-matching approach used by Snakemake. You can simply omit the './' for relative file paths.
Relative file path './2XWR_A_91-289_N239Y/xray/ca_rest_zinc_bs/output_pdbs/model_9.pdb' starts with './'. This is redundant and strongly discouraged. It can also lead to inconsistent results of the file-matching approach used by Snakemake. You can simply omit the './' for relative file paths.
Relative file path './2XWR_A_91-289_N239Y/xray/ca_rest_zinc_bs/output_pdbs/model_10.pdb' starts with './'. This is redundant and strongly discouraged. It can also lead to inconsistent results of the file-matching approach used by Snakemake. You can simply omit the './' for relative file paths.
Relative file path './2XWR_A_91-289_N239Y/xray/ca_rest_zinc_bs/output_pdbs/model_11.pdb' starts with './'. This is redundant and strongly discouraged. It can also lead to inconsistent results of the file-matching approach used by Snakemake. You can simply omit the './' for relative file paths.
Relative file path './2XWR_A_91-289_N239Y/xray/ca_rest_zinc_bs/output_pdbs/model_12.pdb' starts with './'. This is redundant and strongly discouraged. It can also lead to inconsistent results of the file-matching approach used by Snakemake. You can simply omit the './' for relative file paths.
Relative file path './2XWR_A_91-289_N239Y/xray/ca_rest_zinc_bs/output_pdbs/model_13.pdb' starts with './'. This is redundant and strongly discouraged. It can also lead to inconsistent results of the file-matching approach used by Snakemake. You can simply omit the './' for relative file paths.
Relative file path './2XWR_A_91-289_N239Y/xray/ca_rest_zinc_bs/output_pdbs/model_14.pdb' starts with './'. This is redundant and strongly discouraged. It can also lead to inconsistent results of the file-matching approach used by Snakemake. You can simply omit the './' for relative file paths.
Relative file path './2XWR_A_91-289_N239Y/xray/ca_rest_zinc_bs/output_pdbs/model_15.pdb' starts with './'. This is redundant and strongly discouraged. It can also lead to inconsistent results of the file-matching approach used by Snakemake. You can simply omit the './' for relative file paths.
Relative file path './2XWR_A_91-289_N239Y/xray/ca_rest_zinc_bs/output_pdbs/model_16.pdb' starts with './'. This is redundant and strongly discouraged. It can also lead to inconsistent results of the file-matching approach used by Snakemake. You can simply omit the './' for relative file paths.
Relative file path './2XWR_A_91-289_N239Y/xray/ca_rest_zinc_bs/output_pdbs/model_17.pdb' starts with './'. This is redundant and strongly discouraged. It can also lead to inconsistent results of the file-matching approach used by Snakemake. You can simply omit the './' for relative file paths.
Relative file path './2XWR_A_91-289_N239Y/xray/ca_rest_zinc_bs/output_pdbs/model_18.pdb' starts with './'. This is redundant and strongly discouraged. It can also lead to inconsistent results of the file-matching approach used by Snakemake. You can simply omit the './' for relative file paths.
Relative file path './2XWR_A_91-289_N239Y/xray/ca_rest_zinc_bs/output_pdbs/model_19.pdb' starts with './'. This is redundant and strongly discouraged. It can also lead to inconsistent results of the file-matching approach used by Snakemake. You can simply omit the './' for relative file paths.
Relative file path './2XWR_A_91-289_N239Y/xray/ca_rest_zinc_bs/output_pdbs/model_ligand_0.pdb' starts with './'. This is redundant and strongly discouraged. It can also lead to inconsistent results of the file-matching approach used by Snakemake. You can simply omit the './' for relative file paths.
Relative file path './2XWR_A_91-289_N239Y/xray/ca_rest_zinc_bs/output_pdbs/model_ligand_1.pdb' starts with './'. This is redundant and strongly discouraged. It can also lead to inconsistent results of the file-matching approach used by Snakemake. You can simply omit the './' for relative file paths.
Relative file path './2XWR_A_91-289_N239Y/xray/ca_rest_zinc_bs/output_pdbs/model_ligand_2.pdb' starts with './'. This is redundant and strongly discouraged. It can also lead to inconsistent results of the file-matching approach used by Snakemake. You can simply omit the './' for relative file paths.
Relative file path './2XWR_A_91-289_N239Y/xray/ca_rest_zinc_bs/output_pdbs/model_ligand_3.pdb' starts with './'. This is redundant and strongly discouraged. It can also lead to inconsistent results of the file-matching approach used by Snakemake. You can simply omit the './' for relative file paths.
Relative file path './2XWR_A_91-289_N239Y/xray/ca_rest_zinc_bs/output_pdbs/model_ligand_4.pdb' starts with './'. This is redundant and strongly discouraged. It can also lead to inconsistent results of the file-matching approach used by Snakemake. You can simply omit the './' for relative file paths.
Relative file path './2XWR_A_91-289_N239Y/xray/ca_rest_zinc_bs/output_pdbs/model_ligand_5.pdb' starts with './'. This is redundant and strongly discouraged. It can also lead to inconsistent results of the file-matching approach used by Snakemake. You can simply omit the './' for relative file paths.
Relative file path './2XWR_A_91-289_N239Y/xray/ca_rest_zinc_bs/output_pdbs/model_ligand_6.pdb' starts with './'. This is redundant and strongly discouraged. It can also lead to inconsistent results of the file-matching approach used by Snakemake. You can simply omit the './' for relative file paths.
Relative file path './2XWR_A_91-289_N239Y/xray/ca_rest_zinc_bs/output_pdbs/model_ligand_7.pdb' starts with './'. This is redundant and strongly discouraged. It can also lead to inconsistent results of the file-matching approach used by Snakemake. You can simply omit the './' for relative file paths.
Relative file path './2XWR_A_91-289_N239Y/xray/ca_rest_zinc_bs/output_pdbs/model_ligand_8.pdb' starts with './'. This is redundant and strongly discouraged. It can also lead to inconsistent results of the file-matching approach used by Snakemake. You can simply omit the './' for relative file paths.
Relative file path './2XWR_A_91-289_N239Y/xray/ca_rest_zinc_bs/output_pdbs/model_ligand_9.pdb' starts with './'. This is redundant and strongly discouraged. It can also lead to inconsistent results of the file-matching approach used by Snakemake. You can simply omit the './' for relative file paths.
Relative file path './2XWR_A_91-289_N239Y/xray/ca_rest_zinc_bs/output_pdbs/model_ligand_10.pdb' starts with './'. This is redundant and strongly discouraged. It can also lead to inconsistent results of the file-matching approach used by Snakemake. You can simply omit the './' for relative file paths.
Relative file path './2XWR_A_91-289_N239Y/xray/ca_rest_zinc_bs/output_pdbs/model_ligand_11.pdb' starts with './'. This is redundant and strongly discouraged. It can also lead to inconsistent results of the file-matching approach used by Snakemake. You can simply omit the './' for relative file paths.
Relative file path './2XWR_A_91-289_N239Y/xray/ca_rest_zinc_bs/output_pdbs/model_ligand_12.pdb' starts with './'. This is redundant and strongly discouraged. It can also lead to inconsistent results of the file-matching approach used by Snakemake. You can simply omit the './' for relative file paths.
Relative file path './2XWR_A_91-289_N239Y/xray/ca_rest_zinc_bs/output_pdbs/model_ligand_13.pdb' starts with './'. This is redundant and strongly discouraged. It can also lead to inconsistent results of the file-matching approach used by Snakemake. You can simply omit the './' for relative file paths.
Relative file path './2XWR_A_91-289_N239Y/xray/ca_rest_zinc_bs/output_pdbs/model_ligand_14.pdb' starts with './'. This is redundant and strongly discouraged. It can also lead to inconsistent results of the file-matching approach used by Snakemake. You can simply omit the './' for relative file paths.
Relative file path './2XWR_A_91-289_N239Y/xray/ca_rest_zinc_bs/output_pdbs/model_ligand_15.pdb' starts with './'. This is redundant and strongly discouraged. It can also lead to inconsistent results of the file-matching approach used by Snakemake. You can simply omit the './' for relative file paths.
Relative file path './2XWR_A_91-289_N239Y/xray/ca_rest_zinc_bs/output_pdbs/model_ligand_16.pdb' starts with './'. This is redundant and strongly discouraged. It can also lead to inconsistent results of the file-matching approach used by Snakemake. You can simply omit the './' for relative file paths.
Relative file path './2XWR_A_91-289_N239Y/xray/ca_rest_zinc_bs/output_pdbs/model_ligand_17.pdb' starts with './'. This is redundant and strongly discouraged. It can also lead to inconsistent results of the file-matching approach used by Snakemake. You can simply omit the './' for relative file paths.
Relative file path './2XWR_A_91-289_N239Y/xray/ca_rest_zinc_bs/output_pdbs/model_ligand_18.pdb' starts with './'. This is redundant and strongly discouraged. It can also lead to inconsistent results of the file-matching approach used by Snakemake. You can simply omit the './' for relative file paths.
Relative file path './2XWR_A_91-289_N239Y/xray/ca_rest_zinc_bs/output_pdbs/model_ligand_19.pdb' starts with './'. This is redundant and strongly discouraged. It can also lead to inconsistent results of the file-matching approach used by Snakemake. You can simply omit the './' for relative file paths.
Relative file path './input_structures/2XWR_A_ASN239TYR.pdb' starts with './'. This is redundant and strongly discouraged. It can also lead to inconsistent results of the file-matching approach used by Snakemake. You can simply omit the './' for relative file paths.
Relative file path './2XWR_A_91-289_N239Y/xray/ca_rest_zinc_bs/output_pdbs/model_0.pdb' starts with './'. This is redundant and strongly discouraged. It can also lead to inconsistent results of the file-matching approach used by Snakemake. You can simply omit the './' for relative file paths.
Relative file path './2XWR_A_91-289_N239Y/xray/ca_rest_zinc_bs/output_pdbs/model_1.pdb' starts with './'. This is redundant and strongly discouraged. It can also lead to inconsistent results of the file-matching approach used by Snakemake. You can simply omit the './' for relative file paths.
Relative file path './2XWR_A_91-289_N239Y/xray/ca_rest_zinc_bs/output_pdbs/model_2.pdb' starts with './'. This is redundant and strongly discouraged. It can also lead to inconsistent results of the file-matching approach used by Snakemake. You can simply omit the './' for relative file paths.
Relative file path './2XWR_A_91-289_N239Y/xray/ca_rest_zinc_bs/output_pdbs/model_3.pdb' starts with './'. This is redundant and strongly discouraged. It can also lead to inconsistent results of the file-matching approach used by Snakemake. You can simply omit the './' for relative file paths.
Relative file path './2XWR_A_91-289_N239Y/xray/ca_rest_zinc_bs/output_pdbs/model_4.pdb' starts with './'. This is redundant and strongly discouraged. It can also lead to inconsistent results of the file-matching approach used by Snakemake. You can simply omit the './' for relative file paths.
Relative file path './2XWR_A_91-289_N239Y/xray/ca_rest_zinc_bs/output_pdbs/model_5.pdb' starts with './'. This is redundant and strongly discouraged. It can also lead to inconsistent results of the file-matching approach used by Snakemake. You can simply omit the './' for relative file paths.
Relative file path './2XWR_A_91-289_N239Y/xray/ca_rest_zinc_bs/output_pdbs/model_6.pdb' starts with './'. This is redundant and strongly discouraged. It can also lead to inconsistent results of the file-matching approach used by Snakemake. You can simply omit the './' for relative file paths.
Relative file path './2XWR_A_91-289_N239Y/xray/ca_rest_zinc_bs/output_pdbs/model_7.pdb' starts with './'. This is redundant and strongly discouraged. It can also lead to inconsistent results of the file-matching approach used by Snakemake. You can simply omit the './' for relative file paths.
Relative file path './2XWR_A_91-289_N239Y/xray/ca_rest_zinc_bs/output_pdbs/model_8.pdb' starts with './'. This is redundant and strongly discouraged. It can also lead to inconsistent results of the file-matching approach used by Snakemake. You can simply omit the './' for relative file paths.
Relative file path './2XWR_A_91-289_N239Y/xray/ca_rest_zinc_bs/output_pdbs/model_9.pdb' starts with './'. This is redundant and strongly discouraged. It can also lead to inconsistent results of the file-matching approach used by Snakemake. You can simply omit the './' for relative file paths.
Relative file path './2XWR_A_91-289_N239Y/xray/ca_rest_zinc_bs/output_pdbs/model_10.pdb' starts with './'. This is redundant and strongly discouraged. It can also lead to inconsistent results of the file-matching approach used by Snakemake. You can simply omit the './' for relative file paths.
Relative file path './2XWR_A_91-289_N239Y/xray/ca_rest_zinc_bs/output_pdbs/model_11.pdb' starts with './'. This is redundant and strongly discouraged. It can also lead to inconsistent results of the file-matching approach used by Snakemake. You can simply omit the './' for relative file paths.
Relative file path './2XWR_A_91-289_N239Y/xray/ca_rest_zinc_bs/output_pdbs/model_12.pdb' starts with './'. This is redundant and strongly discouraged. It can also lead to inconsistent results of the file-matching approach used by Snakemake. You can simply omit the './' for relative file paths.
Relative file path './2XWR_A_91-289_N239Y/xray/ca_rest_zinc_bs/output_pdbs/model_13.pdb' starts with './'. This is redundant and strongly discouraged. It can also lead to inconsistent results of the file-matching approach used by Snakemake. You can simply omit the './' for relative file paths.
Relative file path './2XWR_A_91-289_N239Y/xray/ca_rest_zinc_bs/output_pdbs/model_14.pdb' starts with './'. This is redundant and strongly discouraged. It can also lead to inconsistent results of the file-matching approach used by Snakemake. You can simply omit the './' for relative file paths.
Relative file path './2XWR_A_91-289_N239Y/xray/ca_rest_zinc_bs/output_pdbs/model_15.pdb' starts with './'. This is redundant and strongly discouraged. It can also lead to inconsistent results of the file-matching approach used by Snakemake. You can simply omit the './' for relative file paths.
Relative file path './2XWR_A_91-289_N239Y/xray/ca_rest_zinc_bs/output_pdbs/model_16.pdb' starts with './'. This is redundant and strongly discouraged. It can also lead to inconsistent results of the file-matching approach used by Snakemake. You can simply omit the './' for relative file paths.
Relative file path './2XWR_A_91-289_N239Y/xray/ca_rest_zinc_bs/output_pdbs/model_17.pdb' starts with './'. This is redundant and strongly discouraged. It can also lead to inconsistent results of the file-matching approach used by Snakemake. You can simply omit the './' for relative file paths.
Relative file path './2XWR_A_91-289_N239Y/xray/ca_rest_zinc_bs/output_pdbs/model_18.pdb' starts with './'. This is redundant and strongly discouraged. It can also lead to inconsistent results of the file-matching approach used by Snakemake. You can simply omit the './' for relative file paths.
Relative file path './2XWR_A_91-289_N239Y/xray/ca_rest_zinc_bs/output_pdbs/model_19.pdb' starts with './'. This is redundant and strongly discouraged. It can also lead to inconsistent results of the file-matching approach used by Snakemake. You can simply omit the './' for relative file paths.
Relative file path './2XWR_A_91-289_N239Y/xray/ca_sc_rest_zinc_bs/output_pdbs/model_ligand_0.pdb' starts with './'. This is redundant and strongly discouraged. It can also lead to inconsistent results of the file-matching approach used by Snakemake. You can simply omit the './' for relative file paths.
Relative file path './2XWR_A_91-289_N239Y/xray/ca_sc_rest_zinc_bs/output_pdbs/model_ligand_1.pdb' starts with './'. This is redundant and strongly discouraged. It can also lead to inconsistent results of the file-matching approach used by Snakemake. You can simply omit the './' for relative file paths.
Relative file path './2XWR_A_91-289_N239Y/xray/ca_sc_rest_zinc_bs/output_pdbs/model_ligand_2.pdb' starts with './'. This is redundant and strongly discouraged. It can also lead to inconsistent results of the file-matching approach used by Snakemake. You can simply omit the './' for relative file paths.
Relative file path './2XWR_A_91-289_N239Y/xray/ca_sc_rest_zinc_bs/output_pdbs/model_ligand_3.pdb' starts with './'. This is redundant and strongly discouraged. It can also lead to inconsistent results of the file-matching approach used by Snakemake. You can simply omit the './' for relative file paths.
Relative file path './2XWR_A_91-289_N239Y/xray/ca_sc_rest_zinc_bs/output_pdbs/model_ligand_4.pdb' starts with './'. This is redundant and strongly discouraged. It can also lead to inconsistent results of the file-matching approach used by Snakemake. You can simply omit the './' for relative file paths.
Relative file path './2XWR_A_91-289_N239Y/xray/ca_sc_rest_zinc_bs/output_pdbs/model_ligand_5.pdb' starts with './'. This is redundant and strongly discouraged. It can also lead to inconsistent results of the file-matching approach used by Snakemake. You can simply omit the './' for relative file paths.
Relative file path './2XWR_A_91-289_N239Y/xray/ca_sc_rest_zinc_bs/output_pdbs/model_ligand_6.pdb' starts with './'. This is redundant and strongly discouraged. It can also lead to inconsistent results of the file-matching approach used by Snakemake. You can simply omit the './' for relative file paths.
Relative file path './2XWR_A_91-289_N239Y/xray/ca_sc_rest_zinc_bs/output_pdbs/model_ligand_7.pdb' starts with './'. This is redundant and strongly discouraged. It can also lead to inconsistent results of the file-matching approach used by Snakemake. You can simply omit the './' for relative file paths.
Relative file path './2XWR_A_91-289_N239Y/xray/ca_sc_rest_zinc_bs/output_pdbs/model_ligand_8.pdb' starts with './'. This is redundant and strongly discouraged. It can also lead to inconsistent results of the file-matching approach used by Snakemake. You can simply omit the './' for relative file paths.
Relative file path './2XWR_A_91-289_N239Y/xray/ca_sc_rest_zinc_bs/output_pdbs/model_ligand_9.pdb' starts with './'. This is redundant and strongly discouraged. It can also lead to inconsistent results of the file-matching approach used by Snakemake. You can simply omit the './' for relative file paths.
Relative file path './2XWR_A_91-289_N239Y/xray/ca_sc_rest_zinc_bs/output_pdbs/model_ligand_10.pdb' starts with './'. This is redundant and strongly discouraged. It can also lead to inconsistent results of the file-matching approach used by Snakemake. You can simply omit the './' for relative file paths.
Relative file path './2XWR_A_91-289_N239Y/xray/ca_sc_rest_zinc_bs/output_pdbs/model_ligand_11.pdb' starts with './'. This is redundant and strongly discouraged. It can also lead to inconsistent results of the file-matching approach used by Snakemake. You can simply omit the './' for relative file paths.
Relative file path './2XWR_A_91-289_N239Y/xray/ca_sc_rest_zinc_bs/output_pdbs/model_ligand_12.pdb' starts with './'. This is redundant and strongly discouraged. It can also lead to inconsistent results of the file-matching approach used by Snakemake. You can simply omit the './' for relative file paths.
Relative file path './2XWR_A_91-289_N239Y/xray/ca_sc_rest_zinc_bs/output_pdbs/model_ligand_13.pdb' starts with './'. This is redundant and strongly discouraged. It can also lead to inconsistent results of the file-matching approach used by Snakemake. You can simply omit the './' for relative file paths.
Relative file path './2XWR_A_91-289_N239Y/xray/ca_sc_rest_zinc_bs/output_pdbs/model_ligand_14.pdb' starts with './'. This is redundant and strongly discouraged. It can also lead to inconsistent results of the file-matching approach used by Snakemake. You can simply omit the './' for relative file paths.
Relative file path './2XWR_A_91-289_N239Y/xray/ca_sc_rest_zinc_bs/output_pdbs/model_ligand_15.pdb' starts with './'. This is redundant and strongly discouraged. It can also lead to inconsistent results of the file-matching approach used by Snakemake. You can simply omit the './' for relative file paths.
Relative file path './2XWR_A_91-289_N239Y/xray/ca_sc_rest_zinc_bs/output_pdbs/model_ligand_16.pdb' starts with './'. This is redundant and strongly discouraged. It can also lead to inconsistent results of the file-matching approach used by Snakemake. You can simply omit the './' for relative file paths.
Relative file path './2XWR_A_91-289_N239Y/xray/ca_sc_rest_zinc_bs/output_pdbs/model_ligand_17.pdb' starts with './'. This is redundant and strongly discouraged. It can also lead to inconsistent results of the file-matching approach used by Snakemake. You can simply omit the './' for relative file paths.
Relative file path './2XWR_A_91-289_N239Y/xray/ca_sc_rest_zinc_bs/output_pdbs/model_ligand_18.pdb' starts with './'. This is redundant and strongly discouraged. It can also lead to inconsistent results of the file-matching approach used by Snakemake. You can simply omit the './' for relative file paths.
Relative file path './2XWR_A_91-289_N239Y/xray/ca_sc_rest_zinc_bs/output_pdbs/model_ligand_19.pdb' starts with './'. This is redundant and strongly discouraged. It can also lead to inconsistent results of the file-matching approach used by Snakemake. You can simply omit the './' for relative file paths.
Relative file path './2XWR_A_91-289_N239Y/xray/ca_sc_rest_zinc_bs/theseus/theseus_sup.pdb' starts with './'. This is redundant and strongly discouraged. It can also lead to inconsistent results of the file-matching approach used by Snakemake. You can simply omit the './' for relative file paths.
Relative file path './2XWR_A_91-289_N239Y/xray/ca_sc_rest_zinc_bs/output_pdbs/model_0.pdb' starts with './'. This is redundant and strongly discouraged. It can also lead to inconsistent results of the file-matching approach used by Snakemake. You can simply omit the './' for relative file paths.
Relative file path './2XWR_A_91-289_N239Y/xray/ca_sc_rest_zinc_bs/output_pdbs/model_1.pdb' starts with './'. This is redundant and strongly discouraged. It can also lead to inconsistent results of the file-matching approach used by Snakemake. You can simply omit the './' for relative file paths.
Relative file path './2XWR_A_91-289_N239Y/xray/ca_sc_rest_zinc_bs/output_pdbs/model_2.pdb' starts with './'. This is redundant and strongly discouraged. It can also lead to inconsistent results of the file-matching approach used by Snakemake. You can simply omit the './' for relative file paths.
Relative file path './2XWR_A_91-289_N239Y/xray/ca_sc_rest_zinc_bs/output_pdbs/model_3.pdb' starts with './'. This is redundant and strongly discouraged. It can also lead to inconsistent results of the file-matching approach used by Snakemake. You can simply omit the './' for relative file paths.
Relative file path './2XWR_A_91-289_N239Y/xray/ca_sc_rest_zinc_bs/output_pdbs/model_4.pdb' starts with './'. This is redundant and strongly discouraged. It can also lead to inconsistent results of the file-matching approach used by Snakemake. You can simply omit the './' for relative file paths.
Relative file path './2XWR_A_91-289_N239Y/xray/ca_sc_rest_zinc_bs/output_pdbs/model_5.pdb' starts with './'. This is redundant and strongly discouraged. It can also lead to inconsistent results of the file-matching approach used by Snakemake. You can simply omit the './' for relative file paths.
Relative file path './2XWR_A_91-289_N239Y/xray/ca_sc_rest_zinc_bs/output_pdbs/model_6.pdb' starts with './'. This is redundant and strongly discouraged. It can also lead to inconsistent results of the file-matching approach used by Snakemake. You can simply omit the './' for relative file paths.
Relative file path './2XWR_A_91-289_N239Y/xray/ca_sc_rest_zinc_bs/output_pdbs/model_7.pdb' starts with './'. This is redundant and strongly discouraged. It can also lead to inconsistent results of the file-matching approach used by Snakemake. You can simply omit the './' for relative file paths.
Relative file path './2XWR_A_91-289_N239Y/xray/ca_sc_rest_zinc_bs/output_pdbs/model_8.pdb' starts with './'. This is redundant and strongly discouraged. It can also lead to inconsistent results of the file-matching approach used by Snakemake. You can simply omit the './' for relative file paths.
Relative file path './2XWR_A_91-289_N239Y/xray/ca_sc_rest_zinc_bs/output_pdbs/model_9.pdb' starts with './'. This is redundant and strongly discouraged. It can also lead to inconsistent results of the file-matching approach used by Snakemake. You can simply omit the './' for relative file paths.
Relative file path './2XWR_A_91-289_N239Y/xray/ca_sc_rest_zinc_bs/output_pdbs/model_10.pdb' starts with './'. This is redundant and strongly discouraged. It can also lead to inconsistent results of the file-matching approach used by Snakemake. You can simply omit the './' for relative file paths.
Relative file path './2XWR_A_91-289_N239Y/xray/ca_sc_rest_zinc_bs/output_pdbs/model_11.pdb' starts with './'. This is redundant and strongly discouraged. It can also lead to inconsistent results of the file-matching approach used by Snakemake. You can simply omit the './' for relative file paths.
Relative file path './2XWR_A_91-289_N239Y/xray/ca_sc_rest_zinc_bs/output_pdbs/model_12.pdb' starts with './'. This is redundant and strongly discouraged. It can also lead to inconsistent results of the file-matching approach used by Snakemake. You can simply omit the './' for relative file paths.
Relative file path './2XWR_A_91-289_N239Y/xray/ca_sc_rest_zinc_bs/output_pdbs/model_13.pdb' starts with './'. This is redundant and strongly discouraged. It can also lead to inconsistent results of the file-matching approach used by Snakemake. You can simply omit the './' for relative file paths.
Relative file path './2XWR_A_91-289_N239Y/xray/ca_sc_rest_zinc_bs/output_pdbs/model_14.pdb' starts with './'. This is redundant and strongly discouraged. It can also lead to inconsistent results of the file-matching approach used by Snakemake. You can simply omit the './' for relative file paths.
Relative file path './2XWR_A_91-289_N239Y/xray/ca_sc_rest_zinc_bs/output_pdbs/model_15.pdb' starts with './'. This is redundant and strongly discouraged. It can also lead to inconsistent results of the file-matching approach used by Snakemake. You can simply omit the './' for relative file paths.
Relative file path './2XWR_A_91-289_N239Y/xray/ca_sc_rest_zinc_bs/output_pdbs/model_16.pdb' starts with './'. This is redundant and strongly discouraged. It can also lead to inconsistent results of the file-matching approach used by Snakemake. You can simply omit the './' for relative file paths.
Relative file path './2XWR_A_91-289_N239Y/xray/ca_sc_rest_zinc_bs/output_pdbs/model_17.pdb' starts with './'. This is redundant and strongly discouraged. It can also lead to inconsistent results of the file-matching approach used by Snakemake. You can simply omit the './' for relative file paths.
Relative file path './2XWR_A_91-289_N239Y/xray/ca_sc_rest_zinc_bs/output_pdbs/model_18.pdb' starts with './'. This is redundant and strongly discouraged. It can also lead to inconsistent results of the file-matching approach used by Snakemake. You can simply omit the './' for relative file paths.
Relative file path './2XWR_A_91-289_N239Y/xray/ca_sc_rest_zinc_bs/output_pdbs/model_19.pdb' starts with './'. This is redundant and strongly discouraged. It can also lead to inconsistent results of the file-matching approach used by Snakemake. You can simply omit the './' for relative file paths.
Relative file path './2XWR_A_91-289_N239Y/xray/ca_sc_rest_zinc_bs/output_pdbs/model_ligand_0.pdb' starts with './'. This is redundant and strongly discouraged. It can also lead to inconsistent results of the file-matching approach used by Snakemake. You can simply omit the './' for relative file paths.
Relative file path './2XWR_A_91-289_N239Y/xray/ca_sc_rest_zinc_bs/output_pdbs/model_ligand_1.pdb' starts with './'. This is redundant and strongly discouraged. It can also lead to inconsistent results of the file-matching approach used by Snakemake. You can simply omit the './' for relative file paths.
Relative file path './2XWR_A_91-289_N239Y/xray/ca_sc_rest_zinc_bs/output_pdbs/model_ligand_2.pdb' starts with './'. This is redundant and strongly discouraged. It can also lead to inconsistent results of the file-matching approach used by Snakemake. You can simply omit the './' for relative file paths.
Relative file path './2XWR_A_91-289_N239Y/xray/ca_sc_rest_zinc_bs/output_pdbs/model_ligand_3.pdb' starts with './'. This is redundant and strongly discouraged. It can also lead to inconsistent results of the file-matching approach used by Snakemake. You can simply omit the './' for relative file paths.
Relative file path './2XWR_A_91-289_N239Y/xray/ca_sc_rest_zinc_bs/output_pdbs/model_ligand_4.pdb' starts with './'. This is redundant and strongly discouraged. It can also lead to inconsistent results of the file-matching approach used by Snakemake. You can simply omit the './' for relative file paths.
Relative file path './2XWR_A_91-289_N239Y/xray/ca_sc_rest_zinc_bs/output_pdbs/model_ligand_5.pdb' starts with './'. This is redundant and strongly discouraged. It can also lead to inconsistent results of the file-matching approach used by Snakemake. You can simply omit the './' for relative file paths.
Relative file path './2XWR_A_91-289_N239Y/xray/ca_sc_rest_zinc_bs/output_pdbs/model_ligand_6.pdb' starts with './'. This is redundant and strongly discouraged. It can also lead to inconsistent results of the file-matching approach used by Snakemake. You can simply omit the './' for relative file paths.
Relative file path './2XWR_A_91-289_N239Y/xray/ca_sc_rest_zinc_bs/output_pdbs/model_ligand_7.pdb' starts with './'. This is redundant and strongly discouraged. It can also lead to inconsistent results of the file-matching approach used by Snakemake. You can simply omit the './' for relative file paths.
Relative file path './2XWR_A_91-289_N239Y/xray/ca_sc_rest_zinc_bs/output_pdbs/model_ligand_8.pdb' starts with './'. This is redundant and strongly discouraged. It can also lead to inconsistent results of the file-matching approach used by Snakemake. You can simply omit the './' for relative file paths.
Relative file path './2XWR_A_91-289_N239Y/xray/ca_sc_rest_zinc_bs/output_pdbs/model_ligand_9.pdb' starts with './'. This is redundant and strongly discouraged. It can also lead to inconsistent results of the file-matching approach used by Snakemake. You can simply omit the './' for relative file paths.
Relative file path './2XWR_A_91-289_N239Y/xray/ca_sc_rest_zinc_bs/output_pdbs/model_ligand_10.pdb' starts with './'. This is redundant and strongly discouraged. It can also lead to inconsistent results of the file-matching approach used by Snakemake. You can simply omit the './' for relative file paths.
Relative file path './2XWR_A_91-289_N239Y/xray/ca_sc_rest_zinc_bs/output_pdbs/model_ligand_11.pdb' starts with './'. This is redundant and strongly discouraged. It can also lead to inconsistent results of the file-matching approach used by Snakemake. You can simply omit the './' for relative file paths.
Relative file path './2XWR_A_91-289_N239Y/xray/ca_sc_rest_zinc_bs/output_pdbs/model_ligand_12.pdb' starts with './'. This is redundant and strongly discouraged. It can also lead to inconsistent results of the file-matching approach used by Snakemake. You can simply omit the './' for relative file paths.
Relative file path './2XWR_A_91-289_N239Y/xray/ca_sc_rest_zinc_bs/output_pdbs/model_ligand_13.pdb' starts with './'. This is redundant and strongly discouraged. It can also lead to inconsistent results of the file-matching approach used by Snakemake. You can simply omit the './' for relative file paths.
Relative file path './2XWR_A_91-289_N239Y/xray/ca_sc_rest_zinc_bs/output_pdbs/model_ligand_14.pdb' starts with './'. This is redundant and strongly discouraged. It can also lead to inconsistent results of the file-matching approach used by Snakemake. You can simply omit the './' for relative file paths.
Relative file path './2XWR_A_91-289_N239Y/xray/ca_sc_rest_zinc_bs/output_pdbs/model_ligand_15.pdb' starts with './'. This is redundant and strongly discouraged. It can also lead to inconsistent results of the file-matching approach used by Snakemake. You can simply omit the './' for relative file paths.
Relative file path './2XWR_A_91-289_N239Y/xray/ca_sc_rest_zinc_bs/output_pdbs/model_ligand_16.pdb' starts with './'. This is redundant and strongly discouraged. It can also lead to inconsistent results of the file-matching approach used by Snakemake. You can simply omit the './' for relative file paths.
Relative file path './2XWR_A_91-289_N239Y/xray/ca_sc_rest_zinc_bs/output_pdbs/model_ligand_17.pdb' starts with './'. This is redundant and strongly discouraged. It can also lead to inconsistent results of the file-matching approach used by Snakemake. You can simply omit the './' for relative file paths.
Relative file path './2XWR_A_91-289_N239Y/xray/ca_sc_rest_zinc_bs/output_pdbs/model_ligand_18.pdb' starts with './'. This is redundant and strongly discouraged. It can also lead to inconsistent results of the file-matching approach used by Snakemake. You can simply omit the './' for relative file paths.
Relative file path './2XWR_A_91-289_N239Y/xray/ca_sc_rest_zinc_bs/output_pdbs/model_ligand_19.pdb' starts with './'. This is redundant and strongly discouraged. It can also lead to inconsistent results of the file-matching approach used by Snakemake. You can simply omit the './' for relative file paths.
Relative file path './input_structures/2XWR_A_ASN239TYR.pdb' starts with './'. This is redundant and strongly discouraged. It can also lead to inconsistent results of the file-matching approach used by Snakemake. You can simply omit the './' for relative file paths.
Relative file path './2XWR_A_91-289_N239Y/xray/ca_sc_rest_zinc_bs/output_pdbs/model_0.pdb' starts with './'. This is redundant and strongly discouraged. It can also lead to inconsistent results of the file-matching approach used by Snakemake. You can simply omit the './' for relative file paths.
Relative file path './2XWR_A_91-289_N239Y/xray/ca_sc_rest_zinc_bs/output_pdbs/model_1.pdb' starts with './'. This is redundant and strongly discouraged. It can also lead to inconsistent results of the file-matching approach used by Snakemake. You can simply omit the './' for relative file paths.
Relative file path './2XWR_A_91-289_N239Y/xray/ca_sc_rest_zinc_bs/output_pdbs/model_2.pdb' starts with './'. This is redundant and strongly discouraged. It can also lead to inconsistent results of the file-matching approach used by Snakemake. You can simply omit the './' for relative file paths.
Relative file path './2XWR_A_91-289_N239Y/xray/ca_sc_rest_zinc_bs/output_pdbs/model_3.pdb' starts with './'. This is redundant and strongly discouraged. It can also lead to inconsistent results of the file-matching approach used by Snakemake. You can simply omit the './' for relative file paths.
Relative file path './2XWR_A_91-289_N239Y/xray/ca_sc_rest_zinc_bs/output_pdbs/model_4.pdb' starts with './'. This is redundant and strongly discouraged. It can also lead to inconsistent results of the file-matching approach used by Snakemake. You can simply omit the './' for relative file paths.
Relative file path './2XWR_A_91-289_N239Y/xray/ca_sc_rest_zinc_bs/output_pdbs/model_5.pdb' starts with './'. This is redundant and strongly discouraged. It can also lead to inconsistent results of the file-matching approach used by Snakemake. You can simply omit the './' for relative file paths.
Relative file path './2XWR_A_91-289_N239Y/xray/ca_sc_rest_zinc_bs/output_pdbs/model_6.pdb' starts with './'. This is redundant and strongly discouraged. It can also lead to inconsistent results of the file-matching approach used by Snakemake. You can simply omit the './' for relative file paths.
Relative file path './2XWR_A_91-289_N239Y/xray/ca_sc_rest_zinc_bs/output_pdbs/model_7.pdb' starts with './'. This is redundant and strongly discouraged. It can also lead to inconsistent results of the file-matching approach used by Snakemake. You can simply omit the './' for relative file paths.
Relative file path './2XWR_A_91-289_N239Y/xray/ca_sc_rest_zinc_bs/output_pdbs/model_8.pdb' starts with './'. This is redundant and strongly discouraged. It can also lead to inconsistent results of the file-matching approach used by Snakemake. You can simply omit the './' for relative file paths.
Relative file path './2XWR_A_91-289_N239Y/xray/ca_sc_rest_zinc_bs/output_pdbs/model_9.pdb' starts with './'. This is redundant and strongly discouraged. It can also lead to inconsistent results of the file-matching approach used by Snakemake. You can simply omit the './' for relative file paths.
Relative file path './2XWR_A_91-289_N239Y/xray/ca_sc_rest_zinc_bs/output_pdbs/model_10.pdb' starts with './'. This is redundant and strongly discouraged. It can also lead to inconsistent results of the file-matching approach used by Snakemake. You can simply omit the './' for relative file paths.
Relative file path './2XWR_A_91-289_N239Y/xray/ca_sc_rest_zinc_bs/output_pdbs/model_11.pdb' starts with './'. This is redundant and strongly discouraged. It can also lead to inconsistent results of the file-matching approach used by Snakemake. You can simply omit the './' for relative file paths.
Relative file path './2XWR_A_91-289_N239Y/xray/ca_sc_rest_zinc_bs/output_pdbs/model_12.pdb' starts with './'. This is redundant and strongly discouraged. It can also lead to inconsistent results of the file-matching approach used by Snakemake. You can simply omit the './' for relative file paths.
Relative file path './2XWR_A_91-289_N239Y/xray/ca_sc_rest_zinc_bs/output_pdbs/model_13.pdb' starts with './'. This is redundant and strongly discouraged. It can also lead to inconsistent results of the file-matching approach used by Snakemake. You can simply omit the './' for relative file paths.
Relative file path './2XWR_A_91-289_N239Y/xray/ca_sc_rest_zinc_bs/output_pdbs/model_14.pdb' starts with './'. This is redundant and strongly discouraged. It can also lead to inconsistent results of the file-matching approach used by Snakemake. You can simply omit the './' for relative file paths.
Relative file path './2XWR_A_91-289_N239Y/xray/ca_sc_rest_zinc_bs/output_pdbs/model_15.pdb' starts with './'. This is redundant and strongly discouraged. It can also lead to inconsistent results of the file-matching approach used by Snakemake. You can simply omit the './' for relative file paths.
Relative file path './2XWR_A_91-289_N239Y/xray/ca_sc_rest_zinc_bs/output_pdbs/model_16.pdb' starts with './'. This is redundant and strongly discouraged. It can also lead to inconsistent results of the file-matching approach used by Snakemake. You can simply omit the './' for relative file paths.
Relative file path './2XWR_A_91-289_N239Y/xray/ca_sc_rest_zinc_bs/output_pdbs/model_17.pdb' starts with './'. This is redundant and strongly discouraged. It can also lead to inconsistent results of the file-matching approach used by Snakemake. You can simply omit the './' for relative file paths.
Relative file path './2XWR_A_91-289_N239Y/xray/ca_sc_rest_zinc_bs/output_pdbs/model_18.pdb' starts with './'. This is redundant and strongly discouraged. It can also lead to inconsistent results of the file-matching approach used by Snakemake. You can simply omit the './' for relative file paths.
Relative file path './2XWR_A_91-289_N239Y/xray/ca_sc_rest_zinc_bs/output_pdbs/model_19.pdb' starts with './'. This is redundant and strongly discouraged. It can also lead to inconsistent results of the file-matching approach used by Snakemake. You can simply omit the './' for relative file paths.
Relative file path './2XWR_A_91-289_H168R/xray/no_restraints/output_pdbs/model_0.pdb' starts with './'. This is redundant and strongly discouraged. It can also lead to inconsistent results of the file-matching approach used by Snakemake. You can simply omit the './' for relative file paths.
Relative file path './2XWR_A_91-289_H168R/xray/no_restraints/output_pdbs/model_1.pdb' starts with './'. This is redundant and strongly discouraged. It can also lead to inconsistent results of the file-matching approach used by Snakemake. You can simply omit the './' for relative file paths.
Relative file path './2XWR_A_91-289_H168R/xray/no_restraints/output_pdbs/model_2.pdb' starts with './'. This is redundant and strongly discouraged. It can also lead to inconsistent results of the file-matching approach used by Snakemake. You can simply omit the './' for relative file paths.
Relative file path './2XWR_A_91-289_H168R/xray/no_restraints/output_pdbs/model_3.pdb' starts with './'. This is redundant and strongly discouraged. It can also lead to inconsistent results of the file-matching approach used by Snakemake. You can simply omit the './' for relative file paths.
Relative file path './2XWR_A_91-289_H168R/xray/no_restraints/output_pdbs/model_4.pdb' starts with './'. This is redundant and strongly discouraged. It can also lead to inconsistent results of the file-matching approach used by Snakemake. You can simply omit the './' for relative file paths.
Relative file path './2XWR_A_91-289_H168R/xray/no_restraints/output_pdbs/model_5.pdb' starts with './'. This is redundant and strongly discouraged. It can also lead to inconsistent results of the file-matching approach used by Snakemake. You can simply omit the './' for relative file paths.
Relative file path './2XWR_A_91-289_H168R/xray/no_restraints/output_pdbs/model_6.pdb' starts with './'. This is redundant and strongly discouraged. It can also lead to inconsistent results of the file-matching approach used by Snakemake. You can simply omit the './' for relative file paths.
Relative file path './2XWR_A_91-289_H168R/xray/no_restraints/output_pdbs/model_7.pdb' starts with './'. This is redundant and strongly discouraged. It can also lead to inconsistent results of the file-matching approach used by Snakemake. You can simply omit the './' for relative file paths.
Relative file path './2XWR_A_91-289_H168R/xray/no_restraints/output_pdbs/model_8.pdb' starts with './'. This is redundant and strongly discouraged. It can also lead to inconsistent results of the file-matching approach used by Snakemake. You can simply omit the './' for relative file paths.
Relative file path './2XWR_A_91-289_H168R/xray/no_restraints/output_pdbs/model_9.pdb' starts with './'. This is redundant and strongly discouraged. It can also lead to inconsistent results of the file-matching approach used by Snakemake. You can simply omit the './' for relative file paths.
Relative file path './2XWR_A_91-289_H168R/xray/no_restraints/output_pdbs/model_10.pdb' starts with './'. This is redundant and strongly discouraged. It can also lead to inconsistent results of the file-matching approach used by Snakemake. You can simply omit the './' for relative file paths.
Relative file path './2XWR_A_91-289_H168R/xray/no_restraints/output_pdbs/model_11.pdb' starts with './'. This is redundant and strongly discouraged. It can also lead to inconsistent results of the file-matching approach used by Snakemake. You can simply omit the './' for relative file paths.
Relative file path './2XWR_A_91-289_H168R/xray/no_restraints/output_pdbs/model_12.pdb' starts with './'. This is redundant and strongly discouraged. It can also lead to inconsistent results of the file-matching approach used by Snakemake. You can simply omit the './' for relative file paths.
Relative file path './2XWR_A_91-289_H168R/xray/no_restraints/output_pdbs/model_13.pdb' starts with './'. This is redundant and strongly discouraged. It can also lead to inconsistent results of the file-matching approach used by Snakemake. You can simply omit the './' for relative file paths.
Relative file path './2XWR_A_91-289_H168R/xray/no_restraints/output_pdbs/model_14.pdb' starts with './'. This is redundant and strongly discouraged. It can also lead to inconsistent results of the file-matching approach used by Snakemake. You can simply omit the './' for relative file paths.
Relative file path './2XWR_A_91-289_H168R/xray/no_restraints/output_pdbs/model_15.pdb' starts with './'. This is redundant and strongly discouraged. It can also lead to inconsistent results of the file-matching approach used by Snakemake. You can simply omit the './' for relative file paths.
Relative file path './2XWR_A_91-289_H168R/xray/no_restraints/output_pdbs/model_16.pdb' starts with './'. This is redundant and strongly discouraged. It can also lead to inconsistent results of the file-matching approach used by Snakemake. You can simply omit the './' for relative file paths.
Relative file path './2XWR_A_91-289_H168R/xray/no_restraints/output_pdbs/model_17.pdb' starts with './'. This is redundant and strongly discouraged. It can also lead to inconsistent results of the file-matching approach used by Snakemake. You can simply omit the './' for relative file paths.
Relative file path './2XWR_A_91-289_H168R/xray/no_restraints/output_pdbs/model_18.pdb' starts with './'. This is redundant and strongly discouraged. It can also lead to inconsistent results of the file-matching approach used by Snakemake. You can simply omit the './' for relative file paths.
Relative file path './2XWR_A_91-289_H168R/xray/no_restraints/output_pdbs/model_19.pdb' starts with './'. This is redundant and strongly discouraged. It can also lead to inconsistent results of the file-matching approach used by Snakemake. You can simply omit the './' for relative file paths.
Relative file path './2XWR_A_91-289_H168R/xray/no_restraints/theseus/theseus_sup.pdb' starts with './'. This is redundant and strongly discouraged. It can also lead to inconsistent results of the file-matching approach used by Snakemake. You can simply omit the './' for relative file paths.
Relative file path './input_structures/2XWR_A_HIS168ARG.pdb' starts with './'. This is redundant and strongly discouraged. It can also lead to inconsistent results of the file-matching approach used by Snakemake. You can simply omit the './' for relative file paths.
Relative file path './2XWR_A_91-289_H168R/xray/no_restraints/output_pdbs/model_0.pdb' starts with './'. This is redundant and strongly discouraged. It can also lead to inconsistent results of the file-matching approach used by Snakemake. You can simply omit the './' for relative file paths.
Relative file path './2XWR_A_91-289_H168R/xray/no_restraints/output_pdbs/model_1.pdb' starts with './'. This is redundant and strongly discouraged. It can also lead to inconsistent results of the file-matching approach used by Snakemake. You can simply omit the './' for relative file paths.
Relative file path './2XWR_A_91-289_H168R/xray/no_restraints/output_pdbs/model_2.pdb' starts with './'. This is redundant and strongly discouraged. It can also lead to inconsistent results of the file-matching approach used by Snakemake. You can simply omit the './' for relative file paths.
Relative file path './2XWR_A_91-289_H168R/xray/no_restraints/output_pdbs/model_3.pdb' starts with './'. This is redundant and strongly discouraged. It can also lead to inconsistent results of the file-matching approach used by Snakemake. You can simply omit the './' for relative file paths.
Relative file path './2XWR_A_91-289_H168R/xray/no_restraints/output_pdbs/model_4.pdb' starts with './'. This is redundant and strongly discouraged. It can also lead to inconsistent results of the file-matching approach used by Snakemake. You can simply omit the './' for relative file paths.
Relative file path './2XWR_A_91-289_H168R/xray/no_restraints/output_pdbs/model_5.pdb' starts with './'. This is redundant and strongly discouraged. It can also lead to inconsistent results of the file-matching approach used by Snakemake. You can simply omit the './' for relative file paths.
Relative file path './2XWR_A_91-289_H168R/xray/no_restraints/output_pdbs/model_6.pdb' starts with './'. This is redundant and strongly discouraged. It can also lead to inconsistent results of the file-matching approach used by Snakemake. You can simply omit the './' for relative file paths.
Relative file path './2XWR_A_91-289_H168R/xray/no_restraints/output_pdbs/model_7.pdb' starts with './'. This is redundant and strongly discouraged. It can also lead to inconsistent results of the file-matching approach used by Snakemake. You can simply omit the './' for relative file paths.
Relative file path './2XWR_A_91-289_H168R/xray/no_restraints/output_pdbs/model_8.pdb' starts with './'. This is redundant and strongly discouraged. It can also lead to inconsistent results of the file-matching approach used by Snakemake. You can simply omit the './' for relative file paths.
Relative file path './2XWR_A_91-289_H168R/xray/no_restraints/output_pdbs/model_9.pdb' starts with './'. This is redundant and strongly discouraged. It can also lead to inconsistent results of the file-matching approach used by Snakemake. You can simply omit the './' for relative file paths.
Relative file path './2XWR_A_91-289_H168R/xray/no_restraints/output_pdbs/model_10.pdb' starts with './'. This is redundant and strongly discouraged. It can also lead to inconsistent results of the file-matching approach used by Snakemake. You can simply omit the './' for relative file paths.
Relative file path './2XWR_A_91-289_H168R/xray/no_restraints/output_pdbs/model_11.pdb' starts with './'. This is redundant and strongly discouraged. It can also lead to inconsistent results of the file-matching approach used by Snakemake. You can simply omit the './' for relative file paths.
Relative file path './2XWR_A_91-289_H168R/xray/no_restraints/output_pdbs/model_12.pdb' starts with './'. This is redundant and strongly discouraged. It can also lead to inconsistent results of the file-matching approach used by Snakemake. You can simply omit the './' for relative file paths.
Relative file path './2XWR_A_91-289_H168R/xray/no_restraints/output_pdbs/model_13.pdb' starts with './'. This is redundant and strongly discouraged. It can also lead to inconsistent results of the file-matching approach used by Snakemake. You can simply omit the './' for relative file paths.
Relative file path './2XWR_A_91-289_H168R/xray/no_restraints/output_pdbs/model_14.pdb' starts with './'. This is redundant and strongly discouraged. It can also lead to inconsistent results of the file-matching approach used by Snakemake. You can simply omit the './' for relative file paths.
Relative file path './2XWR_A_91-289_H168R/xray/no_restraints/output_pdbs/model_15.pdb' starts with './'. This is redundant and strongly discouraged. It can also lead to inconsistent results of the file-matching approach used by Snakemake. You can simply omit the './' for relative file paths.
Relative file path './2XWR_A_91-289_H168R/xray/no_restraints/output_pdbs/model_16.pdb' starts with './'. This is redundant and strongly discouraged. It can also lead to inconsistent results of the file-matching approach used by Snakemake. You can simply omit the './' for relative file paths.
Relative file path './2XWR_A_91-289_H168R/xray/no_restraints/output_pdbs/model_17.pdb' starts with './'. This is redundant and strongly discouraged. It can also lead to inconsistent results of the file-matching approach used by Snakemake. You can simply omit the './' for relative file paths.
Relative file path './2XWR_A_91-289_H168R/xray/no_restraints/output_pdbs/model_18.pdb' starts with './'. This is redundant and strongly discouraged. It can also lead to inconsistent results of the file-matching approach used by Snakemake. You can simply omit the './' for relative file paths.
Relative file path './2XWR_A_91-289_H168R/xray/no_restraints/output_pdbs/model_19.pdb' starts with './'. This is redundant and strongly discouraged. It can also lead to inconsistent results of the file-matching approach used by Snakemake. You can simply omit the './' for relative file paths.
Relative file path './2XWR_A_91-289_H168R/xray/ca_rest_zinc_bs/output_pdbs/model_ligand_0.pdb' starts with './'. This is redundant and strongly discouraged. It can also lead to inconsistent results of the file-matching approach used by Snakemake. You can simply omit the './' for relative file paths.
Relative file path './2XWR_A_91-289_H168R/xray/ca_rest_zinc_bs/output_pdbs/model_ligand_1.pdb' starts with './'. This is redundant and strongly discouraged. It can also lead to inconsistent results of the file-matching approach used by Snakemake. You can simply omit the './' for relative file paths.
Relative file path './2XWR_A_91-289_H168R/xray/ca_rest_zinc_bs/output_pdbs/model_ligand_2.pdb' starts with './'. This is redundant and strongly discouraged. It can also lead to inconsistent results of the file-matching approach used by Snakemake. You can simply omit the './' for relative file paths.
Relative file path './2XWR_A_91-289_H168R/xray/ca_rest_zinc_bs/output_pdbs/model_ligand_3.pdb' starts with './'. This is redundant and strongly discouraged. It can also lead to inconsistent results of the file-matching approach used by Snakemake. You can simply omit the './' for relative file paths.
Relative file path './2XWR_A_91-289_H168R/xray/ca_rest_zinc_bs/output_pdbs/model_ligand_4.pdb' starts with './'. This is redundant and strongly discouraged. It can also lead to inconsistent results of the file-matching approach used by Snakemake. You can simply omit the './' for relative file paths.
Relative file path './2XWR_A_91-289_H168R/xray/ca_rest_zinc_bs/output_pdbs/model_ligand_5.pdb' starts with './'. This is redundant and strongly discouraged. It can also lead to inconsistent results of the file-matching approach used by Snakemake. You can simply omit the './' for relative file paths.
Relative file path './2XWR_A_91-289_H168R/xray/ca_rest_zinc_bs/output_pdbs/model_ligand_6.pdb' starts with './'. This is redundant and strongly discouraged. It can also lead to inconsistent results of the file-matching approach used by Snakemake. You can simply omit the './' for relative file paths.
Relative file path './2XWR_A_91-289_H168R/xray/ca_rest_zinc_bs/output_pdbs/model_ligand_7.pdb' starts with './'. This is redundant and strongly discouraged. It can also lead to inconsistent results of the file-matching approach used by Snakemake. You can simply omit the './' for relative file paths.
Relative file path './2XWR_A_91-289_H168R/xray/ca_rest_zinc_bs/output_pdbs/model_ligand_8.pdb' starts with './'. This is redundant and strongly discouraged. It can also lead to inconsistent results of the file-matching approach used by Snakemake. You can simply omit the './' for relative file paths.
Relative file path './2XWR_A_91-289_H168R/xray/ca_rest_zinc_bs/output_pdbs/model_ligand_9.pdb' starts with './'. This is redundant and strongly discouraged. It can also lead to inconsistent results of the file-matching approach used by Snakemake. You can simply omit the './' for relative file paths.
Relative file path './2XWR_A_91-289_H168R/xray/ca_rest_zinc_bs/output_pdbs/model_ligand_10.pdb' starts with './'. This is redundant and strongly discouraged. It can also lead to inconsistent results of the file-matching approach used by Snakemake. You can simply omit the './' for relative file paths.
Relative file path './2XWR_A_91-289_H168R/xray/ca_rest_zinc_bs/output_pdbs/model_ligand_11.pdb' starts with './'. This is redundant and strongly discouraged. It can also lead to inconsistent results of the file-matching approach used by Snakemake. You can simply omit the './' for relative file paths.
Relative file path './2XWR_A_91-289_H168R/xray/ca_rest_zinc_bs/output_pdbs/model_ligand_12.pdb' starts with './'. This is redundant and strongly discouraged. It can also lead to inconsistent results of the file-matching approach used by Snakemake. You can simply omit the './' for relative file paths.
Relative file path './2XWR_A_91-289_H168R/xray/ca_rest_zinc_bs/output_pdbs/model_ligand_13.pdb' starts with './'. This is redundant and strongly discouraged. It can also lead to inconsistent results of the file-matching approach used by Snakemake. You can simply omit the './' for relative file paths.
Relative file path './2XWR_A_91-289_H168R/xray/ca_rest_zinc_bs/output_pdbs/model_ligand_14.pdb' starts with './'. This is redundant and strongly discouraged. It can also lead to inconsistent results of the file-matching approach used by Snakemake. You can simply omit the './' for relative file paths.
Relative file path './2XWR_A_91-289_H168R/xray/ca_rest_zinc_bs/output_pdbs/model_ligand_15.pdb' starts with './'. This is redundant and strongly discouraged. It can also lead to inconsistent results of the file-matching approach used by Snakemake. You can simply omit the './' for relative file paths.
Relative file path './2XWR_A_91-289_H168R/xray/ca_rest_zinc_bs/output_pdbs/model_ligand_16.pdb' starts with './'. This is redundant and strongly discouraged. It can also lead to inconsistent results of the file-matching approach used by Snakemake. You can simply omit the './' for relative file paths.
Relative file path './2XWR_A_91-289_H168R/xray/ca_rest_zinc_bs/output_pdbs/model_ligand_17.pdb' starts with './'. This is redundant and strongly discouraged. It can also lead to inconsistent results of the file-matching approach used by Snakemake. You can simply omit the './' for relative file paths.
Relative file path './2XWR_A_91-289_H168R/xray/ca_rest_zinc_bs/output_pdbs/model_ligand_18.pdb' starts with './'. This is redundant and strongly discouraged. It can also lead to inconsistent results of the file-matching approach used by Snakemake. You can simply omit the './' for relative file paths.
Relative file path './2XWR_A_91-289_H168R/xray/ca_rest_zinc_bs/output_pdbs/model_ligand_19.pdb' starts with './'. This is redundant and strongly discouraged. It can also lead to inconsistent results of the file-matching approach used by Snakemake. You can simply omit the './' for relative file paths.
Relative file path './2XWR_A_91-289_H168R/xray/ca_rest_zinc_bs/theseus/theseus_sup.pdb' starts with './'. This is redundant and strongly discouraged. It can also lead to inconsistent results of the file-matching approach used by Snakemake. You can simply omit the './' for relative file paths.
Relative file path './2XWR_A_91-289_H168R/xray/ca_rest_zinc_bs/output_pdbs/model_0.pdb' starts with './'. This is redundant and strongly discouraged. It can also lead to inconsistent results of the file-matching approach used by Snakemake. You can simply omit the './' for relative file paths.
Relative file path './2XWR_A_91-289_H168R/xray/ca_rest_zinc_bs/output_pdbs/model_1.pdb' starts with './'. This is redundant and strongly discouraged. It can also lead to inconsistent results of the file-matching approach used by Snakemake. You can simply omit the './' for relative file paths.
Relative file path './2XWR_A_91-289_H168R/xray/ca_rest_zinc_bs/output_pdbs/model_2.pdb' starts with './'. This is redundant and strongly discouraged. It can also lead to inconsistent results of the file-matching approach used by Snakemake. You can simply omit the './' for relative file paths.
Relative file path './2XWR_A_91-289_H168R/xray/ca_rest_zinc_bs/output_pdbs/model_3.pdb' starts with './'. This is redundant and strongly discouraged. It can also lead to inconsistent results of the file-matching approach used by Snakemake. You can simply omit the './' for relative file paths.
Relative file path './2XWR_A_91-289_H168R/xray/ca_rest_zinc_bs/output_pdbs/model_4.pdb' starts with './'. This is redundant and strongly discouraged. It can also lead to inconsistent results of the file-matching approach used by Snakemake. You can simply omit the './' for relative file paths.
Relative file path './2XWR_A_91-289_H168R/xray/ca_rest_zinc_bs/output_pdbs/model_5.pdb' starts with './'. This is redundant and strongly discouraged. It can also lead to inconsistent results of the file-matching approach used by Snakemake. You can simply omit the './' for relative file paths.
Relative file path './2XWR_A_91-289_H168R/xray/ca_rest_zinc_bs/output_pdbs/model_6.pdb' starts with './'. This is redundant and strongly discouraged. It can also lead to inconsistent results of the file-matching approach used by Snakemake. You can simply omit the './' for relative file paths.
Relative file path './2XWR_A_91-289_H168R/xray/ca_rest_zinc_bs/output_pdbs/model_7.pdb' starts with './'. This is redundant and strongly discouraged. It can also lead to inconsistent results of the file-matching approach used by Snakemake. You can simply omit the './' for relative file paths.
Relative file path './2XWR_A_91-289_H168R/xray/ca_rest_zinc_bs/output_pdbs/model_8.pdb' starts with './'. This is redundant and strongly discouraged. It can also lead to inconsistent results of the file-matching approach used by Snakemake. You can simply omit the './' for relative file paths.
Relative file path './2XWR_A_91-289_H168R/xray/ca_rest_zinc_bs/output_pdbs/model_9.pdb' starts with './'. This is redundant and strongly discouraged. It can also lead to inconsistent results of the file-matching approach used by Snakemake. You can simply omit the './' for relative file paths.
Relative file path './2XWR_A_91-289_H168R/xray/ca_rest_zinc_bs/output_pdbs/model_10.pdb' starts with './'. This is redundant and strongly discouraged. It can also lead to inconsistent results of the file-matching approach used by Snakemake. You can simply omit the './' for relative file paths.
Relative file path './2XWR_A_91-289_H168R/xray/ca_rest_zinc_bs/output_pdbs/model_11.pdb' starts with './'. This is redundant and strongly discouraged. It can also lead to inconsistent results of the file-matching approach used by Snakemake. You can simply omit the './' for relative file paths.
Relative file path './2XWR_A_91-289_H168R/xray/ca_rest_zinc_bs/output_pdbs/model_12.pdb' starts with './'. This is redundant and strongly discouraged. It can also lead to inconsistent results of the file-matching approach used by Snakemake. You can simply omit the './' for relative file paths.
Relative file path './2XWR_A_91-289_H168R/xray/ca_rest_zinc_bs/output_pdbs/model_13.pdb' starts with './'. This is redundant and strongly discouraged. It can also lead to inconsistent results of the file-matching approach used by Snakemake. You can simply omit the './' for relative file paths.
Relative file path './2XWR_A_91-289_H168R/xray/ca_rest_zinc_bs/output_pdbs/model_14.pdb' starts with './'. This is redundant and strongly discouraged. It can also lead to inconsistent results of the file-matching approach used by Snakemake. You can simply omit the './' for relative file paths.
Relative file path './2XWR_A_91-289_H168R/xray/ca_rest_zinc_bs/output_pdbs/model_15.pdb' starts with './'. This is redundant and strongly discouraged. It can also lead to inconsistent results of the file-matching approach used by Snakemake. You can simply omit the './' for relative file paths.
Relative file path './2XWR_A_91-289_H168R/xray/ca_rest_zinc_bs/output_pdbs/model_16.pdb' starts with './'. This is redundant and strongly discouraged. It can also lead to inconsistent results of the file-matching approach used by Snakemake. You can simply omit the './' for relative file paths.
Relative file path './2XWR_A_91-289_H168R/xray/ca_rest_zinc_bs/output_pdbs/model_17.pdb' starts with './'. This is redundant and strongly discouraged. It can also lead to inconsistent results of the file-matching approach used by Snakemake. You can simply omit the './' for relative file paths.
Relative file path './2XWR_A_91-289_H168R/xray/ca_rest_zinc_bs/output_pdbs/model_18.pdb' starts with './'. This is redundant and strongly discouraged. It can also lead to inconsistent results of the file-matching approach used by Snakemake. You can simply omit the './' for relative file paths.
Relative file path './2XWR_A_91-289_H168R/xray/ca_rest_zinc_bs/output_pdbs/model_19.pdb' starts with './'. This is redundant and strongly discouraged. It can also lead to inconsistent results of the file-matching approach used by Snakemake. You can simply omit the './' for relative file paths.
Relative file path './2XWR_A_91-289_H168R/xray/ca_rest_zinc_bs/output_pdbs/model_ligand_0.pdb' starts with './'. This is redundant and strongly discouraged. It can also lead to inconsistent results of the file-matching approach used by Snakemake. You can simply omit the './' for relative file paths.
Relative file path './2XWR_A_91-289_H168R/xray/ca_rest_zinc_bs/output_pdbs/model_ligand_1.pdb' starts with './'. This is redundant and strongly discouraged. It can also lead to inconsistent results of the file-matching approach used by Snakemake. You can simply omit the './' for relative file paths.
Relative file path './2XWR_A_91-289_H168R/xray/ca_rest_zinc_bs/output_pdbs/model_ligand_2.pdb' starts with './'. This is redundant and strongly discouraged. It can also lead to inconsistent results of the file-matching approach used by Snakemake. You can simply omit the './' for relative file paths.
Relative file path './2XWR_A_91-289_H168R/xray/ca_rest_zinc_bs/output_pdbs/model_ligand_3.pdb' starts with './'. This is redundant and strongly discouraged. It can also lead to inconsistent results of the file-matching approach used by Snakemake. You can simply omit the './' for relative file paths.
Relative file path './2XWR_A_91-289_H168R/xray/ca_rest_zinc_bs/output_pdbs/model_ligand_4.pdb' starts with './'. This is redundant and strongly discouraged. It can also lead to inconsistent results of the file-matching approach used by Snakemake. You can simply omit the './' for relative file paths.
Relative file path './2XWR_A_91-289_H168R/xray/ca_rest_zinc_bs/output_pdbs/model_ligand_5.pdb' starts with './'. This is redundant and strongly discouraged. It can also lead to inconsistent results of the file-matching approach used by Snakemake. You can simply omit the './' for relative file paths.
Relative file path './2XWR_A_91-289_H168R/xray/ca_rest_zinc_bs/output_pdbs/model_ligand_6.pdb' starts with './'. This is redundant and strongly discouraged. It can also lead to inconsistent results of the file-matching approach used by Snakemake. You can simply omit the './' for relative file paths.
Relative file path './2XWR_A_91-289_H168R/xray/ca_rest_zinc_bs/output_pdbs/model_ligand_7.pdb' starts with './'. This is redundant and strongly discouraged. It can also lead to inconsistent results of the file-matching approach used by Snakemake. You can simply omit the './' for relative file paths.
Relative file path './2XWR_A_91-289_H168R/xray/ca_rest_zinc_bs/output_pdbs/model_ligand_8.pdb' starts with './'. This is redundant and strongly discouraged. It can also lead to inconsistent results of the file-matching approach used by Snakemake. You can simply omit the './' for relative file paths.
Relative file path './2XWR_A_91-289_H168R/xray/ca_rest_zinc_bs/output_pdbs/model_ligand_9.pdb' starts with './'. This is redundant and strongly discouraged. It can also lead to inconsistent results of the file-matching approach used by Snakemake. You can simply omit the './' for relative file paths.
Relative file path './2XWR_A_91-289_H168R/xray/ca_rest_zinc_bs/output_pdbs/model_ligand_10.pdb' starts with './'. This is redundant and strongly discouraged. It can also lead to inconsistent results of the file-matching approach used by Snakemake. You can simply omit the './' for relative file paths.
Relative file path './2XWR_A_91-289_H168R/xray/ca_rest_zinc_bs/output_pdbs/model_ligand_11.pdb' starts with './'. This is redundant and strongly discouraged. It can also lead to inconsistent results of the file-matching approach used by Snakemake. You can simply omit the './' for relative file paths.
Relative file path './2XWR_A_91-289_H168R/xray/ca_rest_zinc_bs/output_pdbs/model_ligand_12.pdb' starts with './'. This is redundant and strongly discouraged. It can also lead to inconsistent results of the file-matching approach used by Snakemake. You can simply omit the './' for relative file paths.
Relative file path './2XWR_A_91-289_H168R/xray/ca_rest_zinc_bs/output_pdbs/model_ligand_13.pdb' starts with './'. This is redundant and strongly discouraged. It can also lead to inconsistent results of the file-matching approach used by Snakemake. You can simply omit the './' for relative file paths.
Relative file path './2XWR_A_91-289_H168R/xray/ca_rest_zinc_bs/output_pdbs/model_ligand_14.pdb' starts with './'. This is redundant and strongly discouraged. It can also lead to inconsistent results of the file-matching approach used by Snakemake. You can simply omit the './' for relative file paths.
Relative file path './2XWR_A_91-289_H168R/xray/ca_rest_zinc_bs/output_pdbs/model_ligand_15.pdb' starts with './'. This is redundant and strongly discouraged. It can also lead to inconsistent results of the file-matching approach used by Snakemake. You can simply omit the './' for relative file paths.
Relative file path './2XWR_A_91-289_H168R/xray/ca_rest_zinc_bs/output_pdbs/model_ligand_16.pdb' starts with './'. This is redundant and strongly discouraged. It can also lead to inconsistent results of the file-matching approach used by Snakemake. You can simply omit the './' for relative file paths.
Relative file path './2XWR_A_91-289_H168R/xray/ca_rest_zinc_bs/output_pdbs/model_ligand_17.pdb' starts with './'. This is redundant and strongly discouraged. It can also lead to inconsistent results of the file-matching approach used by Snakemake. You can simply omit the './' for relative file paths.
Relative file path './2XWR_A_91-289_H168R/xray/ca_rest_zinc_bs/output_pdbs/model_ligand_18.pdb' starts with './'. This is redundant and strongly discouraged. It can also lead to inconsistent results of the file-matching approach used by Snakemake. You can simply omit the './' for relative file paths.
Relative file path './2XWR_A_91-289_H168R/xray/ca_rest_zinc_bs/output_pdbs/model_ligand_19.pdb' starts with './'. This is redundant and strongly discouraged. It can also lead to inconsistent results of the file-matching approach used by Snakemake. You can simply omit the './' for relative file paths.
Relative file path './input_structures/2XWR_A_HIS168ARG.pdb' starts with './'. This is redundant and strongly discouraged. It can also lead to inconsistent results of the file-matching approach used by Snakemake. You can simply omit the './' for relative file paths.
Relative file path './2XWR_A_91-289_H168R/xray/ca_rest_zinc_bs/output_pdbs/model_0.pdb' starts with './'. This is redundant and strongly discouraged. It can also lead to inconsistent results of the file-matching approach used by Snakemake. You can simply omit the './' for relative file paths.
Relative file path './2XWR_A_91-289_H168R/xray/ca_rest_zinc_bs/output_pdbs/model_1.pdb' starts with './'. This is redundant and strongly discouraged. It can also lead to inconsistent results of the file-matching approach used by Snakemake. You can simply omit the './' for relative file paths.
Relative file path './2XWR_A_91-289_H168R/xray/ca_rest_zinc_bs/output_pdbs/model_2.pdb' starts with './'. This is redundant and strongly discouraged. It can also lead to inconsistent results of the file-matching approach used by Snakemake. You can simply omit the './' for relative file paths.
Relative file path './2XWR_A_91-289_H168R/xray/ca_rest_zinc_bs/output_pdbs/model_3.pdb' starts with './'. This is redundant and strongly discouraged. It can also lead to inconsistent results of the file-matching approach used by Snakemake. You can simply omit the './' for relative file paths.
Relative file path './2XWR_A_91-289_H168R/xray/ca_rest_zinc_bs/output_pdbs/model_4.pdb' starts with './'. This is redundant and strongly discouraged. It can also lead to inconsistent results of the file-matching approach used by Snakemake. You can simply omit the './' for relative file paths.
Relative file path './2XWR_A_91-289_H168R/xray/ca_rest_zinc_bs/output_pdbs/model_5.pdb' starts with './'. This is redundant and strongly discouraged. It can also lead to inconsistent results of the file-matching approach used by Snakemake. You can simply omit the './' for relative file paths.
Relative file path './2XWR_A_91-289_H168R/xray/ca_rest_zinc_bs/output_pdbs/model_6.pdb' starts with './'. This is redundant and strongly discouraged. It can also lead to inconsistent results of the file-matching approach used by Snakemake. You can simply omit the './' for relative file paths.
Relative file path './2XWR_A_91-289_H168R/xray/ca_rest_zinc_bs/output_pdbs/model_7.pdb' starts with './'. This is redundant and strongly discouraged. It can also lead to inconsistent results of the file-matching approach used by Snakemake. You can simply omit the './' for relative file paths.
Relative file path './2XWR_A_91-289_H168R/xray/ca_rest_zinc_bs/output_pdbs/model_8.pdb' starts with './'. This is redundant and strongly discouraged. It can also lead to inconsistent results of the file-matching approach used by Snakemake. You can simply omit the './' for relative file paths.
Relative file path './2XWR_A_91-289_H168R/xray/ca_rest_zinc_bs/output_pdbs/model_9.pdb' starts with './'. This is redundant and strongly discouraged. It can also lead to inconsistent results of the file-matching approach used by Snakemake. You can simply omit the './' for relative file paths.
Relative file path './2XWR_A_91-289_H168R/xray/ca_rest_zinc_bs/output_pdbs/model_10.pdb' starts with './'. This is redundant and strongly discouraged. It can also lead to inconsistent results of the file-matching approach used by Snakemake. You can simply omit the './' for relative file paths.
Relative file path './2XWR_A_91-289_H168R/xray/ca_rest_zinc_bs/output_pdbs/model_11.pdb' starts with './'. This is redundant and strongly discouraged. It can also lead to inconsistent results of the file-matching approach used by Snakemake. You can simply omit the './' for relative file paths.
Relative file path './2XWR_A_91-289_H168R/xray/ca_rest_zinc_bs/output_pdbs/model_12.pdb' starts with './'. This is redundant and strongly discouraged. It can also lead to inconsistent results of the file-matching approach used by Snakemake. You can simply omit the './' for relative file paths.
Relative file path './2XWR_A_91-289_H168R/xray/ca_rest_zinc_bs/output_pdbs/model_13.pdb' starts with './'. This is redundant and strongly discouraged. It can also lead to inconsistent results of the file-matching approach used by Snakemake. You can simply omit the './' for relative file paths.
Relative file path './2XWR_A_91-289_H168R/xray/ca_rest_zinc_bs/output_pdbs/model_14.pdb' starts with './'. This is redundant and strongly discouraged. It can also lead to inconsistent results of the file-matching approach used by Snakemake. You can simply omit the './' for relative file paths.
Relative file path './2XWR_A_91-289_H168R/xray/ca_rest_zinc_bs/output_pdbs/model_15.pdb' starts with './'. This is redundant and strongly discouraged. It can also lead to inconsistent results of the file-matching approach used by Snakemake. You can simply omit the './' for relative file paths.
Relative file path './2XWR_A_91-289_H168R/xray/ca_rest_zinc_bs/output_pdbs/model_16.pdb' starts with './'. This is redundant and strongly discouraged. It can also lead to inconsistent results of the file-matching approach used by Snakemake. You can simply omit the './' for relative file paths.
Relative file path './2XWR_A_91-289_H168R/xray/ca_rest_zinc_bs/output_pdbs/model_17.pdb' starts with './'. This is redundant and strongly discouraged. It can also lead to inconsistent results of the file-matching approach used by Snakemake. You can simply omit the './' for relative file paths.
Relative file path './2XWR_A_91-289_H168R/xray/ca_rest_zinc_bs/output_pdbs/model_18.pdb' starts with './'. This is redundant and strongly discouraged. It can also lead to inconsistent results of the file-matching approach used by Snakemake. You can simply omit the './' for relative file paths.
Relative file path './2XWR_A_91-289_H168R/xray/ca_rest_zinc_bs/output_pdbs/model_19.pdb' starts with './'. This is redundant and strongly discouraged. It can also lead to inconsistent results of the file-matching approach used by Snakemake. You can simply omit the './' for relative file paths.
Relative file path './2XWR_A_91-289_H168R/xray/ca_sc_rest_zinc_bs/output_pdbs/model_ligand_0.pdb' starts with './'. This is redundant and strongly discouraged. It can also lead to inconsistent results of the file-matching approach used by Snakemake. You can simply omit the './' for relative file paths.
Relative file path './2XWR_A_91-289_H168R/xray/ca_sc_rest_zinc_bs/output_pdbs/model_ligand_1.pdb' starts with './'. This is redundant and strongly discouraged. It can also lead to inconsistent results of the file-matching approach used by Snakemake. You can simply omit the './' for relative file paths.
Relative file path './2XWR_A_91-289_H168R/xray/ca_sc_rest_zinc_bs/output_pdbs/model_ligand_2.pdb' starts with './'. This is redundant and strongly discouraged. It can also lead to inconsistent results of the file-matching approach used by Snakemake. You can simply omit the './' for relative file paths.
Relative file path './2XWR_A_91-289_H168R/xray/ca_sc_rest_zinc_bs/output_pdbs/model_ligand_3.pdb' starts with './'. This is redundant and strongly discouraged. It can also lead to inconsistent results of the file-matching approach used by Snakemake. You can simply omit the './' for relative file paths.
Relative file path './2XWR_A_91-289_H168R/xray/ca_sc_rest_zinc_bs/output_pdbs/model_ligand_4.pdb' starts with './'. This is redundant and strongly discouraged. It can also lead to inconsistent results of the file-matching approach used by Snakemake. You can simply omit the './' for relative file paths.
Relative file path './2XWR_A_91-289_H168R/xray/ca_sc_rest_zinc_bs/output_pdbs/model_ligand_5.pdb' starts with './'. This is redundant and strongly discouraged. It can also lead to inconsistent results of the file-matching approach used by Snakemake. You can simply omit the './' for relative file paths.
Relative file path './2XWR_A_91-289_H168R/xray/ca_sc_rest_zinc_bs/output_pdbs/model_ligand_6.pdb' starts with './'. This is redundant and strongly discouraged. It can also lead to inconsistent results of the file-matching approach used by Snakemake. You can simply omit the './' for relative file paths.
Relative file path './2XWR_A_91-289_H168R/xray/ca_sc_rest_zinc_bs/output_pdbs/model_ligand_7.pdb' starts with './'. This is redundant and strongly discouraged. It can also lead to inconsistent results of the file-matching approach used by Snakemake. You can simply omit the './' for relative file paths.
Relative file path './2XWR_A_91-289_H168R/xray/ca_sc_rest_zinc_bs/output_pdbs/model_ligand_8.pdb' starts with './'. This is redundant and strongly discouraged. It can also lead to inconsistent results of the file-matching approach used by Snakemake. You can simply omit the './' for relative file paths.
Relative file path './2XWR_A_91-289_H168R/xray/ca_sc_rest_zinc_bs/output_pdbs/model_ligand_9.pdb' starts with './'. This is redundant and strongly discouraged. It can also lead to inconsistent results of the file-matching approach used by Snakemake. You can simply omit the './' for relative file paths.
Relative file path './2XWR_A_91-289_H168R/xray/ca_sc_rest_zinc_bs/output_pdbs/model_ligand_10.pdb' starts with './'. This is redundant and strongly discouraged. It can also lead to inconsistent results of the file-matching approach used by Snakemake. You can simply omit the './' for relative file paths.
Relative file path './2XWR_A_91-289_H168R/xray/ca_sc_rest_zinc_bs/output_pdbs/model_ligand_11.pdb' starts with './'. This is redundant and strongly discouraged. It can also lead to inconsistent results of the file-matching approach used by Snakemake. You can simply omit the './' for relative file paths.
Relative file path './2XWR_A_91-289_H168R/xray/ca_sc_rest_zinc_bs/output_pdbs/model_ligand_12.pdb' starts with './'. This is redundant and strongly discouraged. It can also lead to inconsistent results of the file-matching approach used by Snakemake. You can simply omit the './' for relative file paths.
Relative file path './2XWR_A_91-289_H168R/xray/ca_sc_rest_zinc_bs/output_pdbs/model_ligand_13.pdb' starts with './'. This is redundant and strongly discouraged. It can also lead to inconsistent results of the file-matching approach used by Snakemake. You can simply omit the './' for relative file paths.
Relative file path './2XWR_A_91-289_H168R/xray/ca_sc_rest_zinc_bs/output_pdbs/model_ligand_14.pdb' starts with './'. This is redundant and strongly discouraged. It can also lead to inconsistent results of the file-matching approach used by Snakemake. You can simply omit the './' for relative file paths.
Relative file path './2XWR_A_91-289_H168R/xray/ca_sc_rest_zinc_bs/output_pdbs/model_ligand_15.pdb' starts with './'. This is redundant and strongly discouraged. It can also lead to inconsistent results of the file-matching approach used by Snakemake. You can simply omit the './' for relative file paths.
Relative file path './2XWR_A_91-289_H168R/xray/ca_sc_rest_zinc_bs/output_pdbs/model_ligand_16.pdb' starts with './'. This is redundant and strongly discouraged. It can also lead to inconsistent results of the file-matching approach used by Snakemake. You can simply omit the './' for relative file paths.
Relative file path './2XWR_A_91-289_H168R/xray/ca_sc_rest_zinc_bs/output_pdbs/model_ligand_17.pdb' starts with './'. This is redundant and strongly discouraged. It can also lead to inconsistent results of the file-matching approach used by Snakemake. You can simply omit the './' for relative file paths.
Relative file path './2XWR_A_91-289_H168R/xray/ca_sc_rest_zinc_bs/output_pdbs/model_ligand_18.pdb' starts with './'. This is redundant and strongly discouraged. It can also lead to inconsistent results of the file-matching approach used by Snakemake. You can simply omit the './' for relative file paths.
Relative file path './2XWR_A_91-289_H168R/xray/ca_sc_rest_zinc_bs/output_pdbs/model_ligand_19.pdb' starts with './'. This is redundant and strongly discouraged. It can also lead to inconsistent results of the file-matching approach used by Snakemake. You can simply omit the './' for relative file paths.
Relative file path './2XWR_A_91-289_H168R/xray/ca_sc_rest_zinc_bs/theseus/theseus_sup.pdb' starts with './'. This is redundant and strongly discouraged. It can also lead to inconsistent results of the file-matching approach used by Snakemake. You can simply omit the './' for relative file paths.
Relative file path './2XWR_A_91-289_H168R/xray/ca_sc_rest_zinc_bs/output_pdbs/model_0.pdb' starts with './'. This is redundant and strongly discouraged. It can also lead to inconsistent results of the file-matching approach used by Snakemake. You can simply omit the './' for relative file paths.
Relative file path './2XWR_A_91-289_H168R/xray/ca_sc_rest_zinc_bs/output_pdbs/model_1.pdb' starts with './'. This is redundant and strongly discouraged. It can also lead to inconsistent results of the file-matching approach used by Snakemake. You can simply omit the './' for relative file paths.
Relative file path './2XWR_A_91-289_H168R/xray/ca_sc_rest_zinc_bs/output_pdbs/model_2.pdb' starts with './'. This is redundant and strongly discouraged. It can also lead to inconsistent results of the file-matching approach used by Snakemake. You can simply omit the './' for relative file paths.
Relative file path './2XWR_A_91-289_H168R/xray/ca_sc_rest_zinc_bs/output_pdbs/model_3.pdb' starts with './'. This is redundant and strongly discouraged. It can also lead to inconsistent results of the file-matching approach used by Snakemake. You can simply omit the './' for relative file paths.
Relative file path './2XWR_A_91-289_H168R/xray/ca_sc_rest_zinc_bs/output_pdbs/model_4.pdb' starts with './'. This is redundant and strongly discouraged. It can also lead to inconsistent results of the file-matching approach used by Snakemake. You can simply omit the './' for relative file paths.
Relative file path './2XWR_A_91-289_H168R/xray/ca_sc_rest_zinc_bs/output_pdbs/model_5.pdb' starts with './'. This is redundant and strongly discouraged. It can also lead to inconsistent results of the file-matching approach used by Snakemake. You can simply omit the './' for relative file paths.
Relative file path './2XWR_A_91-289_H168R/xray/ca_sc_rest_zinc_bs/output_pdbs/model_6.pdb' starts with './'. This is redundant and strongly discouraged. It can also lead to inconsistent results of the file-matching approach used by Snakemake. You can simply omit the './' for relative file paths.
Relative file path './2XWR_A_91-289_H168R/xray/ca_sc_rest_zinc_bs/output_pdbs/model_7.pdb' starts with './'. This is redundant and strongly discouraged. It can also lead to inconsistent results of the file-matching approach used by Snakemake. You can simply omit the './' for relative file paths.
Relative file path './2XWR_A_91-289_H168R/xray/ca_sc_rest_zinc_bs/output_pdbs/model_8.pdb' starts with './'. This is redundant and strongly discouraged. It can also lead to inconsistent results of the file-matching approach used by Snakemake. You can simply omit the './' for relative file paths.
Relative file path './2XWR_A_91-289_H168R/xray/ca_sc_rest_zinc_bs/output_pdbs/model_9.pdb' starts with './'. This is redundant and strongly discouraged. It can also lead to inconsistent results of the file-matching approach used by Snakemake. You can simply omit the './' for relative file paths.
Relative file path './2XWR_A_91-289_H168R/xray/ca_sc_rest_zinc_bs/output_pdbs/model_10.pdb' starts with './'. This is redundant and strongly discouraged. It can also lead to inconsistent results of the file-matching approach used by Snakemake. You can simply omit the './' for relative file paths.
Relative file path './2XWR_A_91-289_H168R/xray/ca_sc_rest_zinc_bs/output_pdbs/model_11.pdb' starts with './'. This is redundant and strongly discouraged. It can also lead to inconsistent results of the file-matching approach used by Snakemake. You can simply omit the './' for relative file paths.
Relative file path './2XWR_A_91-289_H168R/xray/ca_sc_rest_zinc_bs/output_pdbs/model_12.pdb' starts with './'. This is redundant and strongly discouraged. It can also lead to inconsistent results of the file-matching approach used by Snakemake. You can simply omit the './' for relative file paths.
Relative file path './2XWR_A_91-289_H168R/xray/ca_sc_rest_zinc_bs/output_pdbs/model_13.pdb' starts with './'. This is redundant and strongly discouraged. It can also lead to inconsistent results of the file-matching approach used by Snakemake. You can simply omit the './' for relative file paths.
Relative file path './2XWR_A_91-289_H168R/xray/ca_sc_rest_zinc_bs/output_pdbs/model_14.pdb' starts with './'. This is redundant and strongly discouraged. It can also lead to inconsistent results of the file-matching approach used by Snakemake. You can simply omit the './' for relative file paths.
Relative file path './2XWR_A_91-289_H168R/xray/ca_sc_rest_zinc_bs/output_pdbs/model_15.pdb' starts with './'. This is redundant and strongly discouraged. It can also lead to inconsistent results of the file-matching approach used by Snakemake. You can simply omit the './' for relative file paths.
Relative file path './2XWR_A_91-289_H168R/xray/ca_sc_rest_zinc_bs/output_pdbs/model_16.pdb' starts with './'. This is redundant and strongly discouraged. It can also lead to inconsistent results of the file-matching approach used by Snakemake. You can simply omit the './' for relative file paths.
Relative file path './2XWR_A_91-289_H168R/xray/ca_sc_rest_zinc_bs/output_pdbs/model_17.pdb' starts with './'. This is redundant and strongly discouraged. It can also lead to inconsistent results of the file-matching approach used by Snakemake. You can simply omit the './' for relative file paths.
Relative file path './2XWR_A_91-289_H168R/xray/ca_sc_rest_zinc_bs/output_pdbs/model_18.pdb' starts with './'. This is redundant and strongly discouraged. It can also lead to inconsistent results of the file-matching approach used by Snakemake. You can simply omit the './' for relative file paths.
Relative file path './2XWR_A_91-289_H168R/xray/ca_sc_rest_zinc_bs/output_pdbs/model_19.pdb' starts with './'. This is redundant and strongly discouraged. It can also lead to inconsistent results of the file-matching approach used by Snakemake. You can simply omit the './' for relative file paths.
Relative file path './2XWR_A_91-289_H168R/xray/ca_sc_rest_zinc_bs/output_pdbs/model_ligand_0.pdb' starts with './'. This is redundant and strongly discouraged. It can also lead to inconsistent results of the file-matching approach used by Snakemake. You can simply omit the './' for relative file paths.
Relative file path './2XWR_A_91-289_H168R/xray/ca_sc_rest_zinc_bs/output_pdbs/model_ligand_1.pdb' starts with './'. This is redundant and strongly discouraged. It can also lead to inconsistent results of the file-matching approach used by Snakemake. You can simply omit the './' for relative file paths.
Relative file path './2XWR_A_91-289_H168R/xray/ca_sc_rest_zinc_bs/output_pdbs/model_ligand_2.pdb' starts with './'. This is redundant and strongly discouraged. It can also lead to inconsistent results of the file-matching approach used by Snakemake. You can simply omit the './' for relative file paths.
Relative file path './2XWR_A_91-289_H168R/xray/ca_sc_rest_zinc_bs/output_pdbs/model_ligand_3.pdb' starts with './'. This is redundant and strongly discouraged. It can also lead to inconsistent results of the file-matching approach used by Snakemake. You can simply omit the './' for relative file paths.
Relative file path './2XWR_A_91-289_H168R/xray/ca_sc_rest_zinc_bs/output_pdbs/model_ligand_4.pdb' starts with './'. This is redundant and strongly discouraged. It can also lead to inconsistent results of the file-matching approach used by Snakemake. You can simply omit the './' for relative file paths.
Relative file path './2XWR_A_91-289_H168R/xray/ca_sc_rest_zinc_bs/output_pdbs/model_ligand_5.pdb' starts with './'. This is redundant and strongly discouraged. It can also lead to inconsistent results of the file-matching approach used by Snakemake. You can simply omit the './' for relative file paths.
Relative file path './2XWR_A_91-289_H168R/xray/ca_sc_rest_zinc_bs/output_pdbs/model_ligand_6.pdb' starts with './'. This is redundant and strongly discouraged. It can also lead to inconsistent results of the file-matching approach used by Snakemake. You can simply omit the './' for relative file paths.
Relative file path './2XWR_A_91-289_H168R/xray/ca_sc_rest_zinc_bs/output_pdbs/model_ligand_7.pdb' starts with './'. This is redundant and strongly discouraged. It can also lead to inconsistent results of the file-matching approach used by Snakemake. You can simply omit the './' for relative file paths.
Relative file path './2XWR_A_91-289_H168R/xray/ca_sc_rest_zinc_bs/output_pdbs/model_ligand_8.pdb' starts with './'. This is redundant and strongly discouraged. It can also lead to inconsistent results of the file-matching approach used by Snakemake. You can simply omit the './' for relative file paths.
Relative file path './2XWR_A_91-289_H168R/xray/ca_sc_rest_zinc_bs/output_pdbs/model_ligand_9.pdb' starts with './'. This is redundant and strongly discouraged. It can also lead to inconsistent results of the file-matching approach used by Snakemake. You can simply omit the './' for relative file paths.
Relative file path './2XWR_A_91-289_H168R/xray/ca_sc_rest_zinc_bs/output_pdbs/model_ligand_10.pdb' starts with './'. This is redundant and strongly discouraged. It can also lead to inconsistent results of the file-matching approach used by Snakemake. You can simply omit the './' for relative file paths.
Relative file path './2XWR_A_91-289_H168R/xray/ca_sc_rest_zinc_bs/output_pdbs/model_ligand_11.pdb' starts with './'. This is redundant and strongly discouraged. It can also lead to inconsistent results of the file-matching approach used by Snakemake. You can simply omit the './' for relative file paths.
Relative file path './2XWR_A_91-289_H168R/xray/ca_sc_rest_zinc_bs/output_pdbs/model_ligand_12.pdb' starts with './'. This is redundant and strongly discouraged. It can also lead to inconsistent results of the file-matching approach used by Snakemake. You can simply omit the './' for relative file paths.
Relative file path './2XWR_A_91-289_H168R/xray/ca_sc_rest_zinc_bs/output_pdbs/model_ligand_13.pdb' starts with './'. This is redundant and strongly discouraged. It can also lead to inconsistent results of the file-matching approach used by Snakemake. You can simply omit the './' for relative file paths.
Relative file path './2XWR_A_91-289_H168R/xray/ca_sc_rest_zinc_bs/output_pdbs/model_ligand_14.pdb' starts with './'. This is redundant and strongly discouraged. It can also lead to inconsistent results of the file-matching approach used by Snakemake. You can simply omit the './' for relative file paths.
Relative file path './2XWR_A_91-289_H168R/xray/ca_sc_rest_zinc_bs/output_pdbs/model_ligand_15.pdb' starts with './'. This is redundant and strongly discouraged. It can also lead to inconsistent results of the file-matching approach used by Snakemake. You can simply omit the './' for relative file paths.
Relative file path './2XWR_A_91-289_H168R/xray/ca_sc_rest_zinc_bs/output_pdbs/model_ligand_16.pdb' starts with './'. This is redundant and strongly discouraged. It can also lead to inconsistent results of the file-matching approach used by Snakemake. You can simply omit the './' for relative file paths.
Relative file path './2XWR_A_91-289_H168R/xray/ca_sc_rest_zinc_bs/output_pdbs/model_ligand_17.pdb' starts with './'. This is redundant and strongly discouraged. It can also lead to inconsistent results of the file-matching approach used by Snakemake. You can simply omit the './' for relative file paths.
Relative file path './2XWR_A_91-289_H168R/xray/ca_sc_rest_zinc_bs/output_pdbs/model_ligand_18.pdb' starts with './'. This is redundant and strongly discouraged. It can also lead to inconsistent results of the file-matching approach used by Snakemake. You can simply omit the './' for relative file paths.
Relative file path './2XWR_A_91-289_H168R/xray/ca_sc_rest_zinc_bs/output_pdbs/model_ligand_19.pdb' starts with './'. This is redundant and strongly discouraged. It can also lead to inconsistent results of the file-matching approach used by Snakemake. You can simply omit the './' for relative file paths.
Relative file path './input_structures/2XWR_A_HIS168ARG.pdb' starts with './'. This is redundant and strongly discouraged. It can also lead to inconsistent results of the file-matching approach used by Snakemake. You can simply omit the './' for relative file paths.
Relative file path './2XWR_A_91-289_H168R/xray/ca_sc_rest_zinc_bs/output_pdbs/model_0.pdb' starts with './'. This is redundant and strongly discouraged. It can also lead to inconsistent results of the file-matching approach used by Snakemake. You can simply omit the './' for relative file paths.
Relative file path './2XWR_A_91-289_H168R/xray/ca_sc_rest_zinc_bs/output_pdbs/model_1.pdb' starts with './'. This is redundant and strongly discouraged. It can also lead to inconsistent results of the file-matching approach used by Snakemake. You can simply omit the './' for relative file paths.
Relative file path './2XWR_A_91-289_H168R/xray/ca_sc_rest_zinc_bs/output_pdbs/model_2.pdb' starts with './'. This is redundant and strongly discouraged. It can also lead to inconsistent results of the file-matching approach used by Snakemake. You can simply omit the './' for relative file paths.
Relative file path './2XWR_A_91-289_H168R/xray/ca_sc_rest_zinc_bs/output_pdbs/model_3.pdb' starts with './'. This is redundant and strongly discouraged. It can also lead to inconsistent results of the file-matching approach used by Snakemake. You can simply omit the './' for relative file paths.
Relative file path './2XWR_A_91-289_H168R/xray/ca_sc_rest_zinc_bs/output_pdbs/model_4.pdb' starts with './'. This is redundant and strongly discouraged. It can also lead to inconsistent results of the file-matching approach used by Snakemake. You can simply omit the './' for relative file paths.
Relative file path './2XWR_A_91-289_H168R/xray/ca_sc_rest_zinc_bs/output_pdbs/model_5.pdb' starts with './'. This is redundant and strongly discouraged. It can also lead to inconsistent results of the file-matching approach used by Snakemake. You can simply omit the './' for relative file paths.
Relative file path './2XWR_A_91-289_H168R/xray/ca_sc_rest_zinc_bs/output_pdbs/model_6.pdb' starts with './'. This is redundant and strongly discouraged. It can also lead to inconsistent results of the file-matching approach used by Snakemake. You can simply omit the './' for relative file paths.
Relative file path './2XWR_A_91-289_H168R/xray/ca_sc_rest_zinc_bs/output_pdbs/model_7.pdb' starts with './'. This is redundant and strongly discouraged. It can also lead to inconsistent results of the file-matching approach used by Snakemake. You can simply omit the './' for relative file paths.
Relative file path './2XWR_A_91-289_H168R/xray/ca_sc_rest_zinc_bs/output_pdbs/model_8.pdb' starts with './'. This is redundant and strongly discouraged. It can also lead to inconsistent results of the file-matching approach used by Snakemake. You can simply omit the './' for relative file paths.
Relative file path './2XWR_A_91-289_H168R/xray/ca_sc_rest_zinc_bs/output_pdbs/model_9.pdb' starts with './'. This is redundant and strongly discouraged. It can also lead to inconsistent results of the file-matching approach used by Snakemake. You can simply omit the './' for relative file paths.
Relative file path './2XWR_A_91-289_H168R/xray/ca_sc_rest_zinc_bs/output_pdbs/model_10.pdb' starts with './'. This is redundant and strongly discouraged. It can also lead to inconsistent results of the file-matching approach used by Snakemake. You can simply omit the './' for relative file paths.
Relative file path './2XWR_A_91-289_H168R/xray/ca_sc_rest_zinc_bs/output_pdbs/model_11.pdb' starts with './'. This is redundant and strongly discouraged. It can also lead to inconsistent results of the file-matching approach used by Snakemake. You can simply omit the './' for relative file paths.
Relative file path './2XWR_A_91-289_H168R/xray/ca_sc_rest_zinc_bs/output_pdbs/model_12.pdb' starts with './'. This is redundant and strongly discouraged. It can also lead to inconsistent results of the file-matching approach used by Snakemake. You can simply omit the './' for relative file paths.
Relative file path './2XWR_A_91-289_H168R/xray/ca_sc_rest_zinc_bs/output_pdbs/model_13.pdb' starts with './'. This is redundant and strongly discouraged. It can also lead to inconsistent results of the file-matching approach used by Snakemake. You can simply omit the './' for relative file paths.
Relative file path './2XWR_A_91-289_H168R/xray/ca_sc_rest_zinc_bs/output_pdbs/model_14.pdb' starts with './'. This is redundant and strongly discouraged. It can also lead to inconsistent results of the file-matching approach used by Snakemake. You can simply omit the './' for relative file paths.
Relative file path './2XWR_A_91-289_H168R/xray/ca_sc_rest_zinc_bs/output_pdbs/model_15.pdb' starts with './'. This is redundant and strongly discouraged. It can also lead to inconsistent results of the file-matching approach used by Snakemake. You can simply omit the './' for relative file paths.
Relative file path './2XWR_A_91-289_H168R/xray/ca_sc_rest_zinc_bs/output_pdbs/model_16.pdb' starts with './'. This is redundant and strongly discouraged. It can also lead to inconsistent results of the file-matching approach used by Snakemake. You can simply omit the './' for relative file paths.
Relative file path './2XWR_A_91-289_H168R/xray/ca_sc_rest_zinc_bs/output_pdbs/model_17.pdb' starts with './'. This is redundant and strongly discouraged. It can also lead to inconsistent results of the file-matching approach used by Snakemake. You can simply omit the './' for relative file paths.
Relative file path './2XWR_A_91-289_H168R/xray/ca_sc_rest_zinc_bs/output_pdbs/model_18.pdb' starts with './'. This is redundant and strongly discouraged. It can also lead to inconsistent results of the file-matching approach used by Snakemake. You can simply omit the './' for relative file paths.
Relative file path './2XWR_A_91-289_H168R/xray/ca_sc_rest_zinc_bs/output_pdbs/model_19.pdb' starts with './'. This is redundant and strongly discouraged. It can also lead to inconsistent results of the file-matching approach used by Snakemake. You can simply omit the './' for relative file paths.
Relative file path './2XWR_A_91-289_D148E/xray/no_restraints/output_pdbs/model_0.pdb' starts with './'. This is redundant and strongly discouraged. It can also lead to inconsistent results of the file-matching approach used by Snakemake. You can simply omit the './' for relative file paths.
Relative file path './2XWR_A_91-289_D148E/xray/no_restraints/output_pdbs/model_1.pdb' starts with './'. This is redundant and strongly discouraged. It can also lead to inconsistent results of the file-matching approach used by Snakemake. You can simply omit the './' for relative file paths.
Relative file path './2XWR_A_91-289_D148E/xray/no_restraints/output_pdbs/model_2.pdb' starts with './'. This is redundant and strongly discouraged. It can also lead to inconsistent results of the file-matching approach used by Snakemake. You can simply omit the './' for relative file paths.
Relative file path './2XWR_A_91-289_D148E/xray/no_restraints/output_pdbs/model_3.pdb' starts with './'. This is redundant and strongly discouraged. It can also lead to inconsistent results of the file-matching approach used by Snakemake. You can simply omit the './' for relative file paths.
Relative file path './2XWR_A_91-289_D148E/xray/no_restraints/output_pdbs/model_4.pdb' starts with './'. This is redundant and strongly discouraged. It can also lead to inconsistent results of the file-matching approach used by Snakemake. You can simply omit the './' for relative file paths.
Relative file path './2XWR_A_91-289_D148E/xray/no_restraints/output_pdbs/model_5.pdb' starts with './'. This is redundant and strongly discouraged. It can also lead to inconsistent results of the file-matching approach used by Snakemake. You can simply omit the './' for relative file paths.
Relative file path './2XWR_A_91-289_D148E/xray/no_restraints/output_pdbs/model_6.pdb' starts with './'. This is redundant and strongly discouraged. It can also lead to inconsistent results of the file-matching approach used by Snakemake. You can simply omit the './' for relative file paths.
Relative file path './2XWR_A_91-289_D148E/xray/no_restraints/output_pdbs/model_7.pdb' starts with './'. This is redundant and strongly discouraged. It can also lead to inconsistent results of the file-matching approach used by Snakemake. You can simply omit the './' for relative file paths.
Relative file path './2XWR_A_91-289_D148E/xray/no_restraints/output_pdbs/model_8.pdb' starts with './'. This is redundant and strongly discouraged. It can also lead to inconsistent results of the file-matching approach used by Snakemake. You can simply omit the './' for relative file paths.
Relative file path './2XWR_A_91-289_D148E/xray/no_restraints/output_pdbs/model_9.pdb' starts with './'. This is redundant and strongly discouraged. It can also lead to inconsistent results of the file-matching approach used by Snakemake. You can simply omit the './' for relative file paths.
Relative file path './2XWR_A_91-289_D148E/xray/no_restraints/output_pdbs/model_10.pdb' starts with './'. This is redundant and strongly discouraged. It can also lead to inconsistent results of the file-matching approach used by Snakemake. You can simply omit the './' for relative file paths.
Relative file path './2XWR_A_91-289_D148E/xray/no_restraints/output_pdbs/model_11.pdb' starts with './'. This is redundant and strongly discouraged. It can also lead to inconsistent results of the file-matching approach used by Snakemake. You can simply omit the './' for relative file paths.
Relative file path './2XWR_A_91-289_D148E/xray/no_restraints/output_pdbs/model_12.pdb' starts with './'. This is redundant and strongly discouraged. It can also lead to inconsistent results of the file-matching approach used by Snakemake. You can simply omit the './' for relative file paths.
Relative file path './2XWR_A_91-289_D148E/xray/no_restraints/output_pdbs/model_13.pdb' starts with './'. This is redundant and strongly discouraged. It can also lead to inconsistent results of the file-matching approach used by Snakemake. You can simply omit the './' for relative file paths.
Relative file path './2XWR_A_91-289_D148E/xray/no_restraints/output_pdbs/model_14.pdb' starts with './'. This is redundant and strongly discouraged. It can also lead to inconsistent results of the file-matching approach used by Snakemake. You can simply omit the './' for relative file paths.
Relative file path './2XWR_A_91-289_D148E/xray/no_restraints/output_pdbs/model_15.pdb' starts with './'. This is redundant and strongly discouraged. It can also lead to inconsistent results of the file-matching approach used by Snakemake. You can simply omit the './' for relative file paths.
Relative file path './2XWR_A_91-289_D148E/xray/no_restraints/output_pdbs/model_16.pdb' starts with './'. This is redundant and strongly discouraged. It can also lead to inconsistent results of the file-matching approach used by Snakemake. You can simply omit the './' for relative file paths.
Relative file path './2XWR_A_91-289_D148E/xray/no_restraints/output_pdbs/model_17.pdb' starts with './'. This is redundant and strongly discouraged. It can also lead to inconsistent results of the file-matching approach used by Snakemake. You can simply omit the './' for relative file paths.
Relative file path './2XWR_A_91-289_D148E/xray/no_restraints/output_pdbs/model_18.pdb' starts with './'. This is redundant and strongly discouraged. It can also lead to inconsistent results of the file-matching approach used by Snakemake. You can simply omit the './' for relative file paths.
Relative file path './2XWR_A_91-289_D148E/xray/no_restraints/output_pdbs/model_19.pdb' starts with './'. This is redundant and strongly discouraged. It can also lead to inconsistent results of the file-matching approach used by Snakemake. You can simply omit the './' for relative file paths.
Relative file path './2XWR_A_91-289_D148E/xray/no_restraints/theseus/theseus_sup.pdb' starts with './'. This is redundant and strongly discouraged. It can also lead to inconsistent results of the file-matching approach used by Snakemake. You can simply omit the './' for relative file paths.
Relative file path './input_structures/2XWR_A_ASP148GLU.pdb' starts with './'. This is redundant and strongly discouraged. It can also lead to inconsistent results of the file-matching approach used by Snakemake. You can simply omit the './' for relative file paths.
Relative file path './2XWR_A_91-289_D148E/xray/no_restraints/output_pdbs/model_0.pdb' starts with './'. This is redundant and strongly discouraged. It can also lead to inconsistent results of the file-matching approach used by Snakemake. You can simply omit the './' for relative file paths.
Relative file path './2XWR_A_91-289_D148E/xray/no_restraints/output_pdbs/model_1.pdb' starts with './'. This is redundant and strongly discouraged. It can also lead to inconsistent results of the file-matching approach used by Snakemake. You can simply omit the './' for relative file paths.
Relative file path './2XWR_A_91-289_D148E/xray/no_restraints/output_pdbs/model_2.pdb' starts with './'. This is redundant and strongly discouraged. It can also lead to inconsistent results of the file-matching approach used by Snakemake. You can simply omit the './' for relative file paths.
Relative file path './2XWR_A_91-289_D148E/xray/no_restraints/output_pdbs/model_3.pdb' starts with './'. This is redundant and strongly discouraged. It can also lead to inconsistent results of the file-matching approach used by Snakemake. You can simply omit the './' for relative file paths.
Relative file path './2XWR_A_91-289_D148E/xray/no_restraints/output_pdbs/model_4.pdb' starts with './'. This is redundant and strongly discouraged. It can also lead to inconsistent results of the file-matching approach used by Snakemake. You can simply omit the './' for relative file paths.
Relative file path './2XWR_A_91-289_D148E/xray/no_restraints/output_pdbs/model_5.pdb' starts with './'. This is redundant and strongly discouraged. It can also lead to inconsistent results of the file-matching approach used by Snakemake. You can simply omit the './' for relative file paths.
Relative file path './2XWR_A_91-289_D148E/xray/no_restraints/output_pdbs/model_6.pdb' starts with './'. This is redundant and strongly discouraged. It can also lead to inconsistent results of the file-matching approach used by Snakemake. You can simply omit the './' for relative file paths.
Relative file path './2XWR_A_91-289_D148E/xray/no_restraints/output_pdbs/model_7.pdb' starts with './'. This is redundant and strongly discouraged. It can also lead to inconsistent results of the file-matching approach used by Snakemake. You can simply omit the './' for relative file paths.
Relative file path './2XWR_A_91-289_D148E/xray/no_restraints/output_pdbs/model_8.pdb' starts with './'. This is redundant and strongly discouraged. It can also lead to inconsistent results of the file-matching approach used by Snakemake. You can simply omit the './' for relative file paths.
Relative file path './2XWR_A_91-289_D148E/xray/no_restraints/output_pdbs/model_9.pdb' starts with './'. This is redundant and strongly discouraged. It can also lead to inconsistent results of the file-matching approach used by Snakemake. You can simply omit the './' for relative file paths.
Relative file path './2XWR_A_91-289_D148E/xray/no_restraints/output_pdbs/model_10.pdb' starts with './'. This is redundant and strongly discouraged. It can also lead to inconsistent results of the file-matching approach used by Snakemake. You can simply omit the './' for relative file paths.
Relative file path './2XWR_A_91-289_D148E/xray/no_restraints/output_pdbs/model_11.pdb' starts with './'. This is redundant and strongly discouraged. It can also lead to inconsistent results of the file-matching approach used by Snakemake. You can simply omit the './' for relative file paths.
Relative file path './2XWR_A_91-289_D148E/xray/no_restraints/output_pdbs/model_12.pdb' starts with './'. This is redundant and strongly discouraged. It can also lead to inconsistent results of the file-matching approach used by Snakemake. You can simply omit the './' for relative file paths.
Relative file path './2XWR_A_91-289_D148E/xray/no_restraints/output_pdbs/model_13.pdb' starts with './'. This is redundant and strongly discouraged. It can also lead to inconsistent results of the file-matching approach used by Snakemake. You can simply omit the './' for relative file paths.
Relative file path './2XWR_A_91-289_D148E/xray/no_restraints/output_pdbs/model_14.pdb' starts with './'. This is redundant and strongly discouraged. It can also lead to inconsistent results of the file-matching approach used by Snakemake. You can simply omit the './' for relative file paths.
Relative file path './2XWR_A_91-289_D148E/xray/no_restraints/output_pdbs/model_15.pdb' starts with './'. This is redundant and strongly discouraged. It can also lead to inconsistent results of the file-matching approach used by Snakemake. You can simply omit the './' for relative file paths.
Relative file path './2XWR_A_91-289_D148E/xray/no_restraints/output_pdbs/model_16.pdb' starts with './'. This is redundant and strongly discouraged. It can also lead to inconsistent results of the file-matching approach used by Snakemake. You can simply omit the './' for relative file paths.
Relative file path './2XWR_A_91-289_D148E/xray/no_restraints/output_pdbs/model_17.pdb' starts with './'. This is redundant and strongly discouraged. It can also lead to inconsistent results of the file-matching approach used by Snakemake. You can simply omit the './' for relative file paths.
Relative file path './2XWR_A_91-289_D148E/xray/no_restraints/output_pdbs/model_18.pdb' starts with './'. This is redundant and strongly discouraged. It can also lead to inconsistent results of the file-matching approach used by Snakemake. You can simply omit the './' for relative file paths.
Relative file path './2XWR_A_91-289_D148E/xray/no_restraints/output_pdbs/model_19.pdb' starts with './'. This is redundant and strongly discouraged. It can also lead to inconsistent results of the file-matching approach used by Snakemake. You can simply omit the './' for relative file paths.
Relative file path './2XWR_A_91-289_D148E/xray/ca_rest_zinc_bs/output_pdbs/model_ligand_0.pdb' starts with './'. This is redundant and strongly discouraged. It can also lead to inconsistent results of the file-matching approach used by Snakemake. You can simply omit the './' for relative file paths.
Relative file path './2XWR_A_91-289_D148E/xray/ca_rest_zinc_bs/output_pdbs/model_ligand_1.pdb' starts with './'. This is redundant and strongly discouraged. It can also lead to inconsistent results of the file-matching approach used by Snakemake. You can simply omit the './' for relative file paths.
Relative file path './2XWR_A_91-289_D148E/xray/ca_rest_zinc_bs/output_pdbs/model_ligand_2.pdb' starts with './'. This is redundant and strongly discouraged. It can also lead to inconsistent results of the file-matching approach used by Snakemake. You can simply omit the './' for relative file paths.
Relative file path './2XWR_A_91-289_D148E/xray/ca_rest_zinc_bs/output_pdbs/model_ligand_3.pdb' starts with './'. This is redundant and strongly discouraged. It can also lead to inconsistent results of the file-matching approach used by Snakemake. You can simply omit the './' for relative file paths.
Relative file path './2XWR_A_91-289_D148E/xray/ca_rest_zinc_bs/output_pdbs/model_ligand_4.pdb' starts with './'. This is redundant and strongly discouraged. It can also lead to inconsistent results of the file-matching approach used by Snakemake. You can simply omit the './' for relative file paths.
Relative file path './2XWR_A_91-289_D148E/xray/ca_rest_zinc_bs/output_pdbs/model_ligand_5.pdb' starts with './'. This is redundant and strongly discouraged. It can also lead to inconsistent results of the file-matching approach used by Snakemake. You can simply omit the './' for relative file paths.
Relative file path './2XWR_A_91-289_D148E/xray/ca_rest_zinc_bs/output_pdbs/model_ligand_6.pdb' starts with './'. This is redundant and strongly discouraged. It can also lead to inconsistent results of the file-matching approach used by Snakemake. You can simply omit the './' for relative file paths.
Relative file path './2XWR_A_91-289_D148E/xray/ca_rest_zinc_bs/output_pdbs/model_ligand_7.pdb' starts with './'. This is redundant and strongly discouraged. It can also lead to inconsistent results of the file-matching approach used by Snakemake. You can simply omit the './' for relative file paths.
Relative file path './2XWR_A_91-289_D148E/xray/ca_rest_zinc_bs/output_pdbs/model_ligand_8.pdb' starts with './'. This is redundant and strongly discouraged. It can also lead to inconsistent results of the file-matching approach used by Snakemake. You can simply omit the './' for relative file paths.
Relative file path './2XWR_A_91-289_D148E/xray/ca_rest_zinc_bs/output_pdbs/model_ligand_9.pdb' starts with './'. This is redundant and strongly discouraged. It can also lead to inconsistent results of the file-matching approach used by Snakemake. You can simply omit the './' for relative file paths.
Relative file path './2XWR_A_91-289_D148E/xray/ca_rest_zinc_bs/output_pdbs/model_ligand_10.pdb' starts with './'. This is redundant and strongly discouraged. It can also lead to inconsistent results of the file-matching approach used by Snakemake. You can simply omit the './' for relative file paths.
Relative file path './2XWR_A_91-289_D148E/xray/ca_rest_zinc_bs/output_pdbs/model_ligand_11.pdb' starts with './'. This is redundant and strongly discouraged. It can also lead to inconsistent results of the file-matching approach used by Snakemake. You can simply omit the './' for relative file paths.
Relative file path './2XWR_A_91-289_D148E/xray/ca_rest_zinc_bs/output_pdbs/model_ligand_12.pdb' starts with './'. This is redundant and strongly discouraged. It can also lead to inconsistent results of the file-matching approach used by Snakemake. You can simply omit the './' for relative file paths.
Relative file path './2XWR_A_91-289_D148E/xray/ca_rest_zinc_bs/output_pdbs/model_ligand_13.pdb' starts with './'. This is redundant and strongly discouraged. It can also lead to inconsistent results of the file-matching approach used by Snakemake. You can simply omit the './' for relative file paths.
Relative file path './2XWR_A_91-289_D148E/xray/ca_rest_zinc_bs/output_pdbs/model_ligand_14.pdb' starts with './'. This is redundant and strongly discouraged. It can also lead to inconsistent results of the file-matching approach used by Snakemake. You can simply omit the './' for relative file paths.
Relative file path './2XWR_A_91-289_D148E/xray/ca_rest_zinc_bs/output_pdbs/model_ligand_15.pdb' starts with './'. This is redundant and strongly discouraged. It can also lead to inconsistent results of the file-matching approach used by Snakemake. You can simply omit the './' for relative file paths.
Relative file path './2XWR_A_91-289_D148E/xray/ca_rest_zinc_bs/output_pdbs/model_ligand_16.pdb' starts with './'. This is redundant and strongly discouraged. It can also lead to inconsistent results of the file-matching approach used by Snakemake. You can simply omit the './' for relative file paths.
Relative file path './2XWR_A_91-289_D148E/xray/ca_rest_zinc_bs/output_pdbs/model_ligand_17.pdb' starts with './'. This is redundant and strongly discouraged. It can also lead to inconsistent results of the file-matching approach used by Snakemake. You can simply omit the './' for relative file paths.
Relative file path './2XWR_A_91-289_D148E/xray/ca_rest_zinc_bs/output_pdbs/model_ligand_18.pdb' starts with './'. This is redundant and strongly discouraged. It can also lead to inconsistent results of the file-matching approach used by Snakemake. You can simply omit the './' for relative file paths.
Relative file path './2XWR_A_91-289_D148E/xray/ca_rest_zinc_bs/output_pdbs/model_ligand_19.pdb' starts with './'. This is redundant and strongly discouraged. It can also lead to inconsistent results of the file-matching approach used by Snakemake. You can simply omit the './' for relative file paths.
Relative file path './2XWR_A_91-289_D148E/xray/ca_rest_zinc_bs/theseus/theseus_sup.pdb' starts with './'. This is redundant and strongly discouraged. It can also lead to inconsistent results of the file-matching approach used by Snakemake. You can simply omit the './' for relative file paths.
Relative file path './2XWR_A_91-289_D148E/xray/ca_rest_zinc_bs/output_pdbs/model_0.pdb' starts with './'. This is redundant and strongly discouraged. It can also lead to inconsistent results of the file-matching approach used by Snakemake. You can simply omit the './' for relative file paths.
Relative file path './2XWR_A_91-289_D148E/xray/ca_rest_zinc_bs/output_pdbs/model_1.pdb' starts with './'. This is redundant and strongly discouraged. It can also lead to inconsistent results of the file-matching approach used by Snakemake. You can simply omit the './' for relative file paths.
Relative file path './2XWR_A_91-289_D148E/xray/ca_rest_zinc_bs/output_pdbs/model_2.pdb' starts with './'. This is redundant and strongly discouraged. It can also lead to inconsistent results of the file-matching approach used by Snakemake. You can simply omit the './' for relative file paths.
Relative file path './2XWR_A_91-289_D148E/xray/ca_rest_zinc_bs/output_pdbs/model_3.pdb' starts with './'. This is redundant and strongly discouraged. It can also lead to inconsistent results of the file-matching approach used by Snakemake. You can simply omit the './' for relative file paths.
Relative file path './2XWR_A_91-289_D148E/xray/ca_rest_zinc_bs/output_pdbs/model_4.pdb' starts with './'. This is redundant and strongly discouraged. It can also lead to inconsistent results of the file-matching approach used by Snakemake. You can simply omit the './' for relative file paths.
Relative file path './2XWR_A_91-289_D148E/xray/ca_rest_zinc_bs/output_pdbs/model_5.pdb' starts with './'. This is redundant and strongly discouraged. It can also lead to inconsistent results of the file-matching approach used by Snakemake. You can simply omit the './' for relative file paths.
Relative file path './2XWR_A_91-289_D148E/xray/ca_rest_zinc_bs/output_pdbs/model_6.pdb' starts with './'. This is redundant and strongly discouraged. It can also lead to inconsistent results of the file-matching approach used by Snakemake. You can simply omit the './' for relative file paths.
Relative file path './2XWR_A_91-289_D148E/xray/ca_rest_zinc_bs/output_pdbs/model_7.pdb' starts with './'. This is redundant and strongly discouraged. It can also lead to inconsistent results of the file-matching approach used by Snakemake. You can simply omit the './' for relative file paths.
Relative file path './2XWR_A_91-289_D148E/xray/ca_rest_zinc_bs/output_pdbs/model_8.pdb' starts with './'. This is redundant and strongly discouraged. It can also lead to inconsistent results of the file-matching approach used by Snakemake. You can simply omit the './' for relative file paths.
Relative file path './2XWR_A_91-289_D148E/xray/ca_rest_zinc_bs/output_pdbs/model_9.pdb' starts with './'. This is redundant and strongly discouraged. It can also lead to inconsistent results of the file-matching approach used by Snakemake. You can simply omit the './' for relative file paths.
Relative file path './2XWR_A_91-289_D148E/xray/ca_rest_zinc_bs/output_pdbs/model_10.pdb' starts with './'. This is redundant and strongly discouraged. It can also lead to inconsistent results of the file-matching approach used by Snakemake. You can simply omit the './' for relative file paths.
Relative file path './2XWR_A_91-289_D148E/xray/ca_rest_zinc_bs/output_pdbs/model_11.pdb' starts with './'. This is redundant and strongly discouraged. It can also lead to inconsistent results of the file-matching approach used by Snakemake. You can simply omit the './' for relative file paths.
Relative file path './2XWR_A_91-289_D148E/xray/ca_rest_zinc_bs/output_pdbs/model_12.pdb' starts with './'. This is redundant and strongly discouraged. It can also lead to inconsistent results of the file-matching approach used by Snakemake. You can simply omit the './' for relative file paths.
Relative file path './2XWR_A_91-289_D148E/xray/ca_rest_zinc_bs/output_pdbs/model_13.pdb' starts with './'. This is redundant and strongly discouraged. It can also lead to inconsistent results of the file-matching approach used by Snakemake. You can simply omit the './' for relative file paths.
Relative file path './2XWR_A_91-289_D148E/xray/ca_rest_zinc_bs/output_pdbs/model_14.pdb' starts with './'. This is redundant and strongly discouraged. It can also lead to inconsistent results of the file-matching approach used by Snakemake. You can simply omit the './' for relative file paths.
Relative file path './2XWR_A_91-289_D148E/xray/ca_rest_zinc_bs/output_pdbs/model_15.pdb' starts with './'. This is redundant and strongly discouraged. It can also lead to inconsistent results of the file-matching approach used by Snakemake. You can simply omit the './' for relative file paths.
Relative file path './2XWR_A_91-289_D148E/xray/ca_rest_zinc_bs/output_pdbs/model_16.pdb' starts with './'. This is redundant and strongly discouraged. It can also lead to inconsistent results of the file-matching approach used by Snakemake. You can simply omit the './' for relative file paths.
Relative file path './2XWR_A_91-289_D148E/xray/ca_rest_zinc_bs/output_pdbs/model_17.pdb' starts with './'. This is redundant and strongly discouraged. It can also lead to inconsistent results of the file-matching approach used by Snakemake. You can simply omit the './' for relative file paths.
Relative file path './2XWR_A_91-289_D148E/xray/ca_rest_zinc_bs/output_pdbs/model_18.pdb' starts with './'. This is redundant and strongly discouraged. It can also lead to inconsistent results of the file-matching approach used by Snakemake. You can simply omit the './' for relative file paths.
Relative file path './2XWR_A_91-289_D148E/xray/ca_rest_zinc_bs/output_pdbs/model_19.pdb' starts with './'. This is redundant and strongly discouraged. It can also lead to inconsistent results of the file-matching approach used by Snakemake. You can simply omit the './' for relative file paths.
Relative file path './2XWR_A_91-289_D148E/xray/ca_rest_zinc_bs/output_pdbs/model_ligand_0.pdb' starts with './'. This is redundant and strongly discouraged. It can also lead to inconsistent results of the file-matching approach used by Snakemake. You can simply omit the './' for relative file paths.
Relative file path './2XWR_A_91-289_D148E/xray/ca_rest_zinc_bs/output_pdbs/model_ligand_1.pdb' starts with './'. This is redundant and strongly discouraged. It can also lead to inconsistent results of the file-matching approach used by Snakemake. You can simply omit the './' for relative file paths.
Relative file path './2XWR_A_91-289_D148E/xray/ca_rest_zinc_bs/output_pdbs/model_ligand_2.pdb' starts with './'. This is redundant and strongly discouraged. It can also lead to inconsistent results of the file-matching approach used by Snakemake. You can simply omit the './' for relative file paths.
Relative file path './2XWR_A_91-289_D148E/xray/ca_rest_zinc_bs/output_pdbs/model_ligand_3.pdb' starts with './'. This is redundant and strongly discouraged. It can also lead to inconsistent results of the file-matching approach used by Snakemake. You can simply omit the './' for relative file paths.
Relative file path './2XWR_A_91-289_D148E/xray/ca_rest_zinc_bs/output_pdbs/model_ligand_4.pdb' starts with './'. This is redundant and strongly discouraged. It can also lead to inconsistent results of the file-matching approach used by Snakemake. You can simply omit the './' for relative file paths.
Relative file path './2XWR_A_91-289_D148E/xray/ca_rest_zinc_bs/output_pdbs/model_ligand_5.pdb' starts with './'. This is redundant and strongly discouraged. It can also lead to inconsistent results of the file-matching approach used by Snakemake. You can simply omit the './' for relative file paths.
Relative file path './2XWR_A_91-289_D148E/xray/ca_rest_zinc_bs/output_pdbs/model_ligand_6.pdb' starts with './'. This is redundant and strongly discouraged. It can also lead to inconsistent results of the file-matching approach used by Snakemake. You can simply omit the './' for relative file paths.
Relative file path './2XWR_A_91-289_D148E/xray/ca_rest_zinc_bs/output_pdbs/model_ligand_7.pdb' starts with './'. This is redundant and strongly discouraged. It can also lead to inconsistent results of the file-matching approach used by Snakemake. You can simply omit the './' for relative file paths.
Relative file path './2XWR_A_91-289_D148E/xray/ca_rest_zinc_bs/output_pdbs/model_ligand_8.pdb' starts with './'. This is redundant and strongly discouraged. It can also lead to inconsistent results of the file-matching approach used by Snakemake. You can simply omit the './' for relative file paths.
Relative file path './2XWR_A_91-289_D148E/xray/ca_rest_zinc_bs/output_pdbs/model_ligand_9.pdb' starts with './'. This is redundant and strongly discouraged. It can also lead to inconsistent results of the file-matching approach used by Snakemake. You can simply omit the './' for relative file paths.
Relative file path './2XWR_A_91-289_D148E/xray/ca_rest_zinc_bs/output_pdbs/model_ligand_10.pdb' starts with './'. This is redundant and strongly discouraged. It can also lead to inconsistent results of the file-matching approach used by Snakemake. You can simply omit the './' for relative file paths.
Relative file path './2XWR_A_91-289_D148E/xray/ca_rest_zinc_bs/output_pdbs/model_ligand_11.pdb' starts with './'. This is redundant and strongly discouraged. It can also lead to inconsistent results of the file-matching approach used by Snakemake. You can simply omit the './' for relative file paths.
Relative file path './2XWR_A_91-289_D148E/xray/ca_rest_zinc_bs/output_pdbs/model_ligand_12.pdb' starts with './'. This is redundant and strongly discouraged. It can also lead to inconsistent results of the file-matching approach used by Snakemake. You can simply omit the './' for relative file paths.
Relative file path './2XWR_A_91-289_D148E/xray/ca_rest_zinc_bs/output_pdbs/model_ligand_13.pdb' starts with './'. This is redundant and strongly discouraged. It can also lead to inconsistent results of the file-matching approach used by Snakemake. You can simply omit the './' for relative file paths.
Relative file path './2XWR_A_91-289_D148E/xray/ca_rest_zinc_bs/output_pdbs/model_ligand_14.pdb' starts with './'. This is redundant and strongly discouraged. It can also lead to inconsistent results of the file-matching approach used by Snakemake. You can simply omit the './' for relative file paths.
Relative file path './2XWR_A_91-289_D148E/xray/ca_rest_zinc_bs/output_pdbs/model_ligand_15.pdb' starts with './'. This is redundant and strongly discouraged. It can also lead to inconsistent results of the file-matching approach used by Snakemake. You can simply omit the './' for relative file paths.
Relative file path './2XWR_A_91-289_D148E/xray/ca_rest_zinc_bs/output_pdbs/model_ligand_16.pdb' starts with './'. This is redundant and strongly discouraged. It can also lead to inconsistent results of the file-matching approach used by Snakemake. You can simply omit the './' for relative file paths.
Relative file path './2XWR_A_91-289_D148E/xray/ca_rest_zinc_bs/output_pdbs/model_ligand_17.pdb' starts with './'. This is redundant and strongly discouraged. It can also lead to inconsistent results of the file-matching approach used by Snakemake. You can simply omit the './' for relative file paths.
Relative file path './2XWR_A_91-289_D148E/xray/ca_rest_zinc_bs/output_pdbs/model_ligand_18.pdb' starts with './'. This is redundant and strongly discouraged. It can also lead to inconsistent results of the file-matching approach used by Snakemake. You can simply omit the './' for relative file paths.
Relative file path './2XWR_A_91-289_D148E/xray/ca_rest_zinc_bs/output_pdbs/model_ligand_19.pdb' starts with './'. This is redundant and strongly discouraged. It can also lead to inconsistent results of the file-matching approach used by Snakemake. You can simply omit the './' for relative file paths.
Relative file path './input_structures/2XWR_A_ASP148GLU.pdb' starts with './'. This is redundant and strongly discouraged. It can also lead to inconsistent results of the file-matching approach used by Snakemake. You can simply omit the './' for relative file paths.
Relative file path './2XWR_A_91-289_D148E/xray/ca_rest_zinc_bs/output_pdbs/model_0.pdb' starts with './'. This is redundant and strongly discouraged. It can also lead to inconsistent results of the file-matching approach used by Snakemake. You can simply omit the './' for relative file paths.
Relative file path './2XWR_A_91-289_D148E/xray/ca_rest_zinc_bs/output_pdbs/model_1.pdb' starts with './'. This is redundant and strongly discouraged. It can also lead to inconsistent results of the file-matching approach used by Snakemake. You can simply omit the './' for relative file paths.
Relative file path './2XWR_A_91-289_D148E/xray/ca_rest_zinc_bs/output_pdbs/model_2.pdb' starts with './'. This is redundant and strongly discouraged. It can also lead to inconsistent results of the file-matching approach used by Snakemake. You can simply omit the './' for relative file paths.
Relative file path './2XWR_A_91-289_D148E/xray/ca_rest_zinc_bs/output_pdbs/model_3.pdb' starts with './'. This is redundant and strongly discouraged. It can also lead to inconsistent results of the file-matching approach used by Snakemake. You can simply omit the './' for relative file paths.
Relative file path './2XWR_A_91-289_D148E/xray/ca_rest_zinc_bs/output_pdbs/model_4.pdb' starts with './'. This is redundant and strongly discouraged. It can also lead to inconsistent results of the file-matching approach used by Snakemake. You can simply omit the './' for relative file paths.
Relative file path './2XWR_A_91-289_D148E/xray/ca_rest_zinc_bs/output_pdbs/model_5.pdb' starts with './'. This is redundant and strongly discouraged. It can also lead to inconsistent results of the file-matching approach used by Snakemake. You can simply omit the './' for relative file paths.
Relative file path './2XWR_A_91-289_D148E/xray/ca_rest_zinc_bs/output_pdbs/model_6.pdb' starts with './'. This is redundant and strongly discouraged. It can also lead to inconsistent results of the file-matching approach used by Snakemake. You can simply omit the './' for relative file paths.
Relative file path './2XWR_A_91-289_D148E/xray/ca_rest_zinc_bs/output_pdbs/model_7.pdb' starts with './'. This is redundant and strongly discouraged. It can also lead to inconsistent results of the file-matching approach used by Snakemake. You can simply omit the './' for relative file paths.
Relative file path './2XWR_A_91-289_D148E/xray/ca_rest_zinc_bs/output_pdbs/model_8.pdb' starts with './'. This is redundant and strongly discouraged. It can also lead to inconsistent results of the file-matching approach used by Snakemake. You can simply omit the './' for relative file paths.
Relative file path './2XWR_A_91-289_D148E/xray/ca_rest_zinc_bs/output_pdbs/model_9.pdb' starts with './'. This is redundant and strongly discouraged. It can also lead to inconsistent results of the file-matching approach used by Snakemake. You can simply omit the './' for relative file paths.
Relative file path './2XWR_A_91-289_D148E/xray/ca_rest_zinc_bs/output_pdbs/model_10.pdb' starts with './'. This is redundant and strongly discouraged. It can also lead to inconsistent results of the file-matching approach used by Snakemake. You can simply omit the './' for relative file paths.
Relative file path './2XWR_A_91-289_D148E/xray/ca_rest_zinc_bs/output_pdbs/model_11.pdb' starts with './'. This is redundant and strongly discouraged. It can also lead to inconsistent results of the file-matching approach used by Snakemake. You can simply omit the './' for relative file paths.
Relative file path './2XWR_A_91-289_D148E/xray/ca_rest_zinc_bs/output_pdbs/model_12.pdb' starts with './'. This is redundant and strongly discouraged. It can also lead to inconsistent results of the file-matching approach used by Snakemake. You can simply omit the './' for relative file paths.
Relative file path './2XWR_A_91-289_D148E/xray/ca_rest_zinc_bs/output_pdbs/model_13.pdb' starts with './'. This is redundant and strongly discouraged. It can also lead to inconsistent results of the file-matching approach used by Snakemake. You can simply omit the './' for relative file paths.
Relative file path './2XWR_A_91-289_D148E/xray/ca_rest_zinc_bs/output_pdbs/model_14.pdb' starts with './'. This is redundant and strongly discouraged. It can also lead to inconsistent results of the file-matching approach used by Snakemake. You can simply omit the './' for relative file paths.
Relative file path './2XWR_A_91-289_D148E/xray/ca_rest_zinc_bs/output_pdbs/model_15.pdb' starts with './'. This is redundant and strongly discouraged. It can also lead to inconsistent results of the file-matching approach used by Snakemake. You can simply omit the './' for relative file paths.
Relative file path './2XWR_A_91-289_D148E/xray/ca_rest_zinc_bs/output_pdbs/model_16.pdb' starts with './'. This is redundant and strongly discouraged. It can also lead to inconsistent results of the file-matching approach used by Snakemake. You can simply omit the './' for relative file paths.
Relative file path './2XWR_A_91-289_D148E/xray/ca_rest_zinc_bs/output_pdbs/model_17.pdb' starts with './'. This is redundant and strongly discouraged. It can also lead to inconsistent results of the file-matching approach used by Snakemake. You can simply omit the './' for relative file paths.
Relative file path './2XWR_A_91-289_D148E/xray/ca_rest_zinc_bs/output_pdbs/model_18.pdb' starts with './'. This is redundant and strongly discouraged. It can also lead to inconsistent results of the file-matching approach used by Snakemake. You can simply omit the './' for relative file paths.
Relative file path './2XWR_A_91-289_D148E/xray/ca_rest_zinc_bs/output_pdbs/model_19.pdb' starts with './'. This is redundant and strongly discouraged. It can also lead to inconsistent results of the file-matching approach used by Snakemake. You can simply omit the './' for relative file paths.
Relative file path './2XWR_A_91-289_D148E/xray/ca_sc_rest_zinc_bs/output_pdbs/model_ligand_0.pdb' starts with './'. This is redundant and strongly discouraged. It can also lead to inconsistent results of the file-matching approach used by Snakemake. You can simply omit the './' for relative file paths.
Relative file path './2XWR_A_91-289_D148E/xray/ca_sc_rest_zinc_bs/output_pdbs/model_ligand_1.pdb' starts with './'. This is redundant and strongly discouraged. It can also lead to inconsistent results of the file-matching approach used by Snakemake. You can simply omit the './' for relative file paths.
Relative file path './2XWR_A_91-289_D148E/xray/ca_sc_rest_zinc_bs/output_pdbs/model_ligand_2.pdb' starts with './'. This is redundant and strongly discouraged. It can also lead to inconsistent results of the file-matching approach used by Snakemake. You can simply omit the './' for relative file paths.
Relative file path './2XWR_A_91-289_D148E/xray/ca_sc_rest_zinc_bs/output_pdbs/model_ligand_3.pdb' starts with './'. This is redundant and strongly discouraged. It can also lead to inconsistent results of the file-matching approach used by Snakemake. You can simply omit the './' for relative file paths.
Relative file path './2XWR_A_91-289_D148E/xray/ca_sc_rest_zinc_bs/output_pdbs/model_ligand_4.pdb' starts with './'. This is redundant and strongly discouraged. It can also lead to inconsistent results of the file-matching approach used by Snakemake. You can simply omit the './' for relative file paths.
Relative file path './2XWR_A_91-289_D148E/xray/ca_sc_rest_zinc_bs/output_pdbs/model_ligand_5.pdb' starts with './'. This is redundant and strongly discouraged. It can also lead to inconsistent results of the file-matching approach used by Snakemake. You can simply omit the './' for relative file paths.
Relative file path './2XWR_A_91-289_D148E/xray/ca_sc_rest_zinc_bs/output_pdbs/model_ligand_6.pdb' starts with './'. This is redundant and strongly discouraged. It can also lead to inconsistent results of the file-matching approach used by Snakemake. You can simply omit the './' for relative file paths.
Relative file path './2XWR_A_91-289_D148E/xray/ca_sc_rest_zinc_bs/output_pdbs/model_ligand_7.pdb' starts with './'. This is redundant and strongly discouraged. It can also lead to inconsistent results of the file-matching approach used by Snakemake. You can simply omit the './' for relative file paths.
Relative file path './2XWR_A_91-289_D148E/xray/ca_sc_rest_zinc_bs/output_pdbs/model_ligand_8.pdb' starts with './'. This is redundant and strongly discouraged. It can also lead to inconsistent results of the file-matching approach used by Snakemake. You can simply omit the './' for relative file paths.
Relative file path './2XWR_A_91-289_D148E/xray/ca_sc_rest_zinc_bs/output_pdbs/model_ligand_9.pdb' starts with './'. This is redundant and strongly discouraged. It can also lead to inconsistent results of the file-matching approach used by Snakemake. You can simply omit the './' for relative file paths.
Relative file path './2XWR_A_91-289_D148E/xray/ca_sc_rest_zinc_bs/output_pdbs/model_ligand_10.pdb' starts with './'. This is redundant and strongly discouraged. It can also lead to inconsistent results of the file-matching approach used by Snakemake. You can simply omit the './' for relative file paths.
Relative file path './2XWR_A_91-289_D148E/xray/ca_sc_rest_zinc_bs/output_pdbs/model_ligand_11.pdb' starts with './'. This is redundant and strongly discouraged. It can also lead to inconsistent results of the file-matching approach used by Snakemake. You can simply omit the './' for relative file paths.
Relative file path './2XWR_A_91-289_D148E/xray/ca_sc_rest_zinc_bs/output_pdbs/model_ligand_12.pdb' starts with './'. This is redundant and strongly discouraged. It can also lead to inconsistent results of the file-matching approach used by Snakemake. You can simply omit the './' for relative file paths.
Relative file path './2XWR_A_91-289_D148E/xray/ca_sc_rest_zinc_bs/output_pdbs/model_ligand_13.pdb' starts with './'. This is redundant and strongly discouraged. It can also lead to inconsistent results of the file-matching approach used by Snakemake. You can simply omit the './' for relative file paths.
Relative file path './2XWR_A_91-289_D148E/xray/ca_sc_rest_zinc_bs/output_pdbs/model_ligand_14.pdb' starts with './'. This is redundant and strongly discouraged. It can also lead to inconsistent results of the file-matching approach used by Snakemake. You can simply omit the './' for relative file paths.
Relative file path './2XWR_A_91-289_D148E/xray/ca_sc_rest_zinc_bs/output_pdbs/model_ligand_15.pdb' starts with './'. This is redundant and strongly discouraged. It can also lead to inconsistent results of the file-matching approach used by Snakemake. You can simply omit the './' for relative file paths.
Relative file path './2XWR_A_91-289_D148E/xray/ca_sc_rest_zinc_bs/output_pdbs/model_ligand_16.pdb' starts with './'. This is redundant and strongly discouraged. It can also lead to inconsistent results of the file-matching approach used by Snakemake. You can simply omit the './' for relative file paths.
Relative file path './2XWR_A_91-289_D148E/xray/ca_sc_rest_zinc_bs/output_pdbs/model_ligand_17.pdb' starts with './'. This is redundant and strongly discouraged. It can also lead to inconsistent results of the file-matching approach used by Snakemake. You can simply omit the './' for relative file paths.
Relative file path './2XWR_A_91-289_D148E/xray/ca_sc_rest_zinc_bs/output_pdbs/model_ligand_18.pdb' starts with './'. This is redundant and strongly discouraged. It can also lead to inconsistent results of the file-matching approach used by Snakemake. You can simply omit the './' for relative file paths.
Relative file path './2XWR_A_91-289_D148E/xray/ca_sc_rest_zinc_bs/output_pdbs/model_ligand_19.pdb' starts with './'. This is redundant and strongly discouraged. It can also lead to inconsistent results of the file-matching approach used by Snakemake. You can simply omit the './' for relative file paths.
Relative file path './2XWR_A_91-289_D148E/xray/ca_sc_rest_zinc_bs/theseus/theseus_sup.pdb' starts with './'. This is redundant and strongly discouraged. It can also lead to inconsistent results of the file-matching approach used by Snakemake. You can simply omit the './' for relative file paths.
Relative file path './2XWR_A_91-289_D148E/xray/ca_sc_rest_zinc_bs/output_pdbs/model_0.pdb' starts with './'. This is redundant and strongly discouraged. It can also lead to inconsistent results of the file-matching approach used by Snakemake. You can simply omit the './' for relative file paths.
Relative file path './2XWR_A_91-289_D148E/xray/ca_sc_rest_zinc_bs/output_pdbs/model_1.pdb' starts with './'. This is redundant and strongly discouraged. It can also lead to inconsistent results of the file-matching approach used by Snakemake. You can simply omit the './' for relative file paths.
Relative file path './2XWR_A_91-289_D148E/xray/ca_sc_rest_zinc_bs/output_pdbs/model_2.pdb' starts with './'. This is redundant and strongly discouraged. It can also lead to inconsistent results of the file-matching approach used by Snakemake. You can simply omit the './' for relative file paths.
Relative file path './2XWR_A_91-289_D148E/xray/ca_sc_rest_zinc_bs/output_pdbs/model_3.pdb' starts with './'. This is redundant and strongly discouraged. It can also lead to inconsistent results of the file-matching approach used by Snakemake. You can simply omit the './' for relative file paths.
Relative file path './2XWR_A_91-289_D148E/xray/ca_sc_rest_zinc_bs/output_pdbs/model_4.pdb' starts with './'. This is redundant and strongly discouraged. It can also lead to inconsistent results of the file-matching approach used by Snakemake. You can simply omit the './' for relative file paths.
Relative file path './2XWR_A_91-289_D148E/xray/ca_sc_rest_zinc_bs/output_pdbs/model_5.pdb' starts with './'. This is redundant and strongly discouraged. It can also lead to inconsistent results of the file-matching approach used by Snakemake. You can simply omit the './' for relative file paths.
Relative file path './2XWR_A_91-289_D148E/xray/ca_sc_rest_zinc_bs/output_pdbs/model_6.pdb' starts with './'. This is redundant and strongly discouraged. It can also lead to inconsistent results of the file-matching approach used by Snakemake. You can simply omit the './' for relative file paths.
Relative file path './2XWR_A_91-289_D148E/xray/ca_sc_rest_zinc_bs/output_pdbs/model_7.pdb' starts with './'. This is redundant and strongly discouraged. It can also lead to inconsistent results of the file-matching approach used by Snakemake. You can simply omit the './' for relative file paths.
Relative file path './2XWR_A_91-289_D148E/xray/ca_sc_rest_zinc_bs/output_pdbs/model_8.pdb' starts with './'. This is redundant and strongly discouraged. It can also lead to inconsistent results of the file-matching approach used by Snakemake. You can simply omit the './' for relative file paths.
Relative file path './2XWR_A_91-289_D148E/xray/ca_sc_rest_zinc_bs/output_pdbs/model_9.pdb' starts with './'. This is redundant and strongly discouraged. It can also lead to inconsistent results of the file-matching approach used by Snakemake. You can simply omit the './' for relative file paths.
Relative file path './2XWR_A_91-289_D148E/xray/ca_sc_rest_zinc_bs/output_pdbs/model_10.pdb' starts with './'. This is redundant and strongly discouraged. It can also lead to inconsistent results of the file-matching approach used by Snakemake. You can simply omit the './' for relative file paths.
Relative file path './2XWR_A_91-289_D148E/xray/ca_sc_rest_zinc_bs/output_pdbs/model_11.pdb' starts with './'. This is redundant and strongly discouraged. It can also lead to inconsistent results of the file-matching approach used by Snakemake. You can simply omit the './' for relative file paths.
Relative file path './2XWR_A_91-289_D148E/xray/ca_sc_rest_zinc_bs/output_pdbs/model_12.pdb' starts with './'. This is redundant and strongly discouraged. It can also lead to inconsistent results of the file-matching approach used by Snakemake. You can simply omit the './' for relative file paths.
Relative file path './2XWR_A_91-289_D148E/xray/ca_sc_rest_zinc_bs/output_pdbs/model_13.pdb' starts with './'. This is redundant and strongly discouraged. It can also lead to inconsistent results of the file-matching approach used by Snakemake. You can simply omit the './' for relative file paths.
Relative file path './2XWR_A_91-289_D148E/xray/ca_sc_rest_zinc_bs/output_pdbs/model_14.pdb' starts with './'. This is redundant and strongly discouraged. It can also lead to inconsistent results of the file-matching approach used by Snakemake. You can simply omit the './' for relative file paths.
Relative file path './2XWR_A_91-289_D148E/xray/ca_sc_rest_zinc_bs/output_pdbs/model_15.pdb' starts with './'. This is redundant and strongly discouraged. It can also lead to inconsistent results of the file-matching approach used by Snakemake. You can simply omit the './' for relative file paths.
Relative file path './2XWR_A_91-289_D148E/xray/ca_sc_rest_zinc_bs/output_pdbs/model_16.pdb' starts with './'. This is redundant and strongly discouraged. It can also lead to inconsistent results of the file-matching approach used by Snakemake. You can simply omit the './' for relative file paths.
Relative file path './2XWR_A_91-289_D148E/xray/ca_sc_rest_zinc_bs/output_pdbs/model_17.pdb' starts with './'. This is redundant and strongly discouraged. It can also lead to inconsistent results of the file-matching approach used by Snakemake. You can simply omit the './' for relative file paths.
Relative file path './2XWR_A_91-289_D148E/xray/ca_sc_rest_zinc_bs/output_pdbs/model_18.pdb' starts with './'. This is redundant and strongly discouraged. It can also lead to inconsistent results of the file-matching approach used by Snakemake. You can simply omit the './' for relative file paths.
Relative file path './2XWR_A_91-289_D148E/xray/ca_sc_rest_zinc_bs/output_pdbs/model_19.pdb' starts with './'. This is redundant and strongly discouraged. It can also lead to inconsistent results of the file-matching approach used by Snakemake. You can simply omit the './' for relative file paths.
Relative file path './2XWR_A_91-289_D148E/xray/ca_sc_rest_zinc_bs/output_pdbs/model_ligand_0.pdb' starts with './'. This is redundant and strongly discouraged. It can also lead to inconsistent results of the file-matching approach used by Snakemake. You can simply omit the './' for relative file paths.
Relative file path './2XWR_A_91-289_D148E/xray/ca_sc_rest_zinc_bs/output_pdbs/model_ligand_1.pdb' starts with './'. This is redundant and strongly discouraged. It can also lead to inconsistent results of the file-matching approach used by Snakemake. You can simply omit the './' for relative file paths.
Relative file path './2XWR_A_91-289_D148E/xray/ca_sc_rest_zinc_bs/output_pdbs/model_ligand_2.pdb' starts with './'. This is redundant and strongly discouraged. It can also lead to inconsistent results of the file-matching approach used by Snakemake. You can simply omit the './' for relative file paths.
Relative file path './2XWR_A_91-289_D148E/xray/ca_sc_rest_zinc_bs/output_pdbs/model_ligand_3.pdb' starts with './'. This is redundant and strongly discouraged. It can also lead to inconsistent results of the file-matching approach used by Snakemake. You can simply omit the './' for relative file paths.
Relative file path './2XWR_A_91-289_D148E/xray/ca_sc_rest_zinc_bs/output_pdbs/model_ligand_4.pdb' starts with './'. This is redundant and strongly discouraged. It can also lead to inconsistent results of the file-matching approach used by Snakemake. You can simply omit the './' for relative file paths.
Relative file path './2XWR_A_91-289_D148E/xray/ca_sc_rest_zinc_bs/output_pdbs/model_ligand_5.pdb' starts with './'. This is redundant and strongly discouraged. It can also lead to inconsistent results of the file-matching approach used by Snakemake. You can simply omit the './' for relative file paths.
Relative file path './2XWR_A_91-289_D148E/xray/ca_sc_rest_zinc_bs/output_pdbs/model_ligand_6.pdb' starts with './'. This is redundant and strongly discouraged. It can also lead to inconsistent results of the file-matching approach used by Snakemake. You can simply omit the './' for relative file paths.
Relative file path './2XWR_A_91-289_D148E/xray/ca_sc_rest_zinc_bs/output_pdbs/model_ligand_7.pdb' starts with './'. This is redundant and strongly discouraged. It can also lead to inconsistent results of the file-matching approach used by Snakemake. You can simply omit the './' for relative file paths.
Relative file path './2XWR_A_91-289_D148E/xray/ca_sc_rest_zinc_bs/output_pdbs/model_ligand_8.pdb' starts with './'. This is redundant and strongly discouraged. It can also lead to inconsistent results of the file-matching approach used by Snakemake. You can simply omit the './' for relative file paths.
Relative file path './2XWR_A_91-289_D148E/xray/ca_sc_rest_zinc_bs/output_pdbs/model_ligand_9.pdb' starts with './'. This is redundant and strongly discouraged. It can also lead to inconsistent results of the file-matching approach used by Snakemake. You can simply omit the './' for relative file paths.
Relative file path './2XWR_A_91-289_D148E/xray/ca_sc_rest_zinc_bs/output_pdbs/model_ligand_10.pdb' starts with './'. This is redundant and strongly discouraged. It can also lead to inconsistent results of the file-matching approach used by Snakemake. You can simply omit the './' for relative file paths.
Relative file path './2XWR_A_91-289_D148E/xray/ca_sc_rest_zinc_bs/output_pdbs/model_ligand_11.pdb' starts with './'. This is redundant and strongly discouraged. It can also lead to inconsistent results of the file-matching approach used by Snakemake. You can simply omit the './' for relative file paths.
Relative file path './2XWR_A_91-289_D148E/xray/ca_sc_rest_zinc_bs/output_pdbs/model_ligand_12.pdb' starts with './'. This is redundant and strongly discouraged. It can also lead to inconsistent results of the file-matching approach used by Snakemake. You can simply omit the './' for relative file paths.
Relative file path './2XWR_A_91-289_D148E/xray/ca_sc_rest_zinc_bs/output_pdbs/model_ligand_13.pdb' starts with './'. This is redundant and strongly discouraged. It can also lead to inconsistent results of the file-matching approach used by Snakemake. You can simply omit the './' for relative file paths.
Relative file path './2XWR_A_91-289_D148E/xray/ca_sc_rest_zinc_bs/output_pdbs/model_ligand_14.pdb' starts with './'. This is redundant and strongly discouraged. It can also lead to inconsistent results of the file-matching approach used by Snakemake. You can simply omit the './' for relative file paths.
Relative file path './2XWR_A_91-289_D148E/xray/ca_sc_rest_zinc_bs/output_pdbs/model_ligand_15.pdb' starts with './'. This is redundant and strongly discouraged. It can also lead to inconsistent results of the file-matching approach used by Snakemake. You can simply omit the './' for relative file paths.
Relative file path './2XWR_A_91-289_D148E/xray/ca_sc_rest_zinc_bs/output_pdbs/model_ligand_16.pdb' starts with './'. This is redundant and strongly discouraged. It can also lead to inconsistent results of the file-matching approach used by Snakemake. You can simply omit the './' for relative file paths.
Relative file path './2XWR_A_91-289_D148E/xray/ca_sc_rest_zinc_bs/output_pdbs/model_ligand_17.pdb' starts with './'. This is redundant and strongly discouraged. It can also lead to inconsistent results of the file-matching approach used by Snakemake. You can simply omit the './' for relative file paths.
Relative file path './2XWR_A_91-289_D148E/xray/ca_sc_rest_zinc_bs/output_pdbs/model_ligand_18.pdb' starts with './'. This is redundant and strongly discouraged. It can also lead to inconsistent results of the file-matching approach used by Snakemake. You can simply omit the './' for relative file paths.
Relative file path './2XWR_A_91-289_D148E/xray/ca_sc_rest_zinc_bs/output_pdbs/model_ligand_19.pdb' starts with './'. This is redundant and strongly discouraged. It can also lead to inconsistent results of the file-matching approach used by Snakemake. You can simply omit the './' for relative file paths.
Relative file path './input_structures/2XWR_A_ASP148GLU.pdb' starts with './'. This is redundant and strongly discouraged. It can also lead to inconsistent results of the file-matching approach used by Snakemake. You can simply omit the './' for relative file paths.
Relative file path './2XWR_A_91-289_D148E/xray/ca_sc_rest_zinc_bs/output_pdbs/model_0.pdb' starts with './'. This is redundant and strongly discouraged. It can also lead to inconsistent results of the file-matching approach used by Snakemake. You can simply omit the './' for relative file paths.
Relative file path './2XWR_A_91-289_D148E/xray/ca_sc_rest_zinc_bs/output_pdbs/model_1.pdb' starts with './'. This is redundant and strongly discouraged. It can also lead to inconsistent results of the file-matching approach used by Snakemake. You can simply omit the './' for relative file paths.
Relative file path './2XWR_A_91-289_D148E/xray/ca_sc_rest_zinc_bs/output_pdbs/model_2.pdb' starts with './'. This is redundant and strongly discouraged. It can also lead to inconsistent results of the file-matching approach used by Snakemake. You can simply omit the './' for relative file paths.
Relative file path './2XWR_A_91-289_D148E/xray/ca_sc_rest_zinc_bs/output_pdbs/model_3.pdb' starts with './'. This is redundant and strongly discouraged. It can also lead to inconsistent results of the file-matching approach used by Snakemake. You can simply omit the './' for relative file paths.
Relative file path './2XWR_A_91-289_D148E/xray/ca_sc_rest_zinc_bs/output_pdbs/model_4.pdb' starts with './'. This is redundant and strongly discouraged. It can also lead to inconsistent results of the file-matching approach used by Snakemake. You can simply omit the './' for relative file paths.
Relative file path './2XWR_A_91-289_D148E/xray/ca_sc_rest_zinc_bs/output_pdbs/model_5.pdb' starts with './'. This is redundant and strongly discouraged. It can also lead to inconsistent results of the file-matching approach used by Snakemake. You can simply omit the './' for relative file paths.
Relative file path './2XWR_A_91-289_D148E/xray/ca_sc_rest_zinc_bs/output_pdbs/model_6.pdb' starts with './'. This is redundant and strongly discouraged. It can also lead to inconsistent results of the file-matching approach used by Snakemake. You can simply omit the './' for relative file paths.
Relative file path './2XWR_A_91-289_D148E/xray/ca_sc_rest_zinc_bs/output_pdbs/model_7.pdb' starts with './'. This is redundant and strongly discouraged. It can also lead to inconsistent results of the file-matching approach used by Snakemake. You can simply omit the './' for relative file paths.
Relative file path './2XWR_A_91-289_D148E/xray/ca_sc_rest_zinc_bs/output_pdbs/model_8.pdb' starts with './'. This is redundant and strongly discouraged. It can also lead to inconsistent results of the file-matching approach used by Snakemake. You can simply omit the './' for relative file paths.
Relative file path './2XWR_A_91-289_D148E/xray/ca_sc_rest_zinc_bs/output_pdbs/model_9.pdb' starts with './'. This is redundant and strongly discouraged. It can also lead to inconsistent results of the file-matching approach used by Snakemake. You can simply omit the './' for relative file paths.
Relative file path './2XWR_A_91-289_D148E/xray/ca_sc_rest_zinc_bs/output_pdbs/model_10.pdb' starts with './'. This is redundant and strongly discouraged. It can also lead to inconsistent results of the file-matching approach used by Snakemake. You can simply omit the './' for relative file paths.
Relative file path './2XWR_A_91-289_D148E/xray/ca_sc_rest_zinc_bs/output_pdbs/model_11.pdb' starts with './'. This is redundant and strongly discouraged. It can also lead to inconsistent results of the file-matching approach used by Snakemake. You can simply omit the './' for relative file paths.
Relative file path './2XWR_A_91-289_D148E/xray/ca_sc_rest_zinc_bs/output_pdbs/model_12.pdb' starts with './'. This is redundant and strongly discouraged. It can also lead to inconsistent results of the file-matching approach used by Snakemake. You can simply omit the './' for relative file paths.
Relative file path './2XWR_A_91-289_D148E/xray/ca_sc_rest_zinc_bs/output_pdbs/model_13.pdb' starts with './'. This is redundant and strongly discouraged. It can also lead to inconsistent results of the file-matching approach used by Snakemake. You can simply omit the './' for relative file paths.
Relative file path './2XWR_A_91-289_D148E/xray/ca_sc_rest_zinc_bs/output_pdbs/model_14.pdb' starts with './'. This is redundant and strongly discouraged. It can also lead to inconsistent results of the file-matching approach used by Snakemake. You can simply omit the './' for relative file paths.
Relative file path './2XWR_A_91-289_D148E/xray/ca_sc_rest_zinc_bs/output_pdbs/model_15.pdb' starts with './'. This is redundant and strongly discouraged. It can also lead to inconsistent results of the file-matching approach used by Snakemake. You can simply omit the './' for relative file paths.
Relative file path './2XWR_A_91-289_D148E/xray/ca_sc_rest_zinc_bs/output_pdbs/model_16.pdb' starts with './'. This is redundant and strongly discouraged. It can also lead to inconsistent results of the file-matching approach used by Snakemake. You can simply omit the './' for relative file paths.
Relative file path './2XWR_A_91-289_D148E/xray/ca_sc_rest_zinc_bs/output_pdbs/model_17.pdb' starts with './'. This is redundant and strongly discouraged. It can also lead to inconsistent results of the file-matching approach used by Snakemake. You can simply omit the './' for relative file paths.
Relative file path './2XWR_A_91-289_D148E/xray/ca_sc_rest_zinc_bs/output_pdbs/model_18.pdb' starts with './'. This is redundant and strongly discouraged. It can also lead to inconsistent results of the file-matching approach used by Snakemake. You can simply omit the './' for relative file paths.
Relative file path './2XWR_A_91-289_D148E/xray/ca_sc_rest_zinc_bs/output_pdbs/model_19.pdb' starts with './'. This is redundant and strongly discouraged. It can also lead to inconsistent results of the file-matching approach used by Snakemake. You can simply omit the './' for relative file paths.
Relative file path './2XWR_A_91-289_WT/xray/no_restraints/output_pdbs/model_0.pdb' starts with './'. This is redundant and strongly discouraged. It can also lead to inconsistent results of the file-matching approach used by Snakemake. You can simply omit the './' for relative file paths.
Relative file path './2XWR_A_91-289_WT/xray/no_restraints/output_pdbs/model_1.pdb' starts with './'. This is redundant and strongly discouraged. It can also lead to inconsistent results of the file-matching approach used by Snakemake. You can simply omit the './' for relative file paths.
Relative file path './2XWR_A_91-289_WT/xray/no_restraints/output_pdbs/model_2.pdb' starts with './'. This is redundant and strongly discouraged. It can also lead to inconsistent results of the file-matching approach used by Snakemake. You can simply omit the './' for relative file paths.
Relative file path './2XWR_A_91-289_WT/xray/no_restraints/output_pdbs/model_3.pdb' starts with './'. This is redundant and strongly discouraged. It can also lead to inconsistent results of the file-matching approach used by Snakemake. You can simply omit the './' for relative file paths.
Relative file path './2XWR_A_91-289_WT/xray/no_restraints/output_pdbs/model_4.pdb' starts with './'. This is redundant and strongly discouraged. It can also lead to inconsistent results of the file-matching approach used by Snakemake. You can simply omit the './' for relative file paths.
Relative file path './2XWR_A_91-289_WT/xray/no_restraints/output_pdbs/model_5.pdb' starts with './'. This is redundant and strongly discouraged. It can also lead to inconsistent results of the file-matching approach used by Snakemake. You can simply omit the './' for relative file paths.
Relative file path './2XWR_A_91-289_WT/xray/no_restraints/output_pdbs/model_6.pdb' starts with './'. This is redundant and strongly discouraged. It can also lead to inconsistent results of the file-matching approach used by Snakemake. You can simply omit the './' for relative file paths.
Relative file path './2XWR_A_91-289_WT/xray/no_restraints/output_pdbs/model_7.pdb' starts with './'. This is redundant and strongly discouraged. It can also lead to inconsistent results of the file-matching approach used by Snakemake. You can simply omit the './' for relative file paths.
Relative file path './2XWR_A_91-289_WT/xray/no_restraints/output_pdbs/model_8.pdb' starts with './'. This is redundant and strongly discouraged. It can also lead to inconsistent results of the file-matching approach used by Snakemake. You can simply omit the './' for relative file paths.
Relative file path './2XWR_A_91-289_WT/xray/no_restraints/output_pdbs/model_9.pdb' starts with './'. This is redundant and strongly discouraged. It can also lead to inconsistent results of the file-matching approach used by Snakemake. You can simply omit the './' for relative file paths.
Relative file path './2XWR_A_91-289_WT/xray/no_restraints/output_pdbs/model_10.pdb' starts with './'. This is redundant and strongly discouraged. It can also lead to inconsistent results of the file-matching approach used by Snakemake. You can simply omit the './' for relative file paths.
Relative file path './2XWR_A_91-289_WT/xray/no_restraints/output_pdbs/model_11.pdb' starts with './'. This is redundant and strongly discouraged. It can also lead to inconsistent results of the file-matching approach used by Snakemake. You can simply omit the './' for relative file paths.
Relative file path './2XWR_A_91-289_WT/xray/no_restraints/output_pdbs/model_12.pdb' starts with './'. This is redundant and strongly discouraged. It can also lead to inconsistent results of the file-matching approach used by Snakemake. You can simply omit the './' for relative file paths.
Relative file path './2XWR_A_91-289_WT/xray/no_restraints/output_pdbs/model_13.pdb' starts with './'. This is redundant and strongly discouraged. It can also lead to inconsistent results of the file-matching approach used by Snakemake. You can simply omit the './' for relative file paths.
Relative file path './2XWR_A_91-289_WT/xray/no_restraints/output_pdbs/model_14.pdb' starts with './'. This is redundant and strongly discouraged. It can also lead to inconsistent results of the file-matching approach used by Snakemake. You can simply omit the './' for relative file paths.
Relative file path './2XWR_A_91-289_WT/xray/no_restraints/output_pdbs/model_15.pdb' starts with './'. This is redundant and strongly discouraged. It can also lead to inconsistent results of the file-matching approach used by Snakemake. You can simply omit the './' for relative file paths.
Relative file path './2XWR_A_91-289_WT/xray/no_restraints/output_pdbs/model_16.pdb' starts with './'. This is redundant and strongly discouraged. It can also lead to inconsistent results of the file-matching approach used by Snakemake. You can simply omit the './' for relative file paths.
Relative file path './2XWR_A_91-289_WT/xray/no_restraints/output_pdbs/model_17.pdb' starts with './'. This is redundant and strongly discouraged. It can also lead to inconsistent results of the file-matching approach used by Snakemake. You can simply omit the './' for relative file paths.
Relative file path './2XWR_A_91-289_WT/xray/no_restraints/output_pdbs/model_18.pdb' starts with './'. This is redundant and strongly discouraged. It can also lead to inconsistent results of the file-matching approach used by Snakemake. You can simply omit the './' for relative file paths.
Relative file path './2XWR_A_91-289_WT/xray/no_restraints/output_pdbs/model_19.pdb' starts with './'. This is redundant and strongly discouraged. It can also lead to inconsistent results of the file-matching approach used by Snakemake. You can simply omit the './' for relative file paths.
Relative file path './2XWR_A_91-289_WT/xray/no_restraints/theseus/theseus_sup.pdb' starts with './'. This is redundant and strongly discouraged. It can also lead to inconsistent results of the file-matching approach used by Snakemake. You can simply omit the './' for relative file paths.
Relative file path './input_structures/2XWR_A_WT.pdb' starts with './'. This is redundant and strongly discouraged. It can also lead to inconsistent results of the file-matching approach used by Snakemake. You can simply omit the './' for relative file paths.
Relative file path './2XWR_A_91-289_WT/xray/no_restraints/output_pdbs/model_0.pdb' starts with './'. This is redundant and strongly discouraged. It can also lead to inconsistent results of the file-matching approach used by Snakemake. You can simply omit the './' for relative file paths.
Relative file path './2XWR_A_91-289_WT/xray/no_restraints/output_pdbs/model_1.pdb' starts with './'. This is redundant and strongly discouraged. It can also lead to inconsistent results of the file-matching approach used by Snakemake. You can simply omit the './' for relative file paths.
Relative file path './2XWR_A_91-289_WT/xray/no_restraints/output_pdbs/model_2.pdb' starts with './'. This is redundant and strongly discouraged. It can also lead to inconsistent results of the file-matching approach used by Snakemake. You can simply omit the './' for relative file paths.
Relative file path './2XWR_A_91-289_WT/xray/no_restraints/output_pdbs/model_3.pdb' starts with './'. This is redundant and strongly discouraged. It can also lead to inconsistent results of the file-matching approach used by Snakemake. You can simply omit the './' for relative file paths.
Relative file path './2XWR_A_91-289_WT/xray/no_restraints/output_pdbs/model_4.pdb' starts with './'. This is redundant and strongly discouraged. It can also lead to inconsistent results of the file-matching approach used by Snakemake. You can simply omit the './' for relative file paths.
Relative file path './2XWR_A_91-289_WT/xray/no_restraints/output_pdbs/model_5.pdb' starts with './'. This is redundant and strongly discouraged. It can also lead to inconsistent results of the file-matching approach used by Snakemake. You can simply omit the './' for relative file paths.
Relative file path './2XWR_A_91-289_WT/xray/no_restraints/output_pdbs/model_6.pdb' starts with './'. This is redundant and strongly discouraged. It can also lead to inconsistent results of the file-matching approach used by Snakemake. You can simply omit the './' for relative file paths.
Relative file path './2XWR_A_91-289_WT/xray/no_restraints/output_pdbs/model_7.pdb' starts with './'. This is redundant and strongly discouraged. It can also lead to inconsistent results of the file-matching approach used by Snakemake. You can simply omit the './' for relative file paths.
Relative file path './2XWR_A_91-289_WT/xray/no_restraints/output_pdbs/model_8.pdb' starts with './'. This is redundant and strongly discouraged. It can also lead to inconsistent results of the file-matching approach used by Snakemake. You can simply omit the './' for relative file paths.
Relative file path './2XWR_A_91-289_WT/xray/no_restraints/output_pdbs/model_9.pdb' starts with './'. This is redundant and strongly discouraged. It can also lead to inconsistent results of the file-matching approach used by Snakemake. You can simply omit the './' for relative file paths.
Relative file path './2XWR_A_91-289_WT/xray/no_restraints/output_pdbs/model_10.pdb' starts with './'. This is redundant and strongly discouraged. It can also lead to inconsistent results of the file-matching approach used by Snakemake. You can simply omit the './' for relative file paths.
Relative file path './2XWR_A_91-289_WT/xray/no_restraints/output_pdbs/model_11.pdb' starts with './'. This is redundant and strongly discouraged. It can also lead to inconsistent results of the file-matching approach used by Snakemake. You can simply omit the './' for relative file paths.
Relative file path './2XWR_A_91-289_WT/xray/no_restraints/output_pdbs/model_12.pdb' starts with './'. This is redundant and strongly discouraged. It can also lead to inconsistent results of the file-matching approach used by Snakemake. You can simply omit the './' for relative file paths.
Relative file path './2XWR_A_91-289_WT/xray/no_restraints/output_pdbs/model_13.pdb' starts with './'. This is redundant and strongly discouraged. It can also lead to inconsistent results of the file-matching approach used by Snakemake. You can simply omit the './' for relative file paths.
Relative file path './2XWR_A_91-289_WT/xray/no_restraints/output_pdbs/model_14.pdb' starts with './'. This is redundant and strongly discouraged. It can also lead to inconsistent results of the file-matching approach used by Snakemake. You can simply omit the './' for relative file paths.
Relative file path './2XWR_A_91-289_WT/xray/no_restraints/output_pdbs/model_15.pdb' starts with './'. This is redundant and strongly discouraged. It can also lead to inconsistent results of the file-matching approach used by Snakemake. You can simply omit the './' for relative file paths.
Relative file path './2XWR_A_91-289_WT/xray/no_restraints/output_pdbs/model_16.pdb' starts with './'. This is redundant and strongly discouraged. It can also lead to inconsistent results of the file-matching approach used by Snakemake. You can simply omit the './' for relative file paths.
Relative file path './2XWR_A_91-289_WT/xray/no_restraints/output_pdbs/model_17.pdb' starts with './'. This is redundant and strongly discouraged. It can also lead to inconsistent results of the file-matching approach used by Snakemake. You can simply omit the './' for relative file paths.
Relative file path './2XWR_A_91-289_WT/xray/no_restraints/output_pdbs/model_18.pdb' starts with './'. This is redundant and strongly discouraged. It can also lead to inconsistent results of the file-matching approach used by Snakemake. You can simply omit the './' for relative file paths.
Relative file path './2XWR_A_91-289_WT/xray/no_restraints/output_pdbs/model_19.pdb' starts with './'. This is redundant and strongly discouraged. It can also lead to inconsistent results of the file-matching approach used by Snakemake. You can simply omit the './' for relative file paths.
Relative file path './2XWR_A_91-289_WT/xray/ca_rest_zinc_bs/output_pdbs/model_ligand_0.pdb' starts with './'. This is redundant and strongly discouraged. It can also lead to inconsistent results of the file-matching approach used by Snakemake. You can simply omit the './' for relative file paths.
Relative file path './2XWR_A_91-289_WT/xray/ca_rest_zinc_bs/output_pdbs/model_ligand_1.pdb' starts with './'. This is redundant and strongly discouraged. It can also lead to inconsistent results of the file-matching approach used by Snakemake. You can simply omit the './' for relative file paths.
Relative file path './2XWR_A_91-289_WT/xray/ca_rest_zinc_bs/output_pdbs/model_ligand_2.pdb' starts with './'. This is redundant and strongly discouraged. It can also lead to inconsistent results of the file-matching approach used by Snakemake. You can simply omit the './' for relative file paths.
Relative file path './2XWR_A_91-289_WT/xray/ca_rest_zinc_bs/output_pdbs/model_ligand_3.pdb' starts with './'. This is redundant and strongly discouraged. It can also lead to inconsistent results of the file-matching approach used by Snakemake. You can simply omit the './' for relative file paths.
Relative file path './2XWR_A_91-289_WT/xray/ca_rest_zinc_bs/output_pdbs/model_ligand_4.pdb' starts with './'. This is redundant and strongly discouraged. It can also lead to inconsistent results of the file-matching approach used by Snakemake. You can simply omit the './' for relative file paths.
Relative file path './2XWR_A_91-289_WT/xray/ca_rest_zinc_bs/output_pdbs/model_ligand_5.pdb' starts with './'. This is redundant and strongly discouraged. It can also lead to inconsistent results of the file-matching approach used by Snakemake. You can simply omit the './' for relative file paths.
Relative file path './2XWR_A_91-289_WT/xray/ca_rest_zinc_bs/output_pdbs/model_ligand_6.pdb' starts with './'. This is redundant and strongly discouraged. It can also lead to inconsistent results of the file-matching approach used by Snakemake. You can simply omit the './' for relative file paths.
Relative file path './2XWR_A_91-289_WT/xray/ca_rest_zinc_bs/output_pdbs/model_ligand_7.pdb' starts with './'. This is redundant and strongly discouraged. It can also lead to inconsistent results of the file-matching approach used by Snakemake. You can simply omit the './' for relative file paths.
Relative file path './2XWR_A_91-289_WT/xray/ca_rest_zinc_bs/output_pdbs/model_ligand_8.pdb' starts with './'. This is redundant and strongly discouraged. It can also lead to inconsistent results of the file-matching approach used by Snakemake. You can simply omit the './' for relative file paths.
Relative file path './2XWR_A_91-289_WT/xray/ca_rest_zinc_bs/output_pdbs/model_ligand_9.pdb' starts with './'. This is redundant and strongly discouraged. It can also lead to inconsistent results of the file-matching approach used by Snakemake. You can simply omit the './' for relative file paths.
Relative file path './2XWR_A_91-289_WT/xray/ca_rest_zinc_bs/output_pdbs/model_ligand_10.pdb' starts with './'. This is redundant and strongly discouraged. It can also lead to inconsistent results of the file-matching approach used by Snakemake. You can simply omit the './' for relative file paths.
Relative file path './2XWR_A_91-289_WT/xray/ca_rest_zinc_bs/output_pdbs/model_ligand_11.pdb' starts with './'. This is redundant and strongly discouraged. It can also lead to inconsistent results of the file-matching approach used by Snakemake. You can simply omit the './' for relative file paths.
Relative file path './2XWR_A_91-289_WT/xray/ca_rest_zinc_bs/output_pdbs/model_ligand_12.pdb' starts with './'. This is redundant and strongly discouraged. It can also lead to inconsistent results of the file-matching approach used by Snakemake. You can simply omit the './' for relative file paths.
Relative file path './2XWR_A_91-289_WT/xray/ca_rest_zinc_bs/output_pdbs/model_ligand_13.pdb' starts with './'. This is redundant and strongly discouraged. It can also lead to inconsistent results of the file-matching approach used by Snakemake. You can simply omit the './' for relative file paths.
Relative file path './2XWR_A_91-289_WT/xray/ca_rest_zinc_bs/output_pdbs/model_ligand_14.pdb' starts with './'. This is redundant and strongly discouraged. It can also lead to inconsistent results of the file-matching approach used by Snakemake. You can simply omit the './' for relative file paths.
Relative file path './2XWR_A_91-289_WT/xray/ca_rest_zinc_bs/output_pdbs/model_ligand_15.pdb' starts with './'. This is redundant and strongly discouraged. It can also lead to inconsistent results of the file-matching approach used by Snakemake. You can simply omit the './' for relative file paths.
Relative file path './2XWR_A_91-289_WT/xray/ca_rest_zinc_bs/output_pdbs/model_ligand_16.pdb' starts with './'. This is redundant and strongly discouraged. It can also lead to inconsistent results of the file-matching approach used by Snakemake. You can simply omit the './' for relative file paths.
Relative file path './2XWR_A_91-289_WT/xray/ca_rest_zinc_bs/output_pdbs/model_ligand_17.pdb' starts with './'. This is redundant and strongly discouraged. It can also lead to inconsistent results of the file-matching approach used by Snakemake. You can simply omit the './' for relative file paths.
Relative file path './2XWR_A_91-289_WT/xray/ca_rest_zinc_bs/output_pdbs/model_ligand_18.pdb' starts with './'. This is redundant and strongly discouraged. It can also lead to inconsistent results of the file-matching approach used by Snakemake. You can simply omit the './' for relative file paths.
Relative file path './2XWR_A_91-289_WT/xray/ca_rest_zinc_bs/output_pdbs/model_ligand_19.pdb' starts with './'. This is redundant and strongly discouraged. It can also lead to inconsistent results of the file-matching approach used by Snakemake. You can simply omit the './' for relative file paths.
Relative file path './2XWR_A_91-289_WT/xray/ca_rest_zinc_bs/theseus/theseus_sup.pdb' starts with './'. This is redundant and strongly discouraged. It can also lead to inconsistent results of the file-matching approach used by Snakemake. You can simply omit the './' for relative file paths.
Relative file path './2XWR_A_91-289_WT/xray/ca_rest_zinc_bs/output_pdbs/model_0.pdb' starts with './'. This is redundant and strongly discouraged. It can also lead to inconsistent results of the file-matching approach used by Snakemake. You can simply omit the './' for relative file paths.
Relative file path './2XWR_A_91-289_WT/xray/ca_rest_zinc_bs/output_pdbs/model_1.pdb' starts with './'. This is redundant and strongly discouraged. It can also lead to inconsistent results of the file-matching approach used by Snakemake. You can simply omit the './' for relative file paths.
Relative file path './2XWR_A_91-289_WT/xray/ca_rest_zinc_bs/output_pdbs/model_2.pdb' starts with './'. This is redundant and strongly discouraged. It can also lead to inconsistent results of the file-matching approach used by Snakemake. You can simply omit the './' for relative file paths.
Relative file path './2XWR_A_91-289_WT/xray/ca_rest_zinc_bs/output_pdbs/model_3.pdb' starts with './'. This is redundant and strongly discouraged. It can also lead to inconsistent results of the file-matching approach used by Snakemake. You can simply omit the './' for relative file paths.
Relative file path './2XWR_A_91-289_WT/xray/ca_rest_zinc_bs/output_pdbs/model_4.pdb' starts with './'. This is redundant and strongly discouraged. It can also lead to inconsistent results of the file-matching approach used by Snakemake. You can simply omit the './' for relative file paths.
Relative file path './2XWR_A_91-289_WT/xray/ca_rest_zinc_bs/output_pdbs/model_5.pdb' starts with './'. This is redundant and strongly discouraged. It can also lead to inconsistent results of the file-matching approach used by Snakemake. You can simply omit the './' for relative file paths.
Relative file path './2XWR_A_91-289_WT/xray/ca_rest_zinc_bs/output_pdbs/model_6.pdb' starts with './'. This is redundant and strongly discouraged. It can also lead to inconsistent results of the file-matching approach used by Snakemake. You can simply omit the './' for relative file paths.
Relative file path './2XWR_A_91-289_WT/xray/ca_rest_zinc_bs/output_pdbs/model_7.pdb' starts with './'. This is redundant and strongly discouraged. It can also lead to inconsistent results of the file-matching approach used by Snakemake. You can simply omit the './' for relative file paths.
Relative file path './2XWR_A_91-289_WT/xray/ca_rest_zinc_bs/output_pdbs/model_8.pdb' starts with './'. This is redundant and strongly discouraged. It can also lead to inconsistent results of the file-matching approach used by Snakemake. You can simply omit the './' for relative file paths.
Relative file path './2XWR_A_91-289_WT/xray/ca_rest_zinc_bs/output_pdbs/model_9.pdb' starts with './'. This is redundant and strongly discouraged. It can also lead to inconsistent results of the file-matching approach used by Snakemake. You can simply omit the './' for relative file paths.
Relative file path './2XWR_A_91-289_WT/xray/ca_rest_zinc_bs/output_pdbs/model_10.pdb' starts with './'. This is redundant and strongly discouraged. It can also lead to inconsistent results of the file-matching approach used by Snakemake. You can simply omit the './' for relative file paths.
Relative file path './2XWR_A_91-289_WT/xray/ca_rest_zinc_bs/output_pdbs/model_11.pdb' starts with './'. This is redundant and strongly discouraged. It can also lead to inconsistent results of the file-matching approach used by Snakemake. You can simply omit the './' for relative file paths.
Relative file path './2XWR_A_91-289_WT/xray/ca_rest_zinc_bs/output_pdbs/model_12.pdb' starts with './'. This is redundant and strongly discouraged. It can also lead to inconsistent results of the file-matching approach used by Snakemake. You can simply omit the './' for relative file paths.
Relative file path './2XWR_A_91-289_WT/xray/ca_rest_zinc_bs/output_pdbs/model_13.pdb' starts with './'. This is redundant and strongly discouraged. It can also lead to inconsistent results of the file-matching approach used by Snakemake. You can simply omit the './' for relative file paths.
Relative file path './2XWR_A_91-289_WT/xray/ca_rest_zinc_bs/output_pdbs/model_14.pdb' starts with './'. This is redundant and strongly discouraged. It can also lead to inconsistent results of the file-matching approach used by Snakemake. You can simply omit the './' for relative file paths.
Relative file path './2XWR_A_91-289_WT/xray/ca_rest_zinc_bs/output_pdbs/model_15.pdb' starts with './'. This is redundant and strongly discouraged. It can also lead to inconsistent results of the file-matching approach used by Snakemake. You can simply omit the './' for relative file paths.
Relative file path './2XWR_A_91-289_WT/xray/ca_rest_zinc_bs/output_pdbs/model_16.pdb' starts with './'. This is redundant and strongly discouraged. It can also lead to inconsistent results of the file-matching approach used by Snakemake. You can simply omit the './' for relative file paths.
Relative file path './2XWR_A_91-289_WT/xray/ca_rest_zinc_bs/output_pdbs/model_17.pdb' starts with './'. This is redundant and strongly discouraged. It can also lead to inconsistent results of the file-matching approach used by Snakemake. You can simply omit the './' for relative file paths.
Relative file path './2XWR_A_91-289_WT/xray/ca_rest_zinc_bs/output_pdbs/model_18.pdb' starts with './'. This is redundant and strongly discouraged. It can also lead to inconsistent results of the file-matching approach used by Snakemake. You can simply omit the './' for relative file paths.
Relative file path './2XWR_A_91-289_WT/xray/ca_rest_zinc_bs/output_pdbs/model_19.pdb' starts with './'. This is redundant and strongly discouraged. It can also lead to inconsistent results of the file-matching approach used by Snakemake. You can simply omit the './' for relative file paths.
Relative file path './2XWR_A_91-289_WT/xray/ca_rest_zinc_bs/output_pdbs/model_ligand_0.pdb' starts with './'. This is redundant and strongly discouraged. It can also lead to inconsistent results of the file-matching approach used by Snakemake. You can simply omit the './' for relative file paths.
Relative file path './2XWR_A_91-289_WT/xray/ca_rest_zinc_bs/output_pdbs/model_ligand_1.pdb' starts with './'. This is redundant and strongly discouraged. It can also lead to inconsistent results of the file-matching approach used by Snakemake. You can simply omit the './' for relative file paths.
Relative file path './2XWR_A_91-289_WT/xray/ca_rest_zinc_bs/output_pdbs/model_ligand_2.pdb' starts with './'. This is redundant and strongly discouraged. It can also lead to inconsistent results of the file-matching approach used by Snakemake. You can simply omit the './' for relative file paths.
Relative file path './2XWR_A_91-289_WT/xray/ca_rest_zinc_bs/output_pdbs/model_ligand_3.pdb' starts with './'. This is redundant and strongly discouraged. It can also lead to inconsistent results of the file-matching approach used by Snakemake. You can simply omit the './' for relative file paths.
Relative file path './2XWR_A_91-289_WT/xray/ca_rest_zinc_bs/output_pdbs/model_ligand_4.pdb' starts with './'. This is redundant and strongly discouraged. It can also lead to inconsistent results of the file-matching approach used by Snakemake. You can simply omit the './' for relative file paths.
Relative file path './2XWR_A_91-289_WT/xray/ca_rest_zinc_bs/output_pdbs/model_ligand_5.pdb' starts with './'. This is redundant and strongly discouraged. It can also lead to inconsistent results of the file-matching approach used by Snakemake. You can simply omit the './' for relative file paths.
Relative file path './2XWR_A_91-289_WT/xray/ca_rest_zinc_bs/output_pdbs/model_ligand_6.pdb' starts with './'. This is redundant and strongly discouraged. It can also lead to inconsistent results of the file-matching approach used by Snakemake. You can simply omit the './' for relative file paths.
Relative file path './2XWR_A_91-289_WT/xray/ca_rest_zinc_bs/output_pdbs/model_ligand_7.pdb' starts with './'. This is redundant and strongly discouraged. It can also lead to inconsistent results of the file-matching approach used by Snakemake. You can simply omit the './' for relative file paths.
Relative file path './2XWR_A_91-289_WT/xray/ca_rest_zinc_bs/output_pdbs/model_ligand_8.pdb' starts with './'. This is redundant and strongly discouraged. It can also lead to inconsistent results of the file-matching approach used by Snakemake. You can simply omit the './' for relative file paths.
Relative file path './2XWR_A_91-289_WT/xray/ca_rest_zinc_bs/output_pdbs/model_ligand_9.pdb' starts with './'. This is redundant and strongly discouraged. It can also lead to inconsistent results of the file-matching approach used by Snakemake. You can simply omit the './' for relative file paths.
Relative file path './2XWR_A_91-289_WT/xray/ca_rest_zinc_bs/output_pdbs/model_ligand_10.pdb' starts with './'. This is redundant and strongly discouraged. It can also lead to inconsistent results of the file-matching approach used by Snakemake. You can simply omit the './' for relative file paths.
Relative file path './2XWR_A_91-289_WT/xray/ca_rest_zinc_bs/output_pdbs/model_ligand_11.pdb' starts with './'. This is redundant and strongly discouraged. It can also lead to inconsistent results of the file-matching approach used by Snakemake. You can simply omit the './' for relative file paths.
Relative file path './2XWR_A_91-289_WT/xray/ca_rest_zinc_bs/output_pdbs/model_ligand_12.pdb' starts with './'. This is redundant and strongly discouraged. It can also lead to inconsistent results of the file-matching approach used by Snakemake. You can simply omit the './' for relative file paths.
Relative file path './2XWR_A_91-289_WT/xray/ca_rest_zinc_bs/output_pdbs/model_ligand_13.pdb' starts with './'. This is redundant and strongly discouraged. It can also lead to inconsistent results of the file-matching approach used by Snakemake. You can simply omit the './' for relative file paths.
Relative file path './2XWR_A_91-289_WT/xray/ca_rest_zinc_bs/output_pdbs/model_ligand_14.pdb' starts with './'. This is redundant and strongly discouraged. It can also lead to inconsistent results of the file-matching approach used by Snakemake. You can simply omit the './' for relative file paths.
Relative file path './2XWR_A_91-289_WT/xray/ca_rest_zinc_bs/output_pdbs/model_ligand_15.pdb' starts with './'. This is redundant and strongly discouraged. It can also lead to inconsistent results of the file-matching approach used by Snakemake. You can simply omit the './' for relative file paths.
Relative file path './2XWR_A_91-289_WT/xray/ca_rest_zinc_bs/output_pdbs/model_ligand_16.pdb' starts with './'. This is redundant and strongly discouraged. It can also lead to inconsistent results of the file-matching approach used by Snakemake. You can simply omit the './' for relative file paths.
Relative file path './2XWR_A_91-289_WT/xray/ca_rest_zinc_bs/output_pdbs/model_ligand_17.pdb' starts with './'. This is redundant and strongly discouraged. It can also lead to inconsistent results of the file-matching approach used by Snakemake. You can simply omit the './' for relative file paths.
Relative file path './2XWR_A_91-289_WT/xray/ca_rest_zinc_bs/output_pdbs/model_ligand_18.pdb' starts with './'. This is redundant and strongly discouraged. It can also lead to inconsistent results of the file-matching approach used by Snakemake. You can simply omit the './' for relative file paths.
Relative file path './2XWR_A_91-289_WT/xray/ca_rest_zinc_bs/output_pdbs/model_ligand_19.pdb' starts with './'. This is redundant and strongly discouraged. It can also lead to inconsistent results of the file-matching approach used by Snakemake. You can simply omit the './' for relative file paths.
Relative file path './input_structures/2XWR_A_WT.pdb' starts with './'. This is redundant and strongly discouraged. It can also lead to inconsistent results of the file-matching approach used by Snakemake. You can simply omit the './' for relative file paths.
Relative file path './2XWR_A_91-289_WT/xray/ca_rest_zinc_bs/output_pdbs/model_0.pdb' starts with './'. This is redundant and strongly discouraged. It can also lead to inconsistent results of the file-matching approach used by Snakemake. You can simply omit the './' for relative file paths.
Relative file path './2XWR_A_91-289_WT/xray/ca_rest_zinc_bs/output_pdbs/model_1.pdb' starts with './'. This is redundant and strongly discouraged. It can also lead to inconsistent results of the file-matching approach used by Snakemake. You can simply omit the './' for relative file paths.
Relative file path './2XWR_A_91-289_WT/xray/ca_rest_zinc_bs/output_pdbs/model_2.pdb' starts with './'. This is redundant and strongly discouraged. It can also lead to inconsistent results of the file-matching approach used by Snakemake. You can simply omit the './' for relative file paths.
Relative file path './2XWR_A_91-289_WT/xray/ca_rest_zinc_bs/output_pdbs/model_3.pdb' starts with './'. This is redundant and strongly discouraged. It can also lead to inconsistent results of the file-matching approach used by Snakemake. You can simply omit the './' for relative file paths.
Relative file path './2XWR_A_91-289_WT/xray/ca_rest_zinc_bs/output_pdbs/model_4.pdb' starts with './'. This is redundant and strongly discouraged. It can also lead to inconsistent results of the file-matching approach used by Snakemake. You can simply omit the './' for relative file paths.
Relative file path './2XWR_A_91-289_WT/xray/ca_rest_zinc_bs/output_pdbs/model_5.pdb' starts with './'. This is redundant and strongly discouraged. It can also lead to inconsistent results of the file-matching approach used by Snakemake. You can simply omit the './' for relative file paths.
Relative file path './2XWR_A_91-289_WT/xray/ca_rest_zinc_bs/output_pdbs/model_6.pdb' starts with './'. This is redundant and strongly discouraged. It can also lead to inconsistent results of the file-matching approach used by Snakemake. You can simply omit the './' for relative file paths.
Relative file path './2XWR_A_91-289_WT/xray/ca_rest_zinc_bs/output_pdbs/model_7.pdb' starts with './'. This is redundant and strongly discouraged. It can also lead to inconsistent results of the file-matching approach used by Snakemake. You can simply omit the './' for relative file paths.
Relative file path './2XWR_A_91-289_WT/xray/ca_rest_zinc_bs/output_pdbs/model_8.pdb' starts with './'. This is redundant and strongly discouraged. It can also lead to inconsistent results of the file-matching approach used by Snakemake. You can simply omit the './' for relative file paths.
Relative file path './2XWR_A_91-289_WT/xray/ca_rest_zinc_bs/output_pdbs/model_9.pdb' starts with './'. This is redundant and strongly discouraged. It can also lead to inconsistent results of the file-matching approach used by Snakemake. You can simply omit the './' for relative file paths.
Relative file path './2XWR_A_91-289_WT/xray/ca_rest_zinc_bs/output_pdbs/model_10.pdb' starts with './'. This is redundant and strongly discouraged. It can also lead to inconsistent results of the file-matching approach used by Snakemake. You can simply omit the './' for relative file paths.
Relative file path './2XWR_A_91-289_WT/xray/ca_rest_zinc_bs/output_pdbs/model_11.pdb' starts with './'. This is redundant and strongly discouraged. It can also lead to inconsistent results of the file-matching approach used by Snakemake. You can simply omit the './' for relative file paths.
Relative file path './2XWR_A_91-289_WT/xray/ca_rest_zinc_bs/output_pdbs/model_12.pdb' starts with './'. This is redundant and strongly discouraged. It can also lead to inconsistent results of the file-matching approach used by Snakemake. You can simply omit the './' for relative file paths.
Relative file path './2XWR_A_91-289_WT/xray/ca_rest_zinc_bs/output_pdbs/model_13.pdb' starts with './'. This is redundant and strongly discouraged. It can also lead to inconsistent results of the file-matching approach used by Snakemake. You can simply omit the './' for relative file paths.
Relative file path './2XWR_A_91-289_WT/xray/ca_rest_zinc_bs/output_pdbs/model_14.pdb' starts with './'. This is redundant and strongly discouraged. It can also lead to inconsistent results of the file-matching approach used by Snakemake. You can simply omit the './' for relative file paths.
Relative file path './2XWR_A_91-289_WT/xray/ca_rest_zinc_bs/output_pdbs/model_15.pdb' starts with './'. This is redundant and strongly discouraged. It can also lead to inconsistent results of the file-matching approach used by Snakemake. You can simply omit the './' for relative file paths.
Relative file path './2XWR_A_91-289_WT/xray/ca_rest_zinc_bs/output_pdbs/model_16.pdb' starts with './'. This is redundant and strongly discouraged. It can also lead to inconsistent results of the file-matching approach used by Snakemake. You can simply omit the './' for relative file paths.
Relative file path './2XWR_A_91-289_WT/xray/ca_rest_zinc_bs/output_pdbs/model_17.pdb' starts with './'. This is redundant and strongly discouraged. It can also lead to inconsistent results of the file-matching approach used by Snakemake. You can simply omit the './' for relative file paths.
Relative file path './2XWR_A_91-289_WT/xray/ca_rest_zinc_bs/output_pdbs/model_18.pdb' starts with './'. This is redundant and strongly discouraged. It can also lead to inconsistent results of the file-matching approach used by Snakemake. You can simply omit the './' for relative file paths.
Relative file path './2XWR_A_91-289_WT/xray/ca_rest_zinc_bs/output_pdbs/model_19.pdb' starts with './'. This is redundant and strongly discouraged. It can also lead to inconsistent results of the file-matching approach used by Snakemake. You can simply omit the './' for relative file paths.
Relative file path './2XWR_A_91-289_WT/xray/ca_sc_rest_zinc_bs/output_pdbs/model_ligand_0.pdb' starts with './'. This is redundant and strongly discouraged. It can also lead to inconsistent results of the file-matching approach used by Snakemake. You can simply omit the './' for relative file paths.
Relative file path './2XWR_A_91-289_WT/xray/ca_sc_rest_zinc_bs/output_pdbs/model_ligand_1.pdb' starts with './'. This is redundant and strongly discouraged. It can also lead to inconsistent results of the file-matching approach used by Snakemake. You can simply omit the './' for relative file paths.
Relative file path './2XWR_A_91-289_WT/xray/ca_sc_rest_zinc_bs/output_pdbs/model_ligand_2.pdb' starts with './'. This is redundant and strongly discouraged. It can also lead to inconsistent results of the file-matching approach used by Snakemake. You can simply omit the './' for relative file paths.
Relative file path './2XWR_A_91-289_WT/xray/ca_sc_rest_zinc_bs/output_pdbs/model_ligand_3.pdb' starts with './'. This is redundant and strongly discouraged. It can also lead to inconsistent results of the file-matching approach used by Snakemake. You can simply omit the './' for relative file paths.
Relative file path './2XWR_A_91-289_WT/xray/ca_sc_rest_zinc_bs/output_pdbs/model_ligand_4.pdb' starts with './'. This is redundant and strongly discouraged. It can also lead to inconsistent results of the file-matching approach used by Snakemake. You can simply omit the './' for relative file paths.
Relative file path './2XWR_A_91-289_WT/xray/ca_sc_rest_zinc_bs/output_pdbs/model_ligand_5.pdb' starts with './'. This is redundant and strongly discouraged. It can also lead to inconsistent results of the file-matching approach used by Snakemake. You can simply omit the './' for relative file paths.
Relative file path './2XWR_A_91-289_WT/xray/ca_sc_rest_zinc_bs/output_pdbs/model_ligand_6.pdb' starts with './'. This is redundant and strongly discouraged. It can also lead to inconsistent results of the file-matching approach used by Snakemake. You can simply omit the './' for relative file paths.
Relative file path './2XWR_A_91-289_WT/xray/ca_sc_rest_zinc_bs/output_pdbs/model_ligand_7.pdb' starts with './'. This is redundant and strongly discouraged. It can also lead to inconsistent results of the file-matching approach used by Snakemake. You can simply omit the './' for relative file paths.
Relative file path './2XWR_A_91-289_WT/xray/ca_sc_rest_zinc_bs/output_pdbs/model_ligand_8.pdb' starts with './'. This is redundant and strongly discouraged. It can also lead to inconsistent results of the file-matching approach used by Snakemake. You can simply omit the './' for relative file paths.
Relative file path './2XWR_A_91-289_WT/xray/ca_sc_rest_zinc_bs/output_pdbs/model_ligand_9.pdb' starts with './'. This is redundant and strongly discouraged. It can also lead to inconsistent results of the file-matching approach used by Snakemake. You can simply omit the './' for relative file paths.
Relative file path './2XWR_A_91-289_WT/xray/ca_sc_rest_zinc_bs/output_pdbs/model_ligand_10.pdb' starts with './'. This is redundant and strongly discouraged. It can also lead to inconsistent results of the file-matching approach used by Snakemake. You can simply omit the './' for relative file paths.
Relative file path './2XWR_A_91-289_WT/xray/ca_sc_rest_zinc_bs/output_pdbs/model_ligand_11.pdb' starts with './'. This is redundant and strongly discouraged. It can also lead to inconsistent results of the file-matching approach used by Snakemake. You can simply omit the './' for relative file paths.
Relative file path './2XWR_A_91-289_WT/xray/ca_sc_rest_zinc_bs/output_pdbs/model_ligand_12.pdb' starts with './'. This is redundant and strongly discouraged. It can also lead to inconsistent results of the file-matching approach used by Snakemake. You can simply omit the './' for relative file paths.
Relative file path './2XWR_A_91-289_WT/xray/ca_sc_rest_zinc_bs/output_pdbs/model_ligand_13.pdb' starts with './'. This is redundant and strongly discouraged. It can also lead to inconsistent results of the file-matching approach used by Snakemake. You can simply omit the './' for relative file paths.
Relative file path './2XWR_A_91-289_WT/xray/ca_sc_rest_zinc_bs/output_pdbs/model_ligand_14.pdb' starts with './'. This is redundant and strongly discouraged. It can also lead to inconsistent results of the file-matching approach used by Snakemake. You can simply omit the './' for relative file paths.
Relative file path './2XWR_A_91-289_WT/xray/ca_sc_rest_zinc_bs/output_pdbs/model_ligand_15.pdb' starts with './'. This is redundant and strongly discouraged. It can also lead to inconsistent results of the file-matching approach used by Snakemake. You can simply omit the './' for relative file paths.
Relative file path './2XWR_A_91-289_WT/xray/ca_sc_rest_zinc_bs/output_pdbs/model_ligand_16.pdb' starts with './'. This is redundant and strongly discouraged. It can also lead to inconsistent results of the file-matching approach used by Snakemake. You can simply omit the './' for relative file paths.
Relative file path './2XWR_A_91-289_WT/xray/ca_sc_rest_zinc_bs/output_pdbs/model_ligand_17.pdb' starts with './'. This is redundant and strongly discouraged. It can also lead to inconsistent results of the file-matching approach used by Snakemake. You can simply omit the './' for relative file paths.
Relative file path './2XWR_A_91-289_WT/xray/ca_sc_rest_zinc_bs/output_pdbs/model_ligand_18.pdb' starts with './'. This is redundant and strongly discouraged. It can also lead to inconsistent results of the file-matching approach used by Snakemake. You can simply omit the './' for relative file paths.
Relative file path './2XWR_A_91-289_WT/xray/ca_sc_rest_zinc_bs/output_pdbs/model_ligand_19.pdb' starts with './'. This is redundant and strongly discouraged. It can also lead to inconsistent results of the file-matching approach used by Snakemake. You can simply omit the './' for relative file paths.
Relative file path './2XWR_A_91-289_WT/xray/ca_sc_rest_zinc_bs/theseus/theseus_sup.pdb' starts with './'. This is redundant and strongly discouraged. It can also lead to inconsistent results of the file-matching approach used by Snakemake. You can simply omit the './' for relative file paths.
Relative file path './2XWR_A_91-289_WT/xray/ca_sc_rest_zinc_bs/output_pdbs/model_0.pdb' starts with './'. This is redundant and strongly discouraged. It can also lead to inconsistent results of the file-matching approach used by Snakemake. You can simply omit the './' for relative file paths.
Relative file path './2XWR_A_91-289_WT/xray/ca_sc_rest_zinc_bs/output_pdbs/model_1.pdb' starts with './'. This is redundant and strongly discouraged. It can also lead to inconsistent results of the file-matching approach used by Snakemake. You can simply omit the './' for relative file paths.
Relative file path './2XWR_A_91-289_WT/xray/ca_sc_rest_zinc_bs/output_pdbs/model_2.pdb' starts with './'. This is redundant and strongly discouraged. It can also lead to inconsistent results of the file-matching approach used by Snakemake. You can simply omit the './' for relative file paths.
Relative file path './2XWR_A_91-289_WT/xray/ca_sc_rest_zinc_bs/output_pdbs/model_3.pdb' starts with './'. This is redundant and strongly discouraged. It can also lead to inconsistent results of the file-matching approach used by Snakemake. You can simply omit the './' for relative file paths.
Relative file path './2XWR_A_91-289_WT/xray/ca_sc_rest_zinc_bs/output_pdbs/model_4.pdb' starts with './'. This is redundant and strongly discouraged. It can also lead to inconsistent results of the file-matching approach used by Snakemake. You can simply omit the './' for relative file paths.
Relative file path './2XWR_A_91-289_WT/xray/ca_sc_rest_zinc_bs/output_pdbs/model_5.pdb' starts with './'. This is redundant and strongly discouraged. It can also lead to inconsistent results of the file-matching approach used by Snakemake. You can simply omit the './' for relative file paths.
Relative file path './2XWR_A_91-289_WT/xray/ca_sc_rest_zinc_bs/output_pdbs/model_6.pdb' starts with './'. This is redundant and strongly discouraged. It can also lead to inconsistent results of the file-matching approach used by Snakemake. You can simply omit the './' for relative file paths.
Relative file path './2XWR_A_91-289_WT/xray/ca_sc_rest_zinc_bs/output_pdbs/model_7.pdb' starts with './'. This is redundant and strongly discouraged. It can also lead to inconsistent results of the file-matching approach used by Snakemake. You can simply omit the './' for relative file paths.
Relative file path './2XWR_A_91-289_WT/xray/ca_sc_rest_zinc_bs/output_pdbs/model_8.pdb' starts with './'. This is redundant and strongly discouraged. It can also lead to inconsistent results of the file-matching approach used by Snakemake. You can simply omit the './' for relative file paths.
Relative file path './2XWR_A_91-289_WT/xray/ca_sc_rest_zinc_bs/output_pdbs/model_9.pdb' starts with './'. This is redundant and strongly discouraged. It can also lead to inconsistent results of the file-matching approach used by Snakemake. You can simply omit the './' for relative file paths.
Relative file path './2XWR_A_91-289_WT/xray/ca_sc_rest_zinc_bs/output_pdbs/model_10.pdb' starts with './'. This is redundant and strongly discouraged. It can also lead to inconsistent results of the file-matching approach used by Snakemake. You can simply omit the './' for relative file paths.
Relative file path './2XWR_A_91-289_WT/xray/ca_sc_rest_zinc_bs/output_pdbs/model_11.pdb' starts with './'. This is redundant and strongly discouraged. It can also lead to inconsistent results of the file-matching approach used by Snakemake. You can simply omit the './' for relative file paths.
Relative file path './2XWR_A_91-289_WT/xray/ca_sc_rest_zinc_bs/output_pdbs/model_12.pdb' starts with './'. This is redundant and strongly discouraged. It can also lead to inconsistent results of the file-matching approach used by Snakemake. You can simply omit the './' for relative file paths.
Relative file path './2XWR_A_91-289_WT/xray/ca_sc_rest_zinc_bs/output_pdbs/model_13.pdb' starts with './'. This is redundant and strongly discouraged. It can also lead to inconsistent results of the file-matching approach used by Snakemake. You can simply omit the './' for relative file paths.
Relative file path './2XWR_A_91-289_WT/xray/ca_sc_rest_zinc_bs/output_pdbs/model_14.pdb' starts with './'. This is redundant and strongly discouraged. It can also lead to inconsistent results of the file-matching approach used by Snakemake. You can simply omit the './' for relative file paths.
Relative file path './2XWR_A_91-289_WT/xray/ca_sc_rest_zinc_bs/output_pdbs/model_15.pdb' starts with './'. This is redundant and strongly discouraged. It can also lead to inconsistent results of the file-matching approach used by Snakemake. You can simply omit the './' for relative file paths.
Relative file path './2XWR_A_91-289_WT/xray/ca_sc_rest_zinc_bs/output_pdbs/model_16.pdb' starts with './'. This is redundant and strongly discouraged. It can also lead to inconsistent results of the file-matching approach used by Snakemake. You can simply omit the './' for relative file paths.
Relative file path './2XWR_A_91-289_WT/xray/ca_sc_rest_zinc_bs/output_pdbs/model_17.pdb' starts with './'. This is redundant and strongly discouraged. It can also lead to inconsistent results of the file-matching approach used by Snakemake. You can simply omit the './' for relative file paths.
Relative file path './2XWR_A_91-289_WT/xray/ca_sc_rest_zinc_bs/output_pdbs/model_18.pdb' starts with './'. This is redundant and strongly discouraged. It can also lead to inconsistent results of the file-matching approach used by Snakemake. You can simply omit the './' for relative file paths.
Relative file path './2XWR_A_91-289_WT/xray/ca_sc_rest_zinc_bs/output_pdbs/model_19.pdb' starts with './'. This is redundant and strongly discouraged. It can also lead to inconsistent results of the file-matching approach used by Snakemake. You can simply omit the './' for relative file paths.
Relative file path './2XWR_A_91-289_WT/xray/ca_sc_rest_zinc_bs/output_pdbs/model_ligand_0.pdb' starts with './'. This is redundant and strongly discouraged. It can also lead to inconsistent results of the file-matching approach used by Snakemake. You can simply omit the './' for relative file paths.
Relative file path './2XWR_A_91-289_WT/xray/ca_sc_rest_zinc_bs/output_pdbs/model_ligand_1.pdb' starts with './'. This is redundant and strongly discouraged. It can also lead to inconsistent results of the file-matching approach used by Snakemake. You can simply omit the './' for relative file paths.
Relative file path './2XWR_A_91-289_WT/xray/ca_sc_rest_zinc_bs/output_pdbs/model_ligand_2.pdb' starts with './'. This is redundant and strongly discouraged. It can also lead to inconsistent results of the file-matching approach used by Snakemake. You can simply omit the './' for relative file paths.
Relative file path './2XWR_A_91-289_WT/xray/ca_sc_rest_zinc_bs/output_pdbs/model_ligand_3.pdb' starts with './'. This is redundant and strongly discouraged. It can also lead to inconsistent results of the file-matching approach used by Snakemake. You can simply omit the './' for relative file paths.
Relative file path './2XWR_A_91-289_WT/xray/ca_sc_rest_zinc_bs/output_pdbs/model_ligand_4.pdb' starts with './'. This is redundant and strongly discouraged. It can also lead to inconsistent results of the file-matching approach used by Snakemake. You can simply omit the './' for relative file paths.
Relative file path './2XWR_A_91-289_WT/xray/ca_sc_rest_zinc_bs/output_pdbs/model_ligand_5.pdb' starts with './'. This is redundant and strongly discouraged. It can also lead to inconsistent results of the file-matching approach used by Snakemake. You can simply omit the './' for relative file paths.
Relative file path './2XWR_A_91-289_WT/xray/ca_sc_rest_zinc_bs/output_pdbs/model_ligand_6.pdb' starts with './'. This is redundant and strongly discouraged. It can also lead to inconsistent results of the file-matching approach used by Snakemake. You can simply omit the './' for relative file paths.
Relative file path './2XWR_A_91-289_WT/xray/ca_sc_rest_zinc_bs/output_pdbs/model_ligand_7.pdb' starts with './'. This is redundant and strongly discouraged. It can also lead to inconsistent results of the file-matching approach used by Snakemake. You can simply omit the './' for relative file paths.
Relative file path './2XWR_A_91-289_WT/xray/ca_sc_rest_zinc_bs/output_pdbs/model_ligand_8.pdb' starts with './'. This is redundant and strongly discouraged. It can also lead to inconsistent results of the file-matching approach used by Snakemake. You can simply omit the './' for relative file paths.
Relative file path './2XWR_A_91-289_WT/xray/ca_sc_rest_zinc_bs/output_pdbs/model_ligand_9.pdb' starts with './'. This is redundant and strongly discouraged. It can also lead to inconsistent results of the file-matching approach used by Snakemake. You can simply omit the './' for relative file paths.
Relative file path './2XWR_A_91-289_WT/xray/ca_sc_rest_zinc_bs/output_pdbs/model_ligand_10.pdb' starts with './'. This is redundant and strongly discouraged. It can also lead to inconsistent results of the file-matching approach used by Snakemake. You can simply omit the './' for relative file paths.
Relative file path './2XWR_A_91-289_WT/xray/ca_sc_rest_zinc_bs/output_pdbs/model_ligand_11.pdb' starts with './'. This is redundant and strongly discouraged. It can also lead to inconsistent results of the file-matching approach used by Snakemake. You can simply omit the './' for relative file paths.
Relative file path './2XWR_A_91-289_WT/xray/ca_sc_rest_zinc_bs/output_pdbs/model_ligand_12.pdb' starts with './'. This is redundant and strongly discouraged. It can also lead to inconsistent results of the file-matching approach used by Snakemake. You can simply omit the './' for relative file paths.
Relative file path './2XWR_A_91-289_WT/xray/ca_sc_rest_zinc_bs/output_pdbs/model_ligand_13.pdb' starts with './'. This is redundant and strongly discouraged. It can also lead to inconsistent results of the file-matching approach used by Snakemake. You can simply omit the './' for relative file paths.
Relative file path './2XWR_A_91-289_WT/xray/ca_sc_rest_zinc_bs/output_pdbs/model_ligand_14.pdb' starts with './'. This is redundant and strongly discouraged. It can also lead to inconsistent results of the file-matching approach used by Snakemake. You can simply omit the './' for relative file paths.
Relative file path './2XWR_A_91-289_WT/xray/ca_sc_rest_zinc_bs/output_pdbs/model_ligand_15.pdb' starts with './'. This is redundant and strongly discouraged. It can also lead to inconsistent results of the file-matching approach used by Snakemake. You can simply omit the './' for relative file paths.
Relative file path './2XWR_A_91-289_WT/xray/ca_sc_rest_zinc_bs/output_pdbs/model_ligand_16.pdb' starts with './'. This is redundant and strongly discouraged. It can also lead to inconsistent results of the file-matching approach used by Snakemake. You can simply omit the './' for relative file paths.
Relative file path './2XWR_A_91-289_WT/xray/ca_sc_rest_zinc_bs/output_pdbs/model_ligand_17.pdb' starts with './'. This is redundant and strongly discouraged. It can also lead to inconsistent results of the file-matching approach used by Snakemake. You can simply omit the './' for relative file paths.
Relative file path './2XWR_A_91-289_WT/xray/ca_sc_rest_zinc_bs/output_pdbs/model_ligand_18.pdb' starts with './'. This is redundant and strongly discouraged. It can also lead to inconsistent results of the file-matching approach used by Snakemake. You can simply omit the './' for relative file paths.
Relative file path './2XWR_A_91-289_WT/xray/ca_sc_rest_zinc_bs/output_pdbs/model_ligand_19.pdb' starts with './'. This is redundant and strongly discouraged. It can also lead to inconsistent results of the file-matching approach used by Snakemake. You can simply omit the './' for relative file paths.
Relative file path './input_structures/2XWR_A_WT.pdb' starts with './'. This is redundant and strongly discouraged. It can also lead to inconsistent results of the file-matching approach used by Snakemake. You can simply omit the './' for relative file paths.
Relative file path './2XWR_A_91-289_WT/xray/ca_sc_rest_zinc_bs/output_pdbs/model_0.pdb' starts with './'. This is redundant and strongly discouraged. It can also lead to inconsistent results of the file-matching approach used by Snakemake. You can simply omit the './' for relative file paths.
Relative file path './2XWR_A_91-289_WT/xray/ca_sc_rest_zinc_bs/output_pdbs/model_1.pdb' starts with './'. This is redundant and strongly discouraged. It can also lead to inconsistent results of the file-matching approach used by Snakemake. You can simply omit the './' for relative file paths.
Relative file path './2XWR_A_91-289_WT/xray/ca_sc_rest_zinc_bs/output_pdbs/model_2.pdb' starts with './'. This is redundant and strongly discouraged. It can also lead to inconsistent results of the file-matching approach used by Snakemake. You can simply omit the './' for relative file paths.
Relative file path './2XWR_A_91-289_WT/xray/ca_sc_rest_zinc_bs/output_pdbs/model_3.pdb' starts with './'. This is redundant and strongly discouraged. It can also lead to inconsistent results of the file-matching approach used by Snakemake. You can simply omit the './' for relative file paths.
Relative file path './2XWR_A_91-289_WT/xray/ca_sc_rest_zinc_bs/output_pdbs/model_4.pdb' starts with './'. This is redundant and strongly discouraged. It can also lead to inconsistent results of the file-matching approach used by Snakemake. You can simply omit the './' for relative file paths.
Relative file path './2XWR_A_91-289_WT/xray/ca_sc_rest_zinc_bs/output_pdbs/model_5.pdb' starts with './'. This is redundant and strongly discouraged. It can also lead to inconsistent results of the file-matching approach used by Snakemake. You can simply omit the './' for relative file paths.
Relative file path './2XWR_A_91-289_WT/xray/ca_sc_rest_zinc_bs/output_pdbs/model_6.pdb' starts with './'. This is redundant and strongly discouraged. It can also lead to inconsistent results of the file-matching approach used by Snakemake. You can simply omit the './' for relative file paths.
Relative file path './2XWR_A_91-289_WT/xray/ca_sc_rest_zinc_bs/output_pdbs/model_7.pdb' starts with './'. This is redundant and strongly discouraged. It can also lead to inconsistent results of the file-matching approach used by Snakemake. You can simply omit the './' for relative file paths.
Relative file path './2XWR_A_91-289_WT/xray/ca_sc_rest_zinc_bs/output_pdbs/model_8.pdb' starts with './'. This is redundant and strongly discouraged. It can also lead to inconsistent results of the file-matching approach used by Snakemake. You can simply omit the './' for relative file paths.
Relative file path './2XWR_A_91-289_WT/xray/ca_sc_rest_zinc_bs/output_pdbs/model_9.pdb' starts with './'. This is redundant and strongly discouraged. It can also lead to inconsistent results of the file-matching approach used by Snakemake. You can simply omit the './' for relative file paths.
Relative file path './2XWR_A_91-289_WT/xray/ca_sc_rest_zinc_bs/output_pdbs/model_10.pdb' starts with './'. This is redundant and strongly discouraged. It can also lead to inconsistent results of the file-matching approach used by Snakemake. You can simply omit the './' for relative file paths.
Relative file path './2XWR_A_91-289_WT/xray/ca_sc_rest_zinc_bs/output_pdbs/model_11.pdb' starts with './'. This is redundant and strongly discouraged. It can also lead to inconsistent results of the file-matching approach used by Snakemake. You can simply omit the './' for relative file paths.
Relative file path './2XWR_A_91-289_WT/xray/ca_sc_rest_zinc_bs/output_pdbs/model_12.pdb' starts with './'. This is redundant and strongly discouraged. It can also lead to inconsistent results of the file-matching approach used by Snakemake. You can simply omit the './' for relative file paths.
Relative file path './2XWR_A_91-289_WT/xray/ca_sc_rest_zinc_bs/output_pdbs/model_13.pdb' starts with './'. This is redundant and strongly discouraged. It can also lead to inconsistent results of the file-matching approach used by Snakemake. You can simply omit the './' for relative file paths.
Relative file path './2XWR_A_91-289_WT/xray/ca_sc_rest_zinc_bs/output_pdbs/model_14.pdb' starts with './'. This is redundant and strongly discouraged. It can also lead to inconsistent results of the file-matching approach used by Snakemake. You can simply omit the './' for relative file paths.
Relative file path './2XWR_A_91-289_WT/xray/ca_sc_rest_zinc_bs/output_pdbs/model_15.pdb' starts with './'. This is redundant and strongly discouraged. It can also lead to inconsistent results of the file-matching approach used by Snakemake. You can simply omit the './' for relative file paths.
Relative file path './2XWR_A_91-289_WT/xray/ca_sc_rest_zinc_bs/output_pdbs/model_16.pdb' starts with './'. This is redundant and strongly discouraged. It can also lead to inconsistent results of the file-matching approach used by Snakemake. You can simply omit the './' for relative file paths.
Relative file path './2XWR_A_91-289_WT/xray/ca_sc_rest_zinc_bs/output_pdbs/model_17.pdb' starts with './'. This is redundant and strongly discouraged. It can also lead to inconsistent results of the file-matching approach used by Snakemake. You can simply omit the './' for relative file paths.
Relative file path './2XWR_A_91-289_WT/xray/ca_sc_rest_zinc_bs/output_pdbs/model_18.pdb' starts with './'. This is redundant and strongly discouraged. It can also lead to inconsistent results of the file-matching approach used by Snakemake. You can simply omit the './' for relative file paths.
Relative file path './2XWR_A_91-289_WT/xray/ca_sc_rest_zinc_bs/output_pdbs/model_19.pdb' starts with './'. This is redundant and strongly discouraged. It can also lead to inconsistent results of the file-matching approach used by Snakemake. You can simply omit the './' for relative file paths.
Using shell: /bin/bash
Provided cores: 2
Rules claiming more threads will be scaled down.
Job stats:
job                   count    min threads    max threads
------------------  -------  -------------  -------------
add_ligand                6              1              1
all                       1              1              1
make_ensemble             9              1              1
make_ensemble_wt          3              1              1
rule_add_ligand_wt        2              1              1
run_cabsflex              9              1              1
run_cabsflex_wt           3              1              1
total                    33              1              1

Select jobs to execute...

[Wed Oct 12 08:40:05 2022]
rule run_cabsflex:
    input: ./input_structures/2XWR_A_ASN239TYR.pdb
    output: ./2XWR_A_91-289_N239Y/xray/no_restraints/output_pdbs/model_0.pdb, ./2XWR_A_91-289_N239Y/xray/no_restraints/output_pdbs/model_1.pdb, ./2XWR_A_91-289_N239Y/xray/no_restraints/output_pdbs/model_2.pdb, ./2XWR_A_91-289_N239Y/xray/no_restraints/output_pdbs/model_3.pdb, ./2XWR_A_91-289_N239Y/xray/no_restraints/output_pdbs/model_4.pdb, ./2XWR_A_91-289_N239Y/xray/no_restraints/output_pdbs/model_5.pdb, ./2XWR_A_91-289_N239Y/xray/no_restraints/output_pdbs/model_6.pdb, ./2XWR_A_91-289_N239Y/xray/no_restraints/output_pdbs/model_7.pdb, ./2XWR_A_91-289_N239Y/xray/no_restraints/output_pdbs/model_8.pdb, ./2XWR_A_91-289_N239Y/xray/no_restraints/output_pdbs/model_9.pdb, ./2XWR_A_91-289_N239Y/xray/no_restraints/output_pdbs/model_10.pdb, ./2XWR_A_91-289_N239Y/xray/no_restraints/output_pdbs/model_11.pdb, ./2XWR_A_91-289_N239Y/xray/no_restraints/output_pdbs/model_12.pdb, ./2XWR_A_91-289_N239Y/xray/no_restraints/output_pdbs/model_13.pdb, ./2XWR_A_91-289_N239Y/xray/no_restraints/output_pdbs/model_14.pdb, ./2XWR_A_91-289_N239Y/xray/no_restraints/output_pdbs/model_15.pdb, ./2XWR_A_91-289_N239Y/xray/no_restraints/output_pdbs/model_16.pdb, ./2XWR_A_91-289_N239Y/xray/no_restraints/output_pdbs/model_17.pdb, ./2XWR_A_91-289_N239Y/xray/no_restraints/output_pdbs/model_18.pdb, ./2XWR_A_91-289_N239Y/xray/no_restraints/output_pdbs/model_19.pdb
    jobid: 2
    wildcards: name=2XWR, chain=A, start=91, end=289, wt=N, resnum=239, alt=Y, source=xray, runtype=no_restraints
    resources: tmpdir=/tmp


[Wed Oct 12 08:40:05 2022]
rule run_cabsflex:
    input: ./input_structures/2XWR_A_HIS168ARG.pdb
    output: ./2XWR_A_91-289_H168R/xray/ca_sc_rest_zinc_bs/output_pdbs/model_0.pdb, ./2XWR_A_91-289_H168R/xray/ca_sc_rest_zinc_bs/output_pdbs/model_1.pdb, ./2XWR_A_91-289_H168R/xray/ca_sc_rest_zinc_bs/output_pdbs/model_2.pdb, ./2XWR_A_91-289_H168R/xray/ca_sc_rest_zinc_bs/output_pdbs/model_3.pdb, ./2XWR_A_91-289_H168R/xray/ca_sc_rest_zinc_bs/output_pdbs/model_4.pdb, ./2XWR_A_91-289_H168R/xray/ca_sc_rest_zinc_bs/output_pdbs/model_5.pdb, ./2XWR_A_91-289_H168R/xray/ca_sc_rest_zinc_bs/output_pdbs/model_6.pdb, ./2XWR_A_91-289_H168R/xray/ca_sc_rest_zinc_bs/output_pdbs/model_7.pdb, ./2XWR_A_91-289_H168R/xray/ca_sc_rest_zinc_bs/output_pdbs/model_8.pdb, ./2XWR_A_91-289_H168R/xray/ca_sc_rest_zinc_bs/output_pdbs/model_9.pdb, ./2XWR_A_91-289_H168R/xray/ca_sc_rest_zinc_bs/output_pdbs/model_10.pdb, ./2XWR_A_91-289_H168R/xray/ca_sc_rest_zinc_bs/output_pdbs/model_11.pdb, ./2XWR_A_91-289_H168R/xray/ca_sc_rest_zinc_bs/output_pdbs/model_12.pdb, ./2XWR_A_91-289_H168R/xray/ca_sc_rest_zinc_bs/output_pdbs/model_13.pdb, ./2XWR_A_91-289_H168R/xray/ca_sc_rest_zinc_bs/output_pdbs/model_14.pdb, ./2XWR_A_91-289_H168R/xray/ca_sc_rest_zinc_bs/output_pdbs/model_15.pdb, ./2XWR_A_91-289_H168R/xray/ca_sc_rest_zinc_bs/output_pdbs/model_16.pdb, ./2XWR_A_91-289_H168R/xray/ca_sc_rest_zinc_bs/output_pdbs/model_17.pdb, ./2XWR_A_91-289_H168R/xray/ca_sc_rest_zinc_bs/output_pdbs/model_18.pdb, ./2XWR_A_91-289_H168R/xray/ca_sc_rest_zinc_bs/output_pdbs/model_19.pdb
    jobid: 16
    wildcards: name=2XWR, chain=A, start=91, end=289, wt=H, resnum=168, alt=R, source=xray, runtype=ca_sc_rest_zinc_bs
    resources: tmpdir=/tmp

[Wed Oct 12 08:40:06 2022]
Error in rule run_cabsflex:
    jobid: 2
    output: ./2XWR_A_91-289_N239Y/xray/no_restraints/output_pdbs/model_0.pdb, ./2XWR_A_91-289_N239Y/xray/no_restraints/output_pdbs/model_1.pdb, ./2XWR_A_91-289_N239Y/xray/no_restraints/output_pdbs/model_2.pdb, ./2XWR_A_91-289_N239Y/xray/no_restraints/output_pdbs/model_3.pdb, ./2XWR_A_91-289_N239Y/xray/no_restraints/output_pdbs/model_4.pdb, ./2XWR_A_91-289_N239Y/xray/no_restraints/output_pdbs/model_5.pdb, ./2XWR_A_91-289_N239Y/xray/no_restraints/output_pdbs/model_6.pdb, ./2XWR_A_91-289_N239Y/xray/no_restraints/output_pdbs/model_7.pdb, ./2XWR_A_91-289_N239Y/xray/no_restraints/output_pdbs/model_8.pdb, ./2XWR_A_91-289_N239Y/xray/no_restraints/output_pdbs/model_9.pdb, ./2XWR_A_91-289_N239Y/xray/no_restraints/output_pdbs/model_10.pdb, ./2XWR_A_91-289_N239Y/xray/no_restraints/output_pdbs/model_11.pdb, ./2XWR_A_91-289_N239Y/xray/no_restraints/output_pdbs/model_12.pdb, ./2XWR_A_91-289_N239Y/xray/no_restraints/output_pdbs/model_13.pdb, ./2XWR_A_91-289_N239Y/xray/no_restraints/output_pdbs/model_14.pdb, ./2XWR_A_91-289_N239Y/xray/no_restraints/output_pdbs/model_15.pdb, ./2XWR_A_91-289_N239Y/xray/no_restraints/output_pdbs/model_16.pdb, ./2XWR_A_91-289_N239Y/xray/no_restraints/output_pdbs/model_17.pdb, ./2XWR_A_91-289_N239Y/xray/no_restraints/output_pdbs/model_18.pdb, ./2XWR_A_91-289_N239Y/xray/no_restraints/output_pdbs/model_19.pdb
    shell:
        
        working_dir=$(dirname $(dirname ./2XWR_A_91-289_N239Y/xray/no_restraints/output_pdbs/model_0.pdb))
        
        cp ./input_structures/2XWR_A_ASN239TYR.pdb $working_dir/
        
        cd $working_dir
        
        cat <<EOF > README.txt
        
        This directory contains a CABSflex run to model the flexibility of a structure.

        Structure: ./input_structures/2XWR_A_ASN239TYR.pdb
        Run type: no_restraints

        This has been performed by running run.sh script, command: bash run.sh 
        
        And a log called CABS.log containing the output of the CABSflex run has also been written.
EOF
                
        cat <<EOF > run.sh
        
        ln -s $(basename ./input_structures/2XWR_A_ASN239TYR.pdb) input.pdb
        
        CABSflex\
            -i input.pdb\
            -k 20\
            -v 3\
            -s 50\
            -y 50\
            -a 20\
            -A\
            -z 10\
            -C \
            --dssp-command /usr/local/dssp-3.0.10/bin/mkdssp\
            \
            --log
EOF

        bash run.sh  
        
        (one of the commands exited with non-zero exit code; note that snakemake uses bash strict mode!)

[Wed Oct 12 08:40:06 2022]
Error in rule run_cabsflex:
    jobid: 16
    output: ./2XWR_A_91-289_H168R/xray/ca_sc_rest_zinc_bs/output_pdbs/model_0.pdb, ./2XWR_A_91-289_H168R/xray/ca_sc_rest_zinc_bs/output_pdbs/model_1.pdb, ./2XWR_A_91-289_H168R/xray/ca_sc_rest_zinc_bs/output_pdbs/model_2.pdb, ./2XWR_A_91-289_H168R/xray/ca_sc_rest_zinc_bs/output_pdbs/model_3.pdb, ./2XWR_A_91-289_H168R/xray/ca_sc_rest_zinc_bs/output_pdbs/model_4.pdb, ./2XWR_A_91-289_H168R/xray/ca_sc_rest_zinc_bs/output_pdbs/model_5.pdb, ./2XWR_A_91-289_H168R/xray/ca_sc_rest_zinc_bs/output_pdbs/model_6.pdb, ./2XWR_A_91-289_H168R/xray/ca_sc_rest_zinc_bs/output_pdbs/model_7.pdb, ./2XWR_A_91-289_H168R/xray/ca_sc_rest_zinc_bs/output_pdbs/model_8.pdb, ./2XWR_A_91-289_H168R/xray/ca_sc_rest_zinc_bs/output_pdbs/model_9.pdb, ./2XWR_A_91-289_H168R/xray/ca_sc_rest_zinc_bs/output_pdbs/model_10.pdb, ./2XWR_A_91-289_H168R/xray/ca_sc_rest_zinc_bs/output_pdbs/model_11.pdb, ./2XWR_A_91-289_H168R/xray/ca_sc_rest_zinc_bs/output_pdbs/model_12.pdb, ./2XWR_A_91-289_H168R/xray/ca_sc_rest_zinc_bs/output_pdbs/model_13.pdb, ./2XWR_A_91-289_H168R/xray/ca_sc_rest_zinc_bs/output_pdbs/model_14.pdb, ./2XWR_A_91-289_H168R/xray/ca_sc_rest_zinc_bs/output_pdbs/model_15.pdb, ./2XWR_A_91-289_H168R/xray/ca_sc_rest_zinc_bs/output_pdbs/model_16.pdb, ./2XWR_A_91-289_H168R/xray/ca_sc_rest_zinc_bs/output_pdbs/model_17.pdb, ./2XWR_A_91-289_H168R/xray/ca_sc_rest_zinc_bs/output_pdbs/model_18.pdb, ./2XWR_A_91-289_H168R/xray/ca_sc_rest_zinc_bs/output_pdbs/model_19.pdb
    shell:
        
        working_dir=$(dirname $(dirname ./2XWR_A_91-289_H168R/xray/ca_sc_rest_zinc_bs/output_pdbs/model_0.pdb))
        
        cp ./input_structures/2XWR_A_HIS168ARG.pdb $working_dir/
        
        cd $working_dir
        
        cat <<EOF > README.txt
        
        This directory contains a CABSflex run to model the flexibility of a structure.

        Structure: ./input_structures/2XWR_A_HIS168ARG.pdb
        Run type: ca_sc_rest_zinc_bs

        This has been performed by running run.sh script, command: bash run.sh 
        
        And a log called CABS.log containing the output of the CABSflex run has also been written.
EOF
                
        cat <<EOF > run.sh
        
        ln -s $(basename ./input_structures/2XWR_A_HIS168ARG.pdb) input.pdb
        
        CABSflex\
            -i input.pdb\
            -k 20\
            -v 3\
            -s 50\
            -y 50\
            -a 20\
            -A\
            -z 10\
            -C \
            --dssp-command /usr/local/dssp-3.0.10/bin/mkdssp\
            --ca-rest-add 179:A 176:A 5.5 1.0 --ca-rest-add 179:A 238:A 6.6 1.0 --ca-rest-add 179:A 242:A 8.1 1.0 --ca-rest-add 176:A 238:A 7.1 1.0 --ca-rest-add 176:A 242:A 6.5 1.0 --ca-rest-add 238:A 242:A 6.7 1.0 --sc-rest-add 179:A 238:A 4.8 1.0 --sc-rest-add 179:A 242:A 6.0 1.0 --sc-rest-add 179:A 176:A 5.4 1.0 --sc-rest-add 176:A 242:A 4.0 1.0 --sc-rest-add 176:A 238:A 6.7 1.0 --sc-rest-add 238:A 242:A 5.1 1.0\
            --log
EOF

        bash run.sh  
        
        (one of the commands exited with non-zero exit code; note that snakemake uses bash strict mode!)

Shutting down, this might take some time.
Exiting because a job execution failed. Look above for error message
Complete log: /data/user/krde/CABSflex_snakemake/cabs_production/cabsflex/example_run_1/.snakemake/log/2022-10-12T084001.030636.snakemake.log
