1      -0.542549
2      -0.051080
3      -1.293822
4      -0.285666
5      -0.380224
6      -1.731181
7       0.154746
8      -0.549804
9      -0.422755
10     -0.262978
11     -0.046484
12     -2.071283
13     -0.879371
14      0.946310
15     -0.372798
16      0.351357
17     -0.346337
18      1.961563
19     -0.301811
20     -0.046703
21     -0.683591
22     -0.791576
23      0.659636
24      0.065499
25      1.074402
26     -0.577354
27      1.483832
28      0.071406
29     -0.701115
30      2.282296
31     -0.480374
32     -0.084952
33     -1.596589
34      0.212406
35     -0.480517
36      2.192450
37      0.003847
38     -0.479365
39      0.114620
40      0.908480
41     -0.588604
42      1.558761
43     -0.335505
44     -0.126132
45     -1.866857
46      0.284975
47     -0.147493
48     -0.247314
49      0.136035
50     -0.425933
51     -1.973696
52      0.979222
53     -0.661297
54      1.541311
55     -1.010212
56      1.329998
57     -0.162567
58      0.713164
59      2.757451
60      1.222121
61     -0.791206
62      0.166594
63     -1.066521
64     -0.368210
65     -0.073746
66     -1.537193
67     -0.243000
68     -0.357352
69     -0.298174
70     -0.944393
71     -0.533076
72     -3.034879
73      0.300712
74      1.404456
75      0.179315
76      0.158201
77      0.027041
78      1.042359
79     -0.192936
80      0.037375
81     -0.941637
82      0.174998
83     -0.053184
84      0.598591
85      1.417145
86      0.261655
87      1.496467
88      0.402279
89      0.036596
90      2.433666
91      0.800787
92     -0.484133
93     -1.358905
94     -0.556446
95     -0.660760
96      1.530793
97      0.656077
98     -0.466736
99      0.158759
100     1.113918
101     0.219988
102     1.519213
103     0.140610
104     0.267153
105    -1.645800
106    -0.262190
107    -0.104910
108     0.020499
109    -1.008446
110    -0.101014
111    -2.965248
112     1.308511
113    -0.089222
114     1.876061
115    -1.471882
116     0.317238
117     0.745736
118    -0.634531
119     0.186037
120     1.246897
121    -0.117106
122     0.902821
123    -0.458437
124    -0.027098
125     0.622159
126    -0.961311
127    -0.214713
128    -0.070222
129     0.104939
130     0.595243
131    -0.330101
132    -2.762418
133     0.586238
134     0.407469
135    -0.273546
136     0.018789
137    -0.648300
138     0.807886
139    -0.469452
140     1.050285
141    -0.341248
142     2.045844
143    -1.111419
144    -0.391439
145     0.302582
146     0.887466
147     1.669696
148    -1.091858
149     0.859080
150     2.371006
151     0.075418
152    -0.238531
153    -1.095950
154    -0.811722
155    -0.841713
156     1.602582
157    -0.795820
158    -1.048909
159    -0.713874
160     0.204600
161     0.630331
162     1.723263
163     0.990274
164    -0.405067
165    -1.795658
166    -0.684925
167     0.760571
168     0.531706
169    -0.537715
170    -0.726209
171    -2.977136
172     0.109975
173     0.517594
174     1.987164
175    -0.168913
176    -0.066495
177     0.642106
178    -0.009642
179    -1.150811
180     0.330670
181     0.673655
182    -0.158697
183    -0.558614
184     0.224080
185    -0.350586
186    -1.133087
187    -0.518057
188    -1.014158
189    -0.862801
190     0.484372
191    -0.082404
192    -1.556661
193     0.971756
194    -0.672512
195    -0.784343
196    -1.033326
197     1.772294
198     1.870910
199     0.311468
200    -0.122974
201    -0.748471
202     0.535787
203     0.001947
204     0.281914
205     0.414894
206    -0.087942
207    -0.933225
208    -1.065150
209     0.247228
210     2.643408
211     1.371845
212    -1.300088
213    -1.409328
214    -1.719040
215    -0.245067
216     2.374795
217    -1.273744
218    -0.107820
219     0.588563
220     0.510010
221    -0.438080
222    -0.779259
223     1.113170
224     2.079020
225    -0.026558
226    -0.739371
227    -0.252644
228    -0.192073
229     1.347415
230     0.298977
231    -1.365015
232     0.358453
233    -0.531264
234    -0.497372
235    -0.770620
236     0.946878
237     1.884289
238    -1.197597
239     0.017893
240     1.202928
241     0.379999
242     0.107474
243    -0.069462
244    -0.248068
245     0.343006
246    -0.711924
247    -0.496793
248    -0.345280
249     0.213520
250     1.205023
251     1.040742
252    -0.046119
253     0.333087
254     0.548703
255    -0.573649
256     0.122623
257     0.073625
258    -0.031532
259    -0.090477
260     0.410103
261    -0.255339
262     0.707958
263    -1.213532
264    -0.581646
265     0.364412
266    -0.031808
267    -0.243188
268    -2.229223
269     1.186170
270     2.050124
271     2.255894
272    -0.917562
273     0.034814
274    -2.740643
275     1.997691
276     2.214553
277    -1.743984
278    -0.982534
279    -0.382574
280     0.445626
281    -0.442229
282    -0.111248
283     2.127333
284     0.536590
285    -2.027277
286    -1.334074
287    -0.117336
288    -0.072903
289     1.559185
290     0.550837
291    -0.457878
292     0.024019
293    -0.581872
294    -0.140406
295     0.073332
296    -0.675440
297     0.508324
298    -0.715227
299    -1.487350
300     0.683811
301     0.795083
302    -0.923151
303    -0.034282
304     0.160822
305    -0.363494
306     0.100888
307     0.822234
308    -1.516199
309    -0.130125
310     2.088617
311    -0.195147
312     0.455021
313     1.562927
314    -0.498074
315     0.205846
316    -1.044085
317     1.097513
318    -0.055640
319     0.904557
320    -0.808260
321    -0.116637
322    -0.640782
323     0.840205
324    -0.826730
325    -0.963115
326     1.249129
327    -0.786486
328    -2.045393
329     0.300839
330     0.902197
331     1.461192
332    -1.023442
333     0.292926
334    -2.641234
335     1.426080
336     0.109511
337     0.047605
338    -1.688355
339     0.522252
340    -0.905134
341     0.840895
342    -0.906072
343     1.382324
344     0.805429
345    -0.567373
346     0.675410
347    -1.277284
348     0.128931
349     2.047954
350    -0.299831
351     0.493551
352    -1.230162
353     1.435001
354    -0.715063
355    -1.100040
356     0.439306
357    -0.519221
358    -1.378779
359     0.158840
360     1.446507
361     0.715535
362    -1.097717
363    -0.994310
364    -0.923735
365    -0.156452
366     0.985608
367    -0.087757
368    -1.267314
369     0.064932
370     1.607964
371     0.577962
372     1.293180
373     0.995655
374    -0.197260
375     1.110962
376    -0.545300
377     0.737878
378    -1.070645
379     0.759013
380    -1.284795
381    -0.495064
382    -0.704624
383     0.196752
384    -0.891810
385    -1.361734
386     0.916638
387    -0.759608
388    -0.462897
389    -0.400161
390    -0.245414
391     0.833462
392     2.425276
393     1.032922
394    -1.372671
395     0.719533
396    -0.564744
397    -1.315144
398    -1.276386
399     0.879344
400    -1.094164
401     0.162921
402    -0.840127
403     0.928815
404     1.337865
405    -0.275857
406     0.573554
407    -2.017459
408    -0.362083
409     1.234922
410     1.695267
411     1.551495
412    -1.193716
413     0.844857
414    -0.824354
415     0.689971
416    -0.773989
417    -1.177742
418     0.722848
419    -1.143416
420     1.583313
421     0.678159
422    -1.167496
423     0.017562
424     0.510291
425    -0.435690
426     2.232688
427     0.375122
428    -1.476247
429     0.115375
430     0.936275
431     0.379474
432    -0.241083
433     1.593979
434    -0.803988
435     1.531783
436    -1.344845
437     1.090093
438    -1.040115
439     1.161742
440    -1.463539
441     0.323917
442    -1.568196
443     1.091324
444    -0.328549
445    -1.732623
446     1.009748
447    -0.299921
448    -0.981734
449     0.834340
450     0.517862
451     0.602348
452     1.938154
453    -1.006278
454    -1.309259
455     0.340222
456    -0.502293
457     0.659968
458    -1.550179
459    -0.489536
460    -1.804705
461     0.963963
462    -0.074601
463     0.903788
464     0.782707
465    -0.176274
466     1.156202
467    -2.072783
468     0.242898
469     0.959069
470     0.796857
471     0.217816
472    -1.635824
473     0.974671
474    -0.263727
475     0.850841
476    -1.074303
477    -0.454082
478    -0.010597
479    -0.157326
480    -0.323441
481     1.504828
482    -1.337830
483     0.569837
484    -0.782645
485     0.265460
486     0.396814
487     1.263753
488    -1.630788
489    -0.229140
490    -0.906725
491     2.081850
492    -0.754476
493    -0.071842
494    -0.171429
495     0.121162
496    -0.966711
497     0.362285
498     0.063186
499     0.933121
500    -1.686692
501    -0.350409
502    -0.378777
503     0.396310
504     0.674241
505    -0.681190
506     0.275944
507     0.603199
508     0.110261
509     0.005127
510     0.592899
511    -1.264796
512     2.773434
513    -0.895937
514     0.005800
515    -0.183352
516     0.271944
517     1.288171
518    -1.754303
519    -0.057681
520    -1.103908
521     0.468192
522     1.148189
523    -1.021283
524     1.843724
525    -0.655890
526     0.923264
527    -2.062652
528    -0.575964
529    -0.831282
530     2.103359
531    -0.720157
532    -0.452102
533     0.332180
534     0.700208
535     1.713560
536    -1.338746
537    -0.358274
538     0.718501
539    -0.742071
540    -0.543753
541     0.760741
542    -1.241846
543     0.583679
544    -0.678245
545    -0.211164
546     1.254255
547     0.189369
548    -1.137075
549     0.354443
550    -1.478129
551     2.324770
552    -0.075110
553    -0.141231
554    -0.598671
555     0.970139
556    -0.233979
557     0.100805
558    -0.736910
559    -0.305636
560    -1.025321
561     0.281098
562     0.243132
563     0.133005
564     0.110786
565     0.134235
566     0.176758
567    -0.359968
568     1.209123
569    -0.290820
570    -0.096533
571    -1.739496
572     3.135115
573    -0.064179
574     1.540531
575    -0.461829
576    -0.396520
577    -0.018053
578    -0.833207
579     0.307026
580     0.006678
581     0.171212
582     0.903123
583    -1.000161
584     1.709209
585    -0.368622
586    -0.040376
587    -1.832428
588     0.395313
589    -1.437431
590     2.381643
591    -0.115215
592     0.202504
593     0.309104
594    -0.299739
595     1.588530
596    -1.579804
597    -1.207055
598     1.197891
599    -1.229455
600    -1.440011
601     0.267407
602    -0.786177
603    -0.245230
604    -0.230183
605    -0.546996
606    -0.148196
607    -0.056940
608    -0.958070
609    -0.317455
610    -1.693490
611     3.041241
612     0.360396
613     0.102182
614    -0.874492
615    -0.175969
616     0.424839
617    -0.274233
618     0.391422
619    -0.169975
620    -1.218536
621    -0.281983
622     0.775054
623    -0.608598
624     0.245514
625     0.683010
626    -0.588416
627    -0.070020
628     0.922865
629    -0.455501
630    -0.100275
631    -1.747498
632     2.973869
633     0.419454
634     1.296996
635    -0.463408
636     0.237288
637     0.137729
638    -1.185059
639    -0.168942
640    -0.066721
641    -0.122594
642     0.571728
643    -1.419055
644     2.345301
645    -0.114918
646    -0.290406
647    -1.460634
648    -0.262770
649    -1.688622
650     3.175673
651     0.205027
652     0.806328
653    -0.485373
654     0.108147
655     0.989594
656    -0.782603
657    -0.410061
658     0.956886
659    -0.725394
660    -0.243159
661    -0.113966
662     0.196747
663     0.377268
664    -0.580304
665     0.073883
666     0.743109
667    -0.414491
668     0.359384
669     0.224782
670    -1.244630
671     2.242392
672     1.244624
673    -0.120390
674     0.088395
675     0.792592
676     0.608455
677    -1.275224
678    -0.292835
679    -0.395460
680     0.238065
681     0.286143
682     0.777257
683    -1.243358
684    -0.691800
685     0.820059
686    -1.538243
687    -0.868051
688     0.905883
689    -0.972793
690    -1.039699
691    -1.427035
692     2.123581
693     1.091014
694     1.221810
695    -0.791949
696    -0.491885
697    -0.085878
698     0.289001
699     0.378527
700     0.775464
701    -1.398623
702    -0.639309
703    -1.735091
704     2.647206
705     1.002568
706    -0.400309
707     0.365133
708     0.112681
709    -1.077286
710     2.218614
711     0.811451
712     0.860097
713    -1.257906
714    -0.786630
715     0.841590
716    -1.230033
717    -1.237971
718     0.784225
719    -1.134270
720    -1.016577
721    -0.638973
722    -1.115573
723    -0.643223
724    -1.439480
725    -1.075971
726    -0.275134
727    -1.144798
728    -0.910505
729    -0.875574
730    -1.633071
731     1.400294
732     0.553765
733    -0.365811
734    -1.454701
735    -0.310627
736     1.002213
737     0.700431
738     0.386184
739    -1.325741
740    -0.153022
741    -0.911383
742     1.380363
743    -0.272221
744     1.157315
745     1.148039
746    -1.016180
747     0.509667
748     1.616692
749     0.660115
750     0.125233
751    -1.105841
752     0.815657
753    -0.080054
754     2.594372
755     1.382026
756     1.332064
757    -0.787834
758    -0.109835
759    -0.796165
760     0.576183
761    -0.930536
762    -0.684407
763    -1.839983
764     1.446741
765     0.479779
766    -1.286575
767    -0.735170
768    -0.680555
769    -1.139870
770     1.101781
771     0.138526
772     1.011629
773    -0.488636
774     0.064029
775     1.637449
776     0.140343
777     0.041125
778     1.741036
779     0.614960
780     0.469434
781    -0.841022
782    -0.518891
783    -0.046716
784    -0.535780
785     0.890098
786     0.734464
787    -0.642200
788    -0.426239
789     1.004397
790    -1.713060
791     1.666545
792     1.149695
793    -0.086493
794    -0.064727
795     0.518551
796     0.952507
797    -0.958915
798    -1.479261
799    -1.302210
800     0.158038
801     0.281228
802     1.121586
803     0.341772
804    -0.227424
805     0.728428
806    -1.095744
807    -0.753345
808     1.425904
809    -0.884339
810    -1.499457
811    -1.169541
812    -0.508585
813     0.928901
814     2.332992
815    -0.099157
816    -0.662519
817    -0.826704
818     0.414814
819     0.298032
820     1.314157
821     1.100357
822     0.187920
823    -1.924150
824     1.552799
825     1.225301
826    -1.183731
827     0.013848
828     0.440463
829    -0.989546
830     0.638985
831     1.601131
832     0.538151
833    -1.200839
834    -0.888597
835     1.301150
836    -0.725040
837    -1.471841
838     1.499564
839    -0.294781
840    -1.340922
841    -0.645830
842    -1.903674
843    -0.440783
844    -0.992618
845     1.354178
846     0.444742
847    -1.076797
848     0.455507
849     0.741476
850    -0.946827
851    -0.493147
852     0.556110
853    -0.352065
854    -0.798425
855     0.218993
856     0.751330
857     1.001111
858    -0.766518
859    -0.252280
860    -1.561741
861     0.814514
862     1.181220
863     2.049779
864     0.783694
865     0.555670
866    -1.129092
867     0.138312
868     1.161340
869     1.287817
870    -0.956839
871    -0.552010
872    -2.365680
873    -0.414539
874     1.677770
875     1.917538
876    -0.712413
877    -0.607858
878    -0.987855
879     0.275528
880     0.687429
881     1.430492
882     0.309741
883    -0.943231
884    -0.794912
885     0.475729
886    -0.836038
887    -1.349342
888     0.498438
889    -1.154553
890    -0.278115
891     0.400099
892     0.543328
893    -0.847390
894     0.319394
895     0.823786
896     1.239768
897    -1.278463
898     0.978232
899     1.773185
900    -1.407214
901    -1.084406
902    -1.105131
903     0.015871
904    -1.583171
905    -0.818067
906    -0.036280
907    -1.537949
908     0.211115
909    -0.106752
910    -0.732697
911     0.344448
912    -0.325601
913    -0.875214
914    -0.756927
915     0.141374
916    -0.003028
917     0.427203
918    -0.056308
919    -0.689421
920    -2.153055
921     1.190366
922     2.436603
923     0.087913
924     0.866497
925     1.348765
926     0.323464
927     0.919478
928     0.772125
929    -0.617361
930     1.053194
931    -0.353643
932    -1.315989
933     0.295035
934     2.062805
935     0.829130
936    -0.455107
937    -0.899195
938    -0.163261
939     0.198834
940     0.644399
941     1.108925
942     0.319325
943    -1.203514
944     0.255007
945     0.288781
946    -1.003751
947    -0.507364
948     0.545513
949    -0.542326
950     0.294027
951    -1.224463
952     1.906496
953     0.954687
954     0.579905
955     0.435812
956     0.788601
957    -1.761996
958     0.901309
959     1.812634
960    -2.447666
961    -0.412641
962     0.848510
963    -0.024719
964    -0.695434
965     1.028704
966     0.125928
967    -0.380944
968     1.099494
969     0.092565
970     1.161504
971     1.382139
972     0.449784
973    -0.164311
974    -0.817994
975     0.183005
976    -0.873464
977    -1.935624
978     0.294953
979    -0.345563
980    -0.504627
981     0.942060
982    -0.739949
983    -0.387912
984    -0.039488
985    -0.277281
986    -0.831976
987     0.335944
988    -0.241709
989    -3.070253
990     1.426226
991     0.750340
992     1.773152
993     0.588966
994     1.201195
995    -1.279069
996    -0.550381
997    -0.603335
998     0.788297
999    -0.187046
1000     0.318557
1001    -0.125335
1002     0.212054
1003    -0.787594
1004     1.387719
1005     0.071593
1006    -0.554753
1007     0.473721
1008     0.286259
1009     2.058539
1010     1.325913
1011     0.181366
1012    -0.255117
1013    -0.742208
1014     0.154192
1015     0.909613
1016    -1.376422
1017    -1.193106
1018    -0.067654
1019     0.963769
1020    -3.350156
1021     0.300616
1022     1.285228
1023    -0.394149
1024     0.586978
1025     2.144220
1026    -0.236168
1027     0.428930
1028     1.501780
1029    -0.184484
1030     0.223676
1031     0.280666
1032     0.258092
1033     0.200127
1034    -0.534241
1035     0.055092
1036    -1.235582
1037    -2.037374
1038    -0.151407
1039     0.951202
1040     1.165121
1041     0.079967
1042    -0.795110
1043    -0.780690
1044    -0.173378
1045    -0.004098
1046    -0.740497
1047     0.275168
1048     0.089519
1049    -2.310259
1050     0.886188
1051     1.242472
1052     1.804759
1053     0.183923
1054    -1.152804
1055    -2.353122
1056    -0.456740
1057     0.663327
1058     1.868448
1059    -0.355491
1060    -0.782691
1061    -0.909256
1062    -0.216723
1063     0.216571
1064     2.017722
1065    -0.409229
1066     0.666657
1067     1.661230
1068    -0.210385
1069     0.721851
1070    -0.003758
1071     0.371187
1072    -0.219338
1073    -0.950003
1074     0.220785
1075    -0.365771
1076    -2.367463
1077     0.589011
1078    -1.736533
1079    -0.742510
1080    -0.131259
1081     0.671118
1082     1.316130
1083    -0.227755
1084     0.363486
1085     1.596013
1086    -0.643425
1087     0.883796
1088     1.261085
1089    -0.046805
1090     0.566234
1091    -0.187543
1092     0.379927
1093     0.551321
1094    -0.823656
1095     0.362599
1096    -0.823053
1097    -1.438273
1098     0.826383
1099     0.714565
1100     1.238893
1101    -0.567154
1102    -0.722321
1103    -1.005898
1104    -0.160928
1105    -0.732866
1106    -0.321016
1107    -0.265072
1108    -0.863600
1109    -1.393255
1110     0.642299
1111     1.575672
1112     3.528082
1113     0.299122
1114    -0.930574
1115    -2.095541
1116     0.126737
1117     0.605336
1118     1.188662
1119    -0.751020
1120    -0.628093
1121    -1.160443
1122    -0.118580
1123     0.604488
1124     1.561772
1125    -0.332419
1126     0.308904
1127     1.172551
1128    -0.809249
1129     0.574599
1130     0.078486
1131     0.041504
1132    -0.912448
1133    -1.090270
1134    -0.351751
1135    -0.845915
1136    -2.088815
1137     0.459112
1138    -0.960649
1139    -1.336962
1140     1.136476
1141     0.297787
1142     1.279525
1143    -0.999815
1144     0.396424
1145     1.782904
1146    -0.913434
1147     0.520184
1148     0.634581
1149    -0.279399
1150     0.209093
1151    -0.899921
1152    -0.162662
1153     0.837848
1154    -0.363372
1155    -0.285247
1156     0.103606
1157     0.202599
1158     1.293441
1159     0.242884
1160     0.665381
1161    -0.794302
1162    -1.418614
1163    -1.323880
1164    -1.435693
1165    -0.868369
1166    -0.667006
1167    -0.399091
1168    -0.235506
1169    -0.957083
1170     1.461419
1171     0.318232
1172     2.310691
1173     0.082281
1174     0.174808
1175    -0.132405
1176     0.956816
1177     0.602275
1178     0.774065
1179    -0.394944
1180    -1.208546
1181    -2.190877
1182    -0.303226
1183     0.204556
1184     0.692182
1185    -0.257528
1186     0.445722
1187     1.631253
1188    -1.117000
1189     0.295325
1190    -0.819248
1191     0.166665
1192    -1.043582
1193    -0.505620
1194    -1.566438
1195     0.205683
1196    -1.270073
1197     1.944547
1198    -0.079809
1199    -0.843696
1200     3.003612
1201     0.334814
1202     1.000827
1203    -1.148687
1204     0.397442
1205     0.801966
1206    -1.154061
1207     0.194265
1208     0.364831
1209    -0.717770
1210     0.443312
1211    -1.047638
1212    -0.292383
1213     0.027336
1214     0.157066
1215    -0.923175
1216     1.199890
1217     0.401356
1218     2.331328
1219     0.032912
1220     0.311079
1221    -1.224261
1222    -0.309296
1223    -1.459329
1224    -0.782590
1225    -1.358198
1226    -1.390274
1227    -0.941949
1228    -0.478492
1229    -0.692426
1230     1.546973
1231     0.032160
1232     1.319681
1233    -0.423333
1234     0.094224
1235     1.104328
1236     1.474032
1237     0.068452
1238     0.558868
1239    -1.084874
1240    -0.212688
1241    -1.175508
1242     1.016242
1243     0.038555
1244     0.626630
1245    -0.572086
1246     0.411458
1247     0.774014
1248    -1.386622
1249     0.280979
1250    -1.402819
1251    -0.108488
1252    -0.432791
1253     0.987986
1254    -0.997472
1255    -0.352772
1256    -0.496010
1257     2.057245
1258    -0.411563
1259    -0.744628
1260     3.331932
1261    -0.761888
1262     0.011344
1263    -0.177316
1264    -0.592363
1265     0.227941
1266    -0.806149
1267    -1.116222
1268    -0.357068
1269     0.112724
1270    -0.010461
1271    -0.252545
1272    -0.981826
1273    -0.790355
1274    -0.482913
1275     0.020170
1276     1.722063
1277     0.347042
1278     1.125767
1279    -0.160874
1280    -0.837097
1281     0.749480
1282    -1.033100
1283    -0.260629
1284    -1.507936
1285    -0.866813
1286    -0.918303
1287    -0.881344
1288     2.028398
1289     0.528700
1290     0.479865
1291    -1.430570
1292     1.271537
1293    -1.084264
1294     2.779437
1295     1.707214
1296     0.759736
1297    -0.644795
1298    -0.526157
1299     0.482845
1300    -0.568147
1301    -0.072789
1302    -0.402233
1303    -0.901710
1304     0.673980
1305    -1.175291
1306    -0.438496
1307    -0.492042
1308     0.556601
1309    -0.397700
1310    -1.004047
1311    -0.271229
1312    -0.596834
1313     0.736511
1314    -1.150666
1315     2.055600
1316     0.092927
1317     1.506965
1318     1.724829
1319    -0.393607
1320     2.644101
1321    -0.706553
1322    -0.626474
1323    -0.031345
1324     0.238946
1325    -0.742314
1326    -0.358883
1327    -0.479045
1328    -1.168927
1329     0.666840
1330     1.333284
1331    -0.439938
1332    -0.294223
1333     0.895295
1334    -1.032316
1335     1.409837
1336    -0.073609
1337     0.036166
1338     0.125520
1339    -1.234794
1340    -0.528233
1341     0.063078
1342    -0.141057
1343     0.383482
1344    -1.173496
1345    -0.044274
1346    -0.397045
1347    -0.609422
1348     0.880846
1349     2.072205
1350    -0.400916
1351    -0.804265
1352     0.703835
1353    -0.640470
1354     2.831632
1355     3.580540
1356     0.586190
1357    -1.615034
1358    -1.293686
1359    -0.015549
1360     0.077919
1361     0.417368
1362    -0.145923
1363    -0.085460
1364    -0.565670
1365    -0.760790
1366    -1.464207
1367    -0.983262
1368    -0.002075
1369    -1.460365
1370     0.145582
1371    -0.978046
1372     0.326146
1373    -0.607485
1374    -0.539298
1375     0.835672
1376     0.469375
1377     0.754229
1378     0.688922
1379     0.576796
1380     2.344742
1381     0.036320
1382     0.030554
1383    -0.699803
1384     0.158522
1385    -0.295367
1386    -0.945791
1387     1.075826
1388    -0.962438
1389     1.051283
1390     0.881327
1391     0.383365
1392    -1.287610
1393     0.907335
1394    -0.893045
1395     0.862686
1396    -1.025289
1397    -0.990704
1398     0.990622
1399     0.991562
1400     0.548506
1401    -0.146155
1402    -0.232564
1403     0.935476
1404    -1.992060
1405     0.378833
1406    -1.019100
1407     0.589225
1408     0.104532
1409     0.835911
1410     0.439103
1411    -2.856518
1412     1.047896
1413    -1.319861
1414     0.803444
1415     2.522114
1416     0.303192
1417     1.266258
1418    -0.546072
1419     1.151090
1420    -1.208180
1421     1.008590
1422    -1.347365
1423    -0.681100
1424    -0.726132
1425    -0.871572
1426     0.970768
1427    -0.643232
1428     1.044963
1429    -0.860685
1430     0.218271
1431    -1.191879
1432     0.293346
1433    -0.931852
1434    -0.201182
1435    -0.654601
1436    -0.839134
1437     2.058481
1438    -0.349135
1439     0.316395
1440     1.512632
1441    -0.981081
1442     1.329366
1443    -0.152191
1444    -0.261706
1445     0.821246
1446    -0.570681
1447    -0.477072
1448     0.459307
1449     0.665522
1450     0.558784
1451     0.990919
1452    -0.876746
1453    -1.408509
1454     0.468706
1455     0.667061
1456     1.465652
1457    -2.221698
1458     1.229808
1459    -0.709758
1460     1.395509
1461    -0.145528
1462    -0.307212
1463     1.036921
1464    -1.587560
1465    -0.537826
1466    -0.191019
1467    -0.151608
1468     1.884700
1469    -1.733208
1470     0.595123
1471    -0.589749
1472     0.751890
1473    -0.621319
1474     2.304256
1475    -1.170417
1476     0.560432
1477    -0.604140
1478     0.480829
1479     0.529036
1480     0.590512
1481    -0.042436
1482    -0.893776
1483    -0.212601
1484     0.098881
1485    -0.749346
1486    -0.586747
1487     0.325272
1488     0.369911
1489    -0.431390
1490     0.529670
1491    -1.057654
1492    -2.142931
1493     0.238923
1494     0.106495
1495     1.335942
1496    -2.704361
1497     1.371752
1498     1.110877
1499    -0.864298
1500     0.711270
1501    -1.050245
1502     0.513398
1503    -0.407752
1504    -0.978752
1505     0.488764
1506    -0.319197
1507    -0.811341
1508     0.512930
1509    -0.032371
1510    -0.697791
1511     0.851285
1512    -0.244381
1513    -1.310685
1514     0.825845
1515     0.282946
1516     2.081173
1517    -1.668810
1518     1.502662
1519    -0.712432
1520     0.875353
1521    -0.520136
1522    -0.568949
1523     0.763021
1524    -1.054947
1525    -0.941573
1526     0.540707
1527    -0.131483
1528     2.259533
1529    -1.410945
1530     0.702093
1531    -0.751411
1532     1.003804
1533    -0.459162
1534     2.076323
1535    -1.646516
1536     1.159330
1537    -0.826597
1538     0.591924
1539    -0.105526
1540     0.596722
1541    -1.110862
1542    -0.596441
1543    -0.795807
1544     0.595089
1545    -0.416725
1546    -0.795925
1547     0.629197
1548    -0.122733
1549     0.269728
1550     0.341074
1551    -1.099674
1552    -0.819204
1553     0.482987
1554    -0.545386
1555     2.003204
1556    -1.871345
1557     1.706433
1558     1.774027
1559    -1.306902
1560     0.702451
1561    -0.890122
1562     0.328234
1563    -0.537166
1564    -1.034550
1565     0.512378
1566    -0.456755
1567    -0.771988
1568     0.482107
1569    -0.191514
1570    -0.455667
1571     1.290231
1572     0.019279
1573    -1.160749
1574     0.816676
1575     0.100358
1576     1.855761
1577    -1.854002
1578     1.124954
1579    -0.527788
1580     0.738547
1581    -0.602098
1582    -0.318625
1583     0.623907
1584    -1.020624
1585    -0.801707
1586     0.274491
1587    -0.312442
1588     2.236433
1589    -1.224322
1590     0.563739
1591    -0.560721
1592     1.015937
1593    -0.471869
1594     1.753214
1595    -1.526607
1596     0.789496
1597    -0.636844
1598     0.684796
1599    -0.162725
1600     0.092995
1601    -0.337064
1602    -0.372933
1603    -0.674912
1604     0.696790
1605    -0.465278
1606    -0.817060
1607     0.827041
1608    -0.178572
1609    -0.708124
1610     0.067523
1611    -1.075871
1612    -0.423560
1613     0.853664
1614    -0.252098
1615     1.947282
1616    -1.948117
1617     1.348203
1618     1.896732
1619    -2.322210
1620     2.153915
1621    -0.855486
1622     0.370936
1623    -0.579942
1624    -0.857640
1625     0.644894
1626    -0.150392
1627    -0.954185
1628     0.482640
1629    -0.114958
1630    -0.881183
1631     0.726218
1632    -0.374114
1633    -1.155951
1634     0.856587
1635     0.157596
1636     1.882922
1637    -1.572399
1638     0.951519
1639    -0.557467
1640     0.811703
1641    -0.350054
1642    -0.168029
1643     0.764037
1644    -0.691722
1645    -0.796394
1646     0.233852
1647    -0.526622
1648     2.182355
1649    -1.083135
1650     0.272185
1651    -0.774839
1652     0.778668
1653    -0.722642
1654     2.030527
1655    -1.284484
1656     0.643315
1657    -0.520722
1658     0.780327
1659    -0.097332
1660    -0.699062
1661    -0.711376
1662     0.228845
1663    -0.650264
1664     0.806781
1665    -0.069089
1666    -0.829167
1667     0.886140
1668     0.012985
1669    -0.553283
1670     0.253946
1671    -0.681079
1672    -0.682022
1673     0.725410
1674    -0.373264
1675     2.188843
1676    -1.755799
1677     0.975635
1678     2.651047
1679    -2.714947
1680     1.489127
1681    -0.641379
1682     0.399006
1683    -0.756472
1684    -0.905814
1685     1.088227
1686     0.031476
1687    -1.098400
1688     0.687773
1689    -0.172573
1690    -0.710996
1691     0.539292
1692    -0.643645
1693    -0.770939
1694     1.230705
1695     0.454483
1696     1.091491
1697    -2.230632
1698     0.996612
1699    -0.490084
1700     1.306286
1701    -0.063199
1702     0.014456
1703     0.770371
1704    -0.927895
1705    -0.516313
1706     0.186321
1707    -0.724297
1708     1.313545
1709    -1.608759
1710     0.417130
1711    -0.354717
1712     0.643832
1713    -0.933277
1714     1.519970
1715    -1.484727
1716     0.610980
1717     0.206500
1718     0.519474
1719    -0.099501
1720    -0.397450
1721    -0.337379
1722     0.562171
1723    -0.642553
1724     1.269092
1725     0.162535
1726    -0.690469
1727     1.253103
1728     0.131642
1729    -0.578204
1730     0.560389
1731    -0.655648
1732    -0.350979
1733     0.559559
1734    -0.610110
1735     1.611357
1736    -2.308240
1737     0.862300
1738     2.390978
1739    -3.043692
1740     1.357288
1741    -0.843909
1742     0.606926
1743    -0.115079
1744    -0.691112
1745     0.922040
1746    -0.120415
1747    -1.225339
1748     1.027928
1749     0.226604
1750    -0.801016
1751     0.831710
1752    -0.191057
1753    -0.560176
1754     1.050202
1755     0.231147
1756     1.052314
1757    -2.106658
1758     0.702889
1759    -0.179164
1760     1.255444
1761    -0.152787
1762     0.316710
1763     0.692905
1764    -0.643295
1765    -0.926779
1766     0.673913
1767    -0.129650
1768     1.395421
1769    -1.277879
1770     0.286428
1771    -0.540720
1772     1.037173
1773    -0.358199
1774     1.766392
1775    -1.272434
1776     0.301335
1777    -0.454562
1778    -1.351564
1779    -0.523155
1780    -0.725968
1781    -0.925804
1782    -0.634425
1783    -0.397455
1784     1.397076
1785     0.104232
1786    -0.437405
1787     1.189282
1788     0.162567
1789    -0.772835
1790     0.962132
1791    -0.137166
1792    -0.174137
1793     0.714239
1794    -0.387163
1795     1.864301
1796    -2.287815
1797     0.564135
1798     2.335439
1799    -3.138814
1800     0.813053
1801    -0.418484
1802     0.184165
1803     0.025422
1804    -0.527632
1805     0.365914
1806    -0.765947
1807    -1.674802
1808     1.162785
1809     1.554046
1810    -0.046575
1811     1.050656
1812    -0.306314
1813    -0.531461
1814     0.435446
1815     0.768674
1816    -0.272586
1817    -0.906474
1818    -0.039929
1819     0.348015
1820     0.886822
1821    -0.544305
1822     0.968370
1823    -0.300183
1824    -0.245339
1825    -0.355192
1826     0.824284
1827     0.207274
1828    -0.775640
1829     0.229516
1830     0.089800
1831    -0.172845
1832     0.955728
1833     0.204487
1834     0.136554
1835     0.357314
1836     0.172402
1837     0.979448
1838    -1.290428
1839    -0.785625
1840    -0.109478
1841    -0.681074
1842     0.245437
1843    -0.828368
1844     0.819210
1845     0.285777
1846    -0.149234
1847     0.827201
1848    -0.056657
1849     0.083739
1850     1.474637
1851    -0.477030
1852     0.893216
1853     0.582933
1854     0.208974
1855     1.607043
1856    -1.318443
1857    -0.469489
1858     0.845915
1859    -5.660010
1860    -0.071657
1861    -0.993491
1862    -0.447460
1863     0.027366
1864    -0.523121
1865     0.108045
1866    -1.077783
1867    -1.062239
1868    -1.055352
1869     0.209638
1870     1.054570
1871     0.114504
1872    -1.009057
1873    -1.506133
1874    -0.607705
1875     0.967290
1876    -0.236966
1877     0.790042
1878     0.771662
1879     1.322769
1880     1.358273
1881    -0.544548
1882     0.095219
1883     0.524306
1884    -0.069840
1885    -0.772273
1886    -0.185772
1887    -0.023480
1888    -0.966918
1889     0.562714
1890     0.678512
1891    -0.002825
1892     0.623251
1893     0.373484
1894    -0.343497
1895     0.803088
1896     0.667415
1897     1.138053
1898     1.424403
1899    -0.765702
1900    -0.931509
1901    -0.471405
1902     0.936443
1903    -0.005367
1904     0.122486
1905     0.185956
1906    -0.179146
1907     0.665216
1908    -0.071768
1909     0.799963
1910     1.334287
1911    -0.972101
1912     1.874487
1913    -0.127582
1914     0.295499
1915     1.195985
1916    -0.350487
1917    -0.321317
1918     0.042438
1919    -5.184853
1920    -0.257668
1921    -0.687343
1922     0.199625
1923     0.025618
1924    -0.416662
1925    -1.295446
1926    -1.988212
1927    -0.743878
1928    -0.042169
1929     0.208970
1930     1.211933
1931     2.117731
1932    -0.530278
1933    -0.528109
1934    -0.145833
1935     0.002256
1936    -0.339711
1937     0.112012
1938     0.857398
1939    -0.313729
1940    -0.982995
1941    -0.086452
1942     0.204874
1943     0.129724
1944     0.108137
1945    -0.239137
1946     0.227758
1947    -0.076908
1948    -0.746078
1949     0.164119
1950     0.674759
1951     0.019434
1952     3.928481
1953     0.856790
1954    -0.409418
1955    -0.265150
1956     0.549741
1957    -0.929513
1958    -1.255760
1959    -0.108224
1960    -0.647847
1961     0.024377
1962     0.985459
1963     0.960491
1964     1.312899
1965    -0.533677
1966    -0.362773
1967    -0.167606
1968    -0.002539
1969     1.169353
1970     1.902422
1971    -0.818451
1972     1.758542
1973    -2.188411
1974     0.108010
1975     0.898746
1976    -1.651916
1977    -0.003324
1978     0.140824
1979    -2.123861
1980    -0.229073
1981    -0.839389
1982     0.317422
1983     0.226394
1984     0.766122
1985    -0.407633
1986    -2.492756
1987    -0.967898
1988     0.812985
1989     0.853420
1990     0.812180
1991     1.701102
1992    -1.129490
1993    -1.136000
1994     0.448787
1995     0.497119
1996     0.961390
1997    -1.343064
1998     0.761364
1999    -1.156376
2000     0.290589
2001     0.404441
2002    -1.115756
2003     0.838704
2004     0.442203
2005    -0.991353
2006     0.783887
2007     0.360668
2008     0.290116
2009    -1.613622
2010     0.496115
2011     1.694339
2012     1.785954
2013    -1.684789
2014     0.904441
2015    -1.332557
2016     0.644743
2017    -0.685901
2018     0.606615
2019     0.564167
2020    -0.035679
2021    -1.194807
2022     1.271657
2023     0.637768
2024     0.723236
2025    -1.135024
2026    -0.866004
2027     0.216485
2028     0.275376
2029     0.639493
2030     1.682578
2031    -1.492708
2032     0.421256
2033    -1.622410
2034     0.419362
2035     0.655749
2036    -1.144863
2037     0.448908
2038     0.011503
2039    -1.549388
2040     0.268829
2041    -0.081560
2042     0.682692
2043     0.420809
2044    -0.367003
2045     0.159128
2046    -1.105666
2047     0.254855
2048     0.597720
2049    -0.331139
2050    -0.168328
2051     1.360334
2052    -1.001366
2053    -0.112118
2054     0.313520
2055     0.170988
2056     1.305980
2057    -1.651399
2058    -0.007714
2059    -0.649950
2060     0.426243
2061     0.396724
2062    -1.854906
2063     0.339477
2064    -0.314161
2065    -3.038780
2066     0.111399
2067    -0.018405
2068     1.450476
2069    -1.133540
2070     1.158887
2071    -1.423133
2072     1.348505
2073    -1.829936
2074     1.253808
2075    -1.115983
2076     1.300527
2077    -0.263375
2078     0.738976
2079     0.697885
2080     1.508146
2081    -1.385113
2082     0.166578
2083    -0.472059
2084     0.541801
2085    -0.784267
2086    -0.388908
2087     0.582705
2088     0.626893
2089    -0.402457
2090     1.626955
2091    -1.024129
2092     0.969006
2093    -1.313071
2094     0.645151
2095     1.488125
2096    -0.968691
2097     0.398739
2098     0.992181
2099    -1.261660
2100     0.433600
2101    -0.828536
2102     0.285592
2103     0.047704
2104    -0.551700
2105     0.416663
2106    -0.866186
2107     0.044498
2108     0.572990
2109    -0.519176
2110    -1.237009
2111     0.768987
2112    -1.436218
2113    -0.605707
2114     1.760735
2115     0.507194
2116     1.419685
2117    -0.781946
2118     0.257248
2119    -0.791762
2120     1.167233
2121     0.580966
2122    -1.243625
2123    -1.976511
2124    -0.741389
2125     2.449574
2126    -0.545720
2127     0.833276
2128     0.304299
2129    -0.786541
2130     1.020398
2131    -0.483619
2132     2.278716
2133    -1.121939
2134     0.409850
2135    -1.261038
2136     1.170832
2137    -0.873831
2138     0.944184
2139     0.751415
2140     0.747992
2141    -0.249055
2142     0.173668
2143    -1.150068
2144     0.653395
2145    -1.258824
2146    -0.763918
2147    -0.067050
2148     0.433534
2149    -0.670035
2150     0.502520
2151    -1.316877
2152     0.785470
2153    -1.282381
2154     0.727402
2155     1.623343
2156    -1.158930
2157     0.279093
2158     1.415099
2159    -1.241844
2160     0.477879
2161    -1.416183
2162     0.728763
2163     1.071851
2164    -0.273432
2165    -0.532653
2166    -1.074188
2167    -1.341186
2168     0.008210
2169     0.408301
2170    -0.367385
2171    -0.190935
2172    -1.332134
2173     0.333572
2174    -0.128449
2175    -1.215209
2176     2.443160
2177    -0.020625
2178    -0.539984
2179    -1.335178
2180     0.314624
2181     0.681650
2182    -1.119507
2183     0.198987
2184     0.635487
2185    -0.165881
2186    -1.549012
2187     0.215715
2188     1.946001
2189     0.557627
2190     0.345914
2191    -1.015888
2192     0.217074
2193    -1.117284
2194     1.696041
2195     0.174038
2196     0.700231
2197    -0.839997
2198    -0.397453
2199    -0.024826
2200     2.641125
2201     0.339209
2202    -1.110511
2203    -2.708859
2204    -0.008471
2205    -0.199597
2206    -1.501575
2207     0.389008
2208     1.284934
2209    -0.728302
2210    -0.000350
2211    -0.654975
2212     0.672674
2213    -0.278952
2214     0.975566
2215     1.811508
2216     0.221968
2217     0.390694
2218     1.269291
2219    -0.042609
2220     0.558365
2221    -1.932220
2222    -0.083004
2223     0.184213
2224    -0.615127
2225     0.881235
2226    -0.320634
2227    -0.275823
2228     0.041184
2229    -0.140720
2230    -1.761072
2231    -0.041446
2232    -2.022562
2233    -0.174189
2234     0.199497
2235    -0.685577
2236     3.347641
2237    -0.557707
2238     0.151501
2239    -0.832595
2240     0.373557
2241     0.936822
2242    -0.484439
2243    -0.844345
2244     0.313182
2245    -0.009354
2246     0.363099
2247     1.003880
2248     2.489536
2249    -0.486138
2250     0.589043
2251    -0.867472
2252    -0.423146
2253    -0.972563
2254     1.424881
2255    -0.108972
2256     0.963567
2257    -1.617429
2258    -0.317986
2259    -0.400965
2260     2.778667
2261     0.136549
2262    -0.264318
2263    -2.053936
2264     0.775137
2265    -0.578297
2266    -1.619640
2267    -0.152519
2268     0.741093
2269    -0.046405
2270    -0.709655
2271    -0.325125
2272     0.609353
2273     0.498722
2274     0.202105
2275     0.864006
2276    -0.125100
2277    -0.046754
2278     0.775618
2279     0.581039
2280     0.672110
2281    -1.660320
2282     0.410446
2283     0.101985
2284    -1.158159
2285     0.237603
2286    -1.567987
2287    -1.312759
2288     0.079180
2289    -0.899892
2290     0.196409
2291    -1.064811
2292     0.391876
2293    -1.050319
2294    -0.065922
2295    -1.719349
2296     1.445452
2297     0.299504
2298     0.987962
2299     0.215398
2300     0.867189
2301     1.068986
2302    -1.249839
2303    -0.092965
2304    -0.961130
2305    -0.923698
2306     0.255498
2307    -1.107275
2308     1.313553
2309     0.262856
2310     1.225323
2311     1.542159
2312    -1.375259
2313    -0.039236
2314     1.352196
2315     0.462077
2316     1.266334
2317    -1.489798
2318     0.253893
2319    -1.386685
2320     1.590627
2321     0.346600
2322     0.946779
2323    -1.944219
2324     0.319190
2325    -0.560366
2326    -0.009157
2327     0.747198
2328     1.000259
2329     1.958812
2330    -1.189722
2331     0.169441
2332    -0.773031
2333    -0.388182
2334    -1.482592
2335     1.154163
2336    -0.454910
2337     1.142414
2338     0.802530
2339     0.090537
2340     1.423152
2341    -1.543512
2342     0.680533
2343    -0.053963
2344    -1.223101
2345     0.239855
2346    -1.138723
2347    -1.204894
2348     0.410567
2349    -1.300806
2350     1.711176
2351    -1.242023
2352     0.575152
2353    -1.304950
2354    -0.123376
2355    -1.370417
2356     0.499565
2357    -0.268639
2358     1.030826
2359    -0.369530
2360     0.760649
2361     1.089777
2362    -1.252927
2363     0.026334
2364    -0.866146
2365    -0.663366
2366     0.552928
2367    -1.285685
2368     0.174286
2369    -0.390507
2370     0.698477
2371     2.569531
2372    -1.247506
2373     0.129398
2374     0.956940
2375     0.481872
2376     1.275809
2377    -1.490354
2378     0.393108
2379    -1.200245
2380     0.692536
2381    -0.291964
2382     1.191422
2383    -0.998702
2384     0.569895
2385    -1.281585
2386    -0.763718
2387     0.603591
2388     0.784536
2389     2.409290
2390    -1.115786
2391     0.614158
2392    -0.540902
2393    -0.201106
2394    -1.345757
2395     1.290366
2396    -0.205977
2397     1.109202
2398     1.052265
2399     0.367551
2400     1.344572
2401    -1.912611
2402     0.744054
2403    -1.586199
2404    -0.421679
2405     0.592851
2406    -0.055772
2407    -1.068375
2408     0.968640
2409     0.697699
2410     0.805890
2411    -1.365768
2412     0.504101
2413    -1.676869
2414     0.639523
2415    -0.219706
2416     0.151200
2417    -1.062445
2418    -0.807957
2419    -1.910674
2420     0.913161
2421    -0.669675
2422    -0.608050
2423    -0.020870
2424     0.736521
2425     0.296171
2426     0.699063
2427     1.184713
2428     0.312877
2429    -0.585441
2430    -1.221731
2431     2.655234
2432    -1.387327
2433     1.717241
2434     1.114068
2435     0.024190
2436    -0.171652
2437    -1.231631
2438     0.793208
2439    -0.420540
2440     1.118913
2441    -0.677705
2442    -0.092047
2443    -0.134289
2444     1.075240
2445     0.176862
2446    -1.734601
2447     0.913437
2448    -1.006382
2449     2.081297
2450    -1.496770
2451     1.572893
2452     0.778839
2453     0.030543
2454     0.149669
2455     0.843300
2456    -0.785558
2457    -0.500915
2458     0.540992
2459    -0.012025
2460     0.012877
2461    -2.278132
2462     0.754935
2463     0.256163
2464    -0.209103
2465    -0.533410
2466    -0.434027
2467    -1.700202
2468     0.186911
2469     0.505165
2470     0.029591
2471    -0.282383
2472    -0.472758
2473    -2.462660
2474    -0.221919
2475    -0.317448
2476     0.856771
2477    -0.126273
2478     0.489119
2479    -2.536421
2480     0.322406
2481    -0.054350
2482    -1.129042
2483    -0.035646
2484     0.381888
2485     0.244711
2486     0.321772
2487     0.826857
2488     1.552921
2489    -0.192815
2490    -0.426601
2491     0.254398
2492     0.028656
2493    -0.457920
2494     2.466623
2495     0.089651
2496    -0.325273
2497    -1.352692
2498     0.246700
2499     0.310405
2500     2.050397
2501    -0.107840
2502    -0.247153
2503     0.129510
2504    -0.424894
2505    -0.519155
2506    -2.020774
2507    -0.129885
2508     0.022723
2509    -0.126480
2510    -0.159633
2511    -0.397058
2512     1.829429
2513     0.860977
2514     0.612108
2515     2.398435
2516    -0.279296
2517     0.025091
2518     2.002721
2519    -0.318014
2520     0.222224
2521    -0.773090
2522     0.254151
2523    -0.151733
2524    -0.700713
2525    -0.028006
2526    -0.092511
2527    -0.767142
2528    -0.221996
2529     0.342743
2530    -1.119070
2531     0.228232
2532    -0.101053
2533    -0.769272
2534     0.533416
2535    -0.083125
2536     2.346126
2537    -0.875293
2538     0.215308
2539    -1.687729
2540     1.290425
2541     0.136352
2542    -1.396574
2543    -0.491524
2544     0.156152
2545     1.296729
2546    -0.599395
2547     0.816866
2548     3.375226
2549     0.412931
2550    -0.531430
2551    -1.107699
2552     0.681497
2553     0.014594
2554     1.862208
2555    -0.468306
2556    -0.642438
2557    -0.641333
2558     0.334741
2559     0.288999
2560     2.109652
2561     0.570329
2562    -0.049068
2563    -2.142582
2564     0.242711
2565    -0.316783
2566    -1.063472
2567     0.178948
2568     0.089977
2569    -1.309678
2570    -0.031794
2571    -0.215775
2572     1.545730
2573    -0.140514
2574     0.437381
2575     0.689983
2576    -0.783115
2577    -0.203889
2578     0.252700
2579    -1.087438
2580    -0.110568
2581    -0.820275
2582     0.066906
2583    -0.129788
2584    -0.853885
2585    -0.671456
2586     0.025657
2587    -0.641951
2588     0.078593
2589     0.587190
2590    -0.947950
2591     0.073099
2592     0.297255
2593    -1.118035
2594     0.095863
2595    -0.433880
2596     2.176665
2597     0.756204
2598    -0.375396
2599    -1.625888
2600     0.492149
2601     0.672346
2602    -1.271843
2603    -0.277401
2604     0.322454
2605    -0.478713
2606    -0.176678
2607    -0.676384
2608     2.542168
2609     0.654354
2610    -1.799135
2611    -1.016696
2612    -0.425497
2613     0.478407
2614     1.938994
2615     0.322899
2616    -1.035737
2617    -0.589215
2618    -0.214784
2619     0.459222
2620     2.833047
2621    -0.452785
2622     0.214255
2623    -1.266635
2624    -0.727803
2625     1.006772
2626    -1.306844
2627     0.598871
2628     0.085562
2629    -1.211820
2630     0.067772
2631     0.142294
2632     1.571719
2633     0.001322
2634     0.286326
2635     1.431025
2636     0.127940
2637     0.178318
2638     0.656132
2639    -0.389567
2640    -0.305739
2641    -1.656394
2642     0.625416
2643     0.703803
2644    -2.047230
2645    -0.111340
2646     0.749525
2647    -1.315609
2648     0.127828
2649     0.597180
2650     0.966510
2651    -0.058822
2652    -0.025815
2653    -1.537563
2654     0.694332
2655     0.147473
2656     1.090964
2657    -1.093144
2658    -1.754540
2659    -1.588375
2660     0.312139
2661     0.720767
2662     0.483058
2663     0.154157
2664     0.479865
2665     1.348295
2666     0.322183
2667    -0.128565
2668     0.972783
2669    -0.451379
2670    -2.224189
2671     1.273432
2672     0.707792
2673     1.433449
2674     1.119719
2675    -0.656560
2676    -1.816914
2677    -1.176470
2678     0.432640
2679     1.230085
2680     0.188996
2681    -0.040417
2682     0.642505
2683     0.315464
2684     0.268880
2685     1.394831
2686    -1.257092
2687     1.145265
2688     0.574763
2689     1.100806
2690    -0.397774
2691    -0.369912
2692     0.829644
2693    -0.202579
2694    -0.011295
2695     0.975455
2696    -0.599863
2697    -0.954076
2698    -0.086394
2699    -1.178755
2700    -1.388941
2701    -1.103607
2702    -1.285086
2703     0.227554
2704    -1.202112
2705    -1.881251
2706     0.367864
2707    -0.703555
2708    -1.182364
2709     0.258454
2710     1.889574
2711     1.242436
2712     0.668955
2713    -0.786892
2714    -1.758033
2715     0.016345
2716    -0.221425
2717     1.252745
2718    -1.123435
2719    -1.388112
2720    -1.573624
2721     0.193414
2722     0.654297
2723     1.276531
2724     0.629486
2725     1.536413
2726     1.101456
2727     0.094780
2728    -0.199384
2729     1.268667
2730    -1.400234
2731     0.810921
2732     0.212453
2733     0.814251
2734    -0.516101
2735     1.218708
2736    -1.334861
2737    -0.907453
2738    -1.446157
2739     0.584565
2740     0.239015
2741    -0.042204
2742     0.180320
2743     0.411309
2744    -1.020488
2745     0.840089
2746    -0.478469
2747    -1.135675
2748     0.230713
2749     1.924759
2750     0.952055
2751     0.386721
2752     1.207494
2753     1.263638
2754     0.339886
2755    -0.074378
2756     1.089813
2757    -0.744630
2758    -1.092293
2759     0.446382
2760    -1.230237
2761     1.121101
2762    -0.567122
2763     0.207074
2764     0.227585
2765    -1.130936
2766     0.197589
2767     1.476564
2768    -0.562625
2769     0.162004
2770     0.146305
2771     0.732002
2772     0.633369
2773     0.842981
2774    -0.712042
2775     0.475668
2776    -1.981507
2777     0.480097
2778    -0.863450
2779     1.095057
2780    -0.997636
2781    -0.127816
2782     0.808918
2783     1.454908
2784     1.107910
2785     0.424245
2786     1.078421
2787     0.918128
2788    -1.445771
2789     0.794605
2790    -0.835816
2791     0.502403
2792     0.483825
2793     1.060087
2794    -2.160029
2795     0.605590
2796    -0.662050
2797    -0.461905
2798    -0.981230
2799     0.000908
2800     0.631710
2801     0.397380
2802     0.676665
2803     2.381943
2804    -0.856355
2805    -0.242124
2806     0.366342
2807    -0.301837
2808     0.443090
2809     0.245829
2810     0.676517
2811     0.765970
2812     0.457531
2813     0.776477
2814    -0.206202
2815    -2.300856
2816    -0.685061
2817    -1.722534
2818    -2.378446
2819    -0.684977
2820    -1.988470
2821     1.047172
2822    -1.123175
2823    -0.079714
2824     1.120643
2825    -1.197052
2826    -0.379248
2827     1.357108
2828    -1.036065
2829    -0.114501
2830    -0.370605
2831     1.108014
2832     0.621508
2833    -0.186109
2834    -0.471347
2835     0.890271
2836    -1.256133
2837    -1.681833
2838    -0.452331
2839     0.052727
2840    -0.480429
2841     0.073721
2842     1.540787
2843     1.638773
2844     0.327693
2845     0.350018
2846     1.498219
2847     0.556954
2848    -2.286589
2849     0.788614
2850     0.058441
2851    -0.705208
2852    -0.358518
2853     1.558561
2854    -0.344056
2855    -0.305826
2856    -1.073253
2857     0.029764
2858     0.826621
2859    -0.226203
2860    -0.444934
2861     0.635358
2862     1.006229
2863     0.954782
2864    -0.628259
2865     0.123645
2866    -0.007259
2867    -1.556255
2868     0.730188
2869    -0.320647
2870     1.203787
2871     0.734871
2872     0.994463
2873     2.622638
2874    -0.377322
2875    -0.911799
2876    -1.515693
2877    -1.869356
2878    -0.614125
2879     0.032428
2880    -2.110154
2881     0.655808
2882    -0.453144
2883    -0.249876
2884     0.781235
2885    -1.782252
2886     0.462891
2887     1.555419
2888    -0.206499
2889     0.947550
2890    -1.116441
2891     0.811644
2892    -1.372813
2893     0.613560
2894     1.319184
2895     1.046556
2896    -0.383015
2897     0.210141
2898    -0.310851
2899     0.943651
2900     1.043262
2901     1.042132
2902     1.034798
2903    -2.235645
2904     0.699992
2905    -0.678728
2906    -0.063576
2907    -0.523582
2908    -2.670322
2909     1.067525
2910    -1.169330
2911    -0.850885
2912     0.429332
2913    -0.546420
2914    -0.356231
2915     0.042084
2916    -0.209798
2917    -0.722796
2918    -0.183580
2919    -0.135520
2920    -0.971146
2921     0.899206
2922    -0.702991
2923     1.728958
2924     0.755765
2925     1.138321
2926     0.847074
2927     0.461897
2928     0.895775
2929    -1.054248
2930     0.906307
2931    -1.212438
2932     1.122362
2933    -2.233524
2934     0.798410
2935    -1.133275
2936    -1.649650
2937    -0.743338
2938     0.654223
2939     0.861522
2940     0.145329
2941     1.419426
2942    -0.854435
2943     0.313985
2944    -0.844635
2945     0.096215
2946    -0.244486
2947     3.297777
2948    -1.830631
2949     1.630404
2950    -0.520558
2951     0.297219
2952    -0.750664
2953    -0.480689
2954     0.504003
2955    -0.322953
2956    -1.195598
2957     0.494953
2958    -0.017690
2959    -0.512001
2960     0.890125
2961    -0.272139
2962    -0.837758
2963     0.413986
2964    -0.506706
2965    -1.836929
2966     0.293263
2967    -0.805244
2968    -1.719594
2969     0.478001
2970    -0.332980
2971    -1.133152
2972     0.468256
2973    -0.319465
2974     1.313362
2975    -0.637955
2976     0.951551
2977     3.084458
2978    -0.911978
2979     1.544842
2980    -0.649661
2981     0.273578
2982    -0.339368
2983     0.578377
2984     0.362879
2985     0.071371
2986    -0.511237
2987     0.414364
2988    -0.248140
2989    -0.512487
2990     0.223726
2991    -0.718367
2992    -0.897850
2993     0.229448
2994    -0.519654
2995     1.960182
2996    -1.236233
2997     1.404181
2998    -0.001435
2999     0.031218
3000    -0.518477
3001    -0.553760
3002    -1.313208
3003    -0.545890
3004    -0.275341
3005    -1.381741
3006    -0.702895
3007    -1.726038
3008    -0.265572
3009    -0.278344
3010     2.332066
3011     0.404356
3012    -0.478467
3013     0.192646
3014    -0.105970
3015    -0.619587
3016     0.197769
3017     0.433475
3018     1.126345
3019    -0.030090
3020     0.473098
3021    -0.938305
3022    -0.483946
3023     0.389882
3024    -0.464770
3025    -0.030132
3026     0.358402
3027    -0.780682
3028     1.000666
3029     1.098995
3030     0.619349
3031     0.872886
3032     0.430424
3033     0.099801
3034    -0.288935
3035    -1.243266
3036     1.558967
3037    -1.482987
3038    -0.061592
3039    -0.445654
3040    -0.366535
3041    -0.318744
3042    -0.559244
3043     2.013824
3044     0.286652
3045     0.795846
3046    -0.155970
3047    -0.117658
3048    -0.489777
3049     2.257416
3050     0.356603
3051    -0.263121
3052    -0.955706
3053    -0.375908
3054    -0.619909
3055    -0.928620
3056    -0.746991
3057     2.795251
3058    -1.589214
3059     1.698762
3060     0.191084
3061    -0.809021
3062     0.813137
3063    -1.004789
3064    -0.817315
3065    -0.332826
3066    -1.566347
3067     0.132209
3068    -0.530636
3069    -1.550791
3070     0.984811
3071     0.778355
3072    -0.354644
3073    -0.421800
3074     0.224734
3075    -0.946399
3076    -0.270991
3077    -0.049582
3078     1.019541
3079    -0.426651
3080     0.652967
3081    -0.778325
3082    -0.814996
3083     0.431197
3084    -0.716263
3085    -0.475280
3086     0.350728
3087    -0.585834
3088     0.964173
3089     1.081963
3090     3.103029
3091     1.145022
3092    -1.994413
3093     0.118945
3094    -0.309754
3095    -1.473527
3096     0.964579
3097     0.159885
3098    -0.205521
3099    -1.735605
3100    -0.769051
3101    -0.068246
3102     0.014171
3103     1.167221
3104    -1.145221
3105     0.282826
3106    -0.686574
3107    -0.013308
3108    -0.883286
3109     1.107855
3110    -0.190308
3111    -0.258061
3112    -1.112825
3113     0.115049
3114     0.160468
3115     0.660969
3116     0.945540
3117     2.200474
3118     0.592114
3119     0.609918
3120     2.516311
3121    -0.406591
3122    -0.797147
3123    -1.097149
3124    -0.373367
3125    -1.018637
3126    -1.082521
3127    -0.052377
3128    -0.695423
3129    -1.096222
3130    -0.008569
3131    -0.137454
3132    -0.788986
3133    -0.479819
3134    -0.396491
3135    -0.962407
3136     1.153216
3137     1.045002
3138     1.535207
3139    -0.289520
3140    -0.511116
3141    -0.918527
3142    -0.600935
3143    -0.390131
3144    -0.732699
3145    -0.392599
3146    -0.582754
3147    -0.701844
3148     1.272011
3149     1.742165
3150     2.954757
3151    -0.116296
3152    -0.207653
3153    -0.417353
3154     0.952952
3155     1.646397
3156     1.248552
3157    -0.107435
3158    -0.587025
3159    -1.304465
3160    -0.760197
3161    -0.065375
3162     0.161099
3163    -0.795755
3164    -0.278083
3165    -0.457982
3166    -0.576844
3167    -0.424558
3168    -0.778485
3169    -0.371173
3170    -0.383076
3171    -0.788986
3172    -0.811883
3173    -0.316480
3174     0.328860
3175     1.575566
3176     1.618174
3177     2.372488
3178     1.189613
3179     0.739665
3180     2.526663
3181    -0.389898
3182    -0.667730
3183    -0.740960
3184    -0.397022
3185    -0.529598
3186    -0.454143
3187    -0.041870
3188    -0.854941
3189    -0.575934
3190    -0.311362
3191     0.794849
3192    -0.667970
3193    -0.383195
3194    -0.687602
3195    -0.857599
3196     0.942497
3197     1.342097
3198     1.237307
3199    -0.094673
3200    -1.219659
3201    -1.278770
3202    -0.646263
3203    -0.432058
3204    -1.436131
3205    -0.422657
3206    -0.451730
3207    -0.548197
3208     1.505416
3209     0.841103
3210     1.918098
3211    -0.384100
3212     0.451043
3213    -1.065147
3214     1.735780
3215     0.884270
3216     2.330786
3217    -0.249617
3218    -0.327862
3219    -1.017248
3220    -0.743953
3221    -0.049388
3222     0.215150
3223    -0.613546
3224    -1.511908
3225    -0.236828
3226    -0.529173
3227    -0.771703
3228    -0.854280
3229    -0.749344
3230     0.695975
3231    -0.979315
3232    -0.902449
3233    -0.050688
3234     0.303980
3235     1.568111
3236     1.452667
3237     2.130802
3238     1.107318
3239     1.092864
3240     2.576397
3241    -0.014257
3242    -0.480010
3243    -0.928075
3244    -0.103328
3245     1.251058
3246    -1.307387
3247     0.085253
3248    -0.680593
3249    -0.833925
3250    -0.316370
3251     0.242008
3252    -0.569947
3253    -0.582976
3254    -0.706259
3255    -1.236550
3256     1.460002
3257     0.831277
3258     2.280691
3259     0.156907
3260    -1.014456
3261    -1.570623
3262    -0.252159
3263    -1.747222
3264    -0.948642
3265     0.031285
3266    -0.418734
3267    -0.432968
3268     0.519375
3269    -0.016188
3270     2.177663
3271     1.913742
3272     1.241789
3273    -0.537008
3274    -0.309301
3275     0.486495
3276     1.927109
3277     0.070124
3278    -0.925593
3279    -0.889608
3280    -0.499260
3281     1.032148
3282     0.356010
3283     0.055278
3284     0.794840
3285    -1.146816
3286    -0.021515
3287    -0.932604
3288    -0.782474
3289     0.213024
3290    -0.618714
3291    -0.280138
3292    -0.697251
3293     1.020005
3294     0.361326
3295    -0.869739
3296     0.479550
3297     1.683489
3298    -0.838835
3299     0.161202
3300     2.677873
3301    -0.361025
3302     0.776962
3303     0.148620
3304    -0.115213
3305     1.921427
3306    -0.357534
3307    -0.472659
3308     0.845618
3309     0.190830
3310    -0.138971
3311     0.142793
3312    -0.185030
3313    -0.644506
3314     0.006080
3315    -0.317133
3316     1.221293
3317    -0.010985
3318     0.667610
3319    -0.273329
3320     0.321614
3321    -0.465010
3322    -0.906601
3323    -0.396002
3324    -0.010141
3325    -0.905174
3326     0.958074
3327    -0.368279
3328     0.626830
3329    -1.395962
3330     0.294242
3331     1.714928
3332     1.267021
3333    -0.146436
3334     1.368229
3335    -2.275813
3336     0.103229
3337    -0.977751
3338     0.859547
3339    -0.444294
3340    -0.869752
3341     0.389569
3342    -0.593908
3343    -0.074769
3344     1.017952
3345    -0.079713
3346    -0.759168
3347     0.254596
3348    -0.435794
3349    -0.165559
3350    -0.183919
3351    -0.027610
3352    -1.493186
3353     1.043603
3354    -0.810372
3355     1.998610
3356    -2.554955
3357     1.599012
3358     1.227774
3359    -2.987222
3360     1.237711
3361     0.444946
3362     1.593706
3363     0.021399
3364     0.313522
3365     1.218143
3366     0.138774
3367     0.416428
3368     1.544270
3369     0.103056
3370     0.273620
3371    -0.189391
3372     0.601683
3373     0.006737
3374     1.008276
3375    -0.376538
3376    -0.317175
3377    -0.775529
3378    -0.118804
3379     0.548767
3380     1.612066
3381    -0.485209
3382    -0.420004
3383     0.653262
3384    -0.217110
3385    -0.422242
3386     0.795961
3387     0.043003
3388    -0.512206
3389    -1.812549
3390    -0.017188
3391     1.030791
3392     0.355695
3393     0.515191
3394    -0.164419
3395    -2.360146
3396    -0.052733
3397     0.404233
3398     1.744525
3399    -0.200952
3400    -0.827452
3401    -0.539446
3402    -0.012572
3403     0.482147
3404     1.609295
3405     0.007544
3406     0.318532
3407     1.147923
3408    -0.083637
3409     0.288864
3410     0.144318
3411     0.332702
3412    -0.818918
3413    -0.622768
3414     0.318296
3415    -0.628858
3416    -4.272651
3417    -0.901632
3418    -0.417313
3419    -2.854960
3420     0.384727
3421     0.406451
3422     1.888700
3423     0.341715
3424     0.170288
3425     1.142177
3426     0.029953
3427     0.546917
3428     1.234030
3429     0.264958
3430     0.651184
3431    -0.651624
3432     0.924899
3433     0.261367
3434     0.659606
3435    -0.164319
3436    -0.788525
3437    -0.943799
3438    -1.038028
3439     0.314947
3440     2.059384
3441    -0.293008
3442     0.140219
3443    -0.183628
3444    -0.226219
3445    -0.367324
3446     0.456539
3447     0.004218
3448    -1.258926
3449    -1.124930
3450    -0.180274
3451     1.573462
3452    -0.034492
3453     1.026479
3454    -1.693414
3455    -1.116956
3456    -1.687283
3457     0.562071
3458     1.609837
3459    -0.047119
3460     0.160266
3461    -1.511637
3462     0.231925
3463     0.267194
3464     1.654417
3465    -0.011004
3466     0.381176
3467     1.611636
3468     0.544034
3469     1.462821
3470    -0.763761
3471     0.786709
3472     0.092692
3473    -1.616555
3474     0.486598
3475    -1.347990
3476    -1.851334
3477    -0.120435
3478    -1.534876
3479    -2.517611
3480    -0.873799
3481    -0.622537
3482     0.226790
3483     0.681153
3484    -0.191613
3485     1.585132
3486    -0.572170
3487    -0.531023
3488    -0.083252
3489     0.544522
3490    -0.031451
3491    -1.587244
3492     1.676679
3493    -0.875574
3494    -0.643119
3495    -0.012120
3496     0.269463
3497     1.211149
3498    -2.031550
3499    -0.270787
3500    -0.487313
3501     0.921151
3502    -0.258320
3503     0.181724
3504    -0.091523
3505    -0.906309
3506     0.114055
3507     0.305406
3508     1.814026
3509     1.217855
3510     0.170998
3511     0.123439
3512    -1.357841
3513     0.647128
3514     1.601519
3515     0.893225
3516    -0.568517
3517    -0.154172
3518     0.429818
3519     0.672959
3520    -0.213504
3521    -0.487329
3522    -0.284316
3523    -0.418283
3524     1.725717
3525    -0.978916
3526    -0.460347
3527    -0.215344
3528     1.239791
3529     0.717247
3530    -1.940793
3531     1.657867
3532    -0.594025
3533    -0.910395
3534    -0.214331
3535     2.504359
3536     1.087065
3537    -1.900298
3538    -1.502106
3539    -0.959898
3540    -1.863911
3541    -0.579973
3542     0.772665
3543     0.506039
3544    -1.794572
3545     0.006496
3546     1.773079
3547     0.494774
3548     0.385019
3549    -0.533440
3550     1.606482
3551    -0.666812
3552     0.210379
3553    -0.397174
3554     0.277006
3555     0.039536
3556     2.587454
3557     1.282943
3558    -2.095946
3559    -0.185557
3560     0.051197
3561    -0.185467
3562    -1.088798
3563     0.368628
3564     0.117631
3565    -0.409757
3566     0.778849
3567    -0.033050
3568    -0.286363
3569     0.256102
3570     1.813801
3571     1.164942
3572    -0.678128
3573    -0.809584
3574    -0.391473
3575    -0.458820
3576     1.993718
3577    -0.503892
3578     0.727091
3579     0.257182
3580     0.017161
3581    -0.461106
3582    -1.870707
3583    -2.445422
3584    -0.459667
3585     0.972644
3586    -0.105968
3587     0.272852
3588     0.062440
3589     1.415247
3590    -0.904641
3591     0.314849
3592    -0.265683
3593    -1.048060
3594    -2.055655
3595     0.353816
3596    -0.434590
3597     1.309244
3598     0.814756
3599    -0.067025
3600    -1.786693
3601    -1.095033
3602     0.639409
3603     1.531738
3604    -1.215445
3605     0.897376
3606     1.941546
3607    -0.446033
3608     0.573373
3609    -0.144536
3610     1.381490
3611    -1.961116
3612    -1.698313
3613    -0.672241
3614     0.301328
3615    -0.029267
3616     1.593580
3617     1.296555
3618     0.406657
3619    -0.392958
3620     0.110765
3621     0.573641
3622    -0.595560
3623     0.884140
3624    -0.155898
3625    -0.721122
3626     0.674566
3627     0.243276
3628     0.439806
3629    -0.096883
3630     0.060188
3631     1.644138
3632    -1.356017
3633    -2.365300
3634    -0.301745
3635    -0.558928
3636     0.464826
3637    -0.944317
3638     0.560557
3639     0.930280
3640     2.369960
3641    -0.139721
3642    -1.525693
3643    -2.136237
3644     0.373514
3645     1.068351
3646    -0.077806
3647     0.316382
3648     0.679030
3649     1.454454
3650    -1.642871
3651    -1.401753
3652    -0.490698
3653    -0.220480
3654    -0.073389
3655     0.456203
3656    -0.981329
3657    -0.140289
3658    -0.250434
3659     0.329377
3660    -0.365096
3661    -1.046155
3662     0.944048
3663     0.840518
3664    -0.261570
3665     0.548469
3666     2.023828
3667    -0.551819
3668     0.555115
3669    -0.127897
3670     1.264144
3671    -2.429451
3672    -0.960031
3673    -0.360772
3674     0.685360
3675    -0.432963
3676    -2.094883
3677     1.706541
3678    -0.562022
3679     0.836508
3680    -0.775282
3681    -0.051075
3682    -0.359244
3683     1.426227
3684     0.279290
3685    -0.243899
3686     0.707490
3687    -0.722253
3688     0.241636
3689     0.660765
3690    -0.210005
3691     1.628967
3692    -2.026546
3693    -1.273371
3694    -0.428006
3695    -0.148581
3696     1.206593
3697    -0.207389
3698     0.449693
3699     0.689855
3700    -0.145333
3701     0.645973
3702    -1.473608
3703    -1.536040
3704     0.215361
3705     1.691342
3706     1.345207
3707    -0.389751
3708     1.082520
3709     1.609508
3710    -1.451183
3711    -0.480237
3712    -0.622492
3713    -0.600880
3714    -1.122851
3715     1.107777
3716    -0.946730
3717     0.774644
3718    -0.176145
3719     0.223362
3720    -1.172278
3721    -0.531767
3722     1.007298
3723     0.658122
3724     0.281531
3725     0.217046
3726     0.457924
3727    -0.402823
3728     1.270517
3729     0.974528
3730     0.586651
3731    -2.124303
3732     0.236978
3733    -0.335453
3734     1.354822
3735     0.538966
3736     0.166813
3737    -0.184486
3738    -2.973391
3739     0.635714
3740    -0.348422
3741     0.055360
3742    -0.300644
3743     2.118720
3744     0.917321
3745    -0.248171
3746     1.387035
3747    -0.018814
3748    -0.331938
3749    -0.566022
3750    -1.510646
3751     0.850460
3752    -1.724542
3753    -0.489258
3754     0.490743
3755     0.161558
3756     0.716008
3757    -0.365940
3758     0.825109
3759     0.431952
3760    -0.064249
3761     0.058491
3762    -3.313571
3763    -0.497182
3764     0.251562
3765     0.493013
3766     1.019131
3767     0.059862
3768     1.357300
3769     0.198831
3770    -1.695510
3771     0.959591
3772    -1.219424
3773    -0.912304
3774    -0.828195
3775    -0.055108
3776    -1.446130
3777     1.401788
3778     0.122825
3779     0.289700
3780    -0.064978
3781     0.310128
3782     0.565691
3783     1.542611
3784     0.419778
3785     1.023038
3786     0.345855
3787    -0.104637
3788     0.012269
3789     0.247952
3790    -0.654265
3791    -1.341683
3792    -0.037629
3793     0.121765
3794    -0.103631
3795    -0.387024
3796     0.548790
3797     0.919577
3798    -2.112841
3799    -0.151365
3800     0.296858
3801    -1.350308
3802     0.123602
3803    -0.150072
3804     0.339531
3805     0.186599
3806     0.296598
3807    -1.346307
3808    -0.647005
3809     0.752202
3810    -0.566362
3811    -0.143963
3812    -0.286437
3813    -0.420816
3814     0.899805
3815     1.398404
3816     1.868165
3817     0.264288
3818    -0.080272
3819     0.070556
3820     0.473820
3821     0.840531
3822    -1.860296
3823     0.284894
3824    -3.017369
3825     0.318690
3826    -0.028426
3827     1.634259
3828     0.896823
3829    -0.347856
3830    -1.096439
3831     1.807884
3832    -0.943486
3833    -1.757006
3834    -0.799933
3835    -0.507474
3836    -0.732299
3837     2.840940
3838    -0.104992
3839     0.825781
3840    -1.397492
3841    -0.129038
3842    -0.449358
3843     1.090279
3844    -0.418954
3845    -0.236225
3846     0.395168
3847     0.141698
3848    -0.248287
3849    -0.004042
3850     0.352277
3851    -0.278632
3852    -0.310362
3853     0.221647
3854    -0.057242
3855     0.872967
3856    -0.607719
3857    -0.242524
3858    -2.196490
3859    -0.115707
3860     1.676675
3861     0.198971
3862     0.426179
3863    -0.310076
3864     1.132965
3865    -0.004374
3866     0.305199
3867    -0.684397
3868    -0.588303
3869     2.298231
3870     0.235426
3871     0.408175
3872     0.179929
3873    -0.285812
3874    -0.182762
3875    -0.373125
3876     1.387143
3877     0.158844
3878    -0.653065
3879     1.024938
3880    -0.286020
3881     0.262783
3882    -1.561957
3883     1.849888
3884    -3.778157
3885     0.789289
3886    -0.162166
3887     2.345596
3888     1.480484
3889     0.216281
3890    -0.289017
3891    -1.800856
3892    -0.263579
3893    -0.402067
3894    -1.039753
3895    -0.328548
3896    -0.550861
3897     0.548804
3898    -0.687818
3899     0.800223
3900    -1.272765
3901     0.022899
3902    -1.612277
3903     0.570320
3904    -0.288822
3905    -1.425801
3906    -0.523058
3907     0.205648
3908     0.812981
3909     2.166680
3910     0.401588
3911     1.113644
3912     0.585527
3913     0.102429
3914     1.090549
3915     0.161463
3916    -0.707424
3917    -0.263623
3918    -1.171720
3919     0.535116
3920     0.433410
3921    -0.108852
3922     0.114041
3923     0.921682
3924    -0.241410
3925     0.434052
3926    -0.292126
3927     0.317994
3928    -0.602486
3929    -1.183238
3930    -2.255687
3931     0.644033
3932     1.889896
3933     1.719731
3934    -0.410187
3935    -0.882289
3936    -0.941302
3937     0.200839
3938    -1.500304
3939    -0.207289
3940     0.050823
3941    -0.558537
3942     0.132863
3943     1.035906
3944    -1.625395
3945     0.712359
3946     0.315993
3947    -0.995475
3948     0.489316
3949     0.183498
3950     0.965595
3951     0.255963
3952    -0.105754
3953    -0.480480
3954    -0.019545
3955    -1.170465
3956     1.044678
3957    -0.734299
3958    -0.961727
3959     2.547111
3960    -0.909052
3961     0.501260
3962    -1.073142
3963     0.532271
3964     0.548468
3965    -0.775014
3966    -0.125317
3967    -0.379351
3968     0.476421
3969    -0.108698
3970     0.051189
3971     0.530146
3972     1.070495
3973    -0.381722
3974     0.431355
3975     0.785048
3976    -1.028488
3977    -0.653009
3978    -0.452998
3979     0.212111
3980    -0.350235
3981     0.779418
3982    -0.258954
3983     0.318940
3984     0.852459
3985     0.371729
3986    -0.287628
3987    -0.163023
3988    -0.491655
3989    -0.812120
3990    -1.319831
3991     0.380351
3992     1.737638
3993     1.470141
3994    -0.434841
3995    -1.176363
3996    -1.108695
3997     0.842074
3998    -0.976270
3999    -0.251358
4000     0.359438
4001    -0.171145
4002    -0.438455
4003     2.821197
4004    -0.172005
4005    -0.316034
4006     0.472892
4007    -0.872472
4008     0.418563
4009    -0.196624
4010     0.383516
4011     0.751383
4012     0.122642
4013    -0.175219
4014     0.243791
4015    -1.658601
4016     1.562122
4017    -1.517739
4018    -1.853117
4019     2.054484
4020    -1.101420
4021     0.244586
4022    -0.227651
4023     0.832256
4024     0.401606
4025     0.186655
4026    -0.678857
4027    -0.224952
4028     0.504451
4029    -0.499018
4030    -0.382453
4031     1.596327
4032     1.034242
4033     0.389198
4034    -0.063381
4035     0.030196
4036    -0.971400
4037    -0.475917
4038    -0.381553
4039     1.005932
4040    -1.477497
4041     0.054522
4042     0.232441
4043     0.181771
4044     0.115096
4045    -0.506867
4046     1.173621
4047     0.478544
4048    -1.024364
4049     0.586778
4050    -1.266677
4051     0.518360
4052     0.757943
4053     2.050588
4054    -0.985044
4055    -0.227428
4056    -0.296424
4057     0.567351
4058     0.057340
4059    -0.058463
4060     0.312456
4061    -0.166222
4062     0.304359
4063     1.132561
4064     0.902804
4065     1.546678
4066     0.283809
4067     0.188768
4068    -0.009439
4069    -0.376255
4070     0.885172
4071     0.948511
4072     0.279773
4073     0.031124
4074     0.228777
4075    -0.856475
4076    -1.940703
4077    -1.576505
4078    -0.040262
4079    -2.473955
4080    -2.856832
4081     0.581580
4082     0.136898
4083     0.474203
4084     0.577080
4085    -0.304101
4086    -0.340651
4087    -0.763124
4088    -0.201826
4089    -0.468365
4090    -1.339480
4091     0.076538
4092     0.663566
4093     1.137571
4094     0.330817
4095     1.023072
4096    -1.378220
4097    -1.026141
4098    -0.242871
4099     1.463545
4100    -0.429202
4101    -0.343582
4102     1.042478
4103     0.668333
4104     0.759309
4105    -1.046832
4106     0.516614
4107    -0.080512
4108    -1.709752
4109    -0.098315
4110    -1.686010
4111    -1.469885
4112     0.089788
4113    -2.949760
4114    -1.478381
4115    -1.100288
4116    -0.143147
4117     1.479780
4118     0.811092
4119     0.831237
4120     1.098262
4121     0.594185
4122     0.793485
4123     1.039219
4124     0.494649
4125     0.694035
4126     0.561803
4127     0.003891
4128     0.318003
4129    -1.085325
4130    -0.231935
4131     0.675065
4132     0.633465
4133     0.556406
4134    -0.182750
4135    -0.754459
4136    -0.693205
4137    -0.435659
4138     1.410676
4139    -0.194199
4140     0.641332
4141    -0.362218
4142     0.195729
4143     1.256608
4144    -0.427222
4145     0.313020
4146     0.266205
4147    -0.511848
4148     0.041537
4149    -0.297217
4150    -0.611887
4151     0.029405
4152    -0.002863
4153     1.924948
4154     0.111384
4155    -0.470807
4156    -0.865452
4157    -0.275733
4158    -0.686136
4159    -0.054939
4160     0.489565
4161     0.484781
4162     1.392648
4163     0.450464
4164    -0.014294
4165    -0.504560
4166     0.409476
4167    -0.179668
4168    -1.240587
4169    -0.183498
4170    -1.162280
4171     0.105924
4172    -2.456842
4173    -3.749803
4174    -1.038994
4175    -0.976478
4176     0.074392
4177     2.085765
4178     0.546659
4179    -0.399054
4180     1.741888
4181     0.222981
4182    -0.327187
4183    -0.055647
4184     0.512822
4185     1.224509
4186    -0.261619
4187     0.429933
4188     0.480394
4189    -0.369926
4190    -0.203698
4191     0.173931
4192    -0.010157
4193     0.373686
4194     0.312196
4195    -1.021739
4196    -0.083195
4197     0.385802
4198     0.085624
4199     0.052784
4200     2.630490
4201    -0.742240
4202     0.182339
4203     0.297036
4204    -0.681617
4205    -0.402455
4206     0.407988
4207    -0.411842
4208     0.111926
4209    -0.173689
4210    -0.558106
4211     0.472458
4212     0.137586
4213     2.283731
4214    -0.698348
4215    -0.393319
4216    -1.113312
4217    -0.238339
4218    -0.911081
4219    -0.032377
4220     0.530748
4221     0.730610
4222     1.466463
4223    -0.017928
4224    -0.364821
4225    -0.702670
4226    -0.261059
4227     0.358111
4228    -1.288655
4229    -0.060142
4230    -0.630174
4231     1.069655
4232    -1.147271
4233    -0.026779
4234    -1.159927
4235    -0.941482
4236    -0.609934
4237     2.569725
4238     0.496334
4239    -0.643142
4240     2.071922
4241    -0.170240
4242    -0.814285
4243    -0.464712
4244     0.099389
4245     0.388743
4246    -0.743639
4247    -0.457064
4248     0.172116
4249    -0.316172
4250    -0.171868
4251     0.090895
4252    -0.126475
4253     0.275983
4254    -0.375782
4255    -1.303938
4256    -0.384609
4257     0.229501
4258     0.184187
4259     2.781629
4260     2.130418
4261    -0.014040
4262    -0.416794
4263     0.073563
4264     0.270648
4265    -0.085205
4266     0.100868
4267    -0.177900
4268     0.949483
4269    -0.011111
4270     0.368131
4271     0.375723
4272    -0.356535
4273     0.345854
4274     0.767936
4275     0.344973
4276    -0.559350
4277    -1.418829
4278    -1.206381
4279     0.585922
4280     0.725694
4281     0.306342
4282     0.037649
4283     0.170809
4284     0.261547
4285     0.241452
4286     0.901471
4287    -0.078910
4288    -0.170330
4289    -0.805129
4290    -1.399019
4291    -3.500366
4292    -1.043827
4293     2.508400
4294     0.034619
4295    -1.367998
4296    -1.279062
4297     0.656640
4298     0.205013
4299     0.258828
4300    -0.034263
4301    -0.369186
4302     0.357865
4303     0.236762
4304     0.101954
4305     0.181900
4306     0.719487
4307     0.941016
4308    -0.929413
4309     1.134796
4310    -0.190072
4311    -0.760918
4312    -0.057968
4313     1.263199
4314    -0.218014
4315    -0.127261
4316     0.309497
4317    -0.439299
4318     0.009517
4319    -1.014752
4320     2.284374
4321    -0.023784
4322     0.024360
4323    -0.169251
4324     0.190025
4325     0.133802
4326    -0.329124
4327    -0.352409
4328    -0.057482
4329    -0.105381
4330     0.241222
4331     0.375182
4332    -0.619037
4333    -0.198168
4334    -0.726622
4335    -0.482819
4336     0.014720
4337     1.334808
4338    -1.361911
4339     0.177715
4340    -0.211762
4341    -0.821643
4342    -0.251999
4343     0.050762
4344     0.539285
4345     0.222761
4346     0.319591
4347    -0.103798
4348     0.225826
4349    -0.789391
4350    -1.134476
4351    -1.927691
4352     1.097911
4353    -0.672497
4354     0.529469
4355    -0.772936
4356    -0.960519
4357     0.445695
4358     1.630865
4359     0.484264
4360     0.039273
4361     0.650229
4362     0.369883
4363     0.099055
4364     0.096210
4365    -0.665015
4366     0.460951
4367     0.933937
4368     0.017538
4369     0.953512
4370     0.536799
4371    -0.236141
4372    -0.801542
4373    -1.342950
4374     3.495372
4375    -0.005427
4376    -0.122579
4377    -0.234730
4378    -0.039203
4379    -3.160734
4380     2.989999
4381     0.558014
4382     0.624480
4383     0.075930
4384     0.532650
4385     0.344116
4386    -0.042947
4387     0.874159
4388     1.162000
4389    -0.255665
4390     0.371839
4391     0.147208
4392    -0.310304
4393     0.678929
4394     0.878529
4395    -0.117365
4396     0.141791
4397    -0.156713
4398    -0.854230
4399     0.316002
4400     0.601895
4401     0.022226
4402     1.719557
4403     1.189576
4404    -1.378380
4405    -0.028334
4406    -0.013276
4407     0.200211
4408    -2.190362
4409    -2.125462
4410     0.064040
4411    -0.319786
4412     0.697194
4413    -0.167730
4414    -2.135903
4415    -2.594486
4416    -0.254753
4417     0.024813
4418    -0.202162
4419    -0.350338
4420     0.410309
4421     0.238097
4422     0.081296
4423     0.405221
4424     0.451636
4425    -0.145444
4426     0.404737
4427     0.534180
4428     0.096738
4429     0.336679
4430    -0.422362
4431    -0.387318
4432     1.668396
4433     1.881102
4434     0.555711
4435    -1.476243
4436    -0.992588
4437     0.726687
4438    -2.292473
4439    -2.242964
4440     2.441634
4441     0.125486
4442    -0.972214
4443    -0.319836
4444     0.183586
4445    -1.072338
4446    -0.221103
4447     0.303631
4448    -0.736879
4449    -0.464335
4450     0.289263
4451    -0.929590
4452    -0.350145
4453     0.275663
4454    -0.779025
4455    -0.269028
4456    -0.702833
4457     3.421750
4458     0.254834
4459     0.057531
4460    -1.019714
4461    -0.257117
4462    -0.573539
4463    -1.424366
4464    -0.361294
4465     0.303140
4466    -0.698958
4467    -0.211039
4468    -0.346740
4469     0.340530
4470     0.788125
4471     0.264673
4472    -0.240456
4473    -0.427744
4474    -0.375790
4475     0.571756
4476     0.665200
4477     0.394671
4478    -0.695878
4479    -0.537961
4480    -0.281496
4481     3.636052
4482    -0.061254
4483     0.117569
4484    -0.986470
4485    -0.259156
4486     0.360885
4487    -0.673456
4488    -0.438164
4489     0.364380
4490    -1.105242
4491    -0.618858
4492    -0.513063
4493     4.099129
4494     1.762523
4495    -0.026506
4496    -0.256003
4497     0.791363
4498    -0.220511
4499    -0.478629
4500     0.534988
4501     0.396600
4502    -0.437766
4503    -0.298087
4504    -0.505157
4505    -1.067963
4506    -0.054524
4507     0.993953
4508    -0.211349
4509    -0.556840
4510     0.493163
4511    -1.372759
4512    -0.102957
4513     0.536960
4514    -0.318140
4515    -0.218314
4516    -0.880586
4517     3.046694
4518     0.484585
4519     0.631718
4520    -0.143013
4521    -0.485055
4522     0.174300
4523    -0.888445
4524    -0.492446
4525    -0.268074
4526    -0.235840
4527    -0.156224
4528    -0.102817
4529    -0.796515
4530     0.927920
4531    -0.926727
4532    -2.097881
4533    -0.581025
4534    -1.150184
4535     0.593330
4536     0.759397
4537     1.197275
4538    -0.361711
4539    -0.697840
4540    -0.821593
4541     3.212255
4542     0.174927
4543    -0.438039
4544    -0.989381
4545    -0.041859
4546     0.528812
4547    -0.356038
4548    -0.329717
4549     0.016961
4550    -0.621029
4551    -0.546890
4552    -2.095361
4553     3.170836
4554     1.614902
4555     1.306935
4556     0.312455
4557     0.234874
4558     0.911859
4559    -0.437738
4560     0.365172
4561    -0.225366
4562    -0.993468
4563     0.164692
4564    -1.140260
4565    -0.749128
4566     0.194036
4567     0.087914
4568    -0.527445
4569    -0.105640
4570    -0.370425
4571    -0.961050
4572     0.147503
4573    -0.304154
4574    -0.582824
4575     0.090093
4576    -0.802117
4577     0.773798
4578     0.493296
4579     0.091610
4580    -1.181140
4581    -0.047048
4582    -0.488007
4583     0.222784
4584    -0.320115
4585    -0.753686
4586    -0.386197
4587     0.458655
4588     0.924690
4589     1.620230
4590     0.106375
4591    -1.533723
4592    -1.450462
4593    -0.529795
4594     1.481828
4595     2.434905
4596    -0.091067
4597     0.269814
4598    -0.653396
4599    -0.066105
4600    -0.562022
4601     1.198881
4602     0.890225
4603    -1.058080
4604    -0.946620
4605     0.183603
4606    -0.099145
4607    -1.067046
4608     0.097934
4609    -0.514955
4610    -0.447041
4611     0.236859
4612    -1.170836
4613     0.376453
4614     0.512377
4615     2.931642
4616     2.383208
4617    -0.738648
4618     3.235278
4619     0.935560
4620    -1.677230
4621     0.217451
4622    -1.371157
4623     0.141469
4624    -0.801284
4625    -0.764144
4626    -0.073992
4627     0.385230
4628    -0.842070
4629    -0.225099
4630    -0.724427
4631    -0.697219
4632     0.419466
4633    -0.167325
4634    -0.813614
4635     0.042654
4636    -0.763793
4637     0.411601
4638     0.459594
4639     0.134933
4640    -1.283331
4641    -0.000610
4642    -0.431012
4643    -0.258930
4644    -0.038591
4645    -0.983938
4646    -0.216036
4647     0.528931
4648     0.748691
4649     3.026788
4650     0.070461
4651    -1.520195
4652    -1.374436
4653    -0.032000
4654     1.162805
4655     2.905994
4656    -0.465462
4657     0.539123
4658    -0.931255
4659    -0.251481
4660    -0.168218
4661     0.488727
4662     0.633145
4663    -0.949107
4664    -1.061425
4665     0.328962
4666     0.257673
4667    -1.290086
4668    -0.053838
4669    -0.557384
4670    -0.471761
4671     0.171413
4672    -0.647373
4673    -0.120109
4674     0.286768
4675     2.101933
4676     2.555459
4677    -0.832987
4678     2.166214
4679     2.107006
4680    -1.108802
4681     0.476589
4682    -1.091055
4683    -0.789109
4684    -0.929117
4685    -0.530516
4686     0.039213
4687     0.247844
4688    -1.384457
4689    -0.132538
4690    -1.030151
4691    -0.479735
4692     0.197902
4693    -0.416612
4694    -0.845131
4695    -0.053536
4696    -1.017246
4697     0.879819
4698     0.657567
4699     0.483515
4700    -0.888604
4701    -0.850231
4702    -0.518244
4703    -0.073771
4704     0.320303
4705    -1.072100
4706     0.298705
4707     0.741809
4708     0.763921
4709     1.828658
4710     0.072864
4711    -1.650334
4712    -1.093797
4713     0.092118
4714     1.257742
4715     1.845899
4716    -0.435183
4717     0.523696
4718    -1.197876
4719    -0.240938
4720    -0.293244
4721     0.188869
4722     1.435164
4723    -0.989838
4724    -0.611747
4725    -0.033799
4726     0.526456
4727    -0.969949
4728    -0.799872
4729    -0.861126
4730    -0.257885
4731    -0.023096
4732    -1.104188
4733    -0.243699
4734     0.414135
4735     2.640936
4736     2.646438
4737    -0.249633
4738     2.961502
4739     1.979831
4740    -0.363141
4741    -0.072618
4742    -1.126430
4743    -0.526174
4744    -1.099900
4745    -0.365662
4746    -0.203430
4747    -0.408737
4748    -1.363124
4749    -0.711902
4750    -0.246047
4751    -0.564732
4752    -0.153248
4753    -0.180474
4754    -0.782536
4755    -0.252118
4756    -0.127642
4757     0.771649
4758     0.857668
4759    -0.073963
4760    -0.943375
4761    -0.546036
4762    -0.737865
4763     0.068651
4764     0.524869
4765    -0.461115
4766     0.358235
4767     0.280619
4768    -0.178312
4769     1.635406
4770     1.052685
4771    -1.208036
4772    -1.193537
4773    -0.590194
4774     1.090849
4775     1.338412
4776     0.914737
4777    -0.642121
4778    -1.296587
4779    -0.556445
4780    -0.402145
4781     0.441020
4782     0.884263
4783    -0.355663
4784    -0.682444
4785    -0.470742
4786    -0.125895
4787    -1.017588
4788    -0.608479
4789    -0.115204
4790    -0.376974
4791    -0.113424
4792    -1.074944
4793    -0.094474
4794     0.186334
4795     3.050008
4796     3.004292
4797     0.034462
4798     3.369824
4799     2.189798
4800    -0.003445
4801    -0.427756
4802    -0.711511
4803     0.149855
4804    -0.666928
4805    -0.597027
4806     0.058876
4807    -0.693392
4808    -1.148718
4809    -0.027136
4810     0.182526
4811    -0.586790
4812     0.093651
4813    -0.376055
4814    -0.491657
4815    -0.010179
4816     0.008193
4817     0.744070
4818     0.626634
4819    -0.245488
4820    -0.546311
4821    -0.014246
4822    -0.626181
4823    -0.636031
4824     0.137239
4825    -0.164726
4826     0.060752
4827    -0.065717
4828    -0.636932
4829     1.977716
4830     0.678427
4831    -0.978539
4832    -1.367246
4833     0.216892
4834     0.732566
4835     2.018256
4836     0.630979
4837    -0.829822
4838    -1.221352
4839    -0.065525
4840    -0.796868
4841    -0.062409
4842     0.310094
4843     0.216585
4844    -0.625119
4845    -0.018368
4846    -0.548776
4847    -0.496018
4848     0.238558
4849     0.477814
4850    -0.641515
4851    -0.127518
4852    -1.252076
4853    -0.131158
4854     0.175986
4855     3.342000
4856     2.979359
4857    -1.472939
4858     3.283855
4859     1.482712
4860    -1.515563
4861    -1.224234
4862    -0.520847
4863     0.308291
4864    -1.076909
4865    -0.038892
4866    -0.111365
4867    -0.277253
4868    -0.008763
4869     0.056300
4870     0.784752
4871    -0.056963
4872    -0.018257
4873    -1.262377
4874    -0.319535
4875    -0.205021
4876     0.840219
4877     1.026426
4878    -0.030473
4879    -0.925737
4880    -0.806857
4881    -0.058925
4882    -0.862837
4883    -0.125401
4884    -0.060570
4885    -0.903716
4886     1.064833
4887    -0.105249
4888    -0.694323
4889    -0.699622
4890     0.016847
4891    -0.355812
4892    -0.076051
4893     1.040149
4894     1.279324
4895     0.651042
4896     0.174026
4897    -0.577213
4898    -0.242550
4899    -0.049690
4900    -1.399991
4901     0.615724
4902     0.092522
4903     0.354524
4904     0.011443
4905     0.222280
4906    -1.319992
4907    -0.787539
4908    -0.005763
4909     0.751215
4910    -0.492409
4911    -0.152467
4912    -0.980915
4913     1.364569
4914    -0.154003
4915     4.098639
4916     1.255544
4917    -0.357376
4918     3.752636
4919    -1.814153
4920    -0.601258
4921     1.196496
4922    -0.096584
4923     0.808658
4924     1.237941
4925    -0.718081
4926     0.336416
4927     0.034835
4928     0.531844
4929    -0.269368
4930    -2.672630
4931    -0.016098
4932    -0.078961
4933     0.521262
4934    -0.001994
4935    -0.699531
4936     1.254469
4937     0.084377
4938    -0.068645
4939    -1.326068
4940     0.987107
4941    -0.842824
4942     0.154283
4943     0.593950
4944    -0.506815
4945     0.994440
4946    -0.084227
4947     0.226901
4948     0.538403
4949    -1.415651
4950    -0.397738
4951    -1.046312
4952    -0.164453
4953     2.104713
4954     0.304416
4955    -0.321685
4956     0.340793
4957     0.374633
4958     0.593944
4959    -0.354989
4960    -0.235896
4961     0.308077
4962     0.569869
4963    -2.195755
4964    -0.186887
4965     0.251227
4966     1.314403
4967    -0.997935
4968    -0.127368
4969    -2.421230
4970     0.232538
4971    -0.828903
4972     0.389544
4973     0.449246
4974     0.377492
4975     1.272353
4976     0.667815
4977     0.268076
4978     0.310410
4979    -0.445303
4980    -1.109003
4981     0.612458
4982     0.732240
4983     0.991065
4984    -0.107602
4985     0.306205
4986    -0.390044
4987     0.689385
4988     0.487919
4989     0.093979
4990    -2.640071
4991    -0.948910
4992    -0.783670
4993     0.702590
4994     1.196120
4995     0.185379
4996     1.803184
4997    -0.764412
4998     0.039687
4999     0.244402
5000    -0.611780
5001     0.071359
5002     0.750557
5003     0.422450
5004     0.296336
5005     0.357446
5006     1.136837
5007     0.314480
5008     0.765722
5009    -0.124346
5010     0.667631
5011    -1.795804
5012     0.174474
5013     1.218061
5014     1.191160
5015    -1.771720
5016     0.212527
5017    -0.225243
5018     0.874221
5019    -0.840334
5020    -0.420779
5021     0.194335
5022     0.166684
5023    -1.920414
5024    -0.716994
5025    -0.054661
5026    -0.074846
5027     1.522007
5028     0.387524
5029    -1.958873
5030    -0.440270
5031    -0.816226
5032     1.294430
5033    -0.888006
5034     0.477936
5035     0.180385
5036     0.131056
5037    -1.057094
5038     0.551914
5039    -0.911425
5040    -1.180619
5041    -0.428465
5042     1.076141
5043     0.417941
5044     1.823534
5045    -0.952464
5046     0.466571
5047    -0.185283
5048     0.520540
5049    -0.381598
5050    -1.737040
5051    -0.538685
5052    -0.600078
5053     1.242008
5054    -0.475387
5055     0.299061
5056     0.863221
5057     0.443900
5058    -0.099663
5059    -0.125588
5060    -0.745761
5061    -0.225465
5062     0.412806
5063     0.106022
5064     0.055419
5065     2.685700
5066    -1.319830
5067     1.373455
5068     1.272381
5069    -0.440595
5070     0.742970
5071    -2.724256
5072     0.197630
5073     0.538409
5074    -0.297691
5075     0.529878
5076     0.040988
5077     0.513532
5078    -0.481095
5079    -0.600651
5080     0.254629
5081    -0.634938
5082     0.220291
5083    -2.773441
5084     1.646204
5085    -0.255157
5086     0.247335
5087     1.127205
5088     0.425735
5089    -1.250949
5090    -0.942560
5091    -0.643337
5092     0.239411
5093     0.678621
5094     0.201690
5095    -0.462581
5096    -0.030678
5097    -1.128271
5098     0.430736
5099     0.235852
5100    -0.848308
5101     0.494914
5102    -0.366706
5103     0.587263
5104    -1.538500
5105     0.737328
5106    -1.866159
5107     0.654543
5108     0.326779
5109     0.591265
5110    -1.246157
5111    -0.042807
5112    -0.153936
5113    -1.109256
5114     0.486957
5115    -1.728422
5116     1.199970
5117    -0.798750
5118    -0.403395
5119     0.654289
5120     0.148473
5121     1.269949
5122     0.536126
5123     0.810303
5124     0.610985
5125    -0.520308
5126     0.071469
5127    -1.245866
5128     1.058860
5129     0.184695
5130     0.912763
5131    -1.182997
5132    -0.753882
5133     0.885657
5134     0.251144
5135    -0.417877
5136    -0.158927
5137     0.483279
5138     1.125774
5139     0.636892
5140    -0.222071
5141     1.130748
5142     0.774872
5143    -1.595503
5144    -1.642757
5145    -0.958741
5146     1.037700
5147    -0.044082
5148     0.637663
5149    -2.795126
5150     0.864245
5151    -1.994251
5152     1.279455
5153    -0.620519
5154     0.713622
5155     0.644683
5156    -0.549945
5157    -0.087605
5158     1.914956
5159    -0.649445
5160     0.976372
5161    -0.000703
5162     0.820519
5163     0.395414
5164    -0.701811
5165    -0.173095
5166     0.263766
5167     1.573705
5168    -1.646921
5169    -0.632838
5170    -1.690339
5171     0.907005
5172    -0.238122
5173     0.701405
5174    -0.364372
5175     1.410613
5176    -1.186434
5177     1.413212
5178    -0.617746
5179     1.526991
5180    -0.981166
5181     0.307057
5182    -0.207037
5183     0.435405
5184    -0.864217
5185     1.322945
5186    -1.665799
5187     1.043218
5188     0.202821
5189     0.238760
5190    -0.515047
5191    -0.683558
5192    -0.671664
5193     0.253416
5194    -1.478705
5195     1.457296
5196    -0.359433
5197     0.538101
5198    -0.747237
5199    -1.141331
5200     0.425178
5201    -0.852874
5202    -0.820084
5203    -2.139337
5204     1.514720
5205     0.653005
5206     0.195535
5207     0.552907
5208    -0.232820
5209    -0.860811
5210     0.151740
5211     0.983432
5212     1.404421
5213    -1.286111
5214    -0.476906
5215     0.493632
5216    -1.077649
5217    -1.232287
5218     0.564000
5219     1.975324
5220     1.820909
5221    -0.145279
5222    -0.030124
5223     0.446112
5224     0.240378
5225     0.665369
5226    -0.574088
5227    -0.104196
5228    -1.596929
5229    -0.173180
5230    -0.941694
5231     1.415436
5232    -1.138022
5233     0.469329
5234    -0.092685
5235     0.369313
5236    -0.655128
5237     0.696176
5238    -0.453871
5239     1.556199
5240    -0.253980
5241    -0.009416
5242     0.617490
5243    -0.747263
5244     1.440961
5245     0.898340
5246    -1.307198
5247     0.791000
5248    -1.013361
5249    -1.216466
5250     1.268211
5251    -1.596244
5252     0.127127
5253    -0.911595
5254    -1.201799
5255    -0.010303
5256     0.503189
5257    -0.341361
5258    -1.627212
5259     0.540626
5260     1.167101
5261    -0.955714
5262     0.497323
5263    -1.074828
5264     1.145853
5265    -0.197903
5266    -0.443452
5267    -0.928673
5268     1.115064
5269    -0.782857
5270     0.953253
5271    -0.624688
5272     1.227770
5273    -0.687545
5274    -0.490273
5275     0.726921
5276     0.808848
5277    -1.978227
5278     1.396670
5279     3.642030
5280    -0.420537
5281    -0.198227
5282    -0.102994
5283    -0.552782
5284     0.308402
5285    -0.210701
5286    -0.087814
5287    -0.181597
5288     0.256772
5289     0.011412
5290    -1.200789
5291     1.185885
5292    -0.380404
5293     0.600953
5294     0.511407
5295    -1.093065
5296    -0.841047
5297     0.221912
5298    -0.069971
5299     1.663277
5300     0.540323
5301    -0.508195
5302     0.731950
5303    -1.170795
5304     0.617300
5305     0.927374
5306    -1.250575
5307     0.928861
5308    -1.446499
5309    -1.089773
5310     1.771237
5311    -1.978610
5312     1.102559
5313    -0.141584
5314    -1.426610
5315    -0.262478
5316     1.743346
5317    -0.278443
5318     0.108024
5319    -0.196713
5320     1.361088
5321    -1.553717
5322     0.256727
5323    -1.428144
5324     1.593259
5325    -0.474610
5326    -0.582063
5327     0.591797
5328     0.536865
5329    -1.010989
5330     0.579375
5331    -0.116700
5332     1.282956
5333    -1.479935
5334     0.218549
5335     1.180742
5336    -0.836695
5337    -2.112887
5338     2.516277
5339     1.266349
5340    -0.349571
5341     0.818519
5342    -1.964628
5343    -1.358541
5344    -0.014855
5345    -0.469932
5346    -0.687291
5347     0.942318
5348    -1.233991
5349    -0.947592
5350    -0.809547
5351     0.443469
5352    -0.807991
5353     0.929181
5354    -1.176696
5355    -1.692974
5356    -1.103724
5357     1.202209
5358     0.591210
5359     1.900436
5360    -0.669930
5361    -1.157276
5362     0.396227
5363    -0.036067
5364     0.310793
5365     0.453424
5366     0.384590
5367     1.013984
5368    -0.819783
5369     0.207307
5370     1.208563
5371    -0.901199
5372     0.328364
5373    -0.834825
5374    -1.821076
5375     0.782937
5376     1.713018
5377     0.567384
5378    -0.716222
5379    -1.034757
5380     0.057476
5381    -0.035599
5382     0.637469
5383    -0.031865
5384    -0.238715
5385    -1.214918
5386     0.848239
5387     0.030898
5388    -0.341426
5389    -0.968259
5390     0.402049
5391    -0.457192
5392     0.306671
5393    -0.356493
5394     0.098779
5395    -0.296369
5396     1.212967
5397     1.774234
5398    -0.453201
5399     1.903483
5400     3.186733
5401     0.779180
5402    -1.847687
5403    -0.590609
5404    -0.042628
5405    -0.675763
5406    -0.633396
5407    -0.162660
5408    -1.926938
5409    -0.323350
5410    -0.157256
5411     0.204293
5412    -0.339331
5413     0.998940
5414    -1.253135
5415    -0.404029
5416    -0.368010
5417     1.561625
5418    -0.198298
5419     0.359189
5420    -1.663250
5421     0.041833
5422     0.726893
5423    -0.074598
5424     0.315218
5425     0.064813
5426    -0.088235
5427     0.368543
5428    -0.471882
5429     0.055485
5430     0.486430
5431    -0.398577
5432    -0.107684
5433    -0.413243
5434    -1.282498
5435     1.069450
5436     0.355303
5437     0.321428
5438    -1.256927
5439     0.023839
5440     0.231522
5441     0.116980
5442    -0.047785
5443     0.208356
5444    -0.560237
5445    -0.623011
5446    -0.090118
5447    -1.047548
5448     0.350832
5449    -0.649418
5450    -0.178528
5451    -0.251814
5452     0.326868
5453    -0.434434
5454    -0.186046
5455     0.090232
5456     3.530163
5457     0.566281
5458    -0.484372
5459     4.576967
5460     1.502632
5461     0.673838
5462    -1.590178
5463     0.272118
5464     0.206354
5465    -0.872833
5466     0.028378
5467    -0.861992
5468    -0.787390
5469     0.512202
5470     0.357186
5471    -0.145358
5472     0.291026
5473     1.270345
5474    -1.138895
5475     0.666149
5476     0.281885
5477     0.800207
5478    -0.778124
5479    -0.780588
5480    -0.331982
5481     0.273450
5482     0.590357
5483    -0.461793
5484     0.070129
5485    -0.031840
5486    -0.451484
5487     0.058335
5488    -0.193239
5489    -0.479525
5490     0.691260
5491    -0.445556
5492    -0.130225
5493     0.152787
5494    -0.838753
5495     0.376565
5496     0.081790
5497    -0.435899
5498    -0.891287
5499     0.027751
5500     0.255869
5501    -0.331735
5502    -0.182285
5503     0.103584
5504    -0.187990
5505     0.367445
5506    -0.782540
5507    -0.541436
5508     0.798786
5509    -0.100670
5510    -0.608373
5511     0.367723
5512     0.242726
5513    -0.820247
5514    -0.276626
5515     0.756595
5516     3.701625
5517    -2.260828
5518    -0.267662
5519     4.892334
5520    -1.161468
5521     0.426878
5522    -1.705519
5523     0.170335
5524     0.081146
5525     0.314423
5526     0.380812
5527    -0.683282
5528     0.433770
5529     0.375485
5530    -0.044089
5531     0.104912
5532     0.878735
5533     0.916033
5534    -0.669795
5535     0.587717
5536     0.075813
5537     0.587830
5538    -0.765547
5539    -0.500383
5540     1.170966
5541     0.225305
5542     0.527870
5543    -0.687964
5544    -0.460402
5545    -0.234972
5546    -0.490258
5547     0.111378
5548     0.059979
5549    -1.221363
5550     0.129687
5551    -0.609773
5552    -0.603888
5553     0.263604
5554     0.161426
5555    -1.495969
5556    -0.182470
5557    -0.288473
5558     0.086301
5559    -0.357573
5560     0.337529
5561    -1.196987
5562    -0.478082
5563    -0.197807
5564     0.143884
5565     0.469182
5566    -0.535396
5567    -0.487038
5568     0.128326
5569     0.231994
5570    -1.615609
5571    -0.164088
5572     0.298007
5573    -1.294492
5574    -0.717725
5575     0.437495
5576     4.071082
5577    -1.313934
5578    -0.459994
5579     4.555714
5580     0.719256
5581    -0.142930
5582    -0.919491
5583     0.680597
5584     0.187622
5585    -1.945758
5586     0.408308
5587     0.104533
5588     0.481553
5589    -1.704440
5590    -0.103508
5591    -1.287126
5592     0.005913
5593     1.880888
5594     0.304369
5595    -0.978630
5596    -0.687222
5597     1.264102
5598     0.635485
5599    -0.095690
5600    -0.193791
5601    -1.189292
5602     0.301916
5603     0.945060
5604     0.182433
5605    -0.495571
5606     1.104288
5607     0.074048
5608    -0.795771
5609    -2.105598
5610     1.241407
5611    -0.693679
5612     1.459631
5613     1.495688
5614    -0.438886
5615    -0.570793
5616     0.121581
5617    -0.372191
5618    -2.221660
5619    -0.220014
5620    -0.282744
5621    -0.289766
5622     0.487620
5623     0.666729
5624    -0.276750
5625    -1.504896
5626    -0.382913
5627    -0.344101
5628    -1.490065
5629    -0.614955
5630    -1.295987
5631     0.772857
5632     0.704535
5633     0.863594
5634    -0.048745
5635     0.646418
5636     2.581499
5637    -0.177977
5638     0.613419
5639     2.446726
5640     1.208123
5641     0.935406
5642     0.281738
5643     0.401217
5644    -0.559079
5645    -1.437796
5646     0.093371
5647    -0.942708
5648    -0.331945
5649    -1.043364
5650    -0.816868
5651    -0.884535
5652    -0.100923
5653     1.127572
5654     0.173038
5655    -0.262751
5656     0.041118
5657     1.007811
5658     1.894731
5659    -0.880359
5660    -0.560021
5661    -0.445908
5662     2.430828
5663     1.523865
5664     0.542418
5665     1.231258
5666     1.305038
5667     1.094035
5668    -0.782315
5669    -1.034346
5670     0.239280
5671    -1.304802
5672    -0.785811
5673    -1.382563
5674     0.026896
5675     0.113081
5676     0.708034
5677    -0.966552
5678    -1.539141
5679    -0.687333
5680     2.234491
5681     0.587054
5682     0.150767
5683    -0.464619
5684    -0.784782
5685    -1.010121
5686    -0.955165
5687    -0.733572
5688    -0.525107
5689    -1.157962
5690    -0.670912
5691    -0.140056
5692     2.239186
5693     1.453248
5694     0.561565
5695    -0.877361
5696     0.902478
5697    -1.311382
5698    -0.558968
5699     1.415511
5700     1.224090
5701     0.333770
5702     0.022670
5703     0.957882
5704     0.038551
5705    -0.470145
5706     0.304011
5707    -0.205945
5708     0.147679
5709    -0.409600
5710    -0.335670
5711    -0.028789
5712     0.200852
5713     0.988793
5714     0.480660
5715     0.291472
5716    -1.656940
5717     0.068530
5718    -0.784078
5719     0.105850
5720    -0.578006
5721     0.433449
5722     1.070228
5723     0.540234
5724     0.810994
5725     2.331652
5726     0.057209
5727     1.782386
5728     0.253802
5729    -0.209889
5730     0.431157
5731    -2.767031
5732    -0.781778
5733    -1.866868
5734    -1.613874
5735    -0.115379
5736    -1.645859
5737     0.197245
5738    -0.322926
5739    -0.820294
5740     2.144815
5741     0.155384
5742     0.990825
5743     0.151215
5744    -0.359163
5745    -0.325679
5746    -0.167726
5747    -0.709168
5748     0.342222
5749     0.336908
5750    -0.123791
5751     0.227736
5752     2.299509
5753     0.283230
5754     1.477433
5755    -1.199986
5756     1.737821
5757    -1.425766
5758    -2.305163
5759     0.205616
5760    -0.972275
5761    -0.193046
5762     0.605843
5763     0.074650
5764    -0.814034
5765    -0.632700
5766     0.289606
5767    -0.575579
5768     0.857101
5769    -0.609909
5770    -1.347737
5771     0.139893
5772    -0.639985
5773     0.336665
5774     0.453308
5775     0.298004
5776    -1.738628
5777     0.259894
5778     0.157568
5779    -0.633270
5780    -0.270657
5781    -0.115181
5782     1.968498
5783     1.074169
5784     2.113223
5785     1.615341
5786    -1.862113
5787     1.109759
5788    -0.297659
5789     0.260198
5790    -0.101493
5791    -0.333054
5792    -0.499318
5793    -1.582027
5794    -0.299829
5795     0.356127
5796    -0.814399
5797    -0.263075
5798     0.193941
5799    -1.394319
5800     2.792925
5801     1.133625
5802     1.167707
5803    -0.478500
5804    -0.177375
5805    -0.584849
5806    -0.523136
5807    -0.546653
5808     0.683659
5809    -0.426623
5810     0.025415
5811    -0.394844
5812     1.696794
5813    -1.860555
5814     1.184761
5815     1.945563
5816    -0.176595
5817    -0.604071
5818    -2.431613
5819     0.666453
5820    -0.237859
5821    -1.279032
5822     2.291539
5823    -0.029916
5824     0.158240
5825     0.530952
5826     0.182789
5827     0.840727
5828     1.191931
5829    -0.605276
5830    -0.805674
5831     1.102494
5832    -0.518843
5833     0.082171
5834    -1.236563
5835     0.868045
5836    -0.242387
5837    -0.741258
5838     0.170302
5839     0.712463
5840     1.071521
5841    -0.611099
5842    -0.473769
5843    -1.162670
5844     1.460962
5845     0.417870
5846    -1.739943
5847     1.696681
5848     0.119112
5849    -0.590071
5850     0.469475
5851    -0.681592
5852    -1.436299
5853    -1.027221
5854     0.765234
5855    -0.609669
5856    -0.566723
5857     0.758229
5858     0.690543
5859    -1.313976
5860     0.661370
5861    -1.417497
5862     0.336014
5863    -0.280505
5864    -0.607842
5865     0.038048
5866     1.088895
5867     1.432726
5868    -1.357947
5869    -0.070368
5870     1.283110
5871    -0.361401
5872    -0.030451
5873    -1.770172
5874     1.598932
5875     0.685258
5876    -0.622724
5877    -0.072370
5878    -2.425789
5879     2.339891
5880    -0.356477
5881    -1.146917
5882     2.537987
5883    -1.215728
5884    -0.874131
5885     0.778519
5886    -0.755584
5887    -0.080789
5888     1.266839
5889    -0.777983
5890    -0.975593
5891     1.492253
5892    -1.439584
5893     0.372933
5894    -1.412244
5895     1.523554
5896    -0.027139
5897    -0.771081
5898     0.718597
5899     0.501719
5900     1.307039
5901    -0.820009
5902    -0.452366
5903    -1.311593
5904     1.873650
5905     0.455733
5906    -1.269072
5907     1.598295
5908     1.080339
5909    -0.291405
5910     0.417051
5911    -0.949794
5912    -1.107450
5913    -0.720410
5914     0.025358
5915    -0.932833
5916     0.179583
5917     0.038080
5918     1.078975
5919    -1.937687
5920     0.212000
5921    -1.835392
5922     1.156840
5923     0.155475
5924    -0.039957
5925    -0.197351
5926     0.521097
5927     1.669006
5928    -1.758390
5929    -0.375217
5930     0.390776
5931     0.570147
5932     0.660547
5933    -1.191857
5934     1.298296
5935     0.909109
5936    -0.117025
5937    -0.175720
5938    -0.050443
5939    -0.241487
5940     0.462434
5941    -0.538835
5942     1.835988
5943    -0.166938
5944     0.478013
5945     0.920620
5946    -0.859112
5947    -0.897327
5948     0.133048
5949     0.423846
5950    -2.053590
5951    -0.083932
5952     0.506659
5953     1.102324
5954    -1.370610
5955    -0.538043
5956    -0.077024
5957    -0.028221
5958     1.262095
5959     2.549826
5960     1.507294
5961    -0.591731
5962    -1.032382
5963    -0.956785
5964    -0.166366
5965     0.324300
5966    -0.789748
5967    -0.686406
5968     0.290295
5969     0.206370
5970     0.849355
5971     0.530019
5972    -2.081508
5973    -2.452520
5974     0.165991
5975    -0.897289
5976     1.305841
5977    -0.564209
5978    -0.880521
5979    -0.220249
5980    -0.406709
5981    -1.459334
5982    -0.919646
5983    -0.537153
5984     0.312496
5985     0.055408
5986     1.093450
5987     2.124062
5988    -0.758702
5989    -0.835853
5990     1.933126
5991     1.117590
5992     0.178489
5993    -0.842451
5994    -0.080716
5995     0.264347
5996    -0.062938
5997     0.391803
5998    -0.033972
5999     0.480331
6000     1.527829
6001    -0.001186
6002     0.821885
6003    -2.144958
6004    -0.077980
6005     0.194464
6006    -3.326506
6007    -0.073556
6008    -0.521315
6009    -0.928487
6010    -0.793130
6011     0.712561
6012     0.608613
6013     1.114808
6014    -0.320828
6015    -0.183228
6016     0.169671
6017    -0.395203
6018     2.230270
6019     0.758728
6020     0.061703
6021    -0.361683
6022    -0.714198
6023    -0.060655
6024    -0.205084
6025     0.685596
6026     0.462938
6027    -2.135378
6028     0.351334
6029    -0.274878
6030     2.069499
6031    -0.230781
6032     0.993246
6033    -1.426664
6034    -0.108761
6035     0.066547
6036     2.064988
6037     0.046397
6038    -0.644071
6039    -1.639125
6040     0.459786
6041     0.445441
6042    -0.136418
6043    -0.074121
6044     0.105560
6045     1.049748
6046    -0.785015
6047    -0.646859
6048    -0.385793
6049    -0.870756
6050     0.304652
6051     1.136458
6052     0.413851
6053     0.129982
6054    -0.488681
6055     0.116297
6056    -0.458673
6057     1.911702
6058    -0.386983
6059    -0.976497
6060     2.290728
6061    -0.187330
6062     0.960051
6063    -0.656488
6064     1.186575
6065     1.370656
6066    -1.352629
6067    -0.799309
6068    -1.525828
6069     0.914404
6070    -1.831709
6071     1.037832
6072    -0.859885
6073     1.222208
6074    -1.227874
6075     1.748204
6076    -0.094661
6077    -0.142625
6078     0.720429
6079     0.580796
6080    -0.200872
6081    -2.575738
6082     0.249811
6083     0.005378
6084     0.207492
6085     0.445502
6086     0.047548
6087    -0.369464
6088     0.869591
6089    -0.387871
6090     1.728492
6091    -0.613495
6092     1.149561
6093     0.292698
6094    -0.710913
6095    -0.102663
6096     1.128237
6097    -0.779442
6098    -1.532488
6099     0.695201
6100     0.023923
6101     0.028110
6102    -1.283173
6103     0.655377
6104     1.261843
6105    -0.796683
6106     0.551259
6107    -0.100168
6108    -1.257908
6109    -1.505783
6110     1.276824
6111    -1.136723
6112     0.706302
6113    -0.457403
6114    -0.168582
6115     1.154119
6116    -0.505979
6117     2.174305
6118    -1.122819
6119    -0.954033
6120     0.847812
6121     0.481667
6122     0.789017
6123    -1.423599
6124     1.125513
6125     1.179132
6126     0.768767
6127    -0.902204
6128    -1.475695
6129    -0.035904
6130     0.174715
6131     0.934816
6132    -2.450014
6133     0.522744
6134    -0.548092
6135     0.045945
6136     0.740644
6137    -0.743736
6138     2.381936
6139     0.736113
6140    -0.428980
6141     0.327011
6142    -0.270301
6143    -0.272940
6144     1.098129
6145     0.589583
6146    -0.250307
6147    -0.191578
6148    -0.100252
6149    -0.163116
6150     1.779157
6151    -1.200712
6152     1.273097
6153     0.592007
6154    -0.279391
6155    -0.652729
6156     2.254302
6157    -1.506787
6158    -1.488185
6159     0.302638
6160     0.317787
6161    -0.381748
6162     1.166983
6163     0.034614
6164     1.476266
6165    -0.998883
6166     0.290415
6167    -0.166019
6168    -1.202068
6169     0.326111
6170     1.012791
6171    -2.474861
6172     0.337652
6173    -0.560661
6174    -0.249936
6175    -0.123181
6176     0.716043
6177    -0.108139
6178    -1.294729
6179    -0.248954
6180    -1.581892
6181    -0.307359
6182     1.338667
6183    -0.757575
6184     1.423903
6185     1.420579
6186    -0.127244
6187    -1.468837
6188    -2.335362
6189     0.539303
6190     1.189886
6191     1.590022
6192     0.084135
6193    -0.195433
6194    -0.529947
6195     1.061666
6196     0.496400
6197    -0.768959
6198    -0.161722
6199    -0.392225
6200    -0.488053
6201    -1.596763
6202     0.317583
6203    -0.490764
6204    -1.746171
6205    -0.026947
6206    -0.169063
6207     0.775628
6208     0.585928
6209    -0.493915
6210     0.415869
6211    -0.389497
6212     1.215636
6213    -0.020683
6214    -0.713598
6215    -0.952162
6216    -0.241630
6217    -1.611255
6218    -2.689972
6219     0.366075
6220    -0.035865
6221    -0.639323
6222     0.103417
6223     1.342203
6224     1.955668
6225     0.494709
6226    -0.124083
6227    -0.206642
6228    -0.778118
6229    -0.120816
6230     2.210212
6231     0.367629
6232    -0.519968
6233    -0.592181
6234     0.930345
6235    -1.016610
6236     1.101488
6237     0.036201
6238     1.566592
6239    -0.475928
6240     0.254929
6241     0.105444
6242     0.590704
6243     0.548686
6244     0.940976
6245     1.795670
6246     0.034391
6247    -1.353262
6248    -1.638693
6249    -0.310037
6250     0.993745
6251     1.486915
6252     0.147997
6253     0.193180
6254    -0.640761
6255    -0.019536
6256    -0.121938
6257     0.555907
6258     1.415737
6259    -0.841613
6260    -0.380027
6261    -0.007010
6262     0.244679
6263    -0.692819
6264    -0.636188
6265     0.346116
6266    -0.622905
6267    -0.339164
6268     0.433843
6269     0.518197
6270    -0.304461
6271    -0.782393
6272     1.128868
6273     0.295136
6274    -1.167654
6275    -0.778651
6276    -0.502329
6277    -1.276557
6278    -3.686910
6279     1.229060
6280     0.145459
6281    -0.782466
6282    -0.376713
6283     1.196215
6284     2.384835
6285    -0.052340
6286    -0.981805
6287     0.852351
6288     0.324865
6289     0.921103
6290     0.860853
6291    -0.223754
6292     0.352045
6293    -0.877738
6294    -1.012043
6295    -1.325237
6296     0.827488
6297     0.156018
6298     1.977654
6299    -0.900819
6300    -0.368318
6301     1.589580
6302     0.407404
6303    -1.177276
6304    -0.016379
6305     0.023192
6306     0.691577
6307    -0.774319
6308    -0.473865
6309    -0.099649
6310    -0.031140
6311    -0.232831
6312     0.956052
6313     1.556686
6314    -0.699089
6315    -1.345366
6316    -0.194202
6317    -0.776382
6318     1.067145
6319    -1.990520
6320    -0.082975
6321     1.395531
6322     1.737734
6323     2.181755
6324    -1.040203
6325     0.230986
6326    -0.743847
6327    -0.750158
6328     0.101638
6329     0.403282
6330     0.140839
6331     0.269558
6332    -0.257819
6333    -1.899241
6334    -0.264752
6335     1.525097
6336    -1.060547
6337    -0.439421
6338    -0.961601
6339     1.690021
6340    -0.206004
6341    -1.052712
6342    -0.544972
6343    -0.194290
6344     0.447696
6345     1.299662
6346    -1.824999
6347     0.127950
6348     0.787847
6349    -0.094267
6350    -0.222349
6351     0.782632
6352    -0.433241
6353    -0.777579
6354    -0.546444
6355    -0.164243
6356     2.084759
6357    -1.323794
6358     1.141594
6359    -0.920088
6360     0.976345
6361     2.027819
6362    -0.522267
6363     0.159689
6364     0.902959
6365    -0.949544
6366    -1.111969
6367    -1.171999
6368     0.044605
6369     0.280598
6370     0.014397
6371     0.052161
6372     0.786966
6373     1.537621
6374    -0.554594
6375    -0.819318
6376    -0.779003
6377    -0.080296
6378     0.372020
6379    -1.913461
6380     0.260199
6381     0.796607
6382     2.754830
6383     0.361666
6384    -1.056603
6385    -0.524579
6386     0.077991
6387     0.476293
6388     0.577670
6389    -0.147191
6390     0.164485
6391     0.371244
6392    -1.729255
6393    -1.006870
6394    -0.696016
6395     1.904383
6396     1.355704
6397    -1.109360
6398     0.085412
6399     0.160639
6400    -1.033636
6401     0.141778
6402     0.396918
6403     0.951197
6404    -0.365499
6405    -1.093764
6406    -1.533497
6407    -0.667644
6408     0.863940
6409     0.340885
6410    -0.798269
6411     0.996349
6412    -1.187465
6413     0.096719
6414     0.304631
6415    -0.413240
6416     2.018966
6417    -1.094241
6418     0.883632
6419     0.770678
6420    -0.932072
6421     0.426766
6422    -1.456003
6423     0.577453
6424     0.233010
6425    -1.984908
6426    -0.468682
6427     0.459823
6428     0.282577
6429    -0.312768
6430    -0.014146
6431    -1.347528
6432     0.478670
6433     0.131268
6434    -0.652001
6435    -0.055118
6436    -0.261847
6437     0.136926
6438     0.040935
6439    -1.667230
6440    -1.341155
6441     0.653383
6442     2.030711
6443     0.308522
6444    -1.037469
6445    -0.215434
6446    -0.330602
6447     0.259519
6448     0.585818
6449    -0.377656
6450    -0.037985
6451    -0.443236
6452    -1.639693
6453    -0.634771
6454    -1.165034
6455     0.163036
6456     1.311493
6457    -1.349555
6458     0.730362
6459     0.316329
6460    -0.766933
6461     1.329934
6462     0.354941
6463     2.429019
6464     1.474835
6465    -1.147882
6466    -0.679825
6467    -0.384564
6468     0.312851
6469     0.108308
6470     0.517759
6471     0.710261
6472    -1.309088
6473    -0.143519
6474     0.252514
6475     1.316483
6476     2.283787
6477    -1.496985
6478     0.151121
6479     2.429890
6480    -0.076689
6481     0.272279
6482    -0.704009
6483     0.044102
6484     0.402180
6485    -0.763933
6486    -1.181794
6487     0.822947
6488    -0.897602
6489    -0.769111
6490     0.409662
6491     1.015323
6492    -0.826164
6493     0.969309
6494    -2.173056
6495    -0.686038
6496    -0.518007
6497     0.371994
6498    -0.178209
6499    -1.760461
6500    -0.088520
6501     0.750246
6502     0.996729
6503    -0.072541
6504    -0.207936
6505    -0.186104
6506    -1.389264
6507     0.715445
6508     0.457369
6509    -1.882972
6510     0.436019
6511    -0.764321
6512     0.303615
6513    -0.358038
6514    -0.524497
6515     1.176337
6516    -0.164936
6517    -1.085318
6518     0.010320
6519     0.103847
6520    -0.297129
6521     0.062726
6522     0.054718
6523     1.349277
6524     1.851291
6525    -0.497158
6526    -0.601274
6527    -1.210009
6528     0.491513
6529     0.981673
6530    -1.138541
6531    -0.428588
6532    -1.118689
6533     3.434336
6534     0.335617
6535     0.014356
6536     0.449707
6537     2.650556
6538     0.180019
6539     1.644798
6540    -0.284091
6541     1.137589
6542    -1.125161
6543     0.898447
6544     1.279974
6545    -1.254568
6546    -0.353058
6547     1.186500
6548    -1.346445
6549    -0.688070
6550    -0.623601
6551     1.265970
6552    -0.786532
6553    -0.701651
6554     0.243429
6555     0.437044
6556     0.337490
6557     0.012666
6558     1.209475
6559     0.237591
6560    -1.135332
6561     0.537459
6562     1.173031
6563    -0.645141
6564    -0.667266
6565     0.792997
6566    -1.676119
6567     1.027282
6568    -1.021679
6569    -0.411635
6570     0.294290
6571     0.466530
6572    -0.576754
6573     0.031806
6574    -0.279269
6575     0.543430
6576    -0.176551
6577     0.564513
6578    -0.860324
6579     0.663539
6580    -0.043806
6581    -0.252379
6582     0.131029
6583     0.891673
6584     1.203378
6585    -1.301024
6586    -0.462593
6587    -1.322825
6588    -0.241415
6589    -1.687743
6590     1.838588
6591    -1.108664
6592    -0.997730
6593     2.265506
6594    -0.762954
6595    -0.951469
6596     0.977238
6597     2.057326
6598    -1.298344
6599     2.256478
6600    -1.202164
6601     0.191019
6602    -0.932713
6603     0.417556
6604     1.082824
6605    -1.199434
6606    -0.692980
6607     1.270855
6608    -1.144894
6609    -0.972676
6610    -0.026416
6611     1.038940
6612    -0.434135
6613    -0.935205
6614    -0.674350
6615     1.212827
6616    -0.176873
6617     0.709839
6618     0.570024
6619     0.332212
6620    -1.930621
6621     1.231134
6622     1.260734
6623    -0.685301
6624    -0.711883
6625    -0.379449
6626    -0.977771
6627     0.133805
6628    -0.013470
6629    -0.456034
6630     0.704055
6631     0.808206
6632    -1.568763
6633     0.835941
6634    -0.029785
6635     0.399443
6636     0.042137
6637    -0.113261
6638    -0.664241
6639     0.364324
6640    -0.328959
6641     0.562370
6642    -0.551073
6643     0.413545
6644     0.913969
6645    -1.270115
6646    -0.306259
6647    -1.663735
6648     0.082661
6649    -0.516997
6650     2.691345
6651    -1.487385
6652    -1.321750
6653     0.573913
6654     0.173303
6655    -0.529921
6656     2.527693
6657     1.382090
6658    -0.681048
6659     2.480344
6660    -1.029611
6661    -1.304193
6662    -0.748892
6663     0.102820
6664     0.086120
6665    -1.117874
6666    -0.632169
6667     1.086132
6668    -1.109042
6669    -0.879617
6670     1.167547
6671     0.914536
6672     0.032974
6673    -0.224698
6674    -0.626246
6675     0.661498
6676    -1.036141
6677     0.993532
6678    -0.637764
6679    -0.199246
6680    -1.796388
6681     0.778983
6682     0.148356
6683    -0.572099
6684    -0.415231
6685    -0.048979
6686    -0.933715
6687     0.056580
6688     2.632865
6689    -1.172151
6690     0.800835
6691    -1.615691
6692    -1.621076
6693    -0.178041
6694     0.352453
6695     0.536157
6696    -0.278387
6697     0.236490
6698    -0.530718
6699    -0.489248
6700    -0.806461
6701     0.679688
6702    -0.383847
6703    -0.064488
6704     0.846520
6705    -0.200468
6706    -0.738790
6707    -1.600850
6708     0.172484
6709     0.422668
6710     2.389150
6711     0.266649
6712    -1.279733
6713     0.645277
6714     0.867604
6715     1.439912
6716     2.287073
6717     0.670453
6718    -0.254122
6719     2.537118
6720    -0.316108
6721    -0.923161
6722    -1.980483
6723     0.390036
6724    -0.568962
6725    -0.918180
6726     0.518689
6727     0.155145
6728    -0.237535
6729    -0.020029
6730     1.182459
6731     1.180796
6732     0.517113
6733    -0.292946
6734    -0.028370
6735    -0.365130
6736    -0.965697
6737    -0.104767
6738     0.583861
6739    -0.550732
6740    -0.912958
6741     0.160503
6742     0.635974
6743    -1.611486
6744     0.304866
6745     0.062441
6746    -1.140610
6747    -0.283507
6748     2.412425
6749     0.884789
6750    -2.291047
6751    -1.880253
6752    -1.416611
6753     0.302582
6754     0.575707
6755     1.439857
6756    -1.586316
6757    -0.547635
6758    -0.085264
6759     0.847334
6760    -0.783049
6761     0.866323
6762    -0.447939
6763    -0.137594
6764     0.446723
6765     0.437242
6766    -0.931997
6767    -1.124349
6768    -0.188897
6769     1.467339
6770     0.561110
6771    -0.094537
6772    -1.034670
6773     0.165306
6774     0.499656
6775     1.962299
6776     2.425453
6777     0.685449
6778     0.162905
6779     1.590256
6780     0.030071
6781     0.768374
6782    -1.785128
6783    -0.873015
6784    -1.007699
6785    -0.386003
6786     0.196025
6787     0.777410
6788     0.433800
6789    -1.179858
6790    -0.915937
6791     1.328609
6792     1.167795
6793     0.916473
6794     0.115569
6795    -0.869222
6796    -1.248634
6797     0.127549
6798     0.738907
6799     0.809775
6800    -1.150179
6801    -0.210269
6802     1.879804
6803    -1.851932
6804    -0.020637
6805     1.108495
6806    -1.346956
6807    -0.536195
6808     0.421258
6809    -0.291829
6810    -1.021667
6811    -0.455180
6812    -1.379593
6813    -0.460291
6814    -0.685862
6815     1.359555
6816    -1.051476
6817     0.731148
6818     0.817007
6819    -0.725669
6820    -1.200008
6821     0.128203
6822     0.773144
6823    -0.959009
6824     0.187189
6825     1.067207
6826     0.494130
6827    -1.329303
6828    -0.512269
6829    -1.133246
6830     1.309491
6831     0.026659
6832    -1.019324
6833     0.205796
6834     0.751884
6835    -0.239157
6836     2.235876
6837     2.014304
6838     0.957188
6839     1.272280
6840     0.724643
6841     1.026536
6842    -2.181015
6843    -1.045276
6844    -1.298508
6845     0.038560
6846     0.894105
6847     0.926655
6848    -0.021622
6849    -0.950640
6850    -0.261354
6851    -0.127109
6852     0.141080
6853     1.323404
6854    -0.332074
6855    -1.232871
6856    -2.149660
6857     1.115884
6858     1.892037
6859     0.924885
6860    -0.205749
6861    -0.882498
6862     1.312418
6863     0.443073
6864    -1.555489
6865     0.974637
6866    -0.027774
6867    -0.615362
6868    -0.935726
6869     0.608899
6870     0.956796
6871     0.046822
6872    -1.840759
6873    -1.488728
6874    -0.803746
6875     1.426260
6876    -0.544071
6877     0.840749
6878     0.288184
6879    -0.376654
6880    -0.914018
6881    -0.140911
6882     0.462661
6883    -1.107505
6884    -0.510714
6885     1.882266
6886     0.462284
6887    -0.239657
6888    -0.972061
6889    -1.039350
6890    -0.155285
6891     0.992658
6892    -0.594693
6893    -0.513408
6894     0.144768
6895     0.761745
6896     0.937430
6897     0.847685
6898     0.504426
6899     1.437787
6900     1.449592
6901     0.653131
6902    -0.389598
6903    -1.983468
6904    -1.134730
6905     1.029097
6906     0.697982
6907    -0.067540
6908    -0.400956
6909    -0.693799
6910     0.092997
6911    -0.086579
6912     0.101474
6913     2.052462
6914    -0.452061
6915    -1.191177
6916     0.279155
6917     1.498379
6918     1.627554
6919     0.733742
6920    -0.897370
6921    -0.549745
6922     1.378876
6923    -0.389069
6924    -1.465072
6925     0.353673
6926    -0.293238
6927    -0.401444
6928    -1.502228
6929    -0.609656
6930     1.495271
6931     1.233691
6932    -0.377170
6933    -2.048860
6934     0.054808
6935    -0.465912
6936     0.140705
6937    -0.934345
6938    -0.459833
6939    -0.050028
6940    -0.376484
6941    -0.108991
6942     0.406882
6943    -1.240778
6944    -0.373602
6945     1.915415
6946     0.998248
6947     0.029927
6948    -1.158338
6949    -0.909711
6950    -0.657390
6951     1.368617
6952     0.131827
6953    -0.146222
6954    -0.046208
6955    -1.517700
6956     2.091539
6957     0.285376
6958    -0.279093
6959     1.458707
6960     1.548862
6961     1.199868
6962    -0.501553
6963    -2.969518
6964    -0.082374
6965     1.035465
6966    -1.478340
6967    -0.174892
6968    -0.783248
6969     0.320362
6970    -0.278655
6971     0.151285
6972     0.427343
6973     0.723825
6974    -0.326820
6975     0.563678
6976     0.233145
6977     0.535477
6978     1.864658
6979     0.567961
6980     0.802085
6981    -2.251573
6982    -0.690218
6983     0.063602
6984     0.829713
6985    -0.226316
6986    -0.210676
6987     0.771469
6988    -1.158026
6989     0.627985
6990     0.761638
6991     1.541684
6992    -0.454235
6993    -2.607953
6994    -0.888931
6995    -0.686910
6996     2.134525
6997    -0.169883
6998    -0.298970
6999    -0.402456
7000    -0.286417
7001    -0.272600
7002     0.731165
7003    -0.063512
7004    -0.461804
7005     0.011718
7006     1.117834
7007     0.905983
7008    -2.685813
7009    -0.298543
7010    -0.242679
7011     0.620376
7012    -0.179209
7013    -0.142498
7014     0.667591
7015    -0.511339
7016    -0.310758
7017     0.757440
7018    -0.376001
7019     0.570868
7020     1.933977
7021     1.742641
7022     0.568334
7023    -2.066978
7024     1.475302
7025     0.692095
7026    -1.075843
7027     0.721239
7028     0.918709
7029    -0.088745
7030    -0.521847
7031    -0.010091
7032     0.420710
7033    -1.066937
7034     0.085743
7035     0.348526
7036    -0.949201
7037    -0.255143
7038     1.340440
7039     1.284110
7040     0.729857
7041    -1.463391
7042    -1.421730
7043    -0.103245
7044     0.651496
7045    -0.522355
7046    -0.111877
7047     0.657764
7048    -0.589032
7049    -0.196217
7050     0.624401
7051     1.705734
7052     1.116723
7053    -1.910923
7054    -2.414793
7055    -2.401309
7056     0.978571
7057     1.153953
7058     1.206595
7059    -0.550069
7060    -0.840434
7061    -0.298429
7062     0.631911
7063     1.168501
7064     0.329854
7065    -0.118466
7066     0.918177
7067     0.653848
7068    -1.502303
7069    -0.001247
7070    -1.302640
7071     0.464541
7072    -0.617617
7073    -0.213541
7074     0.602367
7075    -0.977131
7076    -0.919851
7077     0.661443
7078    -0.247332
7079    -0.489417
7080     1.394548
7081     1.469683
7082     0.226928
7083    -2.416054
7084     1.216388
7085     0.276098
7086    -1.434280
7087     0.891584
7088     0.239820
7089    -0.818736
7090    -0.263248
7091    -0.407818
7092     0.792963
7093    -0.746181
7094    -0.011425
7095     0.778197
7096    -0.687208
7097     0.156643
7098     0.873596
7099     1.174502
7100     0.318469
7101    -1.742917
7102    -0.932190
7103    -0.173054
7104     0.896828
7105    -0.695156
7106     0.538754
7107     0.397445
7108    -0.404609
7109    -0.137306
7110     0.882522
7111     1.335595
7112     0.785975
7113    -1.732411
7114    -2.421825
7115    -1.854865
7116     2.170049
7117     1.002775
7118     0.832275
7119    -0.781294
7120    -0.751050
7121    -0.065312
7122     0.991184
7123     0.955558
7124     0.316853
7125    -1.215917
7126     0.978610
7127     0.273001
7128    -1.933589
7129    -0.407839
7130    -0.701811
7131     1.097094
7132    -0.492065
7133     0.002356
7134     0.731716
7135    -0.715250
7136    -0.286804
7137     0.530137
7138    -0.508073
7139    -0.328777
7140     1.933465
7141     0.756941
7142     1.525101
7143    -2.404372
7144     0.832267
7145     1.254105
7146    -1.367467
7147     0.776540
7148     1.226167
7149    -0.752700
7150    -0.083880
7151    -1.358839
7152     0.828345
7153    -0.605268
7154    -0.961849
7155     0.834618
7156    -0.490737
7157    -0.374637
7158     0.926296
7159     0.623362
7160     1.374533
7161    -1.625393
7162    -0.595575
7163    -0.591292
7164     0.972609
7165    -0.485957
7166     0.178936
7167     0.532358
7168    -0.409399
7169    -1.176444
7170     0.933528
7171     0.656370
7172     1.050185
7173    -1.308214
7174    -0.542652
7175    -0.392363
7176     0.566498
7177     0.576025
7178     1.202914
7179    -0.492078
7180    -0.552383
7181    -0.835137
7182     1.054066
7183     1.314165
7184     1.038685
7185    -1.121650
7186     0.668380
7187     1.360296
7188    -1.813825
7189    -0.010919
7190    -1.635647
7191     0.991278
7192    -0.493126
7193    -0.237334
7194     0.844159
7195    -0.728774
7196    -0.777257
7197     0.671947
7198    -1.205380
7199    -1.870123
7200     1.729997
7201    -0.207024
7202     1.158445
7203    -1.204490
7204     1.128704
7205     0.721457
7206    -1.096174
7207    -1.010375
7208     0.377364
7209     1.308066
7210     1.241222
7211     0.631105
7212    -0.356824
7213     0.470552
7214     0.412751
7215    -0.175441
7216    -0.015051
7217    -0.217777
7218    -0.269449
7219    -1.263749
7220     0.609594
7221     0.007539
7222     0.364720
7223     0.604248
7224    -0.004585
7225     0.596016
7226     1.453799
7227    -0.442282
7228     0.385919
7229    -1.446051
7230     0.270797
7231     0.468019
7232     0.178935
7233    -0.548947
7234    -0.540797
7235    -1.498357
7236     0.575920
7237    -1.112084
7238     0.122418
7239     1.122315
7240     0.398362
7241     0.413611
7242    -0.017237
7243     1.111376
7244     0.004405
7245    -0.311795
7246    -0.899047
7247     0.654087
7248    -0.350468
7249     1.119917
7250     0.415880
7251    -0.499006
7252     0.497738
7253     0.619867
7254     0.001430
7255     0.011830
7256    -0.679356
7257     0.029712
7258    -2.746248
7259    -4.536424
7260     1.960918
7261     1.717063
7262    -1.094686
7263     0.511588
7264     1.801089
7265    -0.593191
7266    -0.961802
7267    -0.882912
7268    -0.229802
7269     2.196582
7270     1.319839
7271    -0.028448
7272    -0.592566
7273    -0.172108
7274     0.559605
7275    -0.823808
7276    -1.053844
7277     0.613923
7278    -1.137650
7279     0.138656
7280    -0.366894
7281     1.268209
7282    -0.873829
7283     0.903573
7284    -0.530987
7285    -0.419735
7286     0.973851
7287    -0.550615
7288    -0.574331
7289     0.206836
7290    -0.554181
7291     1.972510
7292    -0.673921
7293    -0.374713
7294    -1.004159
7295     0.042931
7296    -0.171795
7297    -0.539873
7298    -0.307159
7299     1.820207
7300    -0.892821
7301     0.932787
7302    -0.692968
7303     0.676601
7304     0.118393
7305    -0.822857
7306     0.658753
7307    -0.338989
7308     0.656993
7309     1.135277
7310    -0.026734
7311    -1.043684
7312    -0.481018
7313     0.828629
7314    -0.554957
7315    -0.794745
7316     0.447477
7317    -0.802717
7318    -1.730414
7319    -1.968181
7320     3.161723
7321     1.484760
7322     0.665627
7323    -1.340691
7324     1.271089
7325     0.507252
7326    -1.212859
7327    -1.452149
7328     0.161400
7329     1.954653
7330     1.740676
7331     0.337936
7332    -1.348797
7333    -0.711374
7334     0.305921
7335     0.355590
7336    -1.158879
7337    -0.489317
7338     0.472002
7339     1.198530
7340     0.049287
7341    -1.051792
7342    -0.874281
7343     0.064706
7344     0.591448
7345    -0.188434
7346     0.222230
7347     0.501364
7348    -1.026723
7349    -0.462117
7350     0.549643
7351     2.184127
7352    -0.052535
7353    -0.538937
7354    -1.047900
7355    -1.042439
7356     0.636035
7357    -1.535359
7358     0.241754
7359     2.339790
7360    -1.193207
7361     0.141108
7362     0.809385
7363     1.827374
7364    -0.612594
7365    -1.050127
7366     1.065109
7367     0.408879
7368    -1.231670
7369     1.200094
7370     0.245133
7371    -1.166885
7372    -0.500390
7373     0.047538
7374     0.579681
7375    -1.520689
7376     0.054472
7377     0.180862
7378    -0.762373
7379    -0.794239
7380    -0.028696
7381     1.710844
7382     0.270081
7383    -1.461660
7384     0.300261
7385    -0.443111
7386    -0.678383
7387    -0.162719
7388     0.234372
7389     1.134875
7390     0.906440
7391    -0.135781
7392    -0.956561
7393    -0.821227
7394    -0.964717
7395     0.584826
7396    -1.373703
7397     0.614965
7398     0.524684
7399     1.628335
7400     0.963435
7401    -1.505967
7402    -0.956510
7403    -0.872983
7404     0.743342
7405    -0.851034
7406    -0.450047
7407     0.917887
7408    -1.144146
7409     0.630551
7410     0.519090
7411     2.785991
7412    -1.165206
7413    -0.421485
7414    -1.577241
7415     0.412655
7416     0.837118
7417     0.030534
7418     0.436229
7419     1.423036
7420    -0.845466
7421    -1.110232
7422     0.779452
7423     1.060336
7424     1.114587
7425    -0.792254
7426     2.104024
7427     0.061458
7428    -1.678524
7429     0.657990
7430    -0.228443
7431    -0.894355
7432    -0.875379
7433    -0.531441
7434     0.800431
7435    -1.250810
7436     0.633912
7437    -0.109194
7438    -1.326519
7439     0.529715
7440     0.233642
7441     1.500112
7442     0.429210
7443    -1.204979
7444    -0.099181
7445     0.252090
7446     1.436512
7447    -0.400990
7448     0.013399
7449     1.031122
7450     0.337413
7451     0.874590
7452     0.627398
7453    -0.971890
7454    -0.513527
7455     0.476815
7456    -0.553142
7457    -0.754072
7458     0.034771
7459     1.828481
7460     0.569664
7461    -2.313190
7462    -1.148236
7463    -0.207197
7464     0.498555
7465    -0.774448
7466    -0.351545
7467     0.548192
7468    -0.631765
7469    -0.272974
7470     0.507401
7471     2.060668
7472     0.402824
7473    -0.734151
7474    -0.885504
7475    -0.805536
7476     0.495356
7477    -0.172804
7478     0.351933
7479     0.042913
7480    -1.272188
7481    -0.043268
7482     0.354884
7483     2.062834
7484    -0.106208
7485    -2.379358
7486     1.877619
7487     0.370034
7488    -2.629261
7489     0.346120
7490     0.319736
7491     1.524081
7492    -0.951504
7493    -0.226372
7494     0.476390
7495    -1.118159
7496    -0.126456
7497     1.181114
7498    -1.033437
7499    -0.176326
7500     0.025433
7501    -0.100613
7502    -0.137072
7503    -0.072674
7504    -0.375226
7505    -0.135051
7506     2.918333
7507     0.104049
7508    -0.363582
7509     0.643481
7510     0.357437
7511    -0.125959
7512     2.407290
7513    -0.176037
7514    -0.542834
7515    -0.578865
7516     0.278541
7517    -0.413059
7518    -1.382529
7519    -0.276468
7520    -0.258916
7521    -0.623118
7522    -0.132710
7523    -0.200974
7524    -0.496704
7525     0.358705
7526     0.028277
7527    -0.605074
7528    -0.378554
7529     0.486865
7530     0.298231
7531     0.665130
7532     0.569549
7533     0.896426
7534    -0.424295
7535     2.398419
7536    -1.319899
7537     0.294509
7538     0.111713
7539    -0.508390
7540     0.083997
7541    -0.997855
7542    -0.473836
7543     0.199632
7544    -0.866352
7545    -1.139112
7546    -0.583248
7547     0.812939
7548    -1.778566
7549     0.513910
7550    -0.312993
7551     3.151444
7552    -0.163099
7553     0.246611
7554    -0.448323
7555     0.249185
7556     0.572769
7557     0.069284
7558    -0.494845
7559    -0.872495
7560    -0.957400
7561    -0.071799
7562    -0.521391
7563     0.651347
7564    -0.576638
7565     3.296911
7566     2.633834
7567    -0.189235
7568     1.210930
7569     0.315113
7570     0.216576
7571    -0.013902
7572     0.032317
7573    -0.252225
7574    -0.390045
7575    -0.962630
7576     0.607421
7577    -1.817508
7578     0.133525
7579    -0.214357
7580    -0.632616
7581     0.080364
7582    -0.048593
7583    -0.268658
7584     0.039002
7585     0.166770
7586     0.403176
7587    -1.212876
7588    -0.184598
7589    -1.041339
7590    -1.114983
7591     0.558622
7592     0.748495
7593     0.954832
7594    -0.433723
7595     2.523012
7596    -1.521189
7597     0.193476
7598     0.281914
7599    -0.134536
7600    -0.048207
7601    -0.168594
7602    -1.129035
7603     0.346271
7604    -0.293571
7605     0.519247
7606    -0.500372
7607     0.221681
7608    -0.879653
7609     0.396630
7610    -0.641423
7611     0.433873
7612     0.058805
7613    -0.769353
7614     0.564417
7615     0.411006
7616    -1.171430
7617     0.879945
7618    -0.435831
7619    -0.956289
7620    -0.282912
7621    -0.483669
7622     0.019782
7623     0.479037
7624     0.574553
7625     1.922939
7626     2.031535
7627     0.829286
7628    -0.266567
7629    -0.523924
7630    -0.212012
7631    -0.828805
7632     0.905599
7633    -0.790171
7634    -0.657985
7635    -0.165978
7636     0.486799
7637     0.582220
7638    -1.098796
7639     0.260440
7640    -2.366234
7641     1.586749
7642     0.270177
7643    -0.454979
7644    -0.223679
7645    -0.250050
7646    -0.481930
7647    -0.057900
7648    -0.718014
7649     0.210337
7650    -1.369339
7651     0.399240
7652    -0.203396
7653     1.435532
7654    -0.712473
7655     1.418308
7656    -0.435875
7657     0.390884
7658    -0.766473
7659     0.434239
7660    -0.195784
7661    -0.945059
7662    -0.211484
7663     0.565014
7664    -0.394567
7665    -0.009489
7666    -0.423627
7667    -0.422039
7668    -0.310398
7669     0.670795
7670    -0.656991
7671     0.273823
7672     0.000924
7673    -0.198524
7674     0.109360
7675     0.446706
7676     2.894871
7677    -1.736414
7678    -1.109017
7679     1.595092
7680    -1.112597
7681     0.052705
7682     0.503318
7683     1.493065
7684    -0.043270
7685    -1.138908
7686     0.909506
7687     0.784200
7688     0.764151
7689    -0.178448
7690    -0.169615
7691     0.360151
7692    -1.372903
7693    -0.675421
7694    -0.158844
7695    -0.408182
7696     0.339471
7697     0.613911
7698     0.173487
7699     0.178298
7700    -1.485049
7701     0.274863
7702    -0.189969
7703    -1.692108
7704    -1.880519
7705    -0.527398
7706    -0.594616
7707     0.072327
7708     0.510164
7709     2.085496
7710     1.415167
7711     0.194859
7712     0.514762
7713    -1.573701
7714     0.175291
7715     3.144247
7716    -1.400739
7717     0.029535
7718    -0.821047
7719     0.283847
7720    -0.252716
7721    -0.441398
7722    -0.061613
7723    -0.032508
7724    -2.749581
7725     1.202155
7726    -0.467066
7727    -0.550371
7728     0.177247
7729     1.201578
7730     1.745080
7731     0.068093
7732    -0.336365
7733    -1.020893
7734     0.671597
7735     0.111408
7736     0.719587
7737     0.436666
7738    -0.883181
7739     0.202113
7740    -0.301914
7741    -1.157698
7742     1.567999
7743     0.459887
7744    -1.087469
7745     0.677756
7746     0.195415
7747     0.071383
7748     0.621922
7749     0.228206
7750     0.620845
7751    -0.679773
7752    -0.928993
7753     1.103965
7754    -1.502801
7755     0.912642
7756     0.272233
7757     0.431001
7758    -1.112124
7759    -0.624252
7760    -0.205146
7761     0.390790
7762     0.379157
7763    -1.523291
7764     0.277723
7765     1.003682
7766    -1.602016
7767    -0.341587
7768    -1.225637
7769     3.027301
7770     0.158336
7771     1.223178
7772    -1.086303
7773     0.303822
7774    -0.872162
7775     2.202236
7776     0.306378
7777    -0.778108
7778     0.084257
7779     0.668961
7780     0.987870
7781    -1.391267
7782    -0.159845
7783     0.441855
7784    -1.910789
7785     0.727686
7786    -0.795506
7787    -0.057675
7788     1.071263
7789     0.244870
7790     1.430987
7791    -0.955106
7792     0.793094
7793    -1.243138
7794    -0.550280
7795    -0.965218
7796     1.865002
7797    -1.174865
7798     0.363915
7799    -0.706261
7800    -0.478311
7801    -0.749771
7802     1.541581
7803     1.310569
7804    -0.911243
7805     0.414866
7806     0.715858
7807     0.742285
7808    -2.567357
7809     1.317746
7810     0.749852
7811     0.286689
7812    -1.556491
7813     0.615574
7814    -0.589834
7815    -0.230213
7816    -0.171381
7817     0.178065
7818    -0.147477
7819    -0.560954
7820     0.229930
7821     0.319859
7822     0.373248
7823    -2.130205
7824    -0.861325
7825     0.482853
7826    -0.151726
7827    -0.423666
7828    -0.233163
7829     3.001532
7830    -0.052565
7831     0.568322
7832    -0.493917
7833    -0.553416
7834    -0.572430
7835     2.023559
7836     1.127804
7837    -0.539195
7838     0.706860
7839     0.309377
7840     0.486714
7841    -1.210427
7842    -0.814628
7843    -0.135191
7844    -1.117391
7845     0.989814
7846    -0.754995
7847    -0.087160
7848     1.378927
7849     0.607581
7850    -0.018530
7851    -1.903830
7852     0.281787
7853    -1.813554
7854    -0.564367
7855    -0.322928
7856     2.328617
7857     0.172349
7858     0.043034
7859    -0.531597
7860    -0.534323
7861    -0.824405
7862     0.670214
7863     1.113580
7864    -0.844160
7865     0.469018
7866     1.916517
7867     0.012549
7868    -0.907605
7869    -0.402106
7870     1.737669
7871    -0.436411
7872    -1.677262
7873     0.242697
7874    -0.462717
7875     0.858808
7876    -0.050122
7877    -0.290860
7878    -0.635492
7879    -1.089500
7880     0.837945
7881     1.294676
7882     0.408518
7883    -1.281644
7884     0.477905
7885     0.177451
7886    -0.547043
7887    -0.630827
7888    -0.955196
7889     2.144469
7890     0.063416
7891     0.536857
7892     0.161983
7893    -1.405846
7894    -0.201851
7895     1.681195
7896    -0.645417
7897    -0.714537
7898     0.624616
7899     1.283488
7900     0.347135
7901    -0.683344
7902    -1.816628
7903     0.467098
7904    -1.234961
7905     1.504972
7906    -0.549152
7907    -0.320466
7908     1.755154
7909     1.292041
7910     0.446089
7911    -2.387882
7912     0.847730
7913    -1.542497
7914    -1.442816
7915    -0.755953
7916     1.375827
7917     0.530326
7918    -0.084869
7919    -0.703807
7920     0.245435
7921     0.035596
7922     0.244569
7923     1.707690
7924    -0.382586
7925     0.039551
7926     0.764380
7927    -0.186241
7928    -1.215342
7929     0.341531
7930     1.330444
7931    -0.719901
7932    -0.670006
7933    -0.070934
7934    -0.830685
7935    -0.342308
7936    -1.395053
7937     0.673966
7938    -0.138589
7939    -0.549374
7940    -0.031734
7941     1.153794
7942    -0.204871
7943    -1.368781
7944    -0.808844
7945    -0.311250
7946    -0.135962
7947     0.660288
7948     0.613050
7949     1.419222
7950    -0.336434
7951     1.803233
7952    -0.378796
7953    -1.479551
7954     0.720504
7955     1.284450
7956    -0.518727
7957    -1.940971
7958     1.039124
7959     0.551637
7960     2.304925
7961    -0.395510
7962    -2.438895
7963    -0.754353
7964    -0.502259
7965     0.903215
7966    -1.901720
7967     0.546727
7968     1.602468
7969     1.722452
7970    -0.087688
7971    -1.360984
7972     0.114568
7973    -1.282274
7974    -0.288083
7975     0.610121
7976     1.267618
7977     0.692621
7978    -1.557540
7979     0.433706
7980     0.004798
7981    -0.704346
7982     0.537990
7983     1.311426
7984    -0.786704
7985    -0.027954
7986     0.385681
7987    -0.672984
7988    -0.644946
7989     0.574102
7990     1.845538
7991    -0.742700
7992    -1.914464
7993    -0.697451
7994    -0.370666
7995    -0.174842
7996     0.101367
7997     0.492605
7998     0.356577
7999    -0.843548
8000     0.038746
8001     1.178627
8002    -0.689254
8003    -0.942551
8004    -0.484413
8005    -0.309501
8006    -0.473873
8007    -0.256081
8008     1.223726
8009     1.260721
8010     0.544608
8011     1.733765
8012    -0.744212
8013    -1.901633
8014     0.704927
8015     1.519736
8016     0.549135
8017    -1.567260
8018     0.973763
8019     1.121971
8020     2.043553
8021    -0.724171
8022    -1.853515
8023    -0.590081
8024    -0.269673
8025     1.443530
8026    -1.459091
8027     0.198587
8028     1.532819
8029     1.818884
8030    -0.535104
8031    -1.929759
8032    -0.592323
8033    -0.758748
8034    -0.969122
8035     0.559230
8036     0.653454
8037    -0.322020
8038    -1.118446
8039     0.558995
8040     0.807374
8041    -0.480141
8042    -0.011825
8043     0.735256
8044    -0.758703
8045     0.154986
8046     1.330315
8047    -1.242220
8048    -0.211514
8049     1.670621
8050     0.906985
8051    -1.084751
8052    -2.552251
8053    -0.763064
8054    -0.005341
8055     0.765841
8056    -0.454770
8057     0.502606
8058     0.998448
8059    -0.501519
8060    -0.621484
8061     0.745787
8062    -0.689834
8063    -0.333034
8064     0.455538
8065    -0.724530
8066    -0.044438
8067     0.684993
8068     2.425992
8069     1.309368
8070     0.623580
8071     0.591174
8072    -0.304415
8073    -2.013343
8074     1.467134
8075     1.481490
8076     0.846934
8077    -0.625365
8078     1.058464
8079     0.433011
8080     0.760210
8081     0.069797
8082    -2.294722
8083    -0.231163
8084    -0.982877
8085     0.926980
8086    -0.583207
8087     0.161013
8088     0.604724
8089     0.629911
8090    -0.342485
8091    -2.375974
8092    -0.402402
8093    -1.579989
8094    -1.467900
8095     1.323119
8096     0.631165
8097    -0.020646
8098    -0.647607
8099     0.153264
8100    -0.097191
8101    -0.302593
8102     0.019722
8103     1.127108
8104    -0.207885
8105     0.050933
8106     1.060627
8107    -0.659345
8108    -0.313467
8109     1.119888
8110     1.075156
8111    -1.258708
8112    -2.825695
8113    -0.441072
8114    -0.129283
8115     0.771066
8116    -0.496003
8117     0.282164
8118     0.442245
8119    -0.017953
8120    -0.453723
8121     1.213783
8122    -0.363980
8123    -0.317410
8124     0.812174
8125    -0.522143
8126    -0.103519
8127     0.905642
8128     0.886333
8129     1.782398
8130     0.444639
8131     0.289471
8132    -0.486150
8133    -2.429359
8134     0.408123
8135     1.498571
8136     0.446972
8137    -0.630491
8138     0.976292
8139     0.787505
8140     0.575104
8141    -0.046484
8142    -3.238142
8143     0.217553
8144    -0.852355
8145     1.362442
8146    -0.560069
8147     0.068278
8148     0.836398
8149     1.112012
8150    -0.477139
8151    -2.970400
8152    -0.636076
8153    -1.085998
8154    -0.477080
8155     0.661733
8156     0.732051
8157     0.417472
8158    -0.387875
8159     0.113828
8160     0.192717
8161    -0.005285
8162     0.762842
8163     0.879875
8164     0.090664
8165     0.152045
8166     0.934805
8167    -0.685944
8168     0.789413
8169     1.014697
8170     1.378013
8171    -0.671367
8172    -2.347999
8173    -0.101749
8174     0.116895
8175     0.801840
8176    -0.657263
8177    -0.528891
8178     0.393500
8179     0.430175
8180     0.175267
8181     0.970835
8182    -0.093000
8183    -0.729750
8184     0.844485
8185    -0.296228
8186    -0.104414
8187     1.262367
8188    -1.139044
8189     0.911354
8190     0.599961
8191     1.000228
8192    -0.710016
8193    -2.673566
8194    -0.579065
8195     0.569599
8196     0.335998
8197    -0.569362
8198     1.502695
8199     0.954064
8200     0.954805
8201    -0.508552
8202    -3.615522
8203     0.921051
8204    -0.314876
8205     1.371280
8206    -0.337568
8207     1.308608
8208     0.937284
8209     1.132731
8210    -0.843885
8211    -2.367761
8212    -0.421205
8213    -0.407484
8214    -0.083164
8215    -0.694341
8216    -0.877504
8217    -0.067509
8218    -0.327612
8219    -0.591978
8220    -0.145470
8221     0.079499
8222     1.902494
8223     0.292150
8224    -0.021114
8225     0.921734
8226     0.466409
8227    -0.280729
8228     1.546827
8229     0.795858
8230     0.067839
8231    -0.638396
8232     0.746830
8233    -0.169138
8234     1.059889
8235     0.723312
8236    -0.253055
8237    -1.252071
8238    -0.959270
8239    -0.046295
8240     1.027287
8241     0.353270
8242    -0.955355
8243    -0.406599
8244     0.262272
8245    -0.815485
8246     0.118325
8247     0.513070
8248     0.130523
8249    -1.444225
8250    -1.131639
8251    -0.014288
8252    -1.060023
8253     0.687466
8254     0.692419
8255    -0.206382
8256    -1.000210
8257    -0.197804
8258     2.679575
8259     0.405254
8260    -0.188787
8261    -1.599546
8262    -0.161499
8263     0.774529
8264     0.038232
8265     0.854453
8266    -0.311246
8267     2.674240
8268     0.371410
8269    -0.049417
8270    -0.744279
8271     0.591513
8272    -0.156102
8273     0.049029
8274    -0.395769
8275     0.288730
8276    -2.757641
8277    -2.154591
8278     1.425277
8279    -1.908470
8280    -1.260290
8281    -0.290993
8282    -0.427005
8283     0.176389
8284    -0.721514
8285     0.428215
8286    -0.912513
8287    -0.652033
8288     0.574737
8289     0.090228
8290     0.179192
8291     2.071886
8292     1.132077
8293    -0.784910
8294     0.301586
8295    -0.385605
8296     0.661758
8297    -0.347661
8298     0.291070
8299    -0.290692
8300     0.083403
8301    -0.289902
8302    -1.649438
8303    -1.117070
8304    -1.047467
8305    -0.779472
8306    -0.666092
8307     0.140209
8308     1.184182
8309    -0.241720
8310     1.081936
8311     0.164500
8312     1.688385
8313     1.298224
8314     0.599770
8315    -1.274576
8316    -1.532941
8317    -0.556142
8318     0.480046
8319     0.590799
8320     0.143272
8321     1.342414
8322     1.019389
8323     0.207827
8324     0.186930
8325    -0.371352
8326    -0.873919
8327     0.564500
8328    -0.005068
8329     0.153104
8330     2.127712
8331     1.243623
8332    -0.027316
8333    -0.366155
8334    -0.862024
8335     1.314806
8336    -2.094318
8337    -0.936583
8338     2.018019
8339    -3.315218
8340    -0.720490
8341    -0.412829
8342    -0.450130
8343    -0.545878
8344    -0.800227
8345     0.606433
8346    -1.448519
8347     0.343351
8348    -1.044578
8349    -1.043464
8350     0.122177
8351     2.719566
8352     1.482074
8353     0.014963
8354    -0.905839
8355    -1.471454
8356    -0.400967
8357     0.729357
8358     1.409098
8359     0.243721
8360    -0.762188
8361    -1.214923
8362    -1.254412
8363    -1.495750
8364    -0.740081
8365    -0.858602
8366    -0.290592
8367     1.125444
8368     0.758380
8369     0.343769
8370     1.667834
8371     0.244097
8372     1.804184
8373     0.889641
8374     0.281032
8375    -0.571627
8376     0.207239
8377     0.202450
8378    -0.302015
8379    -0.266708
8380     0.015038
8381     1.593590
8382     0.660340
8383     0.602928
8384     0.286984
8385    -0.051952
8386    -0.074230
8387    -0.681211
8388    -1.173704
8389    -0.022512
8390     2.575708
8391     0.793735
8392    -0.074913
8393     0.023334
8394    -0.422518
8395     0.201861
8396    -1.302977
8397     0.108514
8398     0.868694
8399    -2.876021
8400     0.035281
8401    -0.239513
8402    -0.794947
8403    -0.723226
8404    -0.371498
8405    -1.048429
8406    -0.806207
8407     0.207203
8408    -1.270105
8409    -1.245171
8410    -0.530266
8411     2.720442
8412     0.664985
8413     0.146966
8414    -0.968819
8415    -1.402087
8416    -0.141148
8417     1.114219
8418     1.673927
8419     0.297551
8420    -0.919800
8421    -1.294395
8422    -0.666833
8423     0.030893
8424    -0.088999
8425    -0.853068
8426     0.259068
8427     0.765408
8428     0.744052
8429     0.505581
8430     1.496872
8431    -0.857635
8432     0.203218
8433    -0.193401
8434     1.399375
8435     0.031986
8436     1.777326
8437    -0.261711
8438    -0.598391
8439    -1.161854
8440    -0.843314
8441     0.196275
8442    -0.336673
8443    -0.342683
8444    -0.552426
8445    -1.203592
8446    -0.037805
8447    -0.703352
8448    -1.258167
8449     0.103116
8450     2.338422
8451     0.748235
8452    -0.616480
8453    -0.565527
8454    -1.258199
8455     1.248033
8456     0.374599
8457     1.786876
8458     1.615658
8459    -0.352908
8460     2.058341
8461    -0.559236
8462    -0.313719
8463    -1.084118
8464    -0.642910
8465    -0.732275
8466    -1.033084
8467    -0.120705
8468    -1.033638
8469    -0.925474
8470     0.621806
8471     1.247939
8472     1.115141
8473    -0.485942
8474    -0.474950
8475    -0.967877
8476     0.583663
8477     0.772082
8478     1.711283
8479    -0.137856
8480    -0.536229
8481    -1.108022
8482    -0.621611
8483    -0.273782
8484     0.717582
8485    -0.183242
8486    -0.460481
8487    -0.468465
8488     0.415739
8489     1.034466
8490     2.792557
8491     0.063136
8492    -1.362416
8493    -2.563767
8494     0.812363
8495     1.158483
8496     1.604996
8497    -0.174660
8498    -0.647996
8499    -1.002807
8500    -0.437127
8501    -0.366673
8502    -0.926972
8503    -0.502146
8504    -0.430712
8505    -0.926980
8506    -0.316481
8507    -0.571411
8508    -0.777165
8509     1.114915
8510     1.012682
8511     1.150932
8512    -0.818938
8513    -0.434664
8514    -1.126293
8515     0.881719
8516     1.342483
8517     1.804679
8518     0.507514
8519     1.070810
8520     2.013853
8521     0.091094
8522     0.009928
8523    -0.530141
8524     0.005516
8525    -1.000552
8526    -0.480449
8527     0.196008
8528    -0.309279
8529    -0.894217
8530     0.407778
8531     0.307322
8532     1.141370
8533    -0.140525
8534    -0.376348
8535    -0.781289
8536     0.631147
8537    -0.372440
8538     2.050847
8539     0.313642
8540     0.410423
8541    -1.001874
8542    -0.515793
8543    -0.505877
8544     1.648374
8545    -0.168637
8546     0.099536
8547    -0.577004
8548    -0.211403
8549     0.229222
8550     3.138751
8551     0.596346
8552    -2.746804
8553    -3.218875
8554    -0.394152
8555     1.702599
8556     0.439702
8557     0.536553
8558     0.421307
8559    -0.470633
8560    -0.200182
8561    -0.106965
8562    -0.818163
8563    -0.116935
8564     0.028867
8565    -0.627886
8566     0.099015
8567     0.158018
8568    -0.375839
8569     0.196485
8570    -0.376462
8571    -0.202659
8572    -0.211433
8573    -0.709419
8574    -0.427286
8575    -0.226143
8576     2.152935
8577     0.855247
8578    -0.888381
8579     0.983989
8580     1.132024
8581    -0.132201
8582    -0.131114
8583     0.472266
8584    -0.018489
8585    -0.813319
8586    -0.173645
8587     0.139735
8588    -0.654192
8589    -0.009505
8590     1.117593
8591    -0.438235
8592     0.088930
8593    -0.114590
8594    -0.976178
8595    -0.101489
8596     0.689286
8597    -0.628952
8598     2.091998
8599    -0.110570
8600     0.203370
8601     0.228877
8602    -0.050289
8603    -1.055618
8604     1.014029
8605    -1.278554
8606    -0.189127
8607     1.583604
8608     0.567773
8609     0.100971
8610     1.411062
8611    -1.158883
8612     0.341937
8613    -1.937339
8614     0.514401
8615     1.870579
8616    -2.481574
8617     0.870187
8618     0.099692
8619    -0.136296
8620    -1.513374
8621     0.295943
8622     1.202448
8623    -0.245501
8624    -0.595246
8625     0.515597
8626     0.116001
8627    -0.699651
8628     0.229496
8629     0.502155
8630    -0.823861
8631    -0.243758
8632    -0.283028
8633    -0.374326
8634     0.140187
8635     0.690871
8636     2.433949
8637    -2.003151
8638    -0.302521
8639     2.033379
8640    -1.891736
8641     0.180474
8642    -1.272561
8643     0.452946
8644     0.064692
8645    -0.761988
8646     0.181751
8647     0.223553
8648    -0.655390
8649     0.188955
8650    -0.626525
8651     1.789470
8652    -1.235780
8653     0.056927
8654    -0.341115
8655     0.820337
8656     0.063009
8657    -0.775450
8658     1.183551
8659     0.312503
8660    -0.401902
8661     0.875073
8662    -0.489053
8663    -0.759901
8664     0.785355
8665    -0.503057
8666    -1.064025
8667     1.732626
8668    -0.263589
8669     0.073814
8670     0.167965
8671     0.422012
8672    -0.800080
8673    -0.568718
8674     0.731490
8675     1.735422
8676    -2.307938
8677    -0.475063
8678     1.811165
8679    -1.455415
8680    -0.541794
8681    -1.384885
8682     1.268169
8683    -0.253487
8684    -0.525425
8685     0.793115
8686     0.260948
8687    -0.206818
8688     1.115582
8689    -0.346075
8690     0.901398
8691    -0.555401
8692    -0.101566
8693    -0.678814
8694     0.437093
8695     1.328323
8696     2.302289
8697    -1.624678
8698    -0.043723
8699     1.014796
8700    -2.254588
8701    -0.575647
8702     1.778956
8703     0.749404
8704     0.238888
8705    -1.547413
8706    -0.353154
8707     0.392705
8708     0.416167
8709     0.153295
8710    -1.042240
8711    -0.870279
8712     0.029402
8713     0.654772
8714     0.072444
8715    -0.086434
8716     1.465549
8717    -0.490130
8718    -0.937004
8719     0.588589
8720     0.908622
8721     1.270734
8722    -0.146701
8723    -0.730584
8724    -0.625805
8725     0.051630
8726    -0.176259
8727     0.802825
8728     0.375401
8729    -0.035727
8730    -1.449918
8731     0.600520
8732    -0.231294
8733     0.265474
8734     0.026496
8735     0.442681
8736    -0.909863
8737    -0.690649
8738     0.459530
8739    -0.859702
8740    -0.683215
8741     0.089477
8742     0.486637
8743    -0.325216
8744     1.023412
8745     0.521257
8746     1.042223
8747    -0.235644
8748     1.021705
8749    -0.481458
8750    -0.303643
8751    -0.592102
8752    -0.358117
8753    -0.007543
8754     0.388408
8755     0.913109
8756    -1.294988
8757     1.383818
8758    -2.046640
8759     0.732215
8760    -1.258974
8761     0.407693
8762     0.628014
8763     1.078044
8764     0.057363
8765    -0.772893
8766    -0.250915
8767    -0.028249
8768     0.447621
8769    -0.133532
8770    -0.530692
8771    -1.236481
8772    -1.264519
8773    -0.026066
8774     0.658312
8775     0.085391
8776     1.960619
8777    -0.575839
8778     0.636034
8779     0.891090
8780    -0.189154
8781     0.458442
8782    -0.766486
8783     0.409975
8784     0.955247
8785    -0.314009
8786    -0.066611
8787     0.668574
8788     0.303703
8789     1.107011
8790     1.071933
8791     0.122089
8792     1.389805
8793     1.586807
8794     0.843622
8795    -0.419671
8796    -0.434325
8797     0.182625
8798    -0.437069
8799    -1.978988
8800    -0.730335
8801    -0.066291
8802    -0.025346
8803    -0.105789
8804     0.140094
8805    -0.102841
8806     0.545055
8807     0.745203
8808     2.140841
8809    -0.010201
8810    -0.491452
8811     0.046580
8812    -0.926041
8813    -0.027917
8814    -0.628443
8815    -0.777886
8816     0.084143
8817    -1.542545
8818    -1.098103
8819    -1.326801
8820    -2.366438
8821    -0.193395
8822    -2.208732
8823     0.149586
8824    -0.235564
8825     0.089362
8826     0.027525
8827     0.065910
8828     0.583780
8829     0.083552
8830    -0.307414
8831    -1.902884
8832    -0.608171
8833     0.323894
8834     1.282679
8835    -0.200971
8836     0.236608
8837     0.861704
8838     2.553385
8839     0.385949
8840    -0.105353
8841     0.632516
8842     0.028999
8843     0.329714
8844    -0.337320
8845     0.001777
8846     0.121812
8847     0.211342
8848    -0.533361
8849     0.762036
8850     2.380299
8851     1.225859
8852     0.732865
8853    -2.156930
8854    -0.541698
8855     0.768213
8856     2.111722
8857     0.392026
8858     0.042187
8859    -1.001378
8860     0.433893
8861     0.299950
8862    -2.100745
8863     0.012770
8864     0.360561
8865    -0.126072
8866     0.082859
8867     0.632271
8868     2.106646
8869    -0.272162
8870    -1.760803
8871    -0.060568
8872    -0.273784
8873    -0.122050
8874    -1.698935
8875    -0.294510
8876    -0.705305
8877    -0.857261
8878    -0.538654
8879    -0.062008
8880    -1.108223
8881     0.265675
8882    -0.916153
8883    -0.073006
8884     0.662675
8885     0.596120
8886     1.307441
8887    -0.658748
8888    -0.371482
8889    -0.554097
8890     0.258756
8891    -1.509530
8892     1.478612
8893     0.113278
8894     0.273908
8895     0.221336
8896    -0.690259
8897    -0.716749
8898     1.438116
8899     1.454765
8900     1.751243
8901     0.415443
8902    -0.584042
8903    -0.527349
8904    -0.455810
8905     0.246172
8906     0.500072
8907    -0.134697
8908    -0.896021
8909    -0.289546
8910     1.334240
8911     0.874499
8912     0.436951
8913    -0.960557
8914    -1.056455
8915    -0.668544
8916     1.013840
8917     1.520548
8918     1.253805
8919     0.144893
8920     0.652793
8921     0.901256
8922    -1.672522
8923    -0.250129
8924    -0.087603
8925    -0.752364
8926     1.293796
8927     2.772920
8928     0.667430
8929    -0.688477
8930    -1.792937
8931     0.204533
8932     0.501536
8933     0.784637
8934    -0.486525
8935    -1.827148
8936    -1.597451
8937    -1.711304
8938    -1.193215
8939    -0.793568
8940    -1.425000
8941     0.327538
8942    -0.073075
8943     1.080175
8944     0.188636
8945    -0.155047
8946    -1.756518
8947    -1.029675
8948    -0.609908
8949     1.502349
8950     0.019837
8951    -0.704901
8952     2.468699
8953     0.464339
8954     0.041021
8955    -1.789248
8956     0.195483
8957    -0.104096
8958     0.724047
8959     0.106506
8960    -0.035680
8961     1.556078
8962    -0.001104
8963    -0.456376
8964     0.243570
8965     0.512978
8966    -0.028740
8967    -1.155450
8968    -0.729928
8969    -1.396096
8970    -0.228247
8971     0.620252
8972    -0.027403
8973     0.379284
8974    -0.369552
8975    -1.104496
8976    -0.591130
8977     0.136876
8978    -0.287216
8979     1.626516
8980     0.310130
8981     0.061038
8982     0.089942
8983     0.264414
8984     0.731402
8985     0.315279
8986     0.160868
8987     0.320999
8988     1.005430
8989     0.241178
8990     0.427176
8991     0.636203
8992     0.248495
8993     0.052815
8994    -2.543902
8995    -1.054199
8996     1.823066
8997     0.392709
8998    -0.613073
8999     1.525517
9000    -3.955786
9001     0.855848
9002    -0.310591
9003     0.414862
9004    -0.270915
9005     0.387142
9006    -2.055975
9007     0.187641
9008    -1.408689
9009     1.714750
9010    -0.342111
9011    -0.841398
9012     0.542015
9013    -0.245632
9014     0.545231
9015    -0.088042
9016     0.745278
9017    -0.111740
9018     0.993535
9019     0.297963
9020     0.206994
9021     1.568877
9022     0.513184
9023    -0.499939
9024     1.013492
9025     0.846602
9026     0.081749
9027    -0.771651
9028    -1.637670
9029    -0.962902
9030    -1.757695
9031     0.105409
9032     0.582660
9033     0.141083
9034    -0.772974
9035    -0.681518
9036    -1.678043
9037     0.049765
9038     0.174087
9039     2.306097
9040     0.908022
9041    -0.072922
9042     0.706494
9043     0.539151
9044     0.534353
9045    -0.804563
9046     0.244580
9047     0.408320
9048     2.399169
9049     0.454144
9050     0.318837
9051    -0.581939
9052     1.103523
9053    -0.537904
9054    -1.118847
9055    -0.979413
9056     0.596425
9057    -1.986684
9058    -2.602396
9059     1.591806
9060    -0.956934
9061    -0.251426
9062    -0.289038
9063    -0.633541
9064     0.378554
9065    -0.240772
9066    -1.018717
9067    -0.499579
9068    -0.992304
9069     0.594617
9070     0.527579
9071     0.885190
9072    -1.151589
9073    -0.830410
9074     0.025388
9075     0.882790
9076    -0.171313
9077     0.484034
9078    -0.843835
9079    -0.536580
9080     0.618430
9081     1.912345
9082    -0.761877
9083    -0.611985
9084     0.095645
9085     0.590805
9086    -0.644463
9087    -0.090014
9088    -0.129370
9089    -1.324473
9090    -0.664573
9091    -0.530209
9092     0.761053
9093     0.658227
9094    -0.587738
9095    -0.616804
9096    -1.280388
9097    -1.454823
9098     0.128081
9099     2.586094
9100    -0.005245
9101    -0.307290
9102     0.505027
9103     0.166970
9104     0.702626
9105    -0.746855
9106    -1.329771
9107     0.356423
9108     2.505997
9109    -0.463234
9110     0.436590
9111    -1.132280
9112     0.910206
9113    -1.709971
9114    -0.448762
9115     1.669027
9116     1.087237
9117    -0.978260
9118     3.308435
9119     1.252050
9120    -0.751927
9121    -1.542273
9122     0.192540
9123    -0.421779
9124     0.776273
9125     1.511917
9126    -0.164930
9127    -0.909730
9128    -0.938424
9129     0.698624
9130    -0.252569
9131     1.482665
9132    -0.633430
9133    -0.715186
9134    -0.845222
9135     0.604939
9136     0.340547
9137    -0.160222
9138    -0.801201
9139    -0.882262
9140    -1.055463
9141     0.708582
9142    -0.640485
9143    -1.761694
9144    -0.378302
9145     0.708050
9146    -0.393639
9147     0.238392
9148     2.284791
9149    -0.540529
9150    -0.475511
9151    -0.912656
9152    -0.114919
9153     0.342233
9154     1.792267
9155     0.792820
9156    -0.797880
9157    -0.944066
9158    -1.316136
9159     1.644168
9160     0.109647
9161    -1.607533
9162    -0.077424
9163     0.168555
9164     0.992534
9165    -0.212728
9166    -1.323155
9167    -1.576696
9168     0.915290
9169    -0.139718
9170     1.464919
9171    -0.389576
9172     0.213523
9173    -1.034053
9174    -0.031569
9175     0.965390
9176     2.442962
9177    -0.192211
9178     0.903057
9179     2.464175
9180    -0.575686
9181    -1.347282
9182    -1.359732
9183    -0.621946
9184     0.473892
9185     0.726453
9186     0.175132
9187    -0.837148
9188    -1.247809
9189     0.723864
9190     0.228121
9191     1.419943
9192    -1.092878
9193    -0.720522
9194    -0.904254
9195     0.742189
9196     0.421212
9197    -0.122924
9198    -0.727703
9199    -0.828899
9200    -1.354379
9201     0.781599
9202    -0.116679
9203    -1.268694
9204    -0.832742
9205     0.905414
9206    -0.683471
9207    -0.049752
9208     1.664801
9209     0.702122
9210    -0.108761
9211    -1.158751
9212    -1.109254
9213     0.642413
9214     1.570627
9215     1.910891
9216    -0.865340
9217    -0.437524
9218    -0.507312
9219     0.897855
9220     0.322678
9221    -1.221661
9222    -0.195461
9223     0.481551
9224     0.190665
9225    -0.491105
9226    -0.939702
9227    -1.063143
9228     0.686809
9229     0.255618
9230     1.196447
9231    -0.740996
9232     0.270652
9233    -1.365214
9234    -0.003427
9235    -0.165646
9236     3.401720
9237     0.658999
9238    -0.042411
9239     2.659606
9240     0.421250
9241     0.103652
9242    -0.848238
9243    -0.477431
9244     0.304741
9245     1.128507
9246     0.601447
9247    -0.462661
9248    -0.541573
9249    -0.567123
9250     2.064386
9251     0.705073
9252     0.849374
9253    -0.679844
9254    -0.207532
9255    -0.509597
9256    -0.828724
9257     0.110186
9258    -0.646344
9259    -0.411172
9260    -0.604759
9261    -0.439523
9262    -0.095495
9263    -0.571882
9264    -2.129728
9265     0.779407
9266    -0.034388
9267    -1.010380
9268    -0.738667
9269     0.347002
9270    -0.668181
9271     0.204650
9272    -0.551427
9273    -1.064232
9274    -0.265899
9275     1.042495
9276     0.687302
9277    -0.640804
9278     0.129798
9279    -0.586776
9280     0.550011
9281    -0.483598
9282    -1.243263
9283     1.447174
9284     0.547309
9285     0.236878
9286    -0.557556
9287    -0.354390
9288    -0.685759
9289     0.907012
9290     0.695753
9291     1.345488
9292     0.727839
9293    -0.628136
9294    -0.919107
9295    -1.314750
9296     0.220431
9297     3.737881
9298    -1.093301
9299    -0.100629
9300     3.489074
9301     0.007068
9302     0.047604
9303     0.496688
9304     0.402749
9305     1.101698
9306     1.179726
9307    -0.881892
9308     0.128783
9309     0.191702
9310     2.694149
9311     1.744361
9312     1.336758
9313    -1.241394
9314    -0.139164
9315    -0.050791
9316    -1.038772
9317    -1.399668
9318    -0.930053
9319    -0.801594
9320    -0.010100
9321     0.314641
9322    -0.043822
9323    -0.305755
9324    -1.824454
9325     1.071350
9326    -0.002275
9327    -0.719377
9328    -1.244623
9329    -0.410447
9330    -1.490431
9331    -0.065827
9332     1.690220
9333    -0.986998
9334     0.510034
9335    -1.276580
9336    -0.794680
9337    -0.970015
9338     0.361802
9339     0.320180
9340     0.838198
9341    -0.228751
9342    -0.703970
9343     2.145025
9344     1.251841
9345     1.455505
9346    -0.841591
9347    -0.185166
9348     0.183770
9349     0.759043
9350     1.112167
9351     0.982163
9352     0.849828
9353    -0.565193
9354    -0.785806
9355    -1.240174
9356    -1.165026
9357     1.024192
9358    -0.907740
9359    -1.750349
9360     0.801234
9361    -0.072616
9362     0.543062
9363     1.407838
9364    -0.294875
9365     0.183811
9366     0.439401
9367    -0.095761
9368     0.932135
9369     1.397702
9370     0.634105
9371     0.608579
9372     0.583505
9373    -0.443330
9374     1.085599
9375     1.454171
9376    -0.036890
9377    -1.296172
9378    -0.919117
9379    -0.085946
9380     0.894512
9381     1.537503
9382     0.653986
9383    -0.022720
9384    -0.586832
9385    -0.211850
9386     0.211819
9387     0.269583
9388    -0.484776
9389    -1.050555
9390    -1.913165
9391    -1.354737
9392     1.457461
9393     0.191529
9394     0.579841
9395    -1.840952
9396    -2.169829
9397    -0.204440
9398     1.003341
9399     1.501663
9400     0.850947
9401    -0.290876
9402    -0.150002
9403    -0.105363
9404     0.359423
9405     0.634432
9406    -0.273296
9407     1.131546
9408     1.624436
9409    -0.407396
9410    -0.017146
9411    -0.164765
9412     0.611000
9413    -0.515643
9414    -0.099158
9415     0.145474
9416    -1.453731
9417    -2.669006
9418     0.595924
9419    -1.923493
9420    -2.369890
9421    -0.108922
9422     0.567529
9423     0.960862
9424    -0.585886
9425     0.066111
9426     0.855103
9427     0.341544
9428     0.720355
9429     1.004905
9430     0.194229
9431     1.146705
9432     0.073291
9433     1.215554
9434     0.140947
9435     1.248445
9436     0.417857
9437    -2.098854
9438     0.251391
9439     0.618443
9440     0.541020
9441     1.113249
9442     0.546833
9443    -0.229143
9444    -0.399626
9445     0.102210
9446    -0.365461
9447     0.184674
9448    -0.577812
9449    -1.447397
9450    -1.630770
9451    -2.004365
9452     3.046350
9453    -1.034009
9454    -0.419415
9455    -0.691424
9456    -2.606192
9457     0.642470
9458     0.628670
9459     0.977662
9460     1.084154
9461    -1.032285
9462     0.889845
9463    -0.714161
9464     1.028348
9465     0.276994
9466     1.059068
9467     0.259899
9468     1.463518
9469    -0.692382
9470     0.416548
9471    -0.819759
9472    -0.142781
9473    -0.135910
9474     0.263895
9475    -0.676081
9476    -1.225028
9477    -1.227902
9478    -0.300555
9479    -1.336981
9480    -1.845578
9481    -0.392784
9482     0.464017
9483     0.207449
9484     0.458654
9485    -0.105878
9486     0.630799
9487    -0.470810
9488     0.888112
9489     0.040362
9490    -0.595888
9491     1.375010
9492    -1.280054
9493    -0.390885
9494     1.239954
9495    -0.558959
9496     0.959543
9497    -2.489376
9498     1.752549
9499    -0.148604
9500     0.828412
9501     0.010778
9502     0.608099
9503    -0.299621
9504    -0.886068
9505     0.470361
9506    -0.883129
9507     1.122676
9508    -0.761989
9509    -1.895035
9510     0.376166
9511    -0.312114
9512     2.956154
9513    -1.112252
9514    -0.443869
9515    -0.913843
9516     0.085780
9517    -0.243450
9518     0.968052
9519    -0.224429
9520     0.500910
9521    -1.539524
9522     2.335955
9523     1.136831
9524     1.507336
9525    -0.734875
9526    -0.295578
9527     1.280986
9528    -0.396224
9529     0.447354
9530     0.512994
9531    -1.566371
9532     0.249973
9533    -0.396865
9534     0.050994
9535    -0.467620
9536    -1.724390
9537    -0.018625
9538    -0.308133
9539    -1.773367
9540     0.164350
9541    -0.316258
9542     0.000135
9543    -0.322583
9544    -0.791733
9545    -0.294736
9546     0.345809
9547     0.007724
9548     0.184167
9549    -0.283692
9550     0.399646
9551     0.014124
9552    -0.622455
9553    -0.447418
9554     0.200336
9555    -0.157753
9556    -0.688090
9557    -1.672416
9558     0.446317
9559    -0.819066
9560    -0.224547
9561     0.250397
9562    -0.886355
9563     0.921654
9564    -2.796724
9565    -0.460904
9566    -0.145908
9567    -1.322645
9568     1.594348
9569    -0.238987
9570     1.689085
9571     1.001237
9572     2.371470
9573    -0.648575
9574     1.479368
9575    -0.294311
9576     0.921110
9577    -0.390182
9578    -0.164072
9579     0.602494
9580    -0.347536
9581    -1.421552
9582     0.517072
9583     0.354357
9584     1.471507
9585    -2.561341
9586    -0.698474
9587     0.331682
9588     0.065465
9589     0.682333
9590     0.232622
9591    -1.644987
9592     0.089944
9593    -1.197900
9594     1.348432
9595     0.390069
9596    -0.186379
9597     2.321302
9598    -0.153014
9599     0.113110
9600     1.853272
9601    -0.704569
9602    -0.150475
9603     0.412027
9604    -1.408469
9605    -0.776805
9606     0.584764
9607    -0.426674
9608    -0.086980
9609     0.426346
9610     0.047414
9611     0.052639
9612    -0.322155
9613    -1.017142
9614    -0.121637
9615     0.395147
9616     0.897069
9617    -0.991166
9618     0.280219
9619    -1.529848
9620    -0.658217
9621     0.362094
9622    -1.369182
9623     1.408045
9624    -2.153316
9625     0.049632
9626     0.989530
9627    -1.489401
9628     1.656363
9629    -1.770819
9630     0.417759
9631    -0.096363
9632     2.464787
9633     0.331425
9634     1.719605
9635    -1.114545
9636     0.783287
9637    -0.526816
9638     0.237251
9639     0.447092
9640     1.117924
9641    -0.736588
9642     0.642513
9643    -0.631569
9644     1.337461
9645    -1.824709
9646    -1.371610
9647     0.481707
9648     0.007782
9649    -0.069765
9650    -0.909173
9651    -0.139775
9652     1.864833
9653    -0.155683
9654     1.004015
9655     1.213909
9656    -0.255145
9657     0.496149
9658     0.585258
9659     0.755813
9660    -0.661263
9661    -1.479766
9662     0.103613
9663     0.616575
9664    -1.494552
9665    -0.342811
9666     2.061251
9667    -1.121505
9668     0.217118
9669     0.424968
9670     0.726609
9671     0.129018
9672     0.142137
9673    -1.631189
9674    -0.617585
9675     0.076646
9676     0.483780
9677     0.699145
9678    -0.186644
9679    -1.625296
9680     0.021064
9681     1.694904
9682     0.562332
9683     1.024551
9684    -0.275726
9685     1.003521
9686     0.990225
9687    -0.914065
9688     0.169581
9689    -0.158927
9690    -2.028643
9691     1.232533
9692    -0.229029
9693    -0.140324
9694     0.667117
9695    -0.913686
9696    -1.200179
9697    -0.884616
9698    -0.268519
9699     0.678373
9700     0.663296
9701     0.341965
9702     0.269151
9703     1.196151
9704     0.876542
9705    -0.166244
9706    -1.390021
9707    -2.363661
9708     0.458680
9709     0.549119
9710    -0.064413
9711     0.518272
9712     0.905326
9713     0.332943
9714    -0.907418
9715     0.750753
9716     0.213515
9717    -0.462979
9718     0.716824
9719     0.008934
9720    -0.658734
9721    -0.974707
9722     0.256426
9723    -0.228813
9724    -0.990982
9725    -0.161490
9726     2.752085
9727    -0.289838
9728     0.688106
9729    -0.589010
9730     0.792346
9731    -0.798662
9732    -0.719342
9733    -0.955164
9734     0.204480
9735    -0.582141
9736    -0.398659
9737    -1.179400
9738    -0.053204
9739     0.220261
9740     1.213784
9741    -0.463477
9742     0.101328
9743     0.732617
9744     0.131041
9745     0.330726
9746     0.614766
9747    -0.026915
9748    -0.880126
9749    -0.329154
9750    -1.172060
9751     0.645884
9752    -0.733288
9753     1.148388
9754    -0.230676
9755    -1.523289
9756    -0.235740
9757    -0.380171
9758     0.667420
9759     2.120522
9760    -0.159908
9761    -0.838131
9762     0.630895
9763     0.947722
9764     0.426335
9765     0.010797
9766     0.553902
9767     1.482282
9768    -0.360339
9769     1.086199
9770    -0.973241
9771    -0.630551
9772     0.074508
9773     0.041653
9774     0.021904
9775    -0.025599
9776    -0.178492
9777     0.090734
9778     0.532954
9779     0.387278
9780    -1.844775
9781    -0.182040
9782     0.485231
9783     0.245080
9784    -0.438660
9785     1.496409
9786     1.172603
9787     0.268340
9788     1.195866
9789    -0.087889
9790     0.193183
9791    -2.056265
9792    -1.013870
9793    -0.162337
9794     0.832944
9795     0.061357
9796    -0.129731
9797     0.653085
9798    -0.000264
9799     0.292708
9800     1.224022
9801     0.023434
9802    -0.008421
9803     0.639423
9804     0.209314
9805    -0.010704
9806     1.639875
9807    -0.464729
9808    -0.547419
9809     0.661930
9810    -0.613383
9811     0.593241
9812    -1.705400
9813     1.499456
9814     0.060109
9815    -0.314284
9816     0.241203
9817    -0.177976
9818     1.205399
9819     0.745699
9820    -0.000380
9821     1.311116
9822     0.126752
9823     0.120803
9824    -1.480903
9825    -0.604503
9826     0.184631
9827     0.134912
9828    -0.078166
9829     0.432432
9830    -1.309681
9831    -1.178893
9832     0.435682
9833     1.082924
9834     0.340987
9835    -0.900730
9836    -2.842304
9837    -0.099435
9838    -0.022731
9839    -2.854298
9840    -0.524754
9841     0.282232
9842    -1.508961
9843    -0.377947
9844     0.412710
9845    -0.352368
9846    -0.541087
9847     0.568848
9848    -0.783580
9849    -0.557114
9850    -0.047153
9851    -0.577822
9852    -0.542347
9853    -0.229508
9854    -0.219060
9855     0.146132
9856    -0.721985
9857     1.840642
9858     1.364569
9859     1.055060
9860    -0.185765
9861    -1.365507
9862    -0.230809
9863     0.327825
9864     0.280786
9865    -0.048554
9866     0.221583
9867    -0.225920
9868    -1.083824
9869     1.701058
9870     0.403181
9871     0.629049
9872    -0.292779
9873     0.765345
9874    -0.447921
9875     0.967491
9876     1.130635
9877     0.911410
9878    -0.982640
9879    -1.115011
9880    -0.674762
9881     1.833167
9882     1.940324
9883    -0.069681
9884    -0.919054
9885    -0.000634
9886     0.596981
9887    -1.525780
9888    -0.789090
9889     0.078085
9890    -0.495417
9891    -0.113300
9892    -0.202984
9893     2.697314
9894     1.806994
9895    -0.791357
9896    -0.565285
9897    -0.886620
9898     0.014163
9899    -1.180569
9900    -1.323390
9901     0.012680
9902    -1.378713
9903    -0.822924
9904     0.005176
9905    -0.432577
9906    -1.040213
9907     0.383033
9908    -0.332137
9909    -1.127456
9910     0.203611
9911    -1.378018
9912     0.910552
9913     0.260676
9914     0.559372
9915     0.584924
9916    -0.771747
9917     1.708031
9918     0.503410
9919     0.407264
9920    -1.338655
9921    -0.905121
9922     0.434359
9923     0.882538
9924     1.110477
9925     0.156973
9926     0.646744
9927     0.015197
9928    -0.652898
9929     1.936224
9930    -0.076351
9931     0.285871
9932    -1.503351
9933     1.755629
9934    -0.613147
9935     0.794617
9936     0.516628
9937     0.132034
9938    -1.462703
9939    -1.572730
9940    -0.322313
9941     2.198425
9942     1.011638
9943     0.172608
9944    -0.359327
9945     0.381852
9946     0.334266
9947    -1.054957
9948    -1.515427
9949    -0.029908
9950    -1.379317
9951     0.850651
9952    -0.136045
9953     2.414745
9954     1.127546
9955    -0.319592
9956     0.163231
9957    -0.240210
9958     0.057097
9959    -0.684172
9960    -1.468072
9961     0.163027
9962    -0.952474
9963    -0.895840
9964     0.225886
9965    -0.242288
9966    -1.172921
9967     0.587782
9968    -1.121349
9969    -1.345860
9970     0.430489
9971    -0.765709
9972    -0.322031
9973    -0.042708
9974     1.933485
9975     2.192967
9976    -1.084863
9977     0.939824
9978     0.841081
9979     0.140787
9980    -0.474623
9981    -0.779128
9982     0.381965
9983     1.949376
9984     1.259777
9985     0.397364
9986    -0.896537
9987    -0.774971
9988    -0.713983
9989     0.810207
9990    -0.356199
9991     0.819551
9992    -0.094378
9993     0.026198
9994    -1.024490
9995     0.279156
9996     0.586797
9997     0.110521
9998    -1.347875
9999    -1.431747
10000    -0.132432
10001     1.260703
10002     0.902985
10003     0.319039
10004    -0.930115
10005    -0.771686
10006     0.148375
10007    -1.474188
10008    -0.069242
10009     0.382201
10010     0.134049
10011    -0.925162
10012    -0.018261
10013     1.540519
10014     1.446346
10015    -0.657946
10016    -1.410870
10017     0.605869
10018    -0.432304
10019     0.863084
10020     0.982765
10021     1.132556
10022    -0.848333
10023     1.463959
10024     0.966363
10025    -0.317414
10026     0.884250
10027     1.451580
10028    -0.878381
10029     1.053799
10030     1.894839
10031     0.611682
10032    -0.012385
10033    -1.670601
10034     0.983677
10035    -0.566026
10036    -1.059874
10037     1.073348
10038    -1.560867
10039     1.594819
10040    -0.634526
10041     2.032492
10042    -0.809219
10043     0.494395
10044     0.453011
10045    -0.346489
10046    -0.703418
10047    -0.461539
10048    -1.399249
10049    -0.053173
10050    -0.912017
10051    -0.069346
10052    -0.574299
10053     0.802317
10054    -0.902750
10055     1.101082
10056    -2.081734
10057     0.136466
10058    -0.956179
10059    -0.206315
10060    -0.866011
10061     0.291220
10062    -0.064573
10063    -0.515770
10064    -0.846496
10065    -0.409628
10066     1.399708
10067    -0.613866
10068     1.460486
10069     1.493799
10070     0.926660
10071    -0.299949
10072    -1.110222
10073     0.484148
10074    -0.144059
10075    -1.383406
10076    -0.671628
10077    -0.872254
10078     0.062808
10079     1.131502
10080    -0.558969
10081     0.618524
10082     0.098836
10083    -0.355412
10084     0.401087
10085     0.247245
10086     0.348377
10087     0.844994
10088     0.460186
10089     0.260297
10090     1.358288
10091     1.854555
10092     0.806713
10093    -1.322648
10094    -0.655693
10095    -0.250938
10096    -0.482067
10097     1.503933
10098    -0.569146
10099     0.858861
10100     0.486511
10101     1.581505
10102    -0.682766
10103    -1.615948
10104     0.565596
10105    -0.214393
10106     0.340456
10107    -0.232774
10108    -0.867631
10109    -2.839586
10110     0.141449
10111     0.460562
10112     1.689245
10113     0.285211
10114    -0.526961
10115    -3.046617
10116    -1.152371
10117     0.235550
10118     0.543008
10119     0.151303
10120    -0.574635
10121     0.513856
10122    -0.054599
10123    -0.011238
10124     0.985143
10125    -0.074118
10126     0.678057
10127     0.372126
10128     0.975691
10129     1.034736
10130     1.784427
10131    -0.209624
10132    -0.566288
10133     0.163574
10134    -2.010176
10135    -0.953705
10136    -2.043340
10137     0.505028
10138    -0.288326
10139    -0.841916
10140    -0.712011
10141     0.212748
10142     0.706016
10143    -1.599182
10144    -0.227247
10145     0.648143
10146    -1.204178
10147     0.612343
10148     0.512617
10149     0.333722
10150     0.970936
10151    -0.517687
10152     2.449253
10153    -0.577826
10154    -1.682808
10155     1.805444
10156     0.148625
10157     1.466789
10158    -0.727621
10159     0.295856
10160     0.336668
10161     1.169965
10162    -1.107668
10163    -1.371468
10164     0.931746
10165    -1.082587
10166    -0.222348
10167     0.217217
10168    -1.037508
10169    -1.320862
10170    -0.184895
10171    -0.139422
10172     0.993110
10173     0.252486
10174     0.220084
10175    -0.965849
10176    -1.104314
10177    -0.046622
10178     0.059492
10179     0.858368
10180    -0.575911
10181     0.383578
10182     0.156727
10183     1.151453
10184     0.022643
10185     1.525820
10186     1.300487
10187     1.231402
10188    -1.081568
10189     0.355416
10190    -0.483960
10191     1.627912
10192    -1.658066
10193    -0.041269
10194    -2.654375
10195     0.040709
10196    -0.227476
10197    -1.492190
10198     1.144199
10199     0.473268
10200    -1.280338
10201     0.058741
10202     0.622446
10203    -0.456531
10204    -0.199004
10205     0.530155
10206     0.058397
10207     0.560273
10208    -0.283367
10209     0.858774
10210     0.264661
10211     0.972457
10212     0.600922
10213    -0.715412
10214    -2.080282
10215     0.183850
10216    -0.362667
10217     1.342042
10218    -0.740678
10219     0.412048
10220    -0.830317
10221     1.197795
10222    -0.808403
10223    -2.487514
10224     0.176456
10225    -0.414820
10226    -1.897943
10227    -0.178490
10228    -0.896523
10229    -1.979287
10230    -0.028822
10231    -0.731867
10232     1.156861
10233    -0.524833
10234    -0.150499
10235     0.377334
10236    -0.240775
10237     0.027098
10238    -0.483354
10239     1.566253
10240    -0.575080
10241    -0.629909
10242    -1.128534
10243     0.460790
10244     1.553293
10245    -0.093766
10246     1.125351
10247     0.926873
10248     0.215856
10249     0.194083
10250     1.496984
10251    -0.896238
10252    -0.643762
10253    -1.559930
10254    -1.576760
10255    -0.019110
10256     0.725527
10257    -0.084235
10258     2.414102
10259     2.527932
10260     1.091358
10261    -0.889384
10262    -0.577919
10263    -1.589205
10264     0.660964
10265     0.007257
10266    -0.104021
10267     1.449842
10268    -0.662190
10269     0.249365
10270    -1.024853
10271    -0.187534
10272    -1.390613
10273    -0.400144
10274    -1.110022
10275     0.957944
10276    -0.772547
10277     0.377567
10278    -0.627417
10279     0.238344
10280    -1.140628
10281     1.066025
10282    -1.236880
10283    -1.714289
10284     0.842805
10285     0.490279
10286    -0.360489
10287     0.658906
10288    -0.126113
10289    -0.831444
10290     0.730459
10291    -1.229003
10292    -0.148876
10293    -1.485450
10294     0.935690
10295     3.134450
10296     0.050470
10297    -0.448273
10298    -1.025300
10299     1.125837
10300    -0.120697
10301    -0.237818
10302    -0.209568
10303    -0.427843
10304     0.449540
10305    -0.315805
10306     0.305775
10307     0.020683
10308     0.068831
10309    -0.941809
10310     0.297758
10311    -1.294801
10312    -0.746703
10313     0.073986
10314    -0.136540
10315     1.255513
10316     1.345212
10317     0.334867
10318     3.027840
10319     2.290057
10320     1.067910
10321    -0.535792
10322    -1.031516
10323    -0.653786
10324    -0.424819
10325    -0.883756
10326    -0.493883
10327    -0.672795
10328    -1.027962
10329    -0.609708
10330    -0.194519
10331     0.227977
10332     0.260618
10333    -0.449476
10334    -1.172658
10335    -0.220974
10336     0.305530
10337     1.978309
10338     0.432021
10339    -0.320710
10340    -1.183639
10341    -0.364011
10342    -0.688698
10343    -1.538287
10344     0.008708
10345    -0.920367
10346    -1.129404
10347     0.053004
10348     0.814149
10349     1.054370
10350     1.345649
10351    -0.170118
10352     0.707348
10353     0.128358
10354     1.303241
10355     2.209569
10356     0.318429
10357    -0.047436
10358    -0.495198
10359    -0.176927
10360    -1.069262
10361    -0.910908
10362    -0.912058
10363    -0.741985
10364    -0.535260
10365     0.053825
10366    -0.537502
10367    -0.857442
10368    -0.374356
10369    -0.258277
10370     0.326316
10371     0.283212
10372    -0.718919
10373    -0.726575
10374     0.099864
10375     2.048845
10376     2.001800
10377     0.518762
10378     3.278909
10379     2.986914
10380     0.303252
10381    -0.280817
10382    -0.890023
10383    -1.182605
10384    -0.381595
10385    -0.693122
10386    -1.326292
10387    -0.200832
10388    -0.682620
10389    -0.069640
10390    -0.275716
10391     0.153846
10392    -0.125563
10393    -0.260441
10394    -0.947381
10395    -0.664571
10396     0.004934
10397     1.598450
10398     1.414145
10399    -0.123281
10400    -0.691818
10401    -1.074900
10402    -0.285770
10403    -0.913827
10404     0.301792
10405    -0.774303
10406    -0.627219
10407    -0.168811
10408     0.354061
10409     0.326977
10410     1.942117
10411    -0.614693
10412     0.209411
10413     0.088025
10414    -0.203278
10415     1.305303
10416     1.454321
10417    -0.015057
10418    -1.078391
10419    -0.292470
10420    -0.726892
10421    -0.505362
10422    -0.735479
10423    -0.901526
10424    -0.416860
10425    -0.479554
10426    -0.195600
10427    -0.790143
10428    -0.514529
10429    -0.459878
10430     0.407322
10431    -0.236026
10432    -0.832188
10433    -0.636171
10434    -0.366053
10435     2.892180
10436     2.271129
10437     0.840777
10438     3.280693
10439     2.600499
10440     1.195318
10441    -0.590487
10442    -0.958211
10443    -0.589633
10444    -0.631212
10445    -1.719161
10446    -1.351615
10447     0.878566
10448    -0.798530
10449    -0.023011
10450     0.888941
10451     1.139879
10452    -0.270547
10453    -0.401303
10454    -1.459039
10455     0.343917
10456     1.669246
10457     3.002311
10458     0.573539
10459    -0.458654
10460    -1.411315
10461     0.026295
10462     0.248233
10463     0.560115
10464     1.095166
10465    -0.641940
10466    -0.542192
10467     0.086972
10468     2.228831
10469     2.158808
10470     0.199557
10471    -0.101566
10472    -0.429034
10473    -0.775635
10474     0.826803
10475     1.373807
10476     0.568499
10477     0.848183
10478     0.468369
10479    -0.209614
10480    -0.981306
10481     0.341093
10482    -0.564561
10483    -0.783078
10484    -0.710286
10485    -1.481027
10486     0.398761
10487    -1.272075
10488     0.170435
10489     0.206021
10490     1.334114
10491    -0.283554
10492    -1.076551
10493    -0.844898
10494    -0.199896
10495    -1.348694
10496    -0.621990
10497     1.575606
10498    -1.178795
10499     0.388234
10500     1.109107
10501     0.382711
10502    -0.965200
10503    -0.322073
10504     0.770685
10505    -1.012576
10506    -1.412192
10507     0.967183
10508    -1.483086
10509    -0.697841
10510    -1.897364
10511    -0.699160
10512    -0.749610
10513     0.574244
10514    -0.723687
10515    -0.511608
10516    -1.372166
10517     1.765322
10518     0.473179
10519     0.551623
10520    -0.964634
10521    -0.526044
10522     0.472733
10523     0.935572
10524     0.819529
10525     0.794596
10526     0.600677
10527     0.858167
10528    -0.005501
10529     1.115831
10530    -0.250003
10531    -0.800047
10532    -1.356778
10533    -1.041109
10534    -0.642371
10535     0.509273
10536     0.223767
10537     0.515200
10538    -0.244986
10539    -0.885443
10540     0.279837
10541     1.031645
10542     0.986681
10543    -1.000997
10544    -1.645661
10545    -0.978225
10546     0.840712
10547    -1.104263
10548    -0.967012
10549    -1.255741
10550    -0.030693
10551     0.882835
10552     0.412870
10553     0.408570
10554     0.160640
10555    -0.060087
10556     1.715287
10557     1.205701
10558     0.471880
10559     2.148545
10560     2.730661
10561     0.486486
10562     0.277027
10563     0.025051
10564     0.602253
10565     0.809620
10566     0.079566
10567     0.915681
10568     0.325753
10569    -0.367853
10570    -1.694632
10571    -2.146822
10572    -0.987913
10573     0.498255
10574     1.024432
10575     1.146802
10576    -1.156999
10577     0.150194
10578    -0.417169
10579     0.639651
10580     0.001329
10581    -0.503792
10582     0.430354
10583     0.041750
10584     1.216395
10585     0.702408
10586     0.323067
10587     1.001888
10588     0.158977
10589     1.593655
10590     0.586571
10591    -0.633019
10592    -1.973082
10593    -0.662279
10594    -0.132153
10595     1.041017
10596     0.692966
10597     0.626263
10598    -0.091119
10599    -0.424674
10600     0.291555
10601     0.313614
10602     0.821295
10603    -0.786476
10604    -1.343105
10605    -1.667226
10606     0.728552
10607     0.230506
10608    -0.239636
10609    -2.479401
10610    -2.724626
10611    -2.699288
10612     0.430325
10613    -0.036845
10614     1.060237
10615     0.075901
10616     0.720960
10617     0.764556
10618     0.296018
10619     1.462676
10620     0.574504
10621     0.708081
10622     0.226006
10623     0.266944
10624     0.613969
10625     0.948035
10626     0.071229
10627     2.563790
10628     0.051826
10629     1.989800
10630    -0.682200
10631    -1.007086
10632    -2.086671
10633     0.605678
10634     0.833697
10635     2.057833
10636    -1.648816
10637     0.100553
10638    -0.697413
10639     0.603464
10640    -0.844226
10641    -0.328169
10642    -0.581508
10643    -0.302081
10644     0.354623
10645    -0.351968
10646    -0.155990
10647     0.489661
10648    -0.163475
10649     2.380459
10650     0.182128
10651     0.812552
10652    -1.376049
10653    -0.836029
10654     0.129855
10655     1.641929
10656     0.981673
10657     1.393786
10658    -0.414932
10659    -0.080606
10660    -0.914941
10661    -0.209257
10662     0.208596
10663     0.328435
10664    -1.445662
10665    -1.383098
10666     0.764833
10667     0.104334
10668    -0.277808
10669    -0.316730
10670    -1.703931
10671    -0.390044
10672    -0.729026
10673    -0.218020
10674    -0.190305
10675    -1.532833
10676     0.604958
10677    -0.458688
10678    -1.602946
10679     0.785437
10680     0.126344
10681     0.656639
10682     0.019324
10683    -0.381773
10684     0.609531
10685     0.925395
10686    -0.164607
10687     2.840970
10688     0.782810
10689     1.541096
10690    -0.418353
10691    -0.176354
10692    -0.590628
10693     0.581836
10694     0.849456
10695     0.680553
10696    -1.924626
10697    -1.964874
10698    -0.666307
10699     0.722490
10700     0.837705
10701     0.246855
10702    -0.324204
10703    -0.291375
10704     0.846771
10705    -0.081719
10706     0.029264
10707     0.612033
10708    -0.515627
10709     0.338826
10710    -0.411090
10711     0.854474
10712     0.706399
10713     0.049785
10714    -0.161209
10715     0.071387
10716     0.067189
10717     1.925681
10718     0.312061
10719     0.897906
10720    -0.696753
10721    -0.446886
10722     0.570698
10723     0.313941
10724     0.626516
10725     0.091156
10726     0.728103
10727     0.011275
10728    -0.308769
10729    -0.344260
10730     1.128791
10731    -1.103142
10732    -0.446221
10733     0.317588
10734     0.426157
10735    -2.023069
10736    -1.644779
10737    -1.685117
10738    -2.297626
10739    -2.432529
10740    -0.718767
10741     0.466123
10742     0.209802
10743    -1.222628
10744     0.452560
10745    -0.365954
10746     0.366579
10747     1.318823
10748     0.471881
10749     0.651302
10750     0.099322
10751    -0.072640
10752    -0.339785
10753     0.269632
10754    -0.209425
10755     0.829195
10756    -0.316405
10757    -0.175787
10758    -0.230183
10759     0.216448
10760     1.030708
10761    -0.217406
10762    -0.359756
10763    -0.050260
10764     0.862800
10765     0.129811
10766     0.760115
10767     0.418281
10768    -0.479437
10769     0.183157
10770     0.240483
10771     1.077526
10772    -0.345691
10773     0.684741
10774    -0.088571
10775    -0.801540
10776     1.103187
10777     0.805457
10778     1.552653
10779    -0.792622
10780    -0.425804
10781     0.787990
10782     0.424133
10783     0.085043
10784    -0.597680
10785     0.987971
10786     1.181658
10787     0.039901
10788    -0.521471
10789     0.260714
10790    -1.071980
10791     0.554830
10792    -0.299438
10793     0.103709
10794     0.660872
10795    -3.041885
10796    -0.614155
10797    -3.911124
10798    -1.351823
10799    -0.834805
10800    -0.549153
10801     0.509364
10802    -0.519292
10803    -0.724434
10804     0.401557
10805    -1.760785
10806     0.743670
10807     1.070449
10808    -1.354668
10809     0.304317
10810     0.141222
10811    -0.865142
10812     0.255809
10813     0.260395
10814    -1.420646
10815    -0.135734
10816    -0.234552
10817     1.226580
10818    -0.528921
10819     0.011828
10820    -1.141475
10821    -0.403210
10822    -0.452506
10823     1.854761
10824     0.485460
10825     0.291243
10826     1.342766
10827     0.830017
10828    -0.492242
10829     1.017934
10830    -0.944045
10831     0.903876
10832    -1.051490
10833     0.663231
10834    -0.267279
10835     0.748125
10836    -0.310132
10837     0.694883
10838    -1.520693
10839     0.456032
10840    -0.289156
10841     1.027432
10842     0.528779
10843    -0.135905
10844    -0.562929
10845     0.295705
10846     1.154818
10847    -1.248945
10848    -0.110378
10849     0.164430
10850    -0.805877
10851     0.188278
10852    -0.346695
10853     2.448207
10854     0.262129
10855    -2.119447
10856     1.667774
10857    -0.745311
10858    -1.266284
10859     0.918361
10860    -1.111262
10861    -0.215619
10862     0.851590
10863    -0.753742
10864    -1.394266
10865    -0.475679
10866     0.861460
10867    -0.696446
10868     0.041222
10869     0.314110
10870     0.699449
10871    -1.033576
10872     0.211006
10873    -1.030943
10874     0.508678
10875     0.299377
10876    -0.096734
10877     2.306470
10878    -0.648290
10879    -0.866361
10880     0.440025
10881    -0.020523
10882    -1.632630
10883     0.217003
10884    -0.238283
10885    -1.483412
10886    -0.223519
10887     0.034120
10888     2.107878
10889     0.326944
10890    -0.663511
10891    -0.423805
10892    -0.301408
10893     0.651159
10894     1.762912
10895    -1.446081
10896    -0.701163
10897    -0.666546
10898     0.076808
10899     0.632943
10900     1.829452
10901     0.023658
10902     0.843418
10903    -0.883490
10904     0.390719
10905     0.561407
10906    -0.256896
10907    -0.516831
10908    -0.273173
10909    -1.329274
10910    -0.274732
10911     0.039614
10912     1.481004
10913    -0.131716
10914    -0.198138
10915     1.933257
10916    -0.234759
10917    -0.021642
10918     1.162472
10919    -0.544816
10920    -0.930152
10921     0.130586
10922    -0.513168
10923     1.066747
10924    -1.177982
10925     0.141052
10926     0.246283
10927    -0.604207
10928     0.268908
10929     0.101912
10930     1.014700
10931    -2.116579
10932     1.416063
10933    -1.129088
10934     0.295452
10935    -0.526861
10936     0.374268
10937     0.665332
10938     0.137247
10939    -0.669133
10940     0.500634
10941    -0.012054
10942    -1.396702
10943    -1.071061
10944     0.902332
10945    -0.975199
10946     0.208496
10947     0.688757
10948     1.660348
10949     0.022638
10950    -0.552069
10951    -0.494825
10952    -0.763738
10953     0.193472
10954     1.622026
10955    -0.299200
10956    -0.687423
10957    -0.547667
10958     0.310679
10959     0.298295
10960     0.919587
10961     2.546441
10962    -1.564454
10963    -1.064626
10964    -0.500376
10965     0.233715
10966     0.074509
10967    -0.056700
10968     0.431375
10969    -0.961335
10970    -0.398588
10971     0.232568
10972     1.074122
10973     2.259486
10974    -1.789648
10975     1.471562
10976    -0.638474
10977     0.265696
10978     0.679056
10979    -0.861237
10980    -1.081953
10981    -0.028856
10982     1.092310
10983     1.309067
10984    -0.958091
10985     0.879862
10986     0.579248
10987    -0.201444
10988     1.297098
10989     0.785188
10990     1.765296
10991    -1.413535
10992     1.050361
10993    -0.211594
10994     1.196323
10995     0.410467
10996    -0.052331
10997    -1.242337
10998    -1.126077
10999    -0.067038
11000     0.805744
11001     0.514482
11002    -0.678565
11003    -0.856661
11004     0.695548
11005    -0.267620
11006     0.577863
11007     0.808481
11008     0.677021
11009    -1.287101
11010    -1.362084
11011    -0.270542
11012     0.293776
11013     0.807677
11014    -0.750504
11015    -1.695983
11016    -1.815780
11017    -0.104441
11018     1.235601
11019     0.908469
11020     0.540421
11021     0.899216
11022    -1.397381
11023    -0.814093
11024     0.750861
11025     0.799174
11026    -0.061510
11027     1.174329
11028     0.970934
11029     1.150601
11030    -0.812899
11031     0.442392
11032     0.998843
11033     0.524066
11034    -1.579991
11035    -0.231621
11036    -1.751160
11037    -1.017280
11038    -0.433933
11039    -1.667373
11040    -1.782897
11041    -0.304027
11042     0.873074
11043     0.134347
11044     0.111312
11045     0.734545
11046     0.820409
11047     0.170176
11048     0.696100
11049     0.684984
11050     1.372270
11051    -0.636592
11052     0.650029
11053     0.421855
11054     0.815965
11055     0.522937
11056    -0.925512
11057    -1.602871
11058    -1.134220
11059     0.388974
11060     0.392078
11061     0.622603
11062     0.866710
11063    -0.081278
11064     1.477802
11065    -0.033487
11066    -0.417130
11067     0.877309
11068    -1.817275
11069    -0.005715
11070    -2.929797
11071    -0.951823
11072     2.914273
11073    -1.558600
11074     0.575081
11075    -0.082343
11076    -0.572191
11077     0.202553
11078     0.698572
11079     0.652243
11080    -0.383894
11081    -0.407443
11082    -1.105679
11083     0.353912
11084     1.216895
11085     0.772582
11086     0.377835
11087     0.669911
11088     0.873705
11089     1.197194
11090    -0.545605
11091     0.784111
11092    -1.108406
11093    -1.357676
11094    -1.234959
11095     0.046924
11096    -1.830248
11097     0.174602
11098    -0.560374
11099    -2.044510
11100    -0.512218
11101     0.903419
11102     1.464123
11103     0.614361
11104     0.492945
11105     1.039774
11106     0.514433
11107     0.647199
11108     1.245796
11109     0.386489
11110     0.846523
11111    -0.185145
11112    -0.095737
11113     0.719807
11114     1.224910
11115     0.201044
11116    -2.027576
11117    -0.241990
11118    -2.055765
11119     0.839735
11120     1.122793
11121     0.346449
11122    -0.026608
11123     1.109476
11124     0.165392
11125    -0.303294
11126     0.101331
11127     0.129433
11128    -0.462713
11129    -2.182285
11130     0.711879
11131    -1.670241
11132     0.253524
11133    -0.896140
11134     0.754668
11135    -1.931235
11136     0.737161
11137     0.629556
11138     1.325363
11139     0.321786
11140    -2.964153
11141    -1.266445
11142    -1.691044
11143     0.236335
11144     0.243456
11145     0.570664
11146     0.522329
11147     1.212222
11148     0.350543
11149     0.945189
11150     0.173198
11151     0.181820
11152    -0.145201
11153    -1.912315
11154    -0.099347
11155     0.168224
11156    -1.403489
11157     0.003693
11158    -0.106143
11159    -1.393062
11160    -0.397114
11161    -0.369062
11162     1.938941
11163    -0.007553
11164    -0.640065
11165     1.701312
11166    -0.076159
11167    -0.489353
11168     1.831759
11169    -0.302674
11170     0.876858
11171    -0.879719
11172     0.656082
11173    -0.563171
11174     1.841690
11175    -0.233012
11176     0.251822
11177    -1.219142
11178    -1.443896
11179    -0.466592
11180     1.573318
11181     0.112801
11182     0.006842
11183     0.198857
11184     0.862261
11185     0.061647
11186    -0.370912
11187    -0.393299
11188     0.177659
11189    -1.547426
11190    -0.503047
11191    -0.605399
11192     0.135283
11193     2.674335
11194     0.719592
11195    -1.637520
11196     0.041119
11197    -0.580612
11198     1.635898
11199     0.237142
11200     0.059636
11201    -1.771978
11202    -1.454453
11203    -0.098102
11204     0.068974
11205     0.037684
11206    -0.591625
11207     1.837751
11208    -0.292826
11209     1.262308
11210    -0.796214
11211     1.634260
11212     0.378445
11213    -1.684281
11214    -0.699555
11215     0.447489
11216    -1.441405
11217    -0.327195
11218     0.161683
11219    -1.415185
11220    -0.522016
11221     0.982097
11222     1.469457
11223     0.684667
11224     1.525493
11225     1.667642
11226     0.215610
11227     1.364969
11228     1.594320
11229     0.737501
11230    -0.488419
11231    -0.824421
11232     0.265984
11233     1.327248
11234     0.902309
11235    -0.040670
11236    -0.144754
11237    -0.874562
11238    -0.844697
11239     0.892746
11240     1.639787
11241     0.236825
11242    -1.469984
11243     0.049603
11244     0.620548
11245    -1.363765
11246    -0.017365
11247    -0.499982
11248    -1.455107
11249    -1.947046
11250    -1.277273
11251    -0.844158
11252    -1.392682
11253    -1.594092
11254    -0.970177
11255    -0.923539
11256    -0.253306
11257     1.512277
11258     1.526094
11259     0.446720
11260    -0.445918
11261    -1.095039
11262    -0.854063
11263     1.090928
11264    -0.337226
11265     1.731086
11266     1.433126
11267     1.197758
11268     0.430819
11269    -0.417682
11270    -0.261044
11271     0.322943
11272    -1.178988
11273    -0.882806
11274    -0.864965
11275    -0.408655
11276    -0.816094
11277     0.418457
11278    -0.941279
11279    -0.675146
11280     0.117887
11281     1.422826
11282     1.917608
11283    -1.059327
11284     2.072426
11285     1.601030
11286    -0.512340
11287     0.950521
11288     2.094653
11289    -0.888882
11290    -0.624648
11291    -1.046041
11292     1.260668
11293     0.412771
11294     0.798417
11295     0.492371
11296    -0.392646
11297    -0.994404
11298    -0.738132
11299     0.650880
11300     1.628975
11301    -0.402241
11302    -0.123145
11303    -0.154807
11304     0.336199
11305    -0.318611
11306    -0.240122
11307    -0.445436
11308    -1.238502
11309    -2.123077
11310    -0.513116
11311    -2.042281
11312    -1.069175
11313     1.452005
11314    -0.254674
11315    -1.182185
11316     0.307701
11317     1.442210
11318     1.515303
11319    -0.256562
11320    -0.821258
11321    -1.205461
11322    -0.481093
11323    -0.364204
11324     0.398214
11325     0.664053
11326     0.424535
11327     1.120671
11328     0.675124
11329    -0.129614
11330    -0.609323
11331     1.213064
11332    -0.822997
11333    -0.638315
11334    -1.749302
11335    -0.077096
11336    -0.969294
11337     0.356889
11338    -0.166494
11339    -0.842667
11340     0.288357
11341     0.303719
11342     0.572889
11343    -0.269506
11344     2.289623
11345     1.552683
11346     0.012322
11347    -0.071120
11348     0.623714
11349    -0.730830
11350    -0.079074
11351    -0.089025
11352     1.305455
11353     0.903163
11354     1.249919
11355    -0.350516
11356     0.170082
11357    -0.422501
11358    -1.782566
11359     0.499205
11360     1.283014
11361    -0.156098
11362     0.531933
11363     1.011720
11364     0.166015
11365    -0.113405
11366    -0.374414
11367    -1.361597
11368    -0.796295
11369    -0.986655
11370    -0.349092
11371    -1.708431
11372    -0.500758
11373     0.162427
11374     0.033835
11375    -1.082241
11376     0.615254
11377     1.288046
11378     1.239566
11379     0.573072
11380    -0.411269
11381    -0.935148
11382    -1.365708
11383    -1.891412
11384    -1.773979
11385     0.326546
11386     0.844735
11387     1.421570
11388     0.087956
11389     0.229703
11390    -0.156267
11391     1.833567
11392    -2.270513
11393    -2.236571
11394    -0.856241
11395     0.386515
11396     0.349481
11397     1.081303
11398    -0.139041
11399    -0.746997
11400     1.058237
11401    -0.160221
11402     1.108162
11403    -0.408905
11404     1.619507
11405     1.379028
11406     0.354875
11407     0.079867
11408     0.835450
11409    -0.777342
11410     0.051320
11411    -0.610258
11412     2.165987
11413     0.353282
11414     1.028681
11415    -0.026217
11416     0.037166
11417    -0.904078
11418    -2.107540
11419    -0.179470
11420     0.794717
11421     0.426166
11422    -0.082888
11423     0.963969
11424     0.468117
11425     0.430166
11426    -0.740874
11427    -1.663220
11428    -1.198409
11429    -0.635889
11430    -0.885661
11431    -0.154078
11432    -0.569185
11433     0.063551
11434     0.426157
11435    -0.743284
11436     0.483758
11437     0.276174
11438     1.062324
11439     1.114352
11440    -0.188625
11441    -0.834751
11442    -2.086739
11443    -0.332049
11444    -2.005514
11445     0.124707
11446    -0.093569
11447     0.673543
11448     0.748086
11449    -0.505413
11450    -0.104457
11451     2.524139
11452    -0.957617
11453    -1.581564
11454    -2.411839
11455     0.928352
11456     0.306904
11457     1.573721
11458    -0.349652
11459     0.577077
11460     0.320002
11461    -0.006103
11462     0.894126
11463    -0.419479
11464     2.053653
11465     0.870912
11466    -0.877126
11467     0.116337
11468     0.801478
11469    -0.830886
11470    -0.301023
11471    -0.233376
11472     2.221992
11473     0.289045
11474     1.012747
11475    -0.433633
11476    -0.167006
11477    -1.149832
11478    -2.577188
11479    -0.346554
11480     0.695536
11481    -0.363148
11482     0.846751
11483    -0.473018
11484     0.336830
11485    -0.005729
11486    -0.230049
11487    -1.884361
11488    -1.093872
11489    -0.727857
11490    -0.185849
11491     0.183199
11492     0.115118
11493     2.184091
11494     0.388548
11495    -0.800489
11496    -0.002769
11497     0.187519
11498     0.886042
11499    -0.362841
11500    -0.406710
11501    -0.574736
11502    -1.847719
11503    -0.678123
11504    -1.017751
11505     1.487836
11506    -0.274877
11507     0.435092
11508    -0.566673
11509    -0.337808
11510    -0.804096
11511     2.402340
11512    -0.938797
11513    -1.134649
11514    -1.220695
11515     0.520215
11516     0.838029
11517     1.448330
11518    -0.028664
11519     0.596774
11520     1.490947
11521     1.003326
11522     1.198727
11523    -0.045717
11524     2.753804
11525     1.224832
11526    -0.893692
11527     0.251522
11528     0.686540
11529    -1.057855
11530    -1.077976
11531    -0.351804
11532     1.460065
11533     0.477766
11534     0.827702
11535    -0.403163
11536    -0.418570
11537    -1.267687
11538    -1.344909
11539     0.571436
11540     1.026967
11541    -0.592645
11542     1.567739
11543     0.438693
11544    -0.917767
11545     0.156729
11546    -0.185614
11547    -1.212784
11548    -0.750553
11549    -0.688708
11550     0.492385
11551    -1.293060
11552    -0.144316
11553     0.520896
11554     0.405924
11555    -0.750153
11556     0.347770
11557     0.719392
11558     1.013457
11559    -0.708604
11560    -1.392542
11561    -1.022858
11562    -1.306902
11563    -1.731092
11564    -1.333334
11565     0.829506
11566     0.140757
11567     0.522546
11568    -0.844208
11569     0.478135
11570    -0.360234
11571     2.079338
11572    -0.792017
11573    -1.146677
11574    -0.084507
11575    -0.668151
11576     0.167201
11577     1.227109
11578    -0.402570
11579     0.144720
11580     2.455684
11581     0.486592
11582     1.787632
11583     0.665149
11584     1.971380
11585     1.517315
11586     0.225077
11587     0.223466
11588     0.392772
11589    -0.834833
11590    -0.480227
11591    -1.035200
11592     0.933793
11593     0.557640
11594     0.687612
11595    -0.282603
11596    -0.487466
11597    -0.857547
11598    -1.569770
11599    -0.001662
11600     0.785449
11601     0.389332
11602     1.786541
11603     0.393379
11604    -0.911791
11605     0.267281
11606     0.357444
11607    -1.556305
11608    -0.826088
11609    -0.024633
11610     0.359361
11611    -0.466227
11612    -1.774078
11613    -0.316632
11614    -0.717670
11615    -0.313778
11616     1.558735
11617     0.173402
11618     0.355910
11619     0.222548
11620    -1.057231
11621    -1.348500
11622    -1.909451
11623    -0.795883
11624    -1.916894
11625    -0.487650
11626     0.068447
11627     0.254427
11628    -0.592170
11629     0.447702
11630     0.756051
11631     2.009852
11632    -0.363177
11633    -0.199872
11634    -1.167129
11635    -1.268063
11636    -0.916075
11637     2.239708
11638     0.481243
11639     1.098585
11640     1.024778
11641     0.239094
11642     0.915555
11643     0.842056
11644     1.219516
11645     0.523101
11646    -0.174300
11647    -0.191617
11648    -0.232164
11649    -0.894629
11650     0.066525
11651    -0.388750
11652     1.281274
11653     0.874339
11654     0.336621
11655     0.210297
11656     0.042214
11657     0.519360
11658    -1.609717
11659    -0.406481
11660    -0.164652
11661     0.333038
11662     1.688092
11663    -0.741032
11664    -0.669569
11665     0.702364
11666     0.542261
11667    -1.147753
11668    -0.795915
11669     0.836280
11670     0.151517
11671     0.315636
11672    -1.487555
11673     0.363996
11674    -2.087441
11675     0.650261
11676    -0.423938
11677    -0.876612
11678    -1.032668
11679    -0.344242
11680     0.001748
11681     0.569535
11682    -1.710796
11683     0.311550
11684    -1.717500
11685     0.537041
11686    -0.133031
11687    -0.484461
11688    -0.449670
11689     0.397915
11690    -0.082753
11691     2.437041
11692     0.149777
11693     0.363450
11694    -0.833409
11695    -2.556945
11696    -1.594613
11697     1.181050
11698     1.039272
11699     2.669724
11700     0.920712
11701     0.664852
11702     0.570182
11703    -0.169844
11704     1.691453
11705     0.151915
11706    -1.235301
11707     0.597544
11708    -0.480996
11709    -1.305102
11710    -0.441400
11711    -0.131495
11712     1.280152
11713     0.725331
11714     0.160454
11715    -0.067969
11716    -0.885997
11717     0.797027
11718    -0.062978
11719     0.378163
11720    -0.102722
11721    -1.247641
11722     2.193541
11723    -0.917598
11724    -1.029168
11725     0.612505
11726     0.265898
11727    -0.550574
11728    -1.076044
11729     0.713339
11730     0.647357
11731    -0.174157
11732    -0.992460
11733     0.183205
11734    -1.675058
11735     0.348292
11736     0.153666
11737    -0.344439
11738    -0.853648
11739    -1.407612
11740    -1.469245
11741     1.254624
11742     0.027907
11743    -0.057169
11744    -1.311212
11745     1.511027
11746     0.290466
11747    -0.618642
11748    -0.837567
11749     0.023778
11750    -0.009906
11751     1.763779
11752     0.741979
11753    -0.205439
11754     0.269264
11755    -2.293612
11756    -0.739277
11757    -0.795398
11758     0.497509
11759     2.101666
11760     2.872798
11761     0.583485
11762     0.234309
11763    -0.437758
11764     1.190663
11765    -0.200184
11766    -1.232662
11767     0.727333
11768     0.111152
11769    -0.725235
11770    -0.389869
11771     0.171227
11772     1.788517
11773     0.774942
11774     0.179879
11775    -0.664516
11776    -0.652419
11777     0.308965
11778     0.088222
11779     0.502615
11780     0.140749
11781    -0.881947
11782     1.893276
11783    -0.270918
11784    -1.538711
11785     0.661797
11786     0.223828
11787    -0.644695
11788    -0.823812
11789     0.376859
11790     1.093554
11791    -0.227957
11792    -1.267666
11793    -1.275336
11794    -2.146166
11795     1.562956
11796     2.907498
11797    -0.378793
11798    -0.872537
11799    -0.779670
11800    -1.583933
11801     0.187411
11802     0.776383
11803     0.079489
11804    -1.076903
11805    -0.350696
11806     0.119313
11807    -0.332436
11808     0.065042
11809     0.072401
11810    -0.269728
11811     0.814084
11812     1.049691
11813     0.484254
11814    -0.573119
11815    -1.961039
11816    -1.439820
11817    -0.789667
11818     0.508984
11819     1.748603
11820     2.360710
11821     0.782975
11822     0.228098
11823    -0.247371
11824     0.894990
11825     0.113654
11826    -0.866564
11827    -0.144252
11828    -0.090960
11829    -0.231192
11830     0.178591
11831    -0.088394
11832     1.413562
11833     0.955693
11834     0.130712
11835    -0.361161
11836     0.494716
11837     0.875117
11838    -0.483754
11839     0.198135
11840    -0.084866
11841    -0.344106
11842     1.430438
11843    -0.525709
11844    -0.783787
11845     0.399996
11846     0.559406
11847    -0.511977
11848    -0.817023
11849     0.730733
11850     0.708084
11851     0.850615
11852    -1.189415
11853    -0.888578
11854    -3.842552
11855     1.743634
11856     1.193784
11857     0.179015
11858    -2.044674
11859    -0.055988
11860    -0.736304
11861     1.075205
11862    -0.047249
11863     0.659024
11864    -0.978149
11865    -0.108616
11866    -0.239251
11867    -1.120959
11868     0.546611
11869    -0.116394
11870    -0.202268
11871     0.781639
11872     0.761761
11873     0.587121
11874    -0.384658
11875    -2.161477
11876    -2.344047
11877     0.010134
11878     0.271305
11879     2.625760
11880     0.661185
11881    -0.094764
11882    -0.264270
11883     0.100102
11884     0.269027
11885    -0.087860
11886     0.096388
11887    -0.633086
11888     0.973246
11889    -0.181870
11890    -0.750303
11891     0.418467
11892     0.488110
11893    -0.134818
11894    -0.526487
11895    -0.352557
11896     0.922778
11897    -0.038268
11898     0.882774
11899    -0.572590
11900    -0.104106
11901    -0.062409
11902     0.850221
11903    -1.425131
11904     0.071929
11905    -0.526687
11906    -0.503127
11907    -0.752934
11908    -1.056791
11909     1.273549
11910     0.627689
11911     0.047963
11912    -0.791029
11913    -0.125279
11914     0.663447
11915     1.144958
11916     1.476903
11917    -0.627484
11918    -0.498920
11919    -0.398318
11920    -1.272333
11921     0.556192
11922    -0.051494
11923    -0.168370
11924    -1.122453
11925     0.165996
11926     2.830604
11927     1.059394
11928    -0.124564
11929    -1.033207
11930    -0.436915
11931    -0.043115
11932    -0.263706
11933    -0.385562
11934    -0.464306
11935    -2.324083
11936    -1.833520
11937    -0.498626
11938     3.874183
11939     2.591843
11940    -0.854419

