1      -0.846885
2       0.597994
3      -1.313007
4       0.223829
5      -0.713699
6      -0.361608
7      -0.650871
8       0.183877
9      -0.008588
10      4.167376
11     -2.623590
12      0.620007
13     -0.696724
14      1.178439
15      0.631031
16     -0.814420
17      0.231499
18      0.206973
19     -0.425432
20      0.145856
21      0.010253
22     -0.623365
23      0.175917
24      0.144953
25     -0.749147
26      0.236705
27     -1.106217
28      0.213342
29      0.223643
30      1.115240
31     -0.954295
32      1.089922
33      0.477303
34     -0.685680
35      0.179478
36      0.239054
37     -1.134623
38      0.214030
39      0.216857
40     -0.904257
41     -0.191043
42      0.380145
43      0.374685
44     -1.007934
45     -0.181544
46     -0.996032
47      0.367147
48     -0.342505
49     -0.968419
50      0.479637
51     -0.225804
52     -0.399309
53      0.083770
54      0.047648
55      2.792239
56     -0.630114
57      0.032638
58      3.077988
59     -0.221535
60     -0.582831
61     -1.375418
62      1.748113
63     -1.015735
64      1.750816
65     -0.965879
66      0.199039
67      0.186392
68      0.211760
69      0.653349
70      0.687511
71     -1.382972
72     -1.712042
73     -0.405248
74     -0.115150
75      0.948999
76     -0.541908
77     -0.365427
78      0.791149
79      0.955248
80     -1.115279
81      0.474345
82      0.276195
83     -0.129932
84      0.780031
85     -1.157039
86      1.594847
87     -0.804289
88      0.927162
89     -1.196529
90      1.524844
91      0.092027
92     -0.619419
93      0.782741
94      1.001986
95     -1.211547
96      0.699694
97     -1.190433
98      1.071330
99      0.629579
100    -1.266363
101     0.269474
102    -0.401268
103     2.687368
104    -0.391681
105    -0.802368
106    -0.931456
107     1.872620
108     0.039683
109    -1.020279
110     1.756885
111     0.136084
112    -0.556622
113    -0.479963
114     0.488826
115    -0.283422
116    -0.093220
117    -1.459592
118     0.163484
119    -0.458032
120    -1.953068
121     0.250943
122     1.735217
123    -0.692456
124     0.950333
125    -1.200818
126    -0.238664
127     0.617812
128    -0.020620
129     0.454285
130     0.889743
131    -0.812149
132    -0.311686
133     0.226654
134    -0.594252
135    -0.176921
136    -0.338887
137    -0.805473
138     0.126588
139     0.867263
140    -1.549585
141    -0.232322
142    -0.176935
143    -0.839712
144    -0.581738
145    -0.520638
146     1.408119
147    -0.380672
148     0.494175
149    -1.761049
150     0.057448
151    -0.078191
152    -1.198667
153    -0.474545
154     1.756944
155    -1.715675
156    -1.121563
157    -1.752115
158     0.925026
159     0.939193
160    -0.306157
161     0.438073
162     0.397105
163     1.293843
164    -0.576999
165    -0.988342
166    -1.958158
167     2.162972
168     0.901382
169    -2.079235
170     1.958391
171     0.836300
172     0.060826
173    -0.795421
174     0.112687
175    -0.737466
176     1.808023
177     0.951760
178     0.539246
179     1.434599
180     0.422159
181     0.592429
182     1.235222
183     0.444456
184     0.214540
185    -0.613065
186     0.038435
187     0.242373
188    -1.147499
189    -0.167356
190     0.980642
191     0.264325
192     0.718365
193    -0.219195
194    -1.157567
195    -0.633065
196    -0.314049
197    -1.610087
198    -0.511305
199    -0.049388
200    -1.533602
201    -0.727697
202    -0.160498
203    -1.408273
204    -0.494612
205     0.248390
206     1.849669
207     0.521246
208    -0.327462
209    -1.366302
210    -0.576324
211    -0.407113
212    -1.170150
213    -0.491064
214     0.480562
215    -1.535518
216    -0.898782
217    -0.846654
218     1.813946
219     0.799569
220    -0.489093
221    -0.861791
222    -0.532661
223     0.558466
224    -0.086784
225    -0.125683
226    -0.758040
227     1.624854
228     1.107376
229    -0.598042
230     1.974513
231     1.128547
232    -0.181945
233    -1.665607
234    -0.934694
235     0.155295
236     3.009012
237     0.592543
238     0.878784
239     2.384706
240     0.742705
241     0.141833
242    -0.068423
243    -1.653908
244     1.217498
245    -0.569211
246     1.088454
247     1.893136
248    -1.148602
249     0.700194
250    -0.333711
251    -0.610688
252    -1.633704
253    -0.427122
254    -0.018872
255     0.311524
256     0.437515
257    -0.888947
258     0.571004
259     0.915598
260    -1.147819
261     0.300942
262     1.151803
263    -1.489953
264     0.352606
265     0.013374
266     0.667777
267    -0.765384
268    -0.758267
269    -1.299814
270     0.208925
271     0.151187
272    -0.761864
273     0.567098
274     1.300306
275     0.408107
276    -0.158582
277    -1.559090
278     0.731076
279    -0.232452
280    -0.420432
281    -0.419793
282     0.470950
283     0.274947
284    -0.379751
285     0.457649
286    -1.487352
287     0.484546
288    -1.181123
289    -0.093659
290     0.875584
291     0.473206
292     0.061612
293    -0.984165
294     0.024912
295    -1.331788
296     3.284179
297     0.168472
298    -1.147387
299     3.336632
300    -0.070785
301     1.601169
302    -0.331314
303     0.874939
304    -0.071753
305    -0.058433
306     0.445112
307     1.070924
308    -1.311662
309    -0.287369
310    -1.134332
311     0.186569
312     0.084992
313    -1.689708
314     1.554428
315     0.937688
316     0.083380
317    -1.472166
318    -0.185609
319     0.002699
320    -1.163132
321    -0.292529
322     0.043180
323    -1.230273
324    -0.181968
325     2.504300
326    -0.473353
327    -1.701586
328    -1.802701
329     0.911602
330    -0.944173
331    -1.260728
332     0.864426
333     0.574315
334    -0.069542
335     1.342556
336     0.710836
337     0.232270
338     0.285532
339     2.097096
340    -0.503534
341    -1.054711
342    -0.711194
343    -0.833042
344     0.868850
345    -0.909748
346    -0.945957
347    -0.116633
348     0.643588
349     1.655766
350    -0.614752
351     0.319243
352    -0.292057
353    -1.492611
354    -0.705334
355     0.073286
356     1.524815
357     0.178954
358     1.336379
359     1.780262
360    -0.947254
361     0.412395
362    -0.092937
363     0.879909
364     0.437947
365    -0.355863
366     0.245255
367     1.628067
368    -1.776707
369     1.257882
370    -0.987314
371    -0.239892
372     0.264923
373    -1.238181
374     1.546301
375     0.313792
376     0.279659
377    -1.938673
378     0.065127
379     0.419198
380    -1.600734
381    -0.128160
382    -0.293843
383    -1.415119
384    -0.412349
385     1.502268
386    -0.478161
387    -0.468746
388    -1.422851
389     0.615691
390    -1.014278
391    -1.111778
392     1.022082
393    -0.271876
394     0.468316
395     1.572517
396    -0.202935
397     0.384507
398     0.362956
399     1.359341
400     0.618896
401    -1.472796
402    -0.642514
403    -0.484659
404     0.408248
405    -0.477360
406     0.551406
407    -0.310648
408     0.892882
409    -0.500725
410     1.131995
411     0.242747
412     0.852069
413    -1.836978
414    -0.772657
415    -1.636320
416     2.970337
417    -0.576798
418     0.120943
419     1.888382
420    -0.554184
421     0.295028
422    -0.564668
423     0.273714
424     1.361998
425    -0.380773
426     0.576872
427     1.944788
428    -1.713610
429     0.615814
430     0.326231
431     0.341678
432     1.629938
433    -0.195943
434     1.195970
435     1.025012
436     1.471594
437    -1.463914
438    -0.053539
439     1.719136
440    -0.968834
441     0.622086
442     0.494446
443    -1.358904
444     0.252489
445     0.726891
446    -0.938544
447    -0.779838
448    -0.028171
449     1.052235
450     0.481548
451    -0.485028
452     0.475850
453     0.009632
454    -0.891486
455     0.886116
456    -0.480121
457    -1.821899
458     1.473034
459    -0.096726
460    -1.494151
461    -1.297310
462     0.071278
463     0.639227
464     0.270909
465     0.058598
466    -1.637556
467     0.342090
468    -0.558109
469    -0.663296
470     0.522932
471    -0.504767
472     0.788862
473    -1.605685
474    -1.003890
475    -1.468339
476     1.920157
477    -0.603681
478    -1.082331
479     1.811271
480    -1.536311
481    -1.027865
482    -0.049557
483    -0.144731
484     1.152263
485    -0.344418
486    -0.341867
487     0.843584
488    -1.495798
489     0.108506
490     1.293482
491    -0.058044
492     1.444395
493     0.562531
494     0.882547
495     0.439195
496     0.998524
497    -1.775878
498    -0.038817
499     1.820764
500    -1.237663
501     0.148681
502     0.288197
503    -1.598412
504    -0.035482
505    -1.258214
506     0.188825
507    -0.150467
508     0.977997
509     0.617456
510     0.332585
511     1.440433
512     0.607455
513     0.132639
514     0.744797
515     0.665793
516    -0.437075
517    -0.489046
518     1.055286
519    -0.249289
520     0.147244
521    -1.461092
522     0.481710
523     1.051375
524    -0.169328
525    -0.213893
526    -0.528378
527    -0.153669
528     0.013374
529    -2.123350
530     1.113177
531    -0.691355
532    -1.130401
533    -0.772374
534    -0.638614
535    -2.794396
536     2.101670
537    -0.525914
538    -1.969541
539     1.884025
540     0.366419
541    -0.115583
542    -1.398390
543    -0.537687
544     0.444512
545     0.784859
546     0.235191
547     0.373100
548     1.332967
549    -0.270528
550     1.021119
551     0.420404
552     1.477640
553     0.003323
554     1.588498
555     0.127241
556     0.267380
557    -1.333136
558     0.617350
559     1.403090
560    -0.684020
561     0.444035
562    -0.824935
563    -0.646016
564     0.282143
565    -0.639406
566    -0.909999
567    -0.888434
568     0.579683
569     1.165617
570     0.355539
571     1.675342
572     0.482993
573     0.567731
574     0.422534
575     0.831032
576    -0.812084
577    -0.943123
578     1.045500
579     0.373204
580     0.885744
581    -2.880709
582    -0.539208
583     0.538133
584     0.274319
585    -0.344159
586    -0.962801
587    -0.553250
588     0.531487
589    -1.210706
590     0.225943
591    -1.469873
592     0.763333
593    -2.604401
594    -0.955892
595    -1.973897
596     1.509515
597     0.009044
598    -1.706839
599     1.348273
600     0.797258
601    -1.057714
602     0.181938
603     0.489136
604     0.769023
605     0.324494
606    -0.981181
607     0.746855
608     0.620323
609    -1.352931
610     1.817945
611    -0.229742
612     0.029529
613     0.909659
614     0.439191
615    -0.387929
616    -0.071213
617    -1.371858
618     0.498623
619     1.516555
620    -0.872598
621    -0.816788
622    -0.560361
623    -1.143971
624     0.684067
625    -1.353974
626     0.123932
627     0.163396
628     1.151292
629     0.313534
630    -0.464069
631     1.103860
632     0.740425
633    -0.700283
634     0.944073
635     0.150934
636    -1.789484
637    -1.231063
638     1.584084
639     1.996028
640    -0.308170
641    -0.861010
642     0.246281
643     0.647534
644     0.136950
645    -1.674979
646    -0.287162
647    -1.251670
648     0.682526
649    -0.719719
650    -0.460386
651    -0.450369
652    -0.118982
653    -1.251889
654     0.624331
655    -2.116119
656     1.355627
657     0.999656
658    -1.782319
659     1.471691
660     2.204440
661    -1.746473
662    -1.073205
663    -0.131092
664     0.952992
665     0.116053
666    -0.170381
667     0.827626
668     1.167994
669    -0.415648
670     2.320541
671    -0.142865
672     0.326486
673     1.037441
674     0.807614
675     0.844665
676    -0.327102
677     0.303194
678    -0.209869
679     1.848960
680    -0.235142
681    -0.395796
682    -1.001656
683    -0.134285
684    -0.754889
685    -2.040562
686    -1.492122
687    -0.491882
688     1.314902
689     0.908966
690     0.525510
691     1.499185
692     1.483220
693     0.708163
694     1.219747
695     0.344368
696    -1.274149
697    -0.398734
698     0.251312
699     1.050559
700    -0.780315
701    -2.039379
702    -0.889290
703     1.051526
704     0.141668
705    -0.258359
706    -0.351957
707    -1.075592
708    -1.312995
709    -1.668145
710     0.286314
711     0.728697
712    -0.293954
713     0.876516
714     0.220910
715    -2.204394
716    -0.576863
717     0.590491
718    -1.259628
719     0.082233
720     1.308868
721    -1.036568
722     1.683075
723     1.174183
724     0.803397
725    -1.212866
726    -0.677012
727     1.009633
728    -0.881578
729    -0.879967
730     1.769010
731    -1.228922
732    -0.493405
733     1.469552
734    -1.128267
735    -0.375968
736    -0.329314
737    -0.603648
738    -0.911329
739     0.929985
740    -0.164079
741    -0.822914
742    -0.317552
743    -1.758197
744    -1.084353
745    -1.171128
746     1.497264
747     0.918606
748     1.270494
749    -0.775500
750    -0.381786
751     1.505257
752    -0.530197
753    -0.247254
754     0.713152
755    -0.755471
756    -0.776356
757    -0.715077
758     1.437667
759     0.610722
760    -0.510021
761     0.856516
762     0.670083
763     0.759723
764    -0.931697
765    -0.878351
766    -0.320342
767     0.658389
768     0.828286
769    -1.634157
770     0.277395
771     0.060749
772    -0.711565
773     1.471090
774     1.012866
775    -2.102604
776     0.727190
777     0.962060
778    -1.381874
779     1.361836
780     1.291139
781    -1.204284
782     0.670253
783    -0.107416
784     1.107134
785    -0.086607
786     1.057233
787     0.707351
788     0.016670
789    -0.065336
790     1.946791
791    -0.058083
792     1.065691
793     1.051464
794    -1.905457
795     0.351561
796    -0.464616
797     0.703025
798    -1.383511
799     1.309174
800     1.371095
801     0.633430
802    -0.831798
803    -1.683784
804    -1.273970
805    -1.422751
806     0.468882
807    -0.233233
808     1.025564
809    -0.619537
810     0.979692
811     1.335705
812    -0.064272
813     1.126235
814     0.563284
815     0.313662
816     0.270659
817    -0.584587
818     0.050204
819    -1.149550
820    -0.043936
821    -0.839140
822    -1.289592
823     0.891392
824    -0.418118
825     1.035627
826    -0.158131
827    -0.993532
828    -0.660082
829    -1.929243
830     1.300862
831    -0.371086
832     0.088074
833    -0.545028
834    -1.010395
835    -2.120336
836     2.446009
837     1.295460
838    -1.266251
839    -0.127104
840    -0.271418
841    -0.942464
842     2.048514
843     0.063672
844     0.572089
845    -0.281587
846     0.843193
847     0.879326
848     0.922820
849     0.977403
850     1.551868
851    -0.779903
852     0.984480
853     1.039772
854    -0.310329
855     1.139826
856    -0.448958
857     0.911000
858    -0.454057
859     0.295598
860     1.119606
861    -0.507328
862    -0.875509
863    -1.031765
864    -0.731503
865    -1.249960
866     1.713658
867    -0.177179
868     1.031380
869    -1.693122
870     0.016066
871     1.622601
872    -1.554146
873    -0.180290
874     0.646439
875    -0.093669
876     0.866418
877    -0.417346
878    -0.730959
879    -1.013750
880    -0.085051
881    -1.242824
882    -0.983145
883     0.825839
884    -1.330241
885     0.473863
886    -0.310225
887    -1.309453
888    -0.944034
889    -0.988300
890     1.904336
891     0.681646
892     0.136666
893    -1.259670
894    -0.906765
895    -2.000086
896     1.832400
897     0.273943
898    -1.283680
899     1.165335
900    -0.422459
901    -1.564550
902     1.352626
903    -0.621569
904     0.394571
905    -0.084636
906     1.151230
907     0.671627
908     0.580910
909    -0.218026
910     0.888877
911    -1.715553
912     1.289599
913     0.360005
914    -1.775577
915     1.397941
916    -0.555794
917     1.221181
918    -0.889132
919    -0.069334
920     1.071167
921    -0.143764
922     0.239806
923    -0.080269
924    -0.443255
925    -1.576962
926     1.748386
927    -0.720784
928     1.101673
929    -1.810394
930     1.280435
931     1.394822
932    -2.006265
933     0.877054
934     0.486225
935     0.004642
936     0.165179
937     0.205788
938     0.002074
939    -0.500633
940     0.685631
941    -0.506981
942    -0.296314
943     0.822558
944    -1.074465
945     0.935210
946     0.416871
947    -0.541313
948    -0.494468
949    -0.916575
950     1.230438
951    -1.087452
952     0.759808
953    -0.608217
954    -0.213860
955    -2.320864
956     1.480504
957    -0.884304
958    -1.424180
959     1.511742
960    -0.583087
961    -0.793416
962     0.906968
963    -0.768004
964     0.880618
965    -0.418130
966     1.406993
967     0.062899
968     0.324403
969    -0.279986
970     1.545583
971    -1.971344
972     1.626553
973     0.979018
974    -0.640489
975     2.270562
976    -0.775889
977     0.656091
978    -1.308884
979    -0.062960
980     0.517769
981    -0.250041
982     0.118416
983     0.878769
984    -0.717056
985    -1.191691
986     1.038552
987    -0.837471
988     0.957940
989    -1.272128
990     1.976442
991     1.560667
992    -1.665119
993     1.340435
994     0.097551
995     0.079082
996     0.141756
997    -0.208707
998     0.489114
999    -0.813826
1000     0.142565
1001    -0.192172
1002    -0.422457
1003     0.621943
1004    -1.114921
1005     1.272997
1006     0.135971
1007    -0.447625
1008    -0.799767
1009    -0.713067
1010     1.423700
1011    -1.707719
1012     0.204738
1013    -0.509521
1014    -0.252069
1015    -1.794753
1016     0.734865
1017    -0.966089
1018    -1.767427
1019     1.182137
1020    -0.912369
1021    -0.298651
1022     0.749493
1023     0.022281
1024     2.370274
1025    -0.227462
1026     1.623059
1027     0.794671
1028    -0.045675
1029     1.129324
1030     2.628339
1031    -2.061968
1032     1.350829
1033     0.662293
1034     0.622997
1035     0.699264
1036    -1.204301
1037     0.261849
1038    -1.050770
1039    -0.069220
1040     0.256191
1041    -0.069210
1042    -0.883786
1043     0.726008
1044    -0.894796
1045    -0.746186
1046     0.954231
1047    -0.418094
1048     0.450519
1049    -0.157669
1050     0.377970
1051     0.806637
1052    -0.813890
1053    -0.291344
1054     0.738139
1055    -0.296413
1056     0.964813
1057    -1.167825
1058     0.224898
1059    -1.038489
1060    -1.125772
1061    -0.444325
1062    -0.739400
1063     2.545565
1064    -0.838065
1065     1.668515
1066    -0.993520
1067    -0.909258
1068    -0.889945
1069    -1.042174
1070     1.069142
1071    -0.566344
1072    -0.791870
1073    -0.898709
1074    -0.537470
1075    -1.257183
1076     0.761103
1077    -1.024009
1078    -1.415949
1079     1.067521
1080    -0.316182
1081    -0.579100
1082     0.060166
1083    -0.536777
1084     2.498263
1085    -0.116195
1086     1.519051
1087     0.180219
1088    -1.892931
1089     0.578116
1090     2.402972
1091    -0.472564
1092     2.074801
1093     0.553614
1094     1.905430
1095     0.533736
1096    -0.659973
1097    -0.613976
1098    -0.545111
1099     0.493076
1100    -0.698207
1101     0.004998
1102    -0.507366
1103    -0.319177
1104    -0.891426
1105    -0.558940
1106     1.067023
1107    -0.524576
1108     0.340031
1109     1.325194
1110     0.464438
1111     0.120453
1112     1.362847
1113    -0.569990
1114     0.074053
1115    -1.745586
1116     0.240664
1117    -0.944826
1118    -0.491340
1119    -0.950076
1120    -0.814591
1121    -0.735817
1122    -0.328160
1123     2.327923
1124    -0.380505
1125     1.453416
1126    -1.125702
1127    -0.587842
1128    -1.105176
1129    -1.013328
1130     0.191024
1131    -0.701603
1132    -0.817705
1133    -0.455496
1134    -0.494419
1135    -0.853152
1136     1.198066
1137    -0.668890
1138    -1.115921
1139     1.399886
1140     0.446981
1141    -0.238716
1142    -0.059031
1143     0.216012
1144     1.474046
1145     0.090302
1146    -1.311531
1147     0.076415
1148    -2.928980
1149    -0.093634
1150     1.331883
1151    -0.053906
1152    -0.897097
1153    -0.191840
1154     1.541843
1155    -0.356035
1156    -0.403362
1157    -1.012415
1158    -0.225126
1159    -0.251261
1160    -2.682724
1161     0.056412
1162    -0.161859
1163    -0.876476
1164     0.589010
1165    -0.584862
1166     0.435356
1167     1.350936
1168     0.154440
1169     1.440172
1170    -0.279714
1171    -0.185337
1172     1.155453
1173    -1.053096
1174     0.310501
1175    -2.581525
1176     0.191234
1177    -0.154640
1178     0.933387
1179    -0.672134
1180    -0.085680
1181     0.181320
1182     0.179703
1183     1.075894
1184    -0.509137
1185    -1.523045
1186    -0.567540
1187    -0.244932
1188     0.401937
1189    -0.302932
1190     1.201065
1191     0.285763
1192    -0.157298
1193    -0.073916
1194     0.726703
1195    -0.550887
1196     1.366011
1197     1.088817
1198    -0.586966
1199     2.678135
1200     1.324885
1201    -1.036064
1202    -0.323201
1203    -0.319040
1204     2.677385
1205     1.625969
1206    -0.627856
1207    -0.104879
1208    -1.523966
1209     0.168475
1210     2.687782
1211    -0.372871
1212    -0.461278
1213    -0.720436
1214    -0.470587
1215    -1.104476
1216    -0.361113
1217    -0.294693
1218    -0.109536
1219    -0.445547
1220    -1.877700
1221     0.254768
1222    -0.403310
1223     0.065455
1224     0.575956
1225    -0.809573
1226     0.163803
1227     1.336654
1228    -0.636696
1229    -0.165427
1230    -1.147051
1231    -0.211083
1232     0.777121
1233    -1.268163
1234    -0.847493
1235    -2.100570
1236    -0.421722
1237    -0.311931
1238     0.755240
1239    -0.761968
1240    -0.269171
1241     0.172787
1242     0.022989
1243     2.795360
1244     1.358177
1245    -0.198803
1246    -0.301422
1247    -0.046022
1248     0.524832
1249    -0.321621
1250     0.523528
1251     0.241588
1252    -0.121081
1253    -0.282696
1254     0.717313
1255    -0.743536
1256    -0.117240
1257     1.080969
1258    -0.515572
1259     2.132891
1260     1.496347
1261     0.039713
1262    -0.051723
1263    -0.340399
1264     0.282222
1265     1.493674
1266    -1.059272
1267     0.281905
1268    -0.447622
1269    -0.953667
1270     0.653294
1271     0.706152
1272    -2.312072
1273    -1.517781
1274    -0.223394
1275    -2.022647
1276    -0.096069
1277    -0.977409
1278     0.771057
1279    -0.219574
1280    -0.569951
1281    -1.073000
1282    -0.027907
1283     0.008470
1284     0.689365
1285     0.312373
1286     1.149684
1287     0.641838
1288    -0.715605
1289    -0.350299
1290    -1.293894
1291    -2.315889
1292    -0.505957
1293    -0.558219
1294     1.025757
1295    -1.078120
1296    -0.730837
1297     0.163691
1298     0.201541
1299     0.261035
1300    -0.112226
1301    -0.432312
1302     0.725056
1303     2.496853
1304     1.382925
1305    -0.433215
1306    -0.341647
1307    -0.816974
1308     1.391601
1309     0.456649
1310     0.331051
1311     0.849845
1312     0.099974
1313    -0.687115
1314     1.201027
1315     0.700832
1316    -0.101271
1317     1.648895
1318    -1.166564
1319     0.968651
1320     2.597502
1321     0.165809
1322     1.205544
1323    -0.247680
1324     1.502522
1325    -0.181066
1326     0.004848
1327     0.683567
1328    -1.080637
1329    -0.670235
1330     0.579545
1331    -1.171366
1332    -1.874230
1333     0.244658
1334     1.231342
1335    -0.778411
1336    -1.252310
1337    -0.601017
1338     0.107660
1339     0.321064
1340     0.112435
1341    -0.639439
1342     0.055884
1343     0.683475
1344     0.541633
1345     0.213691
1346     1.045027
1347     0.333441
1348     0.359278
1349    -0.752117
1350    -0.715524
1351    -2.785468
1352    -0.511377
1353    -0.965987
1354    -0.083080
1355    -1.033305
1356    -1.097131
1357     0.187879
1358     0.511166
1359     0.090396
1360     0.058824
1361    -0.412441
1362     0.597253
1363     3.316137
1364     2.066928
1365     0.236762
1366    -0.894889
1367    -1.076550
1368     0.870066
1369     0.516466
1370     0.418273
1371     0.619504
1372    -1.092120
1373    -0.648589
1374     0.547994
1375    -0.683494
1376     1.150016
1377     1.035711
1378    -1.413964
1379    -0.955739
1380     2.003369
1381    -2.071065
1382     0.183276
1383     0.922910
1384     1.462340
1385    -2.390070
1386     2.081528
1387    -0.337334
1388    -1.439940
1389    -0.000708
1390     0.113490
1391     0.449422
1392    -1.973083
1393    -0.985634
1394     0.453816
1395    -0.257187
1396    -0.421998
1397     0.659805
1398    -0.758463
1399     0.403713
1400     1.449301
1401    -1.318177
1402     0.967332
1403    -0.094269
1404     0.269071
1405    -1.042272
1406     0.304705
1407     0.570745
1408     0.388981
1409    -1.118452
1410    -0.367979
1411     0.764014
1412    -0.615831
1413    -0.683529
1414    -0.583006
1415    -1.745267
1416    -0.041860
1417    -1.693438
1418     0.509355
1419     0.460400
1420     1.847465
1421    -0.866611
1422     0.385328
1423     2.069186
1424     2.118681
1425    -0.465985
1426    -0.523372
1427     0.954381
1428    -0.393450
1429    -1.330901
1430     0.035573
1431     0.983405
1432    -0.378556
1433     0.423740
1434    -0.369346
1435     1.232599
1436     0.318764
1437     0.561643
1438     0.118458
1439     0.409622
1440     0.394737
1441    -2.278146
1442     0.071329
1443    -0.024014
1444     0.043992
1445    -1.798725
1446     0.841431
1447     0.581909
1448    -0.871252
1449     0.511059
1450     0.318883
1451     0.765492
1452    -1.488223
1453     0.603515
1454     0.035912
1455     0.652047
1456     1.443618
1457    -0.272057
1458     0.685579
1459     1.579111
1460     0.903716
1461    -0.283399
1462    -0.956624
1463     0.699376
1464    -0.463772
1465    -4.023012
1466     0.863337
1467    -0.379119
1468     0.722122
1469     0.130540
1470     0.398313
1471     0.302780
1472     0.551867
1473    -0.567725
1474     0.481541
1475    -1.036204
1476     0.642233
1477    -1.834699
1478    -0.189983
1479    -0.473346
1480    -0.356836
1481     0.823652
1482     0.256236
1483     2.385014
1484     0.594246
1485    -0.626429
1486     1.272821
1487    -0.404622
1488     0.687578
1489    -2.061040
1490    -0.346954
1491    -0.162982
1492     1.131732
1493    -0.283743
1494     0.407904
1495     0.996402
1496    -0.238693
1497    -0.080253
1498    -0.353085
1499     0.002764
1500    -0.533119
1501     0.254451
1502    -1.850968
1503    -0.323047
1504    -1.451724
1505    -0.651314
1506     0.229861
1507    -0.744763
1508     0.600784
1509     0.462017
1510    -1.226377
1511     1.218200
1512    -0.804651
1513    -0.080682
1514     0.734241
1515    -0.049706
1516     1.171904
1517     0.744158
1518     0.127073
1519     0.717470
1520     1.528061
1521    -0.339252
1522     0.558867
1523     0.614356
1524    -0.733628
1525    -0.365764
1526     0.633580
1527    -0.118550
1528    -0.669820
1529     1.016319
1530     0.224125
1531    -1.828921
1532     1.000048
1533     0.266703
1534    -0.445358
1535     0.635005
1536     0.525149
1537     0.095230
1538    -2.979463
1539    -0.200834
1540     0.887271
1541     1.211340
1542     0.044374
1543     0.059176
1544    -1.779685
1545    -0.784513
1546     1.074699
1547     0.687668
1548     0.156437
1549     0.343960
1550    -2.427122
1551    -0.225232
1552     0.616293
1553     1.125757
1554     0.329740
1555    -1.007362
1556     0.503332
1557     0.020879
1558     2.041451
1559    -2.564296
1560     1.193054
1561     0.448787
1562    -0.323283
1563     0.212149
1564    -2.169843
1565     1.127958
1566     0.626051
1567     0.056962
1568     1.047170
1569     0.674902
1570    -0.883551
1571     1.461087
1572    -1.039521
1573     0.320649
1574     0.968250
1575    -0.236755
1576     0.938913
1577    -0.111461
1578    -0.594832
1579     0.408520
1580     0.183550
1581    -0.961790
1582     0.387266
1583    -1.353523
1584    -0.605898
1585     0.030068
1586    -1.254393
1587     0.232858
1588     0.112965
1589     1.367350
1590     0.529473
1591    -2.379352
1592     1.919830
1593    -0.155419
1594     0.323814
1595     0.973987
1596     0.735797
1597     0.425252
1598    -1.182058
1599     0.638282
1600     0.485754
1601    -0.241794
1602    -0.648586
1603    -1.900281
1604    -0.271559
1605    -0.836708
1606     0.805452
1607    -0.209706
1608    -0.597999
1609     0.919419
1610    -1.250233
1611     1.203245
1612     0.237465
1613     0.420765
1614    -0.600163
1615     0.100891
1616     0.523866
1617     0.621318
1618     1.330850
1619    -3.795802
1620     0.803596
1621     1.468453
1622    -2.009514
1623     0.299190
1624    -1.251239
1625     0.893744
1626     0.692706
1627    -1.064618
1628     1.310679
1629     0.406068
1630    -0.638438
1631     2.081650
1632    -0.353243
1633    -0.414666
1634     1.624317
1635    -0.016218
1636     0.752941
1637     0.251540
1638    -0.759174
1639    -0.055650
1640     0.863330
1641    -0.640054
1642     0.585670
1643    -1.308648
1644    -0.955127
1645     0.973625
1646    -1.591818
1647     0.309236
1648    -0.983495
1649     1.660709
1650     0.285690
1651    -1.138042
1652     1.360149
1653     0.226751
1654    -0.606499
1655     1.161795
1656     0.353926
1657    -0.093312
1658    -0.704089
1659     0.532549
1660     0.814757
1661    -0.060945
1662    -0.707682
1663    -1.082228
1664     0.020280
1665     0.582857
1666     0.232788
1667     0.176031
1668    -0.795379
1669     0.710777
1670    -1.470323
1671     0.537553
1672     0.549186
1673     0.871580
1674    -0.241762
1675     0.362796
1676    -1.341757
1677     0.044037
1678     0.877193
1679    -3.788709
1680     0.198077
1681     1.196897
1682    -1.079215
1683     0.082711
1684    -0.727821
1685     0.287266
1686     1.101622
1687    -0.736972
1688     1.217033
1689     0.134847
1690    -0.173578
1691     1.721564
1692     0.004974
1693    -0.211175
1694     1.613755
1695    -0.184461
1696     0.335448
1697     0.709756
1698    -1.095495
1699    -0.486127
1700     1.015186
1701    -1.172960
1702     0.671289
1703    -1.305485
1704    -0.727955
1705     0.700866
1706    -2.256692
1707     0.766545
1708    -0.701212
1709     1.906084
1710     0.098760
1711    -0.765007
1712     0.337139
1713     0.883218
1714    -0.810693
1715     1.540927
1716    -0.252654
1717    -0.101996
1718    -0.365885
1719     0.113737
1720     0.614511
1721     0.042984
1722    -0.928938
1723    -0.537977
1724     0.500880
1725     1.179742
1726    -0.213133
1727     0.165125
1728    -1.259567
1729     0.732735
1730    -1.504296
1731     0.424754
1732     0.703946
1733     1.284366
1734     0.195401
1735    -0.409890
1736    -2.458804
1737     0.331537
1738     0.919889
1739    -3.371688
1740     0.304183
1741     2.005635
1742    -2.003715
1743     0.086708
1744    -0.484104
1745     1.331585
1746     1.081673
1747    -1.210675
1748    -0.084580
1749    -0.218997
1750    -0.771601
1751     0.890790
1752    -0.855921
1753    -0.962206
1754     0.239202
1755    -0.594952
1756     1.032683
1757     1.265957
1758     0.272769
1759     0.068321
1760     0.030275
1761    -0.530602
1762     0.223437
1763     0.057822
1764    -1.065480
1765     0.715030
1766    -2.166921
1767    -0.057004
1768    -1.459147
1769     0.889126
1770    -0.601763
1771    -0.225051
1772     1.132747
1773     1.113557
1774    -1.382507
1775     0.946793
1776    -1.246162
1777     0.485054
1778     0.508687
1779     1.125595
1780     0.960413
1781     1.106168
1782     0.537546
1783    -0.223460
1784     1.353860
1785     1.059078
1786     0.346447
1787     0.412251
1788     0.243478
1789    -0.089163
1790    -0.549100
1791    -0.243332
1792     1.311781
1793     0.228921
1794     0.981637
1795    -0.318146
1796    -2.553250
1797    -0.474463
1798    -0.022743
1799    -3.036620
1800    -0.613364
1801     2.050738
1802    -1.943903
1803     1.489541
1804     0.098138
1805     0.991724
1806     0.094775
1807    -0.584529
1808    -0.277819
1809    -1.050315
1810    -0.927438
1811     0.450016
1812    -0.645768
1813    -0.529016
1814    -0.160920
1815    -0.939014
1816     1.741374
1817     0.701087
1818     0.423698
1819    -0.594123
1820     1.444788
1821     0.454163
1822    -1.218745
1823     1.757073
1824    -0.309413
1825     1.260330
1826    -1.853789
1827     0.650438
1828    -1.368483
1829     0.496913
1830    -0.954007
1831     0.596594
1832     0.937496
1833     0.499624
1834    -1.942642
1835     0.172029
1836    -1.305848
1837     1.156245
1838    -0.054265
1839     1.685620
1840     1.271270
1841     0.130194
1842     0.878213
1843     0.427883
1844     0.959392
1845     0.102837
1846     0.610317
1847    -0.667288
1848     0.380324
1849    -0.790892
1850     1.572464
1851     0.171854
1852    -0.049802
1853    -1.672229
1854    -0.362601
1855    -0.337919
1856    -1.549084
1857    -0.342301
1858    -0.869302
1859    -1.433881
1860    -0.921819
1861     0.711227
1862    -2.180344
1863     1.139315
1864    -0.100060
1865     1.507755
1866     0.537437
1867    -0.225216
1868     0.742201
1869    -0.590867
1870    -2.029795
1871     0.943455
1872    -0.643237
1873    -0.917902
1874     1.350985
1875    -0.647863
1876     0.427009
1877     1.008173
1878     0.043886
1879     1.683484
1880     1.660270
1881     0.130055
1882    -0.190915
1883     0.932119
1884    -0.637780
1885     0.861068
1886    -1.973726
1887     0.961230
1888    -1.328472
1889     1.175455
1890    -0.608004
1891     0.372777
1892     1.464662
1893     0.945986
1894    -1.399196
1895     0.891117
1896    -0.956938
1897     0.515633
1898    -1.420538
1899     0.781762
1900     0.899882
1901    -1.061635
1902     0.277074
1903     0.240804
1904     1.270815
1905     0.510644
1906    -0.196294
1907    -1.912875
1908    -0.438039
1909     0.200988
1910     0.516937
1911    -0.261848
1912     0.797339
1913    -1.533621
1914     0.039571
1915    -0.141740
1916    -1.786913
1917     0.008375
1918    -0.180621
1919    -1.594290
1920    -0.590760
1921     0.763633
1922     0.689986
1923     1.019950
1924    -0.838913
1925    -0.949337
1926    -0.077200
1927     0.222315
1928    -2.151642
1929    -0.743252
1930    -0.279548
1931    -1.292223
1932    -0.462006
1933    -0.214936
1934    -0.990293
1935    -0.626675
1936     0.885272
1937    -1.333749
1938     0.374538
1939     1.530557
1940     2.401414
1941     0.669745
1942    -1.515746
1943     2.273612
1944    -0.091177
1945     0.973363
1946     0.629950
1947     1.274960
1948     0.308936
1949    -1.210817
1950    -0.562798
1951     0.567983
1952    -1.403987
1953     0.350916
1954     0.193514
1955    -1.514393
1956    -1.005731
1957    -0.304530
1958     1.335005
1959     0.767799
1960    -0.256967
1961     1.511926
1962    -0.492226
1963     0.667258
1964    -1.821438
1965     0.127022
1966    -0.248153
1967     0.441890
1968    -0.474994
1969    -0.018177
1970     2.450010
1971     1.018752
1972    -0.442857
1973     0.002384
1974    -0.421082
1975    -0.388716
1976     0.808373
1977     0.175984
1978    -1.604287
1979     0.123329
1980    -0.822525
1981    -2.227151
1982     0.819734
1983    -0.176344
1984     0.971861
1985    -0.928695
1986     0.780039
1987     1.195308
1988    -0.096190
1989    -1.624845
1990    -0.581193
1991    -0.919507
1992    -0.599824
1993    -0.538826
1994    -0.644458
1995    -0.762626
1996    -0.610775
1997    -0.515094
1998    -0.487076
1999     2.338158
2000     0.135388
2001     0.610632
2002    -0.453038
2003     1.859707
2004     0.481579
2005    -2.386071
2006     0.622334
2007    -0.392838
2008    -0.092675
2009    -0.696255
2010    -1.033423
2011     1.027754
2012    -0.695929
2013     0.738843
2014     1.181569
2015    -0.048672
2016    -1.414007
2017    -0.863290
2018     1.349507
2019     1.478804
2020    -0.364394
2021     1.037439
2022    -0.246148
2023     1.951383
2024    -2.212792
2025     0.841752
2026    -0.321088
2027    -0.112668
2028    -0.233328
2029    -0.032069
2030     0.901144
2031     1.711515
2032    -0.427470
2033     0.116905
2034    -0.170438
2035    -0.499523
2036     0.937072
2037     0.780012
2038     0.731531
2039    -0.908968
2040    -0.282280
2041    -1.329107
2042     0.539866
2043    -0.425951
2044     1.596683
2045    -2.474286
2046    -0.347187
2047     0.300992
2048     1.937426
2049    -0.029984
2050    -0.443965
2051     0.089714
2052     0.483495
2053    -0.262054
2054     0.188695
2055     0.232801
2056    -2.678656
2057     1.514285
2058     1.220386
2059     0.779683
2060    -0.258325
2061    -0.022974
2062    -0.522103
2063     1.583123
2064    -0.243646
2065    -0.622959
2066     0.369861
2067    -0.697132
2068    -0.240012
2069     0.208418
2070    -0.167242
2071     1.459619
2072    -1.544548
2073     0.155113
2074    -0.235020
2075     1.579320
2076     0.145495
2077     0.650978
2078     0.376319
2079     0.120498
2080     0.396265
2081     0.372783
2082    -0.908665
2083     1.486266
2084    -3.272311
2085     0.395342
2086    -0.884522
2087    -0.195827
2088    -0.159628
2089    -1.067072
2090    -0.266610
2091    -0.080435
2092    -0.720366
2093     0.037389
2094    -0.080302
2095     0.336006
2096     0.303851
2097     0.252786
2098     1.999342
2099    -1.089142
2100     0.157229
2101    -0.354735
2102     0.032374
2103     0.082652
2104     1.676968
2105    -2.137773
2106    -0.829321
2107    -0.002567
2108     1.408122
2109    -0.445302
2110    -0.502896
2111     0.094808
2112     0.682348
2113    -0.802180
2114    -0.086326
2115     0.295892
2116    -2.565558
2117     0.886857
2118     2.136429
2119    -0.345823
2120     0.013336
2121    -0.712661
2122     0.010003
2123     2.086958
2124    -0.126688
2125     0.523561
2126    -0.248687
2127    -0.342715
2128     0.228197
2129     0.305312
2130    -0.141914
2131     2.592169
2132    -2.119774
2133     0.380986
2134    -1.515261
2135     0.660183
2136    -0.285293
2137     0.436357
2138    -0.205635
2139     0.040647
2140     0.289583
2141     0.056370
2142    -0.968215
2143     1.972200
2144    -2.284668
2145     0.281010
2146    -0.602948
2147    -0.314251
2148     0.185692
2149    -0.501677
2150     0.148301
2151     0.392234
2152    -0.208674
2153     0.338419
2154     0.285146
2155    -0.283935
2156    -0.050648
2157     0.394469
2158    -0.042783
2159     1.416721
2160    -1.305394
2161     0.068617
2162    -0.129748
2163    -0.025081
2164    -1.936025
2165    -1.555109
2166     0.633148
2167    -0.815040
2168     0.093978
2169    -0.836681
2170    -0.683521
2171     0.439575
2172     1.211194
2173     2.392080
2174     0.147072
2175    -1.349998
2176    -0.083249
2177    -0.102617
2178    -0.533546
2179    -2.488550
2180     0.839164
2181     1.081569
2182     0.379509
2183     0.789222
2184    -0.791237
2185     1.564673
2186     0.106766
2187    -0.303422
2188     0.580409
2189     0.225957
2190    -0.285015
2191     3.264307
2192     0.225476
2193     0.812362
2194     0.084114
2195     0.474118
2196    -0.526541
2197     1.517596
2198     0.006646
2199    -0.082596
2200     0.651080
2201    -0.267242
2202    -1.223342
2203    -1.059915
2204    -1.619510
2205     1.361413
2206     0.294550
2207     0.457695
2208     0.458462
2209    -1.289949
2210    -0.713373
2211    -0.026651
2212     0.377775
2213     0.503856
2214     0.245762
2215    -0.802201
2216    -0.155589
2217     0.695356
2218    -2.016260
2219     0.233662
2220    -0.515155
2221     0.816116
2222    -0.353707
2223     0.700758
2224    -2.928336
2225     0.712107
2226    -0.797792
2227    -0.827821
2228    -1.059297
2229    -1.426870
2230    -1.202429
2231     0.502099
2232     0.179959
2233     1.530858
2234     0.472028
2235    -0.229342
2236     0.784409
2237    -0.946284
2238    -0.177031
2239    -2.785712
2240     1.276834
2241    -0.219446
2242    -0.012861
2243    -0.869440
2244    -1.449484
2245     0.393477
2246     0.061637
2247    -0.436244
2248     1.532359
2249    -0.571585
2250     0.398935
2251     2.351007
2252     0.136609
2253     0.979324
2254     1.152308
2255    -0.974670
2256    -0.183243
2257     0.364805
2258     0.194741
2259    -0.066737
2260     1.781713
2261    -0.476209
2262     0.148464
2263    -2.164007
2264     0.830615
2265     0.107155
2266     0.736527
2267     0.141577
2268     0.812885
2269     0.201384
2270    -0.829306
2271     0.644517
2272     0.632175
2273     0.334060
2274     0.617657
2275    -0.694117
2276     0.186813
2277     0.404827
2278    -1.661857
2279     1.231379
2280    -0.008292
2281     1.849757
2282    -1.042645
2283    -0.895668
2284    -2.470944
2285     0.217665
2286     0.202806
2287    -1.379238
2288     0.092263
2289    -0.115597
2290    -1.599635
2291    -0.133705
2292     0.732443
2293     0.718384
2294     1.643192
2295     0.256125
2296     1.182758
2297    -0.645985
2298    -0.246398
2299    -1.889021
2300     1.661272
2301     0.515996
2302    -0.084096
2303     1.417076
2304    -0.516015
2305     0.982169
2306    -1.442332
2307    -1.271034
2308     0.281131
2309     1.042384
2310     0.777055
2311    -0.151583
2312     1.278882
2313     1.316305
2314     0.519942
2315     1.910603
2316    -0.027016
2317     0.707183
2318    -1.461121
2319    -0.861010
2320     1.597971
2321     0.258478
2322     0.143737
2323    -1.558937
2324    -0.176118
2325     0.437194
2326     0.812777
2327    -0.913324
2328     0.141318
2329     0.986067
2330    -0.921289
2331    -0.087513
2332     0.813598
2333    -0.846122
2334    -0.010789
2335     0.295634
2336    -1.258593
2337    -0.560474
2338    -1.613917
2339    -0.680581
2340     0.068534
2341     1.613587
2342    -0.465109
2343    -0.621590
2344    -1.619459
2345     0.505723
2346     0.097464
2347    -0.444011
2348     0.294341
2349    -0.144433
2350    -0.991298
2351     0.224186
2352     0.458915
2353    -1.207604
2354     0.828058
2355     0.758536
2356     1.530405
2357    -0.300569
2358    -0.434726
2359    -2.356762
2360     1.279856
2361     1.001287
2362    -1.837751
2363     0.468923
2364     0.642683
2365     1.267747
2366    -0.853806
2367    -0.917394
2368    -1.276102
2369     0.964284
2370     0.525568
2371    -1.740392
2372     1.056727
2373     0.596491
2374    -1.558755
2375     0.641288
2376     1.010996
2377     1.213423
2378    -0.872040
2379    -0.968457
2380     1.719933
2381     0.131318
2382     0.451040
2383    -1.100301
2384     0.235646
2385     0.278796
2386     1.611482
2387    -0.664855
2388    -0.347396
2389     1.822119
2390    -0.710697
2391    -0.573407
2392     1.425541
2393    -0.587837
2394    -0.150171
2395     1.323660
2396    -0.940113
2397    -0.822366
2398     0.604539
2399    -1.235325
2400    -0.841835
2401     1.323043
2402    -0.438834
2403     0.875389
2404    -1.996991
2405     0.302688
2406    -1.753394
2407    -1.552535
2408     0.465715
2409    -0.912414
2410    -1.209964
2411     0.571113
2412    -0.449790
2413    -1.227761
2414     0.432033
2415    -0.826613
2416     1.020185
2417    -0.422189
2418     0.711632
2419    -0.794273
2420     0.853497
2421    -0.205821
2422    -1.569571
2423     0.721408
2424    -0.609604
2425     1.155153
2426    -0.634589
2427     0.487438
2428    -1.427009
2429     0.169161
2430    -1.272753
2431    -1.844893
2432     0.375319
2433    -1.196808
2434    -1.014055
2435     0.761328
2436    -0.046526
2437     1.599916
2438    -0.351760
2439     0.984483
2440     1.542965
2441    -0.306803
2442     0.978696
2443    -1.330520
2444     0.385880
2445    -0.884578
2446     1.724134
2447    -0.423775
2448     1.033203
2449     1.637605
2450    -0.885017
2451     0.783222
2452     1.494485
2453    -0.275052
2454     1.015481
2455     1.323265
2456    -0.755918
2457     0.633341
2458     1.146820
2459    -0.544207
2460     0.655417
2461     0.635822
2462     0.900508
2463     0.589316
2464    -1.700163
2465    -3.849387
2466    -1.276617
2467    -0.943045
2468    -0.425718
2469     0.122651
2470    -1.233376
2471     0.204339
2472    -0.255160
2473     0.431744
2474    -0.112494
2475     0.113005
2476     0.139819
2477     1.009012
2478     0.320500
2479     0.338030
2480    -0.013317
2481    -0.079921
2482    -1.962432
2483     0.099673
2484     0.039371
2485     0.642017
2486     0.779123
2487    -0.515309
2488    -0.122332
2489    -0.456098
2490     0.105942
2491    -2.023903
2492    -0.518958
2493    -0.221645
2494    -0.508120
2495    -0.064121
2496     0.441896
2497     0.259240
2498     0.713178
2499    -0.072310
2500     1.259786
2501     0.897954
2502     0.608277
2503    -1.012236
2504     0.188222
2505    -0.746688
2506     0.967912
2507     0.539393
2508     0.558918
2509     1.365395
2510    -0.087829
2511     0.444126
2512     1.007345
2513     0.988830
2514     0.465214
2515     0.801348
2516    -0.110810
2517    -0.290927
2518     1.657150
2519    -0.681502
2520    -0.350640
2521     2.113451
2522     0.305937
2523     0.375051
2524    -0.374544
2525    -0.590003
2526    -0.177743
2527     0.567412
2528     0.917806
2529     0.483581
2530    -0.598085
2531     0.942093
2532    -0.111893
2533     0.114011
2534    -0.493461
2535    -0.473349
2536    -0.510975
2537    -0.726843
2538    -0.476512
2539    -0.599659
2540     0.466443
2541     0.241289
2542     2.347266
2543     0.892833
2544     0.545914
2545    -1.199659
2546     0.130971
2547    -0.780194
2548     0.259844
2549    -0.078904
2550     0.031793
2551    -0.805826
2552     1.705022
2553     0.817479
2554    -0.231269
2555    -0.134464
2556     0.207082
2557    -1.086548
2558    -0.361810
2559    -0.431886
2560    -1.205209
2561    -0.192844
2562     0.513341
2563    -0.755327
2564     1.177527
2565    -0.620585
2566    -0.564218
2567    -0.208823
2568     0.554285
2569    -0.492458
2570    -1.015879
2571     0.419217
2572    -1.030694
2573    -0.289391
2574     0.151209
2575     1.999336
2576    -1.112169
2577    -0.786320
2578     2.053153
2579    -1.334039
2580    -0.481758
2581     0.018641
2582    -0.196114
2583    -1.202928
2584    -0.109872
2585    -0.719384
2586    -0.061347
2587     0.745319
2588    -0.215603
2589     0.475970
2590     0.171475
2591    -0.834433
2592     0.842648
2593     0.541239
2594     1.260236
2595    -0.043332
2596     0.073131
2597     0.080402
2598    -0.219112
2599     0.371631
2600    -0.285696
2601     1.353725
2602     1.934371
2603     0.232996
2604     1.476894
2605    -0.773558
2606    -0.074835
2607    -0.816239
2608     0.027482
2609     1.264626
2610    -0.638620
2611    -2.509736
2612     3.545292
2613    -0.826918
2614     0.124026
2615     0.559258
2616     0.337264
2617     0.228813
2618    -0.592244
2619     0.842217
2620    -0.504824
2621    -0.774155
2622     0.820027
2623    -0.407491
2624    -0.681908
2625    -0.161531
2626    -0.325281
2627    -0.860449
2628     0.333983
2629     0.098947
2630    -1.024335
2631     0.680324
2632    -0.276081
2633    -0.193136
2634     0.415916
2635     0.556518
2636    -0.616532
2637    -1.565122
2638     0.015251
2639     0.126013
2640    -2.043817
2641    -0.750898
2642    -1.050441
2643    -1.771506
2644     0.702131
2645    -0.123078
2646     0.491690
2647     0.805395
2648     0.565419
2649     0.937404
2650     1.123368
2651     0.071637
2652     1.048897
2653    -0.966148
2654     1.017792
2655     0.118445
2656     0.863660
2657    -0.209822
2658    -0.620441
2659     0.776816
2660     0.162190
2661     1.316360
2662     0.483411
2663     0.118868
2664     1.042302
2665    -0.417701
2666    -1.214709
2667    -1.968840
2668    -0.311779
2669     1.905536
2670     0.352094
2671    -1.543385
2672     2.037164
2673    -0.183642
2674    -0.991768
2675     0.792015
2676     0.433591
2677     0.717219
2678    -0.511249
2679     0.470744
2680     0.857238
2681    -0.401012
2682     0.593529
2683     0.160237
2684     0.110732
2685     0.491085
2686     0.606000
2687    -0.212359
2688     0.470274
2689     0.510766
2690    -0.205148
2691     0.641908
2692     0.851024
2693     0.152931
2694     0.471967
2695    -1.556480
2696    -1.521010
2697    -1.892964
2698    -1.919106
2699    -1.485457
2700    -2.442895
2701     1.123287
2702     1.057133
2703     0.541973
2704     1.582655
2705     0.027406
2706     1.628436
2707     0.593758
2708    -0.160147
2709     0.838290
2710    -0.335487
2711    -0.151495
2712    -0.117980
2713    -0.319057
2714    -0.074525
2715    -0.369666
2716     0.388982
2717     0.488400
2718    -0.623173
2719    -0.416987
2720     0.676097
2721     1.028895
2722    -1.839540
2723     2.449579
2724     0.805604
2725     1.323556
2726     0.755093
2727    -0.045238
2728    -0.214231
2729     0.121895
2730    -0.507204
2731     0.948474
2732    -0.055370
2733     1.300858
2734    -0.024486
2735    -0.454468
2736     0.316742
2737     0.187716
2738    -0.081296
2739    -0.082864
2740     0.180395
2741    -0.476098
2742    -0.388684
2743     0.837921
2744    -0.753933
2745     0.974210
2746     0.575242
2747    -0.261382
2748     0.182287
2749    -0.080752
2750    -0.966761
2751    -0.080489
2752    -0.309754
2753     0.206864
2754    -0.553562
2755    -0.878148
2756    -0.993744
2757    -1.442078
2758    -3.323544
2759    -1.353248
2760    -3.406356
2761    -1.771070
2762     1.991322
2763     2.095128
2764     0.605921
2765    -0.971303
2766    -0.942928
2767     0.845990
2768    -0.464008
2769    -0.101313
2770     0.099404
2771     0.081296
2772    -0.214140
2773     0.575106
2774    -0.215164
2775    -0.107099
2776     0.757079
2777     0.309636
2778     0.122858
2779     0.852926
2780    -0.501803
2781     0.146165
2782     0.536942
2783     0.090653
2784     0.083279
2785    -1.793912
2786     1.834149
2787     1.640912
2788     0.908704
2789    -0.455239
2790    -0.314724
2791     0.439607
2792    -1.091088
2793    -1.247826
2794     0.725791
2795    -0.545426
2796    -0.135599
2797     0.774847
2798     0.155277
2799     0.777361
2800     0.808228
2801    -0.217630
2802    -0.070111
2803     0.632576
2804    -1.270193
2805    -0.965192
2806     0.586840
2807     0.023185
2808    -0.072673
2809    -0.340202
2810    -1.015330
2811    -1.673130
2812     0.666032
2813     0.017064
2814    -0.064539
2815    -2.475335
2816     1.200196
2817     1.114533
2818    -3.435473
2819     1.044406
2820    -0.070965
2821    -1.967848
2822     3.801010
2823     3.125935
2824     0.245117
2825    -0.388997
2826    -0.644065
2827     0.572526
2828    -0.597129
2829    -0.170113
2830    -0.423028
2831    -0.571922
2832    -0.086885
2833     0.422015
2834    -0.846019
2835    -0.350136
2836     0.550338
2837    -0.527242
2838    -0.127698
2839     0.302461
2840    -0.626966
2841     0.437751
2842    -0.015260
2843    -1.496916
2844     0.258071
2845    -1.114724
2846     3.243419
2847     1.596364
2848     0.492705
2849    -0.654230
2850    -0.312156
2851     0.028927
2852    -0.451854
2853    -0.870523
2854     0.440684
2855    -0.666617
2856    -0.172725
2857     0.747276
2858     0.253354
2859     0.613708
2860     0.522858
2861    -0.057241
2862    -0.069229
2863     0.220153
2864    -0.662004
2865    -0.566426
2866     0.403991
2867    -1.359290
2868    -0.285090
2869    -0.265009
2870     0.769835
2871    -0.843553
2872     0.304879
2873    -0.755248
2874    -0.164873
2875     0.059080
2876     0.924384
2877    -0.168463
2878    -1.527143
2879     0.669675
2880    -1.199896
2881    -0.286677
2882    -0.202394
2883     0.246947
2884    -0.242712
2885     0.277638
2886    -0.853980
2887     0.679031
2888     0.214134
2889     0.260999
2890    -2.129630
2891     1.019120
2892    -1.011681
2893     0.839041
2894     0.752170
2895     0.762819
2896     1.181407
2897     0.496991
2898     1.287910
2899    -0.419297
2900     0.295365
2901    -0.771779
2902     0.001975
2903     1.021280
2904     0.520482
2905     0.036003
2906    -0.882775
2907    -0.042606
2908     1.006236
2909     0.321789
2910     1.014118
2911     0.412786
2912     0.253413
2913     0.644663
2914     0.566842
2915     0.460925
2916     0.237359
2917     0.409017
2918    -0.048812
2919    -0.288500
2920     0.640012
2921     0.004830
2922     0.457140
2923    -0.406467
2924    -0.140868
2925    -0.950232
2926     1.035827
2927    -0.215699
2928     1.030399
2929     0.148685
2930     0.257625
2931     0.924806
2932     0.287429
2933     0.814312
2934     0.651247
2935    -0.599639
2936    -0.882858
2937    -1.482448
2938    -3.159869
2939    -3.816186
2940    -2.637664
2941    -0.985663
2942     0.229497
2943    -0.223967
2944     0.677775
2945     1.499845
2946     1.543831
2947     0.497130
2948    -0.876054
2949    -0.279482
2950    -1.721821
2951     3.213194
2952     1.746735
2953     0.748844
2954    -0.561514
2955    -0.698620
2956     0.227337
2957    -0.069539
2958    -0.898702
2959    -0.172716
2960     1.232835
2961     0.214842
2962     0.296305
2963    -1.322388
2964    -0.957351
2965    -0.400661
2966     0.370153
2967     0.274190
2968     0.635810
2969    -1.190401
2970    -0.776253
2971     0.055870
2972    -1.397722
2973    -0.846387
2974     0.849496
2975    -1.216059
2976    -0.721375
2977     0.275635
2978     1.673110
2979     0.848683
2980    -0.119378
2981    -0.327657
2982    -0.739871
2983     0.402035
2984     0.740335
2985     1.407107
2986    -0.020150
2987     0.224959
2988    -0.286049
2989    -0.426722
2990    -0.448419
2991    -0.610015
2992     0.580261
2993    -1.740983
2994    -0.941267
2995    -0.313052
2996     1.506211
2997     0.387659
2998    -1.086336
2999    -1.539401
3000     1.556291
3001    -0.511712
3002     0.007950
3003     0.048846
3004     2.675506
3005    -0.750262
3006     0.900873
3007    -0.894448
3008     0.400327
3009    -0.031223
3010     0.183270
3011    -0.272997
3012     0.659635
3013    -0.262370
3014     1.111680
3015    -0.406468
3016    -0.271008
3017     0.108906
3018    -1.020121
3019    -0.209123
3020    -0.548604
3021    -0.890300
3022    -0.351252
3023     0.564513
3024    -0.288998
3025    -0.539084
3026    -0.821134
3027    -0.670859
3028    -0.897787
3029     0.917552
3030    -0.256498
3031    -1.350052
3032     0.283609
3033    -0.334406
3034    -0.146497
3035     0.884402
3036    -0.228334
3037     0.086242
3038    -0.480838
3039    -0.788221
3040    -0.013204
3041    -0.188805
3042    -0.436301
3043     2.382361
3044    -2.040288
3045     0.880893
3046    -0.357341
3047    -0.236237
3048    -0.711746
3049    -0.204497
3050    -0.085915
3051    -0.160744
3052    -0.713985
3053     1.124216
3054    -0.054162
3055    -0.009469
3056    -0.393035
3057    -0.665881
3058     1.404450
3059     0.414958
3060     4.454015
3061    -0.943350
3062     0.214702
3063     0.109828
3064     1.823886
3065     0.616569
3066    -0.679856
3067     0.700788
3068     0.666727
3069     0.281552
3070    -0.270390
3071    -0.599132
3072    -4.002006
3073    -0.091735
3074    -0.293814
3075     0.122215
3076    -0.271755
3077    -0.448203
3078     0.528819
3079    -0.530354
3080     0.092339
3081     0.505107
3082    -0.531710
3083    -0.073322
3084    -2.068249
3085    -0.736164
3086     0.122638
3087     0.487125
3088     0.773482
3089     1.189415
3090     0.014060
3091     0.343692
3092     0.430484
3093     0.153967
3094     0.010987
3095    -0.550761
3096     0.149382
3097    -0.407199
3098     0.218815
3099     0.008944
3100    -0.303556
3101     0.001259
3102     0.418627
3103     0.762585
3104     0.480167
3105    -1.337872
3106    -0.612946
3107     0.293915
3108     0.917025
3109    -0.430798
3110     0.264125
3111     1.281616
3112    -0.353672
3113    -0.711299
3114     0.862588
3115    -0.678111
3116     0.570062
3117    -0.601800
3118     1.746322
3119    -2.484687
3120     2.848930
3121    -0.633350
3122    -0.190650
3123     0.274300
3124     0.266223
3125    -3.175100
3126    -1.783451
3127     0.539362
3128     0.294208
3129     0.345992
3130     0.246361
3131    -2.699240
3132    -2.872527
3133    -0.244219
3134     0.247154
3135    -0.014716
3136    -0.750031
3137     0.507405
3138     0.237324
3139    -0.058326
3140     0.276908
3141     0.600281
3142    -0.202364
3143    -0.286602
3144    -1.602198
3145    -0.167554
3146     0.095045
3147     0.698229
3148     0.472681
3149     0.103047
3150     0.015872
3151    -1.087571
3152    -0.031270
3153    -0.325520
3154    -0.210719
3155     0.482629
3156    -0.152196
3157    -0.368093
3158    -0.426594
3159     0.125380
3160    -0.087740
3161     0.142412
3162     0.433849
3163     1.922291
3164     0.802622
3165    -0.447450
3166    -0.590992
3167     0.256510
3168     0.753353
3169     1.602984
3170     1.567745
3171     2.066709
3172    -0.720894
3173     0.115506
3174     0.546162
3175    -0.521239
3176     0.059362
3177    -0.440043
3178     0.593191
3179     1.858904
3180     1.540651
3181    -0.908596
3182     0.410592
3183     0.112458
3184    -0.401770
3185    -1.386787
3186    -2.171742
3187     0.482005
3188     0.751539
3189     0.477499
3190     0.156272
3191    -1.596651
3192    -1.100886
3193    -0.404685
3194     0.941717
3195    -0.403762
3196    -0.100962
3197    -1.313607
3198     0.805953
3199     0.031950
3200     0.256380
3201     0.337047
3202    -0.190449
3203     0.737101
3204     0.187396
3205    -0.288818
3206     0.572383
3207     0.188634
3208     0.362602
3209     0.330002
3210    -0.258559
3211    -1.702441
3212    -1.361197
3213    -2.803887
3214    -0.066531
3215     0.990622
3216     0.034265
3217    -0.496023
3218     0.097809
3219     0.954150
3220     0.178026
3221    -0.049182
3222     0.941969
3223     2.616788
3224     0.273878
3225    -0.449957
3226    -0.317689
3227    -1.207350
3228     0.431691
3229     1.477024
3230     1.156648
3231     0.482666
3232    -0.747650
3233    -0.749638
3234     0.166757
3235    -0.603903
3236     0.334659
3237    -0.811017
3238     0.924846
3239     0.811081
3240     2.879325
3241    -1.557753
3242     0.025296
3243    -0.004504
3244     2.722921
3245    -0.331882
3246    -0.920043
3247    -0.558855
3248    -0.382596
3249     0.417203
3250     2.644001
3251    -0.095501
3252    -0.406085
3253     0.019076
3254    -0.299243
3255     0.277793
3256    -0.379743
3257     0.583743
3258    -0.171358
3259    -0.748760
3260    -1.011854
3261     0.504661
3262    -0.562545
3263     0.324225
3264     0.436662
3265    -0.782157
3266     0.719396
3267    -0.164214
3268     0.123149
3269     0.165289
3270    -0.322164
3271     1.461281
3272    -2.388740
3273    -0.290676
3274    -1.174199
3275    -0.663886
3276     0.186877
3277    -0.833837
3278     0.894529
3279     0.697241
3280    -1.075724
3281     0.872779
3282    -0.361965
3283     2.685009
3284    -2.031033
3285     0.158110
3286     0.073053
3287     0.645468
3288     0.063895
3289     0.018265
3290     0.358761
3291     0.008129
3292     0.183041
3293     0.413176
3294     0.678547
3295    -0.335760
3296     0.613398
3297    -0.845355
3298    -1.920463
3299     1.588678
3300     0.057245
3301    -0.692925
3302    -0.290318
3303     0.303707
3304     1.293585
3305     0.676807
3306     0.416582
3307     1.533460
3308    -2.057405
3309    -0.065279
3310     1.034328
3311     1.923135
3312     1.703986
3313    -1.253161
3314     1.112099
3315     0.037317
3316     0.061910
3317    -0.523344
3318    -0.670436
3319     1.092584
3320    -2.243570
3321     0.386200
3322    -0.539049
3323     0.379558
3324     0.603496
3325    -0.879635
3326     1.043651
3327     0.029935
3328    -0.034062
3329     0.083757
3330    -0.115537
3331    -0.903123
3332     0.006409
3333    -1.819561
3334     1.247993
3335    -2.665840
3336    -0.510931
3337    -0.966879
3338     0.103540
3339    -0.628767
3340     0.397292
3341    -0.226190
3342     0.374471
3343     1.074210
3344    -0.679311
3345    -0.322103
3346     0.131563
3347    -0.453900
3348    -0.995576
3349    -0.246635
3350     0.312117
3351    -0.298313
3352    -0.236107
3353    -0.005313
3354    -0.282823
3355    -0.781140
3356     1.368066
3357    -0.090714
3358    -1.334212
3359     2.136054
3360     1.944347
3361    -0.839752
3362    -1.055641
3363     0.159645
3364     2.121056
3365     0.586155
3366     2.053219
3367     0.741826
3368    -0.661047
3369    -0.096279
3370     1.115059
3371     0.378771
3372     2.258496
3373     0.267074
3374     2.204342
3375     0.406590
3376    -0.724066
3377    -0.922305
3378    -1.197747
3379     0.641505
3380    -0.730974
3381     0.425568
3382    -0.541098
3383     0.642525
3384    -0.027067
3385    -0.924379
3386     1.111027
3387    -1.470316
3388     0.468750
3389     0.305965
3390     0.777460
3391     0.694456
3392    -0.781497
3393     0.904919
3394     0.809010
3395    -0.642332
3396    -0.051813
3397    -0.639993
3398     0.220143
3399    -0.193650
3400    -0.650478
3401    -1.185108
3402    -1.144773
3403     1.245723
3404    -1.335635
3405     1.275096
3406    -0.812346
3407    -1.539038
3408    -1.425444
3409    -0.461321
3410     0.035008
3411    -0.344369
3412    -0.587886
3413    -0.103439
3414    -0.401634
3415    -1.032673
3416     1.092806
3417    -1.650378
3418    -0.890468
3419     2.380272
3420    -0.257521
3421    -0.442800
3422    -0.814811
3423     0.463267
3424     2.063400
3425     0.363855
3426     2.395285
3427     0.878707
3428    -0.540216
3429     0.614758
3430     0.632714
3431    -0.128150
3432     1.215886
3433     0.689346
3434     1.317204
3435     1.101488
3436    -1.355687
3437    -0.054302
3438    -2.061071
3439     0.711547
3440    -0.722933
3441     0.610125
3442    -0.197216
3443    -0.106216
3444    -0.414315
3445    -1.312824
3446     1.471081
3447    -1.361284
3448     0.670751
3449     0.563643
3450     1.673878
3451     1.394873
3452    -1.524606
3453     0.267976
3454     0.825628
3455    -0.836153
3456     0.228945
3457    -0.401551
3458    -0.168809
3459    -0.216416
3460    -1.413772
3461     0.087014
3462    -1.832293
3463     0.334093
3464    -0.727458
3465     0.308962
3466    -1.183727
3467    -0.790837
3468    -1.713103
3469     0.166758
3470    -0.247764
3471     0.281627
3472    -1.058549
3473    -0.030911
3474    -2.030367
3475    -0.316098
3476     1.031701
3477     0.084491
3478    -0.685593
3479     1.858666
3480     0.382163
3481    -0.627514
3482    -0.723306
3483     0.178763
3484     2.074791
3485     1.406627
3486     1.581700
3487     0.465503
3488    -0.687147
3489     0.405364
3490     1.250875
3491     1.045849
3492     1.279422
3493     0.593240
3494     0.854273
3495     1.334720
3496    -1.181672
3497    -0.101507
3498    -1.503298
3499     0.221621
3500    -1.042309
3501     0.301697
3502    -0.504655
3503    -1.130013
3504    -0.434075
3505    -1.489143
3506     0.596353
3507    -1.579519
3508     0.830193
3509     0.550327
3510     2.000340
3511     1.023415
3512    -1.459566
3513     0.487901
3514     0.668914
3515    -0.823671
3516     0.489817
3517     0.307786
3518    -0.715838
3519     0.988690
3520    -1.340422
3521     0.475760
3522    -2.207555
3523     1.244007
3524     0.866041
3525     0.410696
3526    -0.884588
3527    -0.452250
3528    -1.211262
3529    -0.066895
3530    -0.358682
3531     0.066257
3532    -1.262889
3533    -0.666646
3534    -1.975367
3535    -0.420165
3536     1.228053
3537    -0.581565
3538    -0.902401
3539     1.137653
3540    -0.032727
3541    -1.033052
3542    -0.393396
3543    -0.173711
3544    -0.239960
3545     1.573268
3546     0.375650
3547     1.366628
3548    -0.938646
3549     0.999595
3550     0.094346
3551     1.487531
3552    -0.134533
3553     1.143411
3554     1.029028
3555     1.789454
3556    -0.840687
3557     0.076663
3558    -2.114181
3559     0.595206
3560    -1.200165
3561     0.972266
3562    -0.600969
3563    -1.216467
3564     0.414042
3565    -1.610225
3566     0.432540
3567    -0.495900
3568     2.028124
3569     0.507192
3570     1.842971
3571     0.437554
3572    -1.148102
3573    -0.497013
3574     1.437696
3575    -0.958141
3576     0.638813
3577    -0.037871
3578    -0.419636
3579     0.890196
3580    -0.326153
3581    -0.970854
3582    -0.453823
3583     0.935626
3584     1.344644
3585    -0.763441
3586     0.054768
3587    -0.926222
3588    -0.662239
3589     0.084870
3590    -0.238516
3591     0.194372
3592    -1.624229
3593    -1.254793
3594    -0.281179
3595    -0.764904
3596     1.741131
3597    -1.259096
3598    -1.100179
3599     1.472942
3600    -1.282242
3601     0.118602
3602    -0.507425
3603    -1.494763
3604     0.015862
3605     1.096197
3606    -0.868936
3607     0.453603
3608    -0.865537
3609     0.997508
3610    -0.262765
3611     1.415707
3612     0.867623
3613     0.480980
3614     0.964834
3615     1.499592
3616    -1.164812
3617    -1.160865
3618    -3.560867
3619     0.219469
3620    -0.963114
3621     0.882326
3622    -0.406984
3623    -0.786422
3624     0.285837
3625    -0.514757
3626     0.791946
3627     0.219917
3628     1.078426
3629     0.467750
3630     1.626310
3631     1.110586
3632    -1.198326
3633    -1.795539
3634     1.056429
3635    -0.607022
3636     0.674212
3637    -0.074670
3638    -0.313485
3639     0.357755
3640     0.394157
3641    -0.377203
3642     0.505848
3643     0.172375
3644     1.184855
3645    -0.380497
3646     0.931163
3647    -0.652174
3648     1.457161
3649    -0.280759
3650    -0.557217
3651     0.718291
3652    -0.910329
3653    -0.620677
3654     0.799158
3655    -1.114584
3656     1.573430
3657    -1.019165
3658    -1.301994
3659     1.114747
3660    -1.771771
3661     0.359023
3662    -0.205178
3663     0.268148
3664    -1.008776
3665     1.494212
3666    -1.593167
3667     0.443066
3668    -0.603401
3669     0.936284
3670    -2.570014
3671     1.302442
3672    -0.690740
3673     0.256814
3674     0.264899
3675    -0.106039
3676    -1.595610
3677    -0.915888
3678    -1.563499
3679     0.380135
3680    -0.774239
3681     1.433089
3682     0.202614
3683    -0.764994
3684     1.017645
3685     0.307932
3686     0.479656
3687     0.636391
3688     1.275988
3689     0.558398
3690     1.209441
3691     1.003025
3692    -0.785550
3693    -1.621593
3694     1.656496
3695    -0.617702
3696     0.718053
3697     0.461784
3698    -0.260773
3699     0.785602
3700     0.811908
3701    -0.469686
3702     0.118143
3703    -1.338822
3704     0.833111
3705    -2.251623
3706     0.783451
3707    -0.904903
3708     0.415696
3709     0.222565
3710    -0.931467
3711     0.172418
3712     0.216612
3713    -1.251320
3714     1.059708
3715    -0.528582
3716     1.835911
3717     0.074539
3718    -1.339608
3719     1.716470
3720    -1.018497
3721    -0.103047
3722     0.183776
3723     1.294556
3724    -0.873320
3725     0.549086
3726    -2.869159
3727     0.319896
3728    -0.479111
3729     1.220196
3730     0.933752
3731    -1.096751
3732    -2.838675
3733     0.002122
3734     0.542172
3735    -0.608474
3736    -0.311837
3737    -0.132623
3738    -0.053518
3739     0.163899
3740    -0.357161
3741     1.039154
3742    -0.521872
3743    -0.557902
3744     0.800580
3745     0.279405
3746     1.089577
3747     0.940878
3748     0.098915
3749     0.153915
3750     0.435952
3751    -0.524131
3752    -1.236766
3753    -1.490641
3754     0.690161
3755    -0.699706
3756     0.423779
3757     0.055753
3758     0.160649
3759     0.532931
3760     0.304545
3761    -0.707330
3762     0.322470
3763    -0.593869
3764     0.495689
3765    -3.105066
3766     0.118558
3767    -0.599924
3768     0.300869
3769     0.213932
3770    -0.900244
3771    -0.077930
3772    -0.051721
3773    -0.759884
3774     0.398525
3775     0.258138
3776     2.260875
3777     2.125655
3778    -0.459282
3779     2.091661
3780     1.207917
3781     0.254757
3782     0.531748
3783     2.288096
3784     0.497564
3785    -0.023643
3786    -2.758326
3787    -0.298073
3788    -0.022176
3789     1.443905
3790    -0.102843
3791    -0.093982
3792    -1.733031
3793     0.916251
3794     0.630633
3795    -0.569691
3796    -0.060696
3797    -0.113681
3798     0.026837
3799    -0.264398
3800    -0.532133
3801     0.556414
3802    -0.283958
3803    -0.622518
3804     1.476735
3805     0.225894
3806     1.429670
3807     0.500248
3808     0.061068
3809     0.360024
3810     0.301241
3811    -0.511902
3812    -1.109268
3813    -1.257660
3814     0.321896
3815     0.175324
3816     2.229966
3817    -0.652372
3818    -0.523632
3819    -0.875388
3820    -0.304305
3821    -0.820417
3822    -0.426598
3823     0.891628
3824    -0.083301
3825    -2.906398
3826    -0.046432
3827    -0.787153
3828    -0.156101
3829    -0.555978
3830    -1.590783
3831    -1.559479
3832    -0.254591
3833    -0.143388
3834     1.584733
3835     0.319944
3836     1.992400
3837     1.454300
3838    -0.153455
3839     1.346274
3840     0.380199
3841    -0.279294
3842     0.035202
3843     0.038215
3844    -0.349691
3845     0.503823
3846    -0.566872
3847    -0.182727
3848    -0.475005
3849     0.928614
3850    -0.022031
3851     0.987914
3852    -0.965798
3853     0.668383
3854    -1.669688
3855    -1.459461
3856     0.057660
3857    -0.991675
3858     0.636122
3859     0.192902
3860    -0.771968
3861     0.293780
3862     0.174890
3863    -0.156871
3864     1.209116
3865    -0.688150
3866    -0.156536
3867     0.034058
3868    -0.049392
3869    -0.591702
3870     0.192962
3871    -0.224645
3872     1.582612
3873    -0.849008
3874     0.465258
3875     0.247520
3876     0.156695
3877    -0.611689
3878     0.317250
3879    -0.503368
3880     0.309861
3881     0.522911
3882     0.889487
3883     0.295298
3884    -0.239461
3885    -1.258678
3886     0.461323
3887    -1.414033
3888     0.340669
3889    -0.428553
3890    -2.489425
3891    -2.850168
3892    -0.246633
3893    -0.730710
3894     0.420187
3895     0.741348
3896     3.390755
3897     2.226301
3898    -0.284118
3899     2.099086
3900     1.087146
3901    -0.129084
3902    -0.544026
3903     0.404417
3904    -0.008718
3905     0.532129
3906     0.749368
3907    -0.533817
3908    -0.233978
3909    -0.145356
3910     0.491924
3911     0.607300
3912     0.547103
3913     0.311958
3914     0.544605
3915    -0.481661
3916    -0.147022
3917    -0.609516
3918     0.365833
3919    -0.153082
3920    -0.314278
3921    -0.730363
3922    -0.267109
3923     0.443627
3924     0.295665
3925    -0.768484
3926    -0.411048
3927     0.502614
3928    -0.248170
3929    -0.196697
3930    -0.187150
3931     0.318836
3932     0.150326
3933    -0.338243
3934     1.180565
3935    -0.078358
3936     0.416397
3937    -0.619725
3938    -0.313994
3939    -0.558841
3940     0.849478
3941     0.060338
3942    -0.266784
3943     0.715030
3944     0.106711
3945     0.877969
3946     0.196517
3947    -0.108559
3948     2.590871
3949    -1.047831
3950    -2.876048
3951    -4.152490
3952    -0.629262
3953    -0.527860
3954    -0.399931
3955     0.888077
3956     0.488207
3957    -0.376541
3958    -0.400081
3959     3.281116
3960     0.887123
3961     0.185476
3962    -0.489694
3963     0.772558
3964    -0.104610
3965     1.007363
3966    -0.977868
3967    -0.324244
3968     0.224629
3969     1.188881
3970    -0.155332
3971     0.263166
3972    -0.326692
3973    -0.860205
3974    -0.727781
3975     1.760163
3976     0.239068
3977    -0.459680
3978    -0.305510
3979     0.326396
3980     0.151342
3981     0.790244
3982    -0.378332
3983     0.872206
3984     0.065990
3985    -0.359614
3986     0.008957
3987     0.472680
3988    -0.407187
3989    -0.368118
3990    -0.823134
3991     0.113315
3992    -0.170212
3993    -0.075584
3994     1.214749
3995    -1.371368
3996    -1.156481
3997    -0.383034
3998     0.091671
3999     0.989442
4000     1.349901
4001    -0.803567
4002     0.067762
4003     0.639378
4004    -0.971206
4005    -0.141705
4006     0.474150
4007     0.363333
4008    -0.501194
4009     0.591083
4010    -1.176914
4011    -1.052845
4012     0.030038
4013     0.058336
4014     0.018271
4015     0.315520
4016    -0.321953
4017     0.008415
4018    -2.506516
4019     3.819490
4020    -0.773390
4021     0.537305
4022    -0.555791
4023     0.062458
4024     0.280657
4025    -0.128746
4026    -0.170255
4027     0.170814
4028     0.119127
4029    -0.450538
4030     0.342872
4031    -0.897359
4032    -0.504338
4033    -0.732095
4034     1.004509
4035    -0.486898
4036     0.282972
4037    -1.162686
4038     0.309009
4039     0.276983
4040     0.627085
4041     0.197300
4042     0.171798
4043    -0.559380
4044     0.318168
4045    -0.437518
4046     0.402683
4047     0.569791
4048    -0.294784
4049    -1.377547
4050    -0.289543
4051    -0.210171
4052    -0.001407
4053     0.570890
4054    -0.140559
4055     1.813629
4056     0.077818
4057    -0.214826
4058     0.139418
4059     0.654085
4060     0.190585
4061     2.670454
4062     0.563591
4063    -0.228008
4064     2.137680
4065     0.086405
4066     0.517401
4067    -0.318031
4068     0.891701
4069    -0.254801
4070     0.093279
4071    -0.255031
4072     0.150493
4073     0.056837
4074    -0.245076
4075     0.247404
4076    -0.486600
4077    -0.071187
4078    -0.656523
4079    -3.577155
4080    -1.828352
4081     0.501843
4082    -0.745693
4083    -0.908989
4084     0.581945
4085     0.567042
4086    -1.200294
4087     0.436235
4088     0.340153
4089     0.345469
4090     1.038284
4091    -0.167416
4092     0.108538
4093    -0.697694
4094     0.911427
4095     1.432271
4096     0.955923
4097     0.336020
4098    -0.489749
4099     0.158306
4100     0.247026
4101     0.254200
4102     0.652470
4103     0.695876
4104     0.352880
4105    -0.872069
4106    -0.710098
4107     0.733424
4108     0.520553
4109     0.494700
4110    -0.206575
4111    -1.157165
4112    -0.755610
4113    -0.754171
4114    -0.996142
4115    -0.094061
4116     0.217294
4117    -0.447595
4118    -0.101488
4119     0.235595
4120    -1.226617
4121    -0.076934
4122     0.307760
4123    -0.892772
4124     0.266674
4125     0.413523
4126     0.599269
4127    -0.115382
4128    -0.377812
4129    -0.081341
4130     0.302809
4131     0.481734
4132     0.437549
4133     0.335560
4134    -0.351711
4135    -0.102134
4136    -0.804354
4137    -1.408818
4138     0.591151
4139    -0.926252
4140     0.815432
4141    -0.085678
4142    -0.796828
4143     0.262937
4144    -0.312836
4145     0.061959
4146     0.179601
4147     0.248541
4148     0.037818
4149     0.220250
4150     2.650552
4151     3.069456
4152    -4.290131
4153    -0.392345
4154     0.154515
4155     0.805058
4156    -0.157527
4157    -0.597435
4158     0.867111
4159    -0.046418
4160     0.110120
4161     0.329610
4162     0.412170
4163     0.075555
4164    -0.164717
4165    -0.405423
4166    -0.227608
4167     0.439511
4168    -0.559335
4169     0.021094
4170     1.059301
4171     0.664854
4172    -0.565282
4173    -2.866171
4174    -0.292040
4175     0.291215
4176     0.154081
4177     0.056472
4178    -0.721902
4179     0.021683
4180    -0.338241
4181    -0.406414
4182     0.224590
4183    -0.289495
4184     0.290284
4185     0.699675
4186    -0.118369
4187    -0.346852
4188     0.491843
4189    -0.282038
4190    -0.166417
4191     0.669265
4192     0.096053
4193     0.583278
4194    -0.055990
4195    -0.748467
4196    -0.437929
4197     0.203916
4198    -0.100426
4199    -0.428630
4200     0.748578
4201    -0.159325
4202    -1.178549
4203    -0.273517
4204    -0.126792
4205     0.517997
4206     2.069131
4207     0.312506
4208     0.008731
4209    -0.639131
4210     1.299147
4211     0.256756
4212    -2.278210
4213    -0.275913
4214     0.562293
4215     2.583579
4216    -0.156999
4217    -0.178394
4218    -0.424029
4219     0.006853
4220     0.321602
4221    -0.872242
4222     0.524324
4223     0.589934
4224    -0.918292
4225    -0.418868
4226    -0.174816
4227    -0.850044
4228    -0.637776
4229     0.276045
4230     1.445084
4231     0.764803
4232    -0.323817
4233    -1.778727
4234    -0.072495
4235     0.367335
4236     2.272121
4237    -0.006734
4238    -0.668927
4239    -0.970711
4240    -0.315419
4241    -0.058967
4242    -0.967356
4243     0.180349
4244     0.271108
4245     0.001046
4246     0.102884
4247     0.258053
4248    -0.427768
4249     0.064113
4250     0.288503
4251     3.123847
4252    -0.001438
4253     0.117261
4254    -0.483829
4255    -0.826744
4256    -0.589337
4257     0.762994
4258    -0.256477
4259    -0.662812
4260    -1.373945
4261     0.100968
4262    -0.025090
4263    -0.138942
4264    -0.074833
4265    -0.386464
4266     1.762088
4267     0.071659
4268     0.552579
4269    -0.208112
4270    -0.015649
4271    -1.370598
4272    -1.474819
4273    -0.295822
4274     0.915444
4275     2.697217
4276    -0.048686
4277     1.227836
4278    -0.516475
4279     0.222407
4280     0.659109
4281    -0.876436
4282     0.342556
4283     0.398350
4284    -0.811020
4285    -0.426320
4286    -0.730811
4287    -0.878132
4288    -0.119864
4289    -0.044794
4290     0.278702
4291     0.718015
4292    -0.935276
4293    -1.799602
4294    -0.518466
4295     0.111025
4296     2.555297
4297     0.434439
4298    -0.615253
4299    -1.349055
4300    -0.105079
4301    -1.135102
4302    -1.254049
4303    -0.853350
4304     0.757796
4305     1.794354
4306     0.273125
4307     0.530148
4308    -0.371733
4309     0.902948
4310     0.545044
4311     2.598743
4312    -0.091180
4313    -0.142562
4314    -0.544232
4315    -0.288023
4316    -0.167865
4317    -0.109879
4318    -0.228845
4319    -0.143516
4320    -1.353915
4321     0.268387
4322    -0.746569
4323    -0.007285
4324     0.274350
4325     0.955544
4326     0.727180
4327    -0.396741
4328    -1.252299
4329    -0.293612
4330     0.611741
4331     0.965327
4332     0.728451
4333    -1.191348
4334    -0.220506
4335    -0.937032
4336    -0.786884
4337    -1.351098
4338     0.339027
4339    -0.360901
4340    -1.484667
4341    -1.288634
4342     0.432943
4343     0.006031
4344    -0.170625
4345    -0.352422
4346    -0.809610
4347    -0.714282
4348     0.101261
4349     2.096798
4350    -0.416719
4351     1.198695
4352     0.061322
4353     0.260078
4354    -0.339391
4355     2.033635
4356    -0.496039
4357     0.931946
4358     0.643109
4359     1.696170
4360     0.450493
4361     1.615430
4362     0.189406
4363    -1.243242
4364    -1.335412
4365    -0.923460
4366     0.808234
4367     0.550507
4368     0.794744
4369     0.242059
4370    -1.264899
4371    -0.148753
4372     0.123436
4373     1.038189
4374    -0.835928
4375    -0.607456
4376    -0.987071
4377    -1.366497
4378    -0.165160
4379    -0.513761
4380     2.863809
4381    -1.520586
4382    -1.294107
4383     0.747861
4384     0.984840
4385    -0.174648
4386    -1.066433
4387     1.007937
4388     1.558869
4389     0.747546
4390     0.715589
4391    -0.699134
4392    -1.374009
4393     0.265221
4394     0.839182
4395    -0.118645
4396     0.775053
4397     1.477942
4398     1.048123
4399     1.076483
4400     1.476688
4401     0.352838
4402     0.558796
4403     1.401755
4404     1.097812
4405    -0.888831
4406     0.366797
4407     1.100963
4408    -0.049909
4409     0.207985
4410    -0.685870
4411     0.529532
4412    -0.927956
4413    -0.885929
4414     0.142022
4415     0.399064
4416    -0.787152
4417     0.318364
4418    -0.784312
4419    -0.279785
4420     0.406931
4421     0.121918
4422    -0.722026
4423     0.741488
4424    -0.567258
4425    -1.270554
4426    -0.262002
4427    -1.228079
4428    -0.282891
4429     0.196778
4430    -1.311329
4431    -0.487824
4432     0.119248
4433     0.405421
4434    -0.367160
4435    -1.458560
4436    -0.124995
4437     0.851912
4438    -3.658392
4439    -1.143804
4440     2.381222
4441    -0.459106
4442     1.058639
4443    -0.406690
4444     1.067960
4445     0.086008
4446    -0.444764
4447    -0.282477
4448    -0.906847
4449    -0.988631
4450     1.014362
4451     0.586479
4452     0.006897
4453    -0.684260
4454    -1.278178
4455     0.266581
4456     0.767385
4457     1.344343
4458    -0.710919
4459    -0.178511
4460    -0.877236
4461    -1.095546
4462     0.622852
4463     1.249312
4464    -0.723147
4465    -0.151929
4466     1.673111
4467     0.607135
4468    -0.227183
4469    -0.764822
4470     0.026991
4471     0.964036
4472     0.861108
4473    -0.401126
4474    -0.321641
4475    -1.026423
4476    -0.461544
4477     0.729537
4478     0.197126
4479     0.551382
4480    -0.656366
4481    -2.136524
4482     0.024712
4483     0.748446
4484    -0.653625
4485    -0.715239
4486     0.490443
4487     1.587481
4488     0.051163
4489     0.828546
4490     0.692757
4491    -0.493143
4492    -0.693847
4493    -1.526071
4494     0.021601
4495    -0.931555
4496    -0.247895
4497     0.784003
4498    -2.646691
4499     0.081257
4500     4.100286
4501    -0.836173
4502     1.327646
4503    -0.495620
4504     0.361993
4505     0.951551
4506    -0.610513
4507     0.661832
4508    -0.461466
4509    -0.068480
4510    -0.711624
4511     0.963908
4512    -0.089619
4513     0.105051
4514     0.115119
4515    -0.084214
4516     1.807017
4517     0.728240
4518    -0.719621
4519     0.023500
4520    -0.741882
4521     0.349314
4522     0.660078
4523     1.586099
4524    -1.258796
4525    -0.512326
4526    -3.730240
4527    -0.650070
4528    -0.024654
4529     0.430622
4530    -0.174381
4531     0.155626
4532     1.268845
4533    -0.552992
4534     0.979054
4535    -0.343419
4536    -0.287381
4537     0.398313
4538     0.652121
4539     0.412634
4540     0.041232
4541    -0.364809
4542    -0.077986
4543    -0.084404
4544     0.045463
4545     0.047555
4546    -0.598039
4547     1.157167
4548     0.304892
4549     0.058317
4550     1.005659
4551    -0.244178
4552     0.070801
4553     0.039744
4554    -0.274693
4555    -1.649175
4556    -2.307578
4557     1.509246
4558    -0.906419
4559    -2.322791
4560     2.964904
4561    -1.512067
4562     0.345444
4563    -0.309650
4564     0.127531
4565     1.162190
4566    -0.531191
4567     0.494726
4568     0.432556
4569    -0.539106
4570    -1.317574
4571    -0.947473
4572    -0.067445
4573     0.325237
4574     1.327793
4575    -0.532157
4576     1.408952
4577     1.353537
4578    -1.181223
4579    -0.280444
4580     0.000106
4581     0.024495
4582     1.917472
4583     1.436297
4584    -0.423675
4585     1.041303
4586    -4.583844
4587     0.327109
4588    -0.009621
4589     0.374448
4590     0.340682
4591    -0.048710
4592     0.363630
4593    -0.127380
4594     0.634193
4595    -0.170870
4596    -0.328593
4597    -0.778562
4598     0.459951
4599    -0.440579
4600    -0.054074
4601     0.325318
4602    -0.212816
4603    -0.586479
4604     0.886983
4605    -0.724497
4606    -1.056687
4607    -0.843673
4608     0.474409
4609    -0.593007
4610    -0.560342
4611    -0.125380
4612     0.647528
4613     0.665447
4614     0.096123
4615    -0.563321
4616    -1.124506
4617     1.511463
4618     0.203604
4619    -0.902993
4620     2.769408
4621    -1.402474
4622    -1.333026
4623     1.659540
4624     0.406042
4625     1.272641
4626    -0.391822
4627     0.724050
4628     0.747232
4629    -0.801793
4630    -1.334062
4631    -1.640030
4632     1.697728
4633     0.345205
4634     1.439948
4635    -0.651125
4636     0.675865
4637     1.481776
4638    -0.991421
4639     0.593150
4640     0.306128
4641    -0.675438
4642     0.669062
4643     1.541198
4644    -1.095670
4645    -0.881796
4646    -3.229123
4647     0.214045
4648     0.249532
4649     0.771970
4650    -0.171827
4651     0.347063
4652     0.623015
4653     0.142825
4654     0.431550
4655     0.395671
4656    -0.451461
4657    -0.198288
4658     0.480435
4659     0.477773
4660     0.631269
4661     0.538654
4662    -0.327632
4663     0.082968
4664     1.033825
4665    -0.696235
4666    -0.344076
4667    -1.587863
4668     1.988418
4669     0.707988
4670    -1.271032
4671     1.081213
4672     0.737856
4673     0.884121
4674     0.208508
4675    -1.440702
4676    -1.153916
4677    -0.976050
4678    -1.000202
4679    -1.301624
4680    -0.239575
4681    -0.269689
4682    -0.227858
4683     0.629386
4684     0.177439
4685     0.761939
4686     0.582758
4687     0.811604
4688     0.893705
4689    -0.066390
4690     0.365929
4691    -1.014675
4692    -0.179105
4693     0.176420
4694     1.590554
4695    -0.138309
4696     0.630016
4697     1.171182
4698    -0.045385
4699     0.398351
4700     0.572983
4701    -0.265586
4702     0.440283
4703     1.379862
4704    -0.377563
4705     0.821547
4706    -2.366501
4707    -0.278408
4708    -0.046906
4709     0.763666
4710     0.440510
4711    -0.310835
4712     0.414077
4713     0.381445
4714     0.390347
4715     0.431895
4716     0.311604
4717    -0.793678
4718     0.560053
4719     0.624869
4720     0.747227
4721     0.745409
4722     0.390112
4723    -0.045210
4724     0.792108
4725     0.181848
4726    -0.476607
4727    -1.134946
4728     0.545790
4729     1.351703
4730    -0.460508
4731    -0.520744
4732     0.513885
4733     1.122651
4734     0.624096
4735    -2.710464
4736    -2.716423
4737    -1.659452
4738    -2.171363
4739    -3.279173
4740    -1.181473
4741     1.061987
4742     0.963148
4743    -0.628347
4744    -0.271442
4745     1.047008
4746     0.520414
4747     1.093893
4748     0.562130
4749    -0.280575
4750    -0.774087
4751    -1.446762
4752    -0.323163
4753    -0.181999
4754     1.137444
4755     0.323634
4756     1.101219
4757     0.636605
4758    -0.164639
4759     0.371501
4760    -0.498522
4761    -0.588865
4762     1.106760
4763     0.431357
4764    -0.344188
4765     1.432181
4766    -3.621092
4767    -1.926976
4768    -0.148463
4769     0.240944
4770     0.387522
4771    -0.916943
4772     0.228102
4773     0.080255
4774     0.550057
4775    -0.511685
4776     0.305476
4777    -1.321507
4778    -0.023945
4779     0.387665
4780     0.198969
4781     1.418575
4782     1.044688
4783    -0.770151
4784     0.924968
4785     0.140908
4786    -0.670306
4787    -2.358034
4788    -0.399827
4789     1.072900
4790    -0.281865
4791    -0.665118
4792     1.301561
4793     1.038630
4794     0.473908
4795    -2.161304
4796     0.581091
4797     0.742547
4798    -2.074827
4799    -0.468097
4800     0.914683
4801     0.949574
4802     2.538395
4803    -1.148584
4804    -1.077512
4805    -0.988916
4806     0.204846
4807     1.069082
4808    -0.829243
4809    -1.181189
4810    -1.625801
4811    -0.936768
4812    -0.256093
4813    -0.048756
4814     1.370003
4815     0.060949
4816     1.175759
4817    -0.480872
4818    -0.925228
4819     1.278601
4820    -0.851527
4821    -1.337138
4822     1.198777
4823    -0.997303
4824    -1.214694
4825     0.197974
4826    -0.971575
4827     0.147092
4828    -0.018464
4829    -0.832867
4830     0.130598
4831     0.073219
4832     0.312919
4833     0.097762
4834    -0.267518
4835    -0.986685
4836     0.115292
4837    -0.612357
4838     1.195797
4839     1.263412
4840    -0.109967
4841     0.816636
4842     1.122197
4843    -0.590813
4844    -0.927317
4845    -0.300251
4846    -0.821176
4847     0.086248
4848     1.239421
4849     1.389672
4850    -0.030655
4851    -1.480931
4852     1.046495
4853     0.440928
4854     0.075432
4855    -1.483834
4856     1.842303
4857     1.515578
4858    -1.722954
4859     0.230499
4860     1.871528
4861     0.365552
4862     0.185667
4863     0.101883
4864    -3.018591
4865     0.008005
4866     0.585916
4867     0.176617
4868     0.211456
4869     0.743111
4870    -4.067929
4871     0.025904
4872    -0.158994
4873    -0.586233
4874    -0.225718
4875     0.273159
4876     0.454362
4877     0.033964
4878     1.105595
4879     0.695126
4880    -0.337957
4881     0.320644
4882     0.886446
4883     0.459510
4884     0.392352
4885     1.226326
4886     0.493018
4887    -0.445681
4888    -0.178539
4889    -0.193194
4890     0.428392
4891     0.674272
4892    -0.172128
4893    -0.553658
4894    -0.144299
4895    -0.224654
4896    -0.373418
4897     1.377101
4898     0.188145
4899    -0.675524
4900     1.511091
4901    -0.288562
4902    -0.202290
4903    -2.428551
4904    -0.008780
4905    -0.121367
4906    -0.407604
4907     0.164349
4908     0.038772
4909     1.011217
4910     0.402943
4911    -0.787121
4912     1.815847
4913     0.207444
4914     0.157525
4915    -1.072288
4916    -0.538887
4917     0.201073
4918     1.710077
4919    -0.390526
4920    -1.030370
4921     1.465082
4922     1.530945
4923     0.536841
4924    -1.889718
4925    -0.684978
4926    -0.092537
4927    -1.051193
4928    -1.212570
4929    -0.064582
4930    -2.123755
4931    -0.863380
4932    -0.273230
4933     1.252851
4934     0.783704
4935     0.479327
4936    -0.990844
4937    -1.290412
4938     0.121393
4939    -0.946714
4940    -1.181240
4941    -0.217768
4942    -1.021554
4943    -0.915237
4944    -0.147393
4945     1.559194
4946     0.983919
4947    -0.063492
4948    -1.029956
4949    -0.844194
4950    -0.073854
4951    -0.019724
4952    -0.216487
4953    -0.401536
4954    -0.410529
4955    -0.644473
4956    -0.393866
4957     0.318870
4958     1.606422
4959    -0.057828
4960     0.297494
4961     0.101152
4962    -0.242282
4963    -2.189579
4964    -0.672553
4965    -0.448696
4966     1.953934
4967     1.786616
4968     0.809370
4969     1.967201
4970     1.757877
4971     0.355901
4972    -0.409689
4973    -0.481797
4974    -0.210859
4975     1.834559
4976     0.253653
4977     0.667660
4978     1.434070
4979     0.203031
4980    -0.282570
4981     1.095911
4982     1.730302
4983    -0.139294
4984    -1.052802
4985    -1.197856
4986     1.445539
4987    -1.568614
4988    -0.733760
4989    -0.282725
4990    -1.137449
4991    -1.596637
4992     1.358033
4993     1.559508
4994     0.520202
4995     0.164614
4996    -1.797888
4997    -0.424121
4998    -0.091511
4999    -1.490003
5000    -0.633671
5001    -0.349705
5002    -1.193215
5003    -0.840405
5004    -0.157540
5005     0.937434
5006     1.982237
5007    -0.120816
5008    -0.697047
5009    -1.235610
5010    -0.006319
5011    -0.672610
5012     0.652070
5013    -0.517234
5014    -0.801343
5015     0.256588
5016    -0.406931
5017     1.037707
5018     0.461079
5019    -0.158191
5020    -0.066500
5021     0.615275
5022    -0.338995
5023    -1.193352
5024    -1.512686
5025     1.063458
5026     2.338218
5027     0.719546
5028     0.031098
5029     2.238164
5030     0.675425
5031    -0.658559
5032    -0.606809
5033     0.093265
5034    -0.542832
5035     1.576464
5036     0.264147
5037     0.024846
5038     1.494224
5039     0.204610
5040    -0.316935
5041     0.647871
5042     1.079955
5043    -0.320514
5044    -0.313650
5045    -1.460309
5046     1.417735
5047    -0.504153
5048    -0.584790
5049    -0.181353
5050    -0.897792
5051    -2.053754
5052     1.236528
5053    -0.293853
5054     1.500988
5055     0.366379
5056    -0.339400
5057    -0.465848
5058    -0.047527
5059    -0.683126
5060    -0.980005
5061    -0.398864
5062    -0.254465
5063    -1.181894
5064    -0.157891
5065     0.414642
5066     0.722410
5067    -0.507853
5068    -0.702485
5069    -1.164208
5070    -0.065815
5071    -1.181522
5072     0.483932
5073    -0.680071
5074    -0.281312
5075     0.408015
5076    -0.442293
5077    -0.010568
5078     0.887768
5079    -0.262408
5080    -0.689023
5081     2.011553
5082     0.010268
5083    -1.040977
5084    -2.315739
5085     0.852343
5086     0.982637
5087     0.166203
5088    -0.157386
5089    -0.605543
5090     1.586995
5091    -0.316991
5092     0.024990
5093     1.800975
5094    -0.171307
5095     3.492825
5096    -0.402195
5097     0.222336
5098     2.234905
5099    -0.040051
5100    -0.395316
5101     1.345017
5102     2.253789
5103    -0.491578
5104    -1.020743
5105    -0.368578
5106     0.146415
5107    -0.995269
5108    -1.165100
5109    -0.012412
5110    -0.478996
5111    -0.290201
5112     0.378987
5113    -0.489006
5114     0.516311
5115     0.338972
5116    -0.676166
5117    -2.174073
5118     1.119260
5119    -0.770959
5120    -1.317581
5121    -0.164452
5122    -0.684792
5123    -1.334683
5124    -0.238410
5125     0.993757
5126     1.589562
5127    -0.704079
5128    -1.161437
5129    -1.180527
5130    -0.435051
5131    -1.025286
5132    -0.301202
5133    -0.217688
5134    -1.242774
5135    -0.341971
5136    -0.750122
5137     1.294223
5138     2.300427
5139    -0.356197
5140    -0.743538
5141     1.001999
5142     0.219218
5143    -0.324878
5144    -0.455933
5145     0.267235
5146     1.270947
5147     0.025215
5148     0.136924
5149     1.341887
5150     2.179089
5151     0.482013
5152    -0.855777
5153    -0.295626
5154     0.390770
5155     2.509442
5156     0.344748
5157    -0.424765
5158     1.714348
5159    -0.985665
5160     0.314961
5161     0.397090
5162     2.734282
5163    -0.426673
5164    -0.367010
5165    -0.735871
5166     0.141944
5167    -0.629303
5168    -1.097069
5169    -0.095128
5170    -0.759728
5171    -0.924357
5172    -0.166201
5173    -0.301365
5174    -0.143572
5175    -0.159631
5176    -0.763401
5177    -1.268262
5178     1.021608
5179    -0.403744
5180    -0.034259
5181     0.555951
5182    -0.465665
5183    -1.280573
5184     0.665908
5185     1.378067
5186     2.520392
5187     0.384669
5188    -0.507416
5189    -0.926425
5190    -0.183428
5191    -0.694329
5192    -0.703207
5193    -0.526877
5194    -0.261923
5195    -0.885051
5196    -0.650486
5197    -0.441491
5198     2.763516
5199    -0.585005
5200    -0.679838
5201    -0.361455
5202    -0.464937
5203    -0.444072
5204    -1.220216
5205    -0.270192
5206     0.168563
5207     0.728766
5208    -0.013903
5209    -0.120488
5210     1.448894
5211    -0.342930
5212    -0.754161
5213    -0.182980
5214     0.109775
5215     2.679454
5216     0.599319
5217    -0.015517
5218     2.970760
5219    -1.031872
5220     1.021054
5221     0.375806
5222     2.983676
5223    -0.574032
5224    -0.750398
5225    -1.212323
5226     0.311656
5227    -0.618651
5228    -0.832071
5229    -0.498103
5230    -0.684776
5231    -1.319364
5232    -0.124728
5233     0.290005
5234    -0.615295
5235     0.100724
5236    -0.569730
5237    -0.022771
5238     0.371856
5239    -0.600941
5240    -0.146140
5241     0.612639
5242    -0.479205
5243    -0.981999
5244     0.341059
5245     2.546103
5246     1.934219
5247     1.353884
5248    -0.517823
5249    -0.409813
5250    -0.611619
5251    -1.304750
5252    -0.429908
5253    -0.901780
5254    -0.766420
5255    -0.469268
5256    -1.169790
5257     0.442381
5258     2.010476
5259     0.380010
5260    -0.819522
5261    -1.293692
5262    -0.000329
5263    -0.684887
5264    -1.521988
5265    -0.382256
5266     0.406750
5267    -0.450555
5268     0.933975
5269    -0.042749
5270     0.783762
5271     0.182486
5272    -0.711700
5273    -0.086276
5274    -0.069767
5275     1.813402
5276     1.796255
5277    -0.680190
5278     2.677105
5279     0.283075
5280     0.424302
5281     0.727667
5282     1.604423
5283    -0.760026
5284    -0.841932
5285    -0.117300
5286     0.815117
5287    -0.488620
5288    -0.781613
5289    -0.175452
5290    -0.615990
5291    -1.272864
5292     0.529941
5293     0.323438
5294    -1.243181
5295    -0.272680
5296    -0.577936
5297    -0.510811
5298    -0.315472
5299    -0.624655
5300    -0.385916
5301     0.241147
5302    -0.524458
5303    -1.395069
5304    -0.822843
5305     1.986956
5306     3.082543
5307    -0.058770
5308    -0.490885
5309    -0.487928
5310    -0.310374
5311    -1.254898
5312    -0.112342
5313    -0.343398
5314    -0.739219
5315    -0.646297
5316    -1.018021
5317     0.798956
5318     0.840915
5319     0.660886
5320    -0.759482
5321    -1.300458
5322     0.707347
5323    -0.599671
5324    -1.479873
5325     0.265456
5326     0.309102
5327    -0.533892
5328     0.861101
5329     0.233011
5330     0.910083
5331     1.180908
5332    -0.502556
5333    -0.424715
5334     0.487733
5335     1.555825
5336     3.037635
5337    -0.428282
5338     2.085349
5339     1.216661
5340    -1.244318
5341     1.091812
5342     1.773946
5343    -0.483266
5344    -0.908660
5345    -0.148377
5346     0.169759
5347    -0.821692
5348    -0.894044
5349    -0.337965
5350    -0.920404
5351    -1.272034
5352     0.085735
5353     0.751845
5354    -0.861187
5355    -1.079357
5356    -0.541471
5357    -0.301291
5358     0.685465
5359    -0.342552
5360    -0.086102
5361     0.577438
5362    -0.425305
5363    -1.145049
5364    -0.373996
5365     1.177222
5366     2.612438
5367     0.212069
5368    -0.576271
5369    -0.384822
5370    -0.321934
5371    -1.198083
5372     0.017307
5373     0.483146
5374     0.167453
5375    -0.185913
5376     0.370122
5377    -0.490113
5378     0.003058
5379     0.356403
5380    -0.692692
5381    -1.652806
5382    -1.414053
5383    -0.527368
5384    -1.166447
5385     0.270293
5386     0.439003
5387    -0.528797
5388    -0.577063
5389    -0.753807
5390     0.128122
5391     0.376513
5392    -0.766412
5393    -0.492551
5394    -0.260564
5395     2.279211
5396     3.061586
5397     0.801059
5398     3.058284
5399     1.522963
5400     0.460197
5401     0.752591
5402     1.469954
5403    -0.491044
5404    -0.458915
5405    -0.405729
5406     0.150963
5407    -1.024728
5408    -0.813843
5409    -0.471153
5410    -0.231056
5411    -0.641095
5412     0.176419
5413     0.495125
5414    -0.714562
5415    -0.967637
5416    -0.519123
5417     0.278149
5418     0.398526
5419    -0.303681
5420    -0.057878
5421     0.327262
5422    -0.133145
5423    -0.758897
5424    -0.263447
5425     1.049042
5426     2.021038
5427     0.220672
5428    -1.240583
5429    -0.490839
5430    -0.586525
5431    -0.853528
5432     1.059053
5433     0.396403
5434    -0.282818
5435     0.559495
5436     0.057542
5437    -0.601763
5438    -0.200045
5439     0.147886
5440    -0.569129
5441    -2.296347
5442    -1.023528
5443    -0.216700
5444    -0.534203
5445     0.178006
5446     0.361907
5447    -1.235559
5448    -0.425553
5449    -1.027319
5450    -1.437605
5451     0.278336
5452    -0.517911
5453    -0.747765
5454    -0.239804
5455     1.781774
5456     2.386076
5457     0.581251
5458     3.539958
5459     2.560605
5460     1.555424
5461     0.244177
5462     1.342188
5463    -0.407900
5464    -0.420391
5465    -0.492220
5466     0.257970
5467    -1.236919
5468    -0.633485
5469    -0.430680
5470    -0.117625
5471    -0.690448
5472     0.005398
5473     0.155995
5474    -0.645796
5475    -0.436195
5476    -0.482225
5477     0.169456
5478     0.046923
5479    -0.503979
5480    -0.041042
5481     0.298100
5482    -0.453597
5483    -0.568414
5484    -0.341723
5485     0.859639
5486     1.638610
5487     0.114809
5488    -0.523451
5489    -0.766796
5490    -0.390462
5491    -1.238304
5492     1.217613
5493    -0.246138
5494    -0.533497
5495     0.572240
5496    -0.415997
5497     0.764402
5498    -0.664873
5499     0.297984
5500    -0.345030
5501    -2.149779
5502     0.297750
5503    -0.128569
5504    -0.597729
5505    -0.008210
5506     0.813488
5507    -1.408913
5508     0.255686
5509    -0.948568
5510    -1.177769
5511     1.926208
5512    -0.277817
5513    -0.881593
5514     0.229970
5515     0.983160
5516     2.252761
5517     0.181743
5518     3.389112
5519     3.525986
5520    -1.235235
5521     0.188909
5522     1.675053
5523    -0.172216
5524    -0.510540
5525    -0.501397
5526     0.131006
5527    -1.143233
5528    -0.018703
5529    -0.022287
5530    -0.121144
5531    -0.638053
5532     0.144909
5533     0.243731
5534    -0.552954
5535     0.272274
5536    -0.467266
5537    -0.569801
5538     0.195561
5539    -0.617058
5540    -0.336532
5541     0.196884
5542    -0.426126
5543    -0.929327
5544     0.072025
5545     0.825640
5546     0.933374
5547     0.192261
5548    -0.314173
5549    -0.227504
5550     0.520563
5551    -0.701680
5552     0.047653
5553     0.658304
5554    -0.476875
5555     0.294866
5556     0.078546
5557     1.117362
5558    -2.252332
5559    -1.340144
5560    -0.453539
5561    -0.878900
5562     0.160906
5563    -0.155816
5564    -0.711464
5565     0.048503
5566     0.644848
5567    -0.995841
5568     0.295899
5569    -1.052007
5570    -0.654553
5571     0.534418
5572    -0.480167
5573    -0.435725
5574     0.094611
5575     0.718302
5576     2.260792
5577    -0.619340
5578     3.180831
5579     4.491348
5580    -1.442682
5581    -0.424519
5582     2.220398
5583    -0.207913
5584    -0.018975
5585    -0.733331
5586     0.485614
5587    -0.516881
5588    -0.240511
5589     0.365343
5590    -0.025303
5591    -0.863456
5592     0.438140
5593     0.215392
5594    -0.640280
5595     0.574433
5596     0.149101
5597    -0.676251
5598     0.590701
5599     0.101860
5600    -0.851284
5601     0.582436
5602     0.057068
5603    -0.720780
5604     0.427463
5605    -0.033934
5606     2.667518
5607    -0.586760
5608    -0.109204
5609    -0.882120
5610     0.782065
5611    -0.203429
5612    -0.618244
5613     0.958661
5614     0.037219
5615    -0.296831
5616     0.417940
5617    -0.627592
5618    -0.589779
5619    -2.586103
5620     0.243187
5621    -1.099629
5622     0.549300
5623     0.013817
5624    -0.676717
5625     0.369407
5626     0.654146
5627    -0.994455
5628     0.587273
5629    -1.530667
5630     1.264615
5631    -0.211564
5632     0.040701
5633    -0.652545
5634     0.441045
5635     0.172070
5636     2.947197
5637    -0.624664
5638     1.805943
5639     1.436486
5640    -3.352818
5641    -1.392063
5642     0.786019
5643    -1.619223
5644     0.380701
5645    -0.238017
5646     1.008695
5647     0.320005
5648     0.197075
5649     0.932562
5650    -0.006879
5651    -0.310614
5652     0.489665
5653     0.489507
5654    -0.144998
5655     0.914656
5656     0.499413
5657    -0.250880
5658     1.276110
5659     0.534086
5660    -0.195120
5661     0.845378
5662     0.721272
5663    -0.266989
5664     1.180020
5665    -1.227271
5666     1.119273
5667    -1.571520
5668     0.423219
5669    -0.173585
5670     0.801677
5671    -0.066274
5672    -0.196073
5673     1.300643
5674     0.584357
5675     0.109137
5676     1.035244
5677    -1.760515
5678    -1.302988
5679    -2.845861
5680     0.946275
5681    -0.301934
5682     0.502782
5683     0.031935
5684    -0.184757
5685     0.504761
5686     1.031913
5687    -0.300121
5688     0.727495
5689    -1.695504
5690     0.491207
5691    -1.982914
5692     0.902665
5693    -0.218904
5694     1.248615
5695    -1.188358
5696     0.569067
5697    -1.940868
5698     0.471518
5699     0.813202
5700    -2.807917
5701    -1.763346
5702    -1.467176
5703    -1.554696
5704    -0.455442
5705     0.117703
5706     1.280746
5707     0.643326
5708     1.065809
5709     0.402030
5710    -0.844447
5711    -0.216674
5712     0.524412
5713     1.273837
5714     0.282841
5715    -0.043528
5716     1.196193
5717     0.877382
5718     0.902727
5719     1.367403
5720     0.961378
5721     0.375904
5722     0.939176
5723     0.321458
5724     0.595967
5725    -1.013195
5726    -1.398776
5727    -1.766700
5728    -0.227005
5729     0.441192
5730     1.050641
5731     0.475465
5732     0.420878
5733     0.551419
5734     0.793607
5735     1.135922
5736     0.783421
5737    -0.057502
5738     0.151800
5739     0.103122
5740     0.771712
5741     0.277678
5742     0.169193
5743    -0.797587
5744     0.045169
5745     0.615260
5746     0.766498
5747     0.799681
5748     1.013755
5749    -2.470478
5750    -1.114375
5751    -2.016158
5752     0.792194
5753     0.344827
5754     0.873910
5755    -0.815102
5756    -2.187072
5757    -1.878617
5758    -0.575308
5759    -0.859644
5760    -1.982807
5761    -1.896830
5762    -1.012092
5763    -1.229796
5764     0.495474
5765     0.637659
5766     0.413143
5767     0.480966
5768     0.817429
5769     0.828839
5770     0.214944
5771     0.247975
5772     0.474241
5773     1.815235
5774     0.596566
5775    -0.035488
5776     0.120126
5777     0.620319
5778     0.135452
5779     1.683192
5780     0.661779
5781     1.041874
5782     0.223359
5783     0.337927
5784     0.371127
5785    -1.507107
5786    -1.214550
5787    -1.209606
5788     1.042004
5789     0.739126
5790     0.391344
5791     1.505469
5792     0.568956
5793     0.570766
5794     1.348487
5795     1.281289
5796     0.550653
5797    -1.281330
5798    -0.692882
5799    -0.558749
5800     0.316558
5801     0.338704
5802     0.321093
5803     0.419512
5804     0.465754
5805     0.438254
5806     0.536863
5807     0.390357
5808     1.462565
5809    -2.049956
5810    -0.522247
5811    -1.578134
5812    -0.298743
5813     0.121228
5814     0.010093
5815    -1.572080
5816    -2.892835
5817    -0.887404
5818    -1.596142
5819    -1.490461
5820    -1.510267
5821    -1.414941
5822    -0.675747
5823    -1.411014
5824     1.307176
5825    -0.164632
5826     0.799339
5827     0.978856
5828     0.434415
5829     1.233796
5830     1.107330
5831    -0.168365
5832     0.742007
5833     0.988263
5834     0.696866
5835    -0.087469
5836    -0.399317
5837     0.714941
5838     0.330372
5839     0.078922
5840     0.719598
5841     0.115328
5842     0.144741
5843     0.721966
5844     0.440103
5845    -1.427324
5846    -0.674627
5847    -1.468954
5848     0.506711
5849     0.767319
5850     0.597778
5851     1.293198
5852     0.523872
5853     0.867949
5854     1.258925
5855     0.355601
5856     1.082481
5857    -1.010194
5858    -0.284972
5859    -0.610357
5860     0.816566
5861    -0.248794
5862     0.753534
5863     1.140120
5864     0.356284
5865     0.668772
5866     0.256809
5867     1.275599
5868     0.896595
5869    -1.695690
5870    -0.895054
5871    -1.372454
5872     0.695830
5873    -0.249332
5874     0.147013
5875    -2.381521
5876    -2.154598
5877    -1.954474
5878    -2.244460
5879    -1.050341
5880    -1.770344
5881    -2.116356
5882    -1.012275
5883    -0.530954
5884     0.883874
5885     0.360204
5886     0.309330
5887     0.335606
5888     0.394917
5889     1.648315
5890     0.767937
5891     0.252307
5892     0.595793
5893     1.449336
5894     0.677144
5895    -0.192805
5896     0.283767
5897     0.716810
5898    -0.053006
5899     0.266041
5900     0.410757
5901     0.649081
5902     0.994924
5903     0.549712
5904    -0.100203
5905    -2.300381
5906    -1.250207
5907    -0.512680
5908     0.996822
5909     0.883282
5910     0.060014
5911     1.710000
5912     0.577848
5913     0.568094
5914     0.724508
5915     0.481027
5916     1.366954
5917     0.257004
5918    -1.087186
5919    -0.888810
5920    -0.346520
5921    -0.108161
5922     0.932716
5923     0.899119
5924     0.631163
5925     0.659434
5926     1.010613
5927     1.193474
5928    -0.092330
5929    -2.228860
5930    -1.107222
5931    -0.562246
5932    -0.187987
5933     0.047295
5934     0.256559
5935    -1.917575
5936    -1.754504
5937    -1.988279
5938    -1.481872
5939    -0.856385
5940    -2.124978
5941    -1.980315
5942    -0.582582
5943    -0.886551
5944     1.099746
5945     0.383715
5946     0.527965
5947     0.590326
5948     0.130959
5949     1.818408
5950     1.083045
5951     0.015909
5952     0.691579
5953     0.726518
5954     0.173376
5955     0.272285
5956    -0.043363
5957     0.395137
5958     0.273289
5959     0.883667
5960     0.499508
5961     0.202837
5962     0.841914
5963     0.060055
5964     0.166624
5965    -2.392530
5966    -0.716463
5967    -0.624386
5968     0.813486
5969     0.478297
5970     0.372547
5971     0.734626
5972     0.441528
5973     1.304746
5974     0.724797
5975     0.037184
5976     1.729929
5977     0.198673
5978    -0.528783
5979    -1.381905
5980     0.077850
5981     0.454341
5982     0.856502
5983     1.075992
5984     0.060127
5985     0.708345
5986     1.224604
5987     0.712513
5988    -0.216980
5989    -1.988587
5990    -0.563319
5991    -1.132721
5992     0.236702
5993     0.607435
5994     0.018271
5995    -1.669763
5996    -1.430637
5997    -2.838047
5998    -2.237388
5999    -0.628302
6000    -1.862734
6001    -2.125710
6002    -1.062519
6003    -0.712538
6004     1.847839
6005     0.550695
6006     0.417420
6007     1.308855
6008     0.362613
6009     1.462918
6010     1.864543
6011     0.324208
6012     0.386070
6013     0.153554
6014    -0.206365
6015    -0.252140
6016     0.436923
6017     0.318191
6018     0.040903
6019     0.181633
6020     0.074386
6021     0.522599
6022    -0.316459
6023    -0.052851
6024    -0.106367
6025    -2.193600
6026    -0.941213
6027    -0.759427
6028    -0.157685
6029     0.048420
6030     0.699883
6031     0.128676
6032    -0.013360
6033     2.180344
6034     0.806792
6035     0.426468
6036     1.414673
6037    -1.088694
6038    -1.225468
6039    -0.776304
6040     0.576728
6041     1.008389
6042     0.443251
6043     1.881080
6044     0.381756
6045     0.376338
6046     0.965043
6047     0.373892
6048    -0.597517
6049    -2.007209
6050    -0.921001
6051    -0.899460
6052     0.841338
6053     0.589569
6054     0.138386
6055    -1.548671
6056     0.335304
6057    -1.873956
6058    -1.554980
6059    -0.371115
6060    -2.105075
6061    -1.629415
6062    -0.111490
6063    -0.669039
6064     0.588324
6065     0.177122
6066     1.228115
6067     0.602166
6068    -0.795801
6069     0.268864
6070     0.512496
6071    -0.201987
6072     1.140477
6073     0.432817
6074    -0.080352
6075     0.957153
6076     0.008865
6077    -0.129359
6078     0.755704
6079     0.550501
6080    -0.569784
6081     0.957788
6082     0.547724
6083    -0.187925
6084     0.443127
6085    -1.614295
6086     0.298615
6087    -0.818635
6088     0.865961
6089    -0.371318
6090     0.888417
6091     1.257330
6092    -0.695915
6093     0.763961
6094     0.812642
6095    -0.645417
6096     0.004683
6097    -0.169006
6098     0.287567
6099     0.300002
6100     0.547701
6101     0.832467
6102     0.660370
6103     0.244986
6104    -0.104160
6105     0.968141
6106     0.051623
6107     0.446069
6108     0.125561
6109    -1.516686
6110     0.241953
6111    -0.964970
6112     0.397179
6113     0.509201
6114     0.751730
6115    -1.858764
6116     0.168176
6117    -4.212362
6118    -0.632150
6119     0.932338
6120    -3.549086
6121     0.982405
6122     0.696366
6123    -1.443442
6124    -0.361229
6125    -0.101958
6126     1.399027
6127    -0.389644
6128    -0.412951
6129    -0.996262
6130    -0.469640
6131    -0.354870
6132     0.908555
6133    -0.416659
6134    -0.606941
6135     1.828636
6136    -0.322305
6137    -0.551507
6138     1.517702
6139    -0.155619
6140    -0.594272
6141     0.881661
6142     0.080213
6143    -0.792428
6144     1.099490
6145     0.657529
6146     0.821953
6147    -1.356261
6148    -1.049526
6149    -0.298032
6150     1.101589
6151    -1.381186
6152    -0.658214
6153     1.052874
6154    -0.467190
6155    -0.788411
6156    -0.700487
6157     0.706308
6158     0.599661
6159    -0.647582
6160    -0.921440
6161     1.058543
6162     0.855339
6163    -0.491828
6164    -0.291969
6165     1.085399
6166     1.068206
6167     0.529143
6168    -0.258627
6169     0.950678
6170     0.546434
6171    -1.129905
6172    -0.495746
6173     0.646293
6174     0.984149
6175     1.734721
6176     0.179664
6177    -2.999412
6178     0.741952
6179     0.373493
6180    -3.182445
6181     1.181379
6182     0.942313
6183    -1.617133
6184    -0.260441
6185    -0.461444
6186     0.626947
6187    -0.832205
6188    -0.250855
6189     0.886206
6190    -0.318107
6191    -0.888588
6192     0.773760
6193    -0.043614
6194    -1.033601
6195    -0.537202
6196    -0.376244
6197    -0.955127
6198     0.615992
6199    -0.004166
6200    -0.987414
6201     0.204990
6202     0.044615
6203    -1.317581
6204     0.644332
6205     1.448360
6206     0.874492
6207    -1.719598
6208     0.251244
6209    -1.102847
6210     0.585347
6211    -0.543757
6212    -1.542359
6213     0.089236
6214    -1.502123
6215    -0.777266
6216     1.086147
6217     0.901081
6218     1.124032
6219     1.312592
6220    -0.605992
6221     1.317244
6222     0.802991
6223    -0.126608
6224    -1.035329
6225    -0.173686
6226     0.037943
6227     1.510327
6228     1.081187
6229     0.783908
6230     0.617157
6231    -1.849297
6232    -1.287186
6233     1.256324
6234     0.808475
6235     0.988189
6236     1.433586
6237    -1.814226
6238     0.263724
6239     1.276937
6240    -1.807062
6241     1.187550
6242     0.762451
6243    -0.627474
6244    -0.391475
6245     0.389885
6246    -0.835093
6247    -1.184142
6248    -0.409531
6249     2.996165
6250    -0.575134
6251     0.132815
6252    -0.725345
6253    -0.548310
6254     0.329319
6255     0.777168
6256    -0.822283
6257    -0.518604
6258     0.894423
6259    -0.397509
6260     0.225131
6261     0.428525
6262     0.230722
6263    -0.362024
6264    -0.550558
6265     1.159412
6266     1.501282
6267    -0.014188
6268     0.109677
6269    -0.266422
6270     0.383106
6271    -1.036151
6272    -1.293127
6273    -0.333489
6274    -0.962787
6275    -3.180792
6276     1.500995
6277     1.583137
6278     0.367086
6279    -0.057836
6280     0.546047
6281    -0.011509
6282    -0.431167
6283    -1.388773
6284     1.330536
6285    -0.002038
6286     0.830452
6287    -0.298415
6288     0.176967
6289     0.747772
6290    -0.222147
6291    -0.514221
6292    -0.052113
6293    -0.710895
6294    -0.724260
6295     1.221922
6296     0.956461
6297    -0.531569
6298    -0.258017
6299     1.278498
6300    -1.810111
6301    -0.601620
6302    -0.723553
6303     0.561273
6304     0.686050
6305     0.018386
6306    -1.678807
6307     0.220328
6308     0.009426
6309     0.870253
6310     1.077491
6311    -0.480919
6312    -2.097573
6313    -0.425734
6314     0.968862
6315     0.721649
6316    -0.130792
6317     0.330588
6318     0.338820
6319    -0.423131
6320    -0.662099
6321     0.311238
6322    -0.642503
6323    -0.228011
6324     0.717374
6325    -0.699865
6326    -1.223633
6327     0.541289
6328    -0.383700
6329    -0.759042
6330     0.662183
6331    -0.311580
6332     0.393819
6333    -0.027112
6334     0.188473
6335    -0.203870
6336     1.075729
6337    -0.239478
6338    -0.667735
6339     0.974234
6340    -0.550824
6341    -0.550116
6342     0.625425
6343     1.305938
6344     0.845634
6345    -2.321848
6346     0.059464
6347     0.647612
6348     0.674131
6349    -0.497513
6350     0.643518
6351     0.987899
6352    -0.340413
6353     0.616692
6354     0.454547
6355    -0.660998
6356    -0.842889
6357     0.503928
6358     2.370406
6359     1.867329
6360    -3.894632
6361    -0.661111
6362    -0.365131
6363     0.588043
6364     0.410253
6365     1.202405
6366    -1.745837
6367     0.267647
6368    -0.242267
6369    -0.809442
6370     0.493150
6371     1.370202
6372    -1.750734
6373     0.392882
6374    -0.646702
6375     0.902543
6376    -0.191671
6377    -0.029390
6378     0.714243
6379    -0.344759
6380    -0.671876
6381     1.512281
6382    -0.135719
6383    -0.916018
6384     0.939091
6385    -0.848181
6386    -0.456665
6387     0.710418
6388    -0.744197
6389     0.007506
6390     0.639060
6391    -0.513857
6392     0.285642
6393     0.326448
6394     0.440215
6395    -0.441375
6396    -0.826158
6397    -0.325969
6398    -0.651674
6399     0.945818
6400    -0.717470
6401    -0.151995
6402     0.943825
6403     1.046919
6404     1.440371
6405    -0.349669
6406     0.393954
6407    -0.372582
6408    -0.496094
6409    -0.044689
6410    -0.309411
6411     0.801460
6412    -0.189600
6413     0.026190
6414     0.622752
6415    -0.677683
6416    -0.563624
6417     1.055705
6418     1.949885
6419     1.486394
6420    -4.723750
6421     0.117068
6422    -0.600256
6423     0.292069
6424     0.542988
6425     1.227715
6426    -1.625934
6427     1.522615
6428    -0.065308
6429    -1.197503
6430    -0.090250
6431     0.624464
6432    -1.491153
6433    -0.026966
6434    -0.288453
6435     0.697467
6436     0.369287
6437    -1.310958
6438     0.376065
6439    -0.383117
6440    -0.496217
6441     1.522720
6442     0.583021
6443     0.352728
6444     0.275546
6445    -0.421753
6446    -1.754232
6447     0.507901
6448     0.327473
6449    -0.647710
6450     0.249335
6451     0.380855
6452    -0.479618
6453    -0.035180
6454     2.070654
6455     0.293860
6456    -1.379820
6457    -0.337805
6458    -0.512942
6459     0.704821
6460    -1.566588
6461     0.306636
6462     1.207514
6463     0.245321
6464    -0.627762
6465     0.190855
6466    -2.062542
6467     2.961848
6468     1.045618
6469     0.384561
6470     0.467519
6471     0.312240
6472     0.007265
6473     0.453157
6474     0.216730
6475    -0.845813
6476    -0.603760
6477     1.170635
6478    -0.816275
6479     0.699289
6480    -3.039927
6481    -0.505427
6482    -0.026526
6483     0.570458
6484    -0.667331
6485     1.485360
6486    -0.086106
6487     0.419743
6488     0.285029
6489    -0.497027
6490    -0.669725
6491     1.354741
6492    -1.001869
6493     1.536514
6494    -1.328331
6495    -0.858043
6496    -0.168174
6497     0.371384
6498     0.280636
6499     1.442562
6500    -0.877948
6501    -0.550662
6502     0.987473
6503    -1.869594
6504     0.266142
6505    -0.406876
6506     1.139453
6507    -0.081815
6508     1.158085
6509    -1.637417
6510    -0.608633
6511     1.139911
6512    -0.614847
6513    -1.130440
6514     0.489422
6515     0.763742
6516     0.103977
6517     0.918887
6518    -0.897504
6519    -0.827319
6520    -0.889531
6521     1.358092
6522    -0.002274
6523    -0.454051
6524     0.440277
6525     0.642287
6526    -1.852614
6527     1.152568
6528     1.084246
6529    -0.091168
6530     1.305403
6531     0.197917
6532    -0.803076
6533     1.220162
6534     0.647344
6535    -1.318879
6536    -0.061170
6537     1.244233
6538    -0.265749
6539    -3.562874
6540     0.606951
6541    -0.755732
6542    -0.043869
6543     0.560509
6544    -0.668860
6545     0.815428
6546     0.233728
6547     1.749579
6548    -1.085384
6549     0.744182
6550     0.789993
6551    -0.272276
6552     0.307264
6553     1.211754
6554    -1.287687
6555     0.201600
6556    -0.541405
6557     0.126172
6558    -0.227895
6559     1.183856
6560    -1.188427
6561     0.010150
6562    -0.463216
6563    -0.079958
6564     0.511674
6565     0.020807
6566     0.077653
6567     0.497193
6568     1.022391
6569    -1.713236
6570    -0.150589
6571     0.313925
6572    -0.440094
6573    -1.056434
6574     2.248673
6575    -1.085245
6576     0.249214
6577     0.256114
6578    -0.487609
6579     0.188401
6580     0.462417
6581    -0.145259
6582     0.897058
6583    -1.525130
6584     1.471495
6585    -0.157243
6586    -1.631305
6587     0.475387
6588     0.374643
6589    -0.097892
6590     0.254238
6591    -0.730124
6592    -0.152303
6593    -0.157346
6594    -0.550730
6595    -2.268415
6596     1.241717
6597     0.455677
6598    -1.155252
6599     3.524298
6600    -2.358280
6601    -0.533652
6602     0.125969
6603     0.727616
6604    -0.825906
6605     1.527490
6606    -0.275318
6607     1.021605
6608    -1.426949
6609     0.804579
6610    -0.152986
6611    -1.012819
6612     0.621776
6613     1.014107
6614    -1.937277
6615     0.688508
6616    -0.358907
6617     0.645988
6618    -0.417437
6619     0.587698
6620    -1.508461
6621    -0.032319
6622    -0.244080
6623     0.981744
6624    -0.385137
6625    -0.469370
6626    -0.111484
6627     0.628036
6628     0.674390
6629    -1.315883
6630    -0.674679
6631     0.523881
6632    -0.119541
6633    -1.293185
6634     1.605810
6635    -1.358259
6636     0.127005
6637    -0.167938
6638    -0.492030
6639     0.164610
6640     0.079712
6641     0.091913
6642     0.805072
6643    -0.055988
6644     1.786122
6645     0.000735
6646    -1.612830
6647     0.271651
6648     0.794564
6649    -0.450692
6650    -0.185016
6651    -0.411016
6652    -0.565208
6653    -1.001293
6654    -0.044797
6655    -1.766169
6656     1.847114
6657     0.391755
6658     1.696524
6659     3.191021
6660    -2.220367
6661     0.515897
6662    -0.086975
6663     0.640360
6664     0.234126
6665     1.329745
6666     0.220560
6667     0.358063
6668    -1.444840
6669     0.381612
6670     0.291987
6671    -1.112724
6672     0.778022
6673     0.469382
6674    -1.898237
6675    -0.224227
6676    -0.341857
6677     0.748761
6678    -1.135977
6679     0.586091
6680    -1.482461
6681     0.069181
6682     0.028068
6683     0.957549
6684    -1.206455
6685     0.353992
6686    -0.229538
6687     0.531284
6688     0.842076
6689    -1.305904
6690    -0.738735
6691    -0.397603
6692    -0.021855
6693    -1.186430
6694     1.209602
6695    -1.370010
6696     0.142449
6697     0.029602
6698    -0.455997
6699     0.357838
6700    -1.357244
6701     0.270729
6702     0.028340
6703    -0.080986
6704     1.998251
6705    -0.083624
6706    -2.365226
6707     0.368929
6708     1.126618
6709    -1.130175
6710    -0.105027
6711     0.308687
6712    -0.538373
6713    -1.070852
6714     0.694739
6715    -1.012567
6716     1.830587
6717     0.072873
6718     2.305144
6719     3.079869
6720    -0.777115
6721     1.444494
6722    -0.342865
6723     0.500714
6724     0.895657
6725     1.025773
6726     0.047644
6727     0.186936
6728    -0.462077
6729    -0.943786
6730     0.490045
6731    -0.703271
6732     0.009997
6733     0.421308
6734    -1.115566
6735    -1.233856
6736     0.071025
6737    -0.626811
6738    -1.190731
6739     0.422729
6740    -1.103386
6741     0.630374
6742     0.398669
6743    -0.447291
6744    -0.792037
6745     1.185598
6746    -0.776786
6747     0.542250
6748     0.256475
6749     0.439951
6750    -1.349303
6751    -1.424642
6752    -0.092732
6753    -0.223426
6754     0.433301
6755     0.271323
6756     0.633558
6757     0.042638
6758    -0.663695
6759     0.842192
6760    -1.609805
6761     0.145452
6762     0.174476
6763     0.446368
6764     0.821878
6765     0.815799
6766    -3.225069
6767     0.654863
6768    -0.138405
6769    -1.617428
6770     0.188152
6771     0.302125
6772    -1.413241
6773     0.114602
6774     0.436549
6775    -0.870569
6776     0.801069
6777    -0.446779
6778     3.465512
6779     1.871417
6780     1.382645
6781     0.226379
6782     0.054775
6783     0.363911
6784     2.155136
6785     0.417118
6786     0.569318
6787    -1.432626
6788    -0.299545
6789    -0.714572
6790     2.394583
6791    -1.287494
6792    -0.107002
6793     0.462519
6794    -1.916765
6795    -0.145102
6796    -1.602689
6797    -0.684084
6798    -0.695375
6799     0.353024
6800    -0.976213
6801     0.941684
6802    -1.672708
6803    -0.490087
6804    -0.235456
6805     0.142441
6806    -0.290831
6807     0.026804
6808     0.102124
6809    -0.057834
6810    -0.318721
6811    -1.800307
6812     0.187601
6813    -0.287076
6814    -1.746117
6815     0.191371
6816     1.421194
6817     0.036055
6818    -0.262320
6819     0.329918
6820     0.624973
6821     0.309803
6822    -0.979809
6823     2.442961
6824     1.650307
6825    -0.825011
6826    -1.628493
6827     0.310977
6828    -0.232972
6829     0.059416
6830     0.479373
6831    -0.685329
6832     0.188550
6833     0.280912
6834    -0.216976
6835    -0.117925
6836     0.528690
6837    -0.389801
6838     0.812704
6839     1.854247
6840     2.180372
6841     0.573737
6842    -0.331897
6843    -0.479748
6844     1.920470
6845    -1.259712
6846     1.772450
6847    -1.394128
6848     0.260081
6849    -0.913301
6850     1.908405
6851    -1.864744
6852     1.454645
6853     0.289614
6854     0.214281
6855    -1.091467
6856    -1.567880
6857     0.251982
6858    -0.986114
6859     0.215895
6860     0.368830
6861     0.593104
6862    -1.364147
6863    -0.310829
6864    -0.780406
6865     0.326304
6866    -0.094894
6867    -0.506727
6868    -0.008024
6869     0.270741
6870     0.453582
6871    -1.499416
6872    -0.234208
6873    -0.439532
6874    -1.514022
6875     0.387225
6876     1.014404
6877     0.421810
6878     0.079393
6879    -1.244433
6880     0.723975
6881     0.153056
6882    -1.165207
6883     1.742006
6884    -0.884004
6885     1.300489
6886    -1.211354
6887     0.550987
6888    -1.242281
6889    -0.133784
6890    -0.371417
6891     0.169447
6892     0.445926
6893    -0.001543
6894    -0.420036
6895    -0.163495
6896     0.468729
6897     0.043833
6898     0.288109
6899     2.347944
6900     2.467299
6901     1.822724
6902     0.148223
6903    -0.986599
6904     0.016464
6905     0.210861
6906     1.525222
6907    -0.204868
6908    -0.034597
6909    -1.081937
6910     0.066779
6911     0.081271
6912     0.716130
6913     0.272095
6914    -0.311361
6915    -0.947875
6916    -0.012773
6917    -0.236350
6918    -1.149422
6919    -0.412409
6920    -0.251444
6921     1.215332
6922    -0.343654
6923    -0.041984
6924    -1.086854
6925     1.417912
6926    -0.575853
6927    -0.582808
6928    -0.014186
6929     0.395019
6930     0.627157
6931    -0.491964
6932     0.079657
6933    -0.758391
6934    -0.795666
6935     0.156195
6936     1.315794
6937    -0.136472
6938    -0.362986
6939    -1.222319
6940     0.085461
6941    -0.490634
6942    -0.896249
6943    -0.613719
6944     0.436095
6945     1.131822
6946    -0.084379
6947     0.169152
6948    -1.427212
6949     1.051190
6950     1.163817
6951    -0.833637
6952     1.989961
6953     0.042720
6954    -0.593237
6955    -2.451769
6956    -0.465233
6957     0.920858
6958    -1.160727
6959    -0.112569
6960     4.114225
6961     1.165553
6962     0.083965
6963     0.102803
6964     0.752486
6965    -0.382129
6966     0.110550
6967    -0.752390
6968    -0.017114
6969     0.161000
6970     0.550765
6971     0.248230
6972    -0.205907
6973     0.966913
6974     0.258513
6975    -2.536864
6976     0.806886
6977    -0.472466
6978    -2.239493
6979    -0.640594
6980     0.356291
6981     1.321686
6982    -0.638365
6983    -0.748771
6984    -0.051857
6985     1.019967
6986    -0.421119
6987    -0.005408
6988     0.336128
6989    -0.106623
6990     0.324568
6991    -1.115787
6992     0.360024
6993     0.398099
6994    -1.208166
6995     0.069314
6996     1.983795
6997    -0.984398
6998     0.591983
6999     0.001997
7000     0.679117
7001    -0.637643
7002    -1.951359
7003    -0.257568
7004     1.172865
7005     0.128067
7006     0.412827
7007     0.126393
7008    -2.208427
7009     0.745433
7010    -0.713116
7011     0.090937
7012     1.400214
7013    -0.283056
7014     0.288852
7015    -2.489334
7016    -0.114093
7017     1.767302
7018    -0.749686
7019     0.628552
7020     2.519660
7021     0.857889
7022    -0.455295
7023     0.246266
7024     1.252585
7025     2.100630
7026    -0.350391
7027    -2.076887
7028    -1.404975
7029     0.157254
7030     0.852730
7031     1.040622
7032    -0.117198
7033     1.788088
7034     1.182393
7035    -1.881237
7036     1.590576
7037     1.032299
7038    -1.689089
7039     0.202491
7040    -0.163514
7041     0.883321
7042     0.404604
7043    -0.702638
7044     0.032327
7045     0.988090
7046    -0.359299
7047     0.171653
7048     0.363081
7049     0.994781
7050     0.298559
7051    -0.117208
7052    -0.696120
7053     0.312026
7054    -2.108132
7055    -1.393887
7056     1.290668
7057    -1.318125
7058    -0.031724
7059     0.108211
7060    -0.069642
7061     0.408384
7062    -1.246847
7063     1.082584
7064     1.543233
7065    -0.082991
7066    -0.067237
7067    -0.727009
7068    -1.349902
7069    -1.235174
7070    -0.811665
7071     0.085903
7072    -0.754705
7073    -0.849576
7074     0.204321
7075    -0.780481
7076    -0.918116
7077     1.196433
7078    -0.855128
7079     0.211477
7080     1.730712
7081     0.167502
7082     0.478313
7083     0.333948
7084     1.963837
7085     0.410844
7086    -0.512808
7087    -1.773926
7088    -1.044355
7089    -0.100133
7090     0.702300
7091     0.804213
7092     0.170235
7093     1.917905
7094     0.780942
7095    -1.989610
7096     1.762460
7097     0.764144
7098    -1.862157
7099     0.867763
7100    -0.854917
7101     0.082464
7102     0.832532
7103    -0.393458
7104    -1.284970
7105     0.357313
7106     0.510646
7107     0.288162
7108     0.683309
7109     0.559857
7110     0.097688
7111    -1.655079
7112    -0.132193
7113     2.080225
7114    -2.082510
7115    -1.399374
7116     1.608933
7117    -1.515880
7118     0.697878
7119     0.339873
7120     0.236593
7121     0.154270
7122    -1.035105
7123     1.748101
7124     0.342148
7125    -0.788782
7126    -0.872559
7127    -0.319866
7128     0.043064
7129    -1.359556
7130    -0.481944
7131     0.647165
7132    -0.888743
7133    -0.771449
7134     0.845581
7135    -0.659190
7136    -0.693293
7137     0.806591
7138    -0.432174
7139     0.587593
7140     0.229638
7141     0.198163
7142    -0.756525
7143     0.615474
7144     2.500838
7145     0.583640
7146    -0.300921
7147    -2.099513
7148    -0.645886
7149    -0.146908
7150    -0.770061
7151     0.444330
7152     0.098422
7153     0.087418
7154     0.814521
7155    -1.684378
7156     0.160110
7157     0.855039
7158    -1.577020
7159     0.728310
7160     0.821172
7161    -0.289986
7162     0.794141
7163     0.748051
7164    -1.113366
7165     0.120143
7166    -0.777611
7167     0.583043
7168    -0.149719
7169     0.778244
7170     0.035951
7171     0.596391
7172    -1.301030
7173     1.616374
7174    -1.739210
7175    -0.725313
7176     1.128445
7177    -0.972217
7178    -0.769841
7179     0.540138
7180    -1.429255
7181    -0.335716
7182    -0.850513
7183     3.975501
7184     1.145394
7185    -1.232846
7186    -0.303280
7187    -0.438031
7188     0.252526
7189    -1.207128
7190    -0.233767
7191     0.573435
7192    -0.860835
7193    -0.256798
7194     0.643331
7195    -0.026195
7196    -0.081347
7197     0.673388
7198     0.396399
7199     0.131473
7200     0.435411
7201    -0.172360
7202    -1.775316
7203     0.650987
7204    -0.659386
7205     0.551040
7206    -0.168876
7207     0.811847
7208     1.064624
7209    -0.320023
7210     0.440868
7211     0.918496
7212    -0.144969
7213    -0.440741
7214     1.044866
7215    -0.955230
7216    -0.848231
7217     1.021519
7218    -0.378913
7219     1.659725
7220     1.138431
7221     0.087380
7222     0.208114
7223     1.003513
7224     0.284962
7225    -0.054176
7226    -1.757290
7227     0.552922
7228     1.886368
7229     1.669778
7230     0.012710
7231    -1.964692
7232    -2.679324
7233     0.170622
7234     1.707589
7235     1.222503
7236     0.118999
7237    -0.993941
7238    -1.551109
7239    -0.005851
7240    -1.332381
7241    -0.560692
7242    -0.279322
7243     1.260825
7244     1.601810
7245    -0.535589
7246    -1.797617
7247    -1.416333
7248    -0.189408
7249    -1.087481
7250    -0.489439
7251     0.142320
7252    -0.432993
7253    -0.531183
7254     0.356228
7255     1.299958
7256    -0.095516
7257     0.204666
7258     0.508703
7259    -0.380376
7260     0.396385
7261    -0.922060
7262    -1.821977
7263     0.136120
7264     0.348894
7265     2.487015
7266    -0.093590
7267     1.158456
7268     0.195134
7269    -0.528522
7270     0.519541
7271    -0.721642
7272     0.237009
7273     0.880727
7274     0.109367
7275    -0.035639
7276    -0.416224
7277     0.721662
7278     1.255490
7279     0.232429
7280     0.802580
7281    -0.964140
7282    -0.248859
7283     0.225785
7284     0.889184
7285    -0.871317
7286    -0.894394
7287    -0.337826
7288     1.172875
7289     0.379626
7290    -0.221492
7291    -0.116764
7292    -0.064974
7293     0.721168
7294     0.595493
7295     0.828570
7296    -0.782643
7297     0.006806
7298    -1.115350
7299    -0.000458
7300     0.047183
7301    -1.377904
7302     0.487993
7303     1.034451
7304    -0.915471
7305     0.255007
7306    -1.345184
7307     2.374260
7308    -1.055276
7309    -0.528744
7310     0.077557
7311     0.748693
7312     0.451889
7313    -0.843201
7314     0.921963
7315     0.407405
7316    -0.734229
7317    -0.954248
7318    -2.406997
7319     0.287587
7320    -0.678791
7321    -0.428586
7322    -0.666653
7323    -0.410586
7324     0.053738
7325     2.118765
7326    -0.261900
7327     0.033508
7328     0.244900
7329     0.068029
7330    -1.016240
7331     2.517737
7332    -0.285897
7333     0.355665
7334     0.125721
7335     0.041253
7336     0.518587
7337    -0.239278
7338     0.287294
7339     0.704457
7340    -0.605266
7341    -0.523346
7342     0.472480
7343    -0.419846
7344     0.180868
7345     0.382289
7346    -0.889359
7347    -1.090643
7348    -0.185471
7349     0.359962
7350     0.591728
7351     1.348411
7352    -1.231384
7353    -0.373982
7354     0.270788
7355    -0.379913
7356     0.301889
7357    -0.007616
7358    -0.314298
7359    -0.693809
7360     0.589603
7361    -0.772130
7362    -0.696649
7363    -0.512044
7364     2.460540
7365    -0.255438
7366     0.274730
7367    -0.417337
7368    -0.120721
7369     0.083431
7370    -0.219019
7371     0.202343
7372     0.599928
7373    -0.429431
7374    -0.115470
7375    -0.098280
7376    -0.580595
7377    -0.426852
7378    -3.439380
7379    -0.663114
7380     3.581888
7381    -0.225564
7382     0.368337
7383    -0.886840
7384    -0.268121
7385     1.773535
7386    -0.110952
7387     0.195988
7388     0.603248
7389    -0.168347
7390     0.248733
7391    -0.156206
7392    -0.517247
7393     0.403830
7394     0.020696
7395    -0.039743
7396     0.067001
7397     0.268915
7398     0.418762
7399     0.567765
7400     0.124076
7401    -0.748460
7402     1.243303
7403    -0.942111
7404    -0.156558
7405    -0.245791
7406    -0.108829
7407    -1.154399
7408    -0.574268
7409     0.084544
7410     0.744251
7411     0.603543
7412    -0.256539
7413    -0.243486
7414     0.041003
7415     0.921685
7416     0.256046
7417     0.399338
7418    -0.686422
7419    -1.065501
7420    -0.106206
7421    -0.128344
7422    -0.745315
7423     0.371374
7424    -1.187566
7425     0.181776
7426     0.542206
7427    -0.028968
7428    -0.297761
7429     0.165840
7430    -1.885053
7431     0.667071
7432     0.251673
7433     1.121798
7434    -0.028939
7435    -0.830241
7436    -0.127746
7437    -0.347727
7438    -2.851408
7439     0.220951
7440     4.243370
7441    -0.103785
7442    -0.266573
7443    -0.302497
7444     0.122123
7445     1.537889
7446     1.740412
7447    -0.157208
7448     1.626398
7449    -0.770082
7450     0.305170
7451     0.996416
7452     1.056259
7453     0.276821
7454     0.302432
7455    -0.128582
7456    -0.118405
7457    -0.235462
7458     0.004778
7459     0.314406
7460     1.025373
7461    -0.657994
7462     0.890540
7463     0.160138
7464    -0.343253
7465     0.182498
7466    -1.542889
7467    -0.234053
7468    -0.719591
7469     0.413438
7470     0.415175
7471     0.499605
7472    -0.278213
7473    -0.048803
7474     0.024245
7475     0.639910
7476    -0.340905
7477     0.333932
7478    -0.122370
7479    -0.586364
7480    -0.352680
7481    -0.190910
7482    -0.394309
7483     0.294930
7484     0.406675
7485     1.641661
7486     0.413055
7487     0.375343
7488    -0.201290
7489    -0.374611
7490     0.097758
7491     0.255453
7492     0.400280
7493     0.361336
7494     0.216627
7495    -0.793244
7496    -0.764974
7497    -0.444588
7498    -1.438081
7499    -4.541713
7500    -0.877645
7501     0.026474
7502    -0.636321
7503    -0.358816
7504    -0.788870
7505    -0.558291
7506     3.530578
7507    -0.326504
7508     0.012798
7509    -0.205510
7510     0.249850
7511    -1.414494
7512     2.722706
7513     0.091622
7514     1.442416
7515    -0.584289
7516    -0.192204
7517     0.287847
7518    -0.304159
7519     0.277771
7520    -0.153489
7521    -0.379499
7522     0.297550
7523     0.950516
7524    -0.407936
7525    -0.417853
7526    -0.439531
7527    -0.560191
7528    -0.772357
7529     0.380900
7530     0.277814
7531     0.554863
7532    -0.023840
7533    -0.334123
7534     0.314901
7535     0.114764
7536    -0.493213
7537     0.306218
7538    -0.298623
7539    -0.581126
7540     1.143589
7541    -0.602902
7542    -1.425887
7543    -0.054387
7544     0.350428
7545     2.310847
7546     0.335976
7547     0.941454
7548    -0.398084
7549     0.129808
7550     0.127709
7551    -0.209372
7552     0.436938
7553     0.276002
7554    -0.058876
7555    -0.634775
7556     0.079062
7557    -0.914595
7558    -0.978609
7559    -0.836408
7560    -1.626269
7561     0.153196
7562     1.137450
7563     0.706613
7564    -0.906872
7565    -1.595264
7566    -2.614694
7567    -0.578836
7568     0.369340
7569     0.069093
7570     0.301747
7571    -2.172399
7572    -1.752111
7573     0.175603
7574     0.165053
7575     0.648009
7576    -0.401812
7577    -0.488162
7578     0.684075
7579     0.002747
7580     0.768794
7581     0.307664
7582     0.415887
7583     0.038853
7584     0.555974
7585    -0.436288
7586     0.176044
7587    -0.040882
7588    -0.971040
7589    -0.282141
7590    -0.170697
7591     0.653812
7592     0.853785
7593     0.684644
7594     0.235808
7595     0.179421
7596     0.038695
7597     0.502192
7598     1.640807
7599     0.815718
7600     1.208878
7601     0.881961
7602     1.323106
7603    -0.029842
7604    -2.221289
7605    -1.441577
7606     0.616727
7607     0.927707
7608     1.086230
7609    -0.039621
7610     0.690912
7611    -0.213621
7612     0.461737
7613     0.178087
7614     0.587603
7615    -0.614003
7616     0.428949
7617    -0.140636
7618    -0.750019
7619    -1.677909
7620    -1.133205
7621     1.275392
7622    -0.123049
7623     0.528163
7624    -1.741812
7625    -0.472769
7626    -1.845387
7627     0.039652
7628     1.045491
7629    -1.503957
7630    -1.679751
7631    -0.264087
7632     0.025720
7633     0.173838
7634    -0.219040
7635     0.784354
7636     0.440759
7637    -0.667624
7638    -0.424074
7639     0.670046
7640     0.208048
7641    -0.288005
7642    -0.079712
7643    -1.083878
7644     1.612967
7645    -0.568004
7646    -0.620257
7647     0.773082
7648     0.297648
7649    -1.139705
7650    -0.742188
7651     1.362487
7652     0.708443
7653    -0.194861
7654     0.747769
7655     0.316418
7656    -0.690334
7657     1.028270
7658     0.001710
7659     1.397113
7660    -1.010131
7661     2.206904
7662     1.179040
7663    -1.431050
7664     0.825348
7665    -1.383259
7666     0.162141
7667     1.322863
7668     0.649899
7669     1.212635
7670    -0.484487
7671    -0.497355
7672     1.436479
7673    -0.162003
7674    -0.306010
7675    -0.673491
7676    -0.207223
7677     0.225227
7678    -1.663165
7679    -1.191100
7680     0.699865
7681     0.406122
7682     0.177051
7683    -0.380665
7684     0.462016
7685    -0.639628
7686     2.364051
7687     1.025749
7688    -0.437312
7689     0.410618
7690    -1.657784
7691    -0.796489
7692     0.548524
7693     0.118316
7694     0.949977
7695    -0.458013
7696     1.273959
7697     0.004664
7698    -0.342642
7699     1.501285
7700    -0.213942
7701     0.019547
7702     0.270909
7703     0.719802
7704    -0.944529
7705    -0.415148
7706     0.380910
7707    -0.767626
7708     1.220923
7709    -0.134430
7710    -0.882620
7711     0.412120
7712     0.480509
7713    -0.529126
7714     0.459923
7715     1.297233
7716    -0.712657
7717     0.358949
7718     0.123254
7719    -0.859892
7720    -0.891330
7721     2.209219
7722     0.605387
7723    -1.624417
7724    -0.513118
7725     0.279167
7726    -0.325155
7727     1.218228
7728     2.133765
7729     0.289128
7730    -0.093681
7731    -0.702621
7732     0.552973
7733     0.202140
7734    -0.236820
7735    -1.576923
7736    -2.465326
7737     0.978073
7738    -1.861615
7739    -2.469060
7740    -0.521920
7741    -0.281028
7742     0.713318
7743    -1.255080
7744     0.796942
7745    -1.130804
7746     0.985058
7747    -0.010528
7748     0.095173
7749    -0.448149
7750     1.014399
7751    -1.954616
7752     1.147232
7753     0.308507
7754    -0.065236
7755    -0.309211
7756    -0.681512
7757     1.356690
7758     0.150473
7759     0.275812
7760     0.179372
7761     0.141083
7762    -0.075454
7763     0.427986
7764     0.055782
7765    -0.393969
7766    -0.062437
7767    -0.190604
7768    -0.072842
7769     0.410828
7770    -0.338051
7771    -0.391615
7772     0.855670
7773    -0.409496
7774    -0.242741
7775     0.969692
7776    -0.733763
7777    -0.564237
7778     0.757377
7779    -0.873740
7780    -0.811718
7781     1.014614
7782     0.466296
7783     0.848725
7784    -1.736446
7785     0.988724
7786    -1.059262
7787     1.555829
7788     0.756623
7789    -0.763059
7790     1.549906
7791    -2.186686
7792    -0.424321
7793     0.927952
7794    -0.428209
7795     1.514623
7796    -3.052633
7797     1.120777
7798     1.013278
7799    -2.812234
7800     1.360941
7801    -0.221252
7802     0.446264
7803    -1.064283
7804     0.624267
7805    -1.679329
7806    -0.338045
7807     0.326650
7808     1.596968
7809     0.655904
7810     0.694271
7811    -1.463464
7812    -0.166021
7813    -0.189268
7814    -0.275895
7815     0.287099
7816    -0.593541
7817     1.249519
7818     0.720417
7819     0.265297
7820    -0.238773
7821    -0.590789
7822    -0.206017
7823     0.377229
7824     0.044109
7825    -0.246800
7826     0.901471
7827     0.117453
7828    -0.173370
7829     0.210104
7830    -0.487021
7831    -0.590802
7832     0.614089
7833     0.584146
7834     0.148135
7835     2.043099
7836     0.488184
7837    -0.353848
7838     0.482883
7839    -0.978490
7840    -0.728896
7841     1.145482
7842     0.913255
7843     0.736603
7844    -1.253717
7845    -0.461048
7846    -0.933946
7847     0.926744
7848     0.917606
7849    -0.836589
7850     0.277248
7851    -0.720142
7852    -0.068607
7853     1.764689
7854     0.385440
7855     1.155057
7856    -4.037322
7857     0.210198
7858     1.192658
7859    -3.087289
7860    -0.517975
7861    -0.324148
7862     0.684611
7863    -1.526994
7864    -0.272912
7865    -0.818845
7866    -0.217766
7867     0.009068
7868     1.286946
7869    -1.362065
7870     1.087341
7871    -2.341404
7872    -0.539667
7873     0.076138
7874    -0.663220
7875     1.091223
7876     1.432549
7877     1.418545
7878    -1.879124
7879    -0.557741
7880     1.224162
7881    -0.385165
7882    -0.731482
7883     0.438249
7884     0.162974
7885    -0.302303
7886    -0.030613
7887     0.035367
7888    -0.542097
7889     1.487739
7890     0.613830
7891     0.477140
7892    -0.909547
7893     0.033877
7894    -0.200629
7895     2.509219
7896    -0.249156
7897    -0.103530
7898    -0.396181
7899    -0.199038
7900    -0.218452
7901    -0.239053
7902     0.462980
7903    -0.228405
7904    -0.472826
7905    -0.331143
7906    -1.076700
7907     1.599774
7908     1.613650
7909    -0.356466
7910    -0.125635
7911     0.472657
7912    -0.103385
7913     0.537352
7914     0.083359
7915     1.197239
7916    -2.860146
7917     1.612495
7918     0.738777
7919    -2.329128
7920     0.507705
7921     0.992029
7922     0.848124
7923    -0.037620
7924     0.411060
7925    -1.256845
7926     0.436818
7927     0.969652
7928     0.571709
7929    -0.651440
7930    -0.650262
7931    -0.816358
7932    -0.286251
7933     0.851418
7934    -1.392342
7935     0.790827
7936     2.267921
7937     0.794861
7938    -2.411907
7939    -0.846261
7940     0.384702
7941    -0.583549
7942    -1.139956
7943     0.407153
7944    -0.222468
7945    -1.325260
7946     1.770566
7947     1.011512
7948    -0.863253
7949     0.625869
7950     0.258674
7951     1.706508
7952    -1.284995
7953    -0.552287
7954     0.658016
7955     1.251615
7956    -0.598870
7957    -0.127891
7958     0.659076
7959     1.454431
7960    -1.025447
7961     0.631937
7962     1.546068
7963     0.297947
7964    -1.138857
7965    -0.062070
7966    -1.136535
7967     0.639287
7968     0.515070
7969     0.417441
7970    -0.976049
7971    -0.526352
7972    -0.814284
7973     1.493666
7974     1.398272
7975    -0.529769
7976    -1.511246
7977     0.230421
7978    -0.113075
7979    -1.701874
7980    -1.709278
7981    -0.165967
7982     0.579446
7983    -0.269873
7984    -0.359589
7985    -1.951817
7986    -0.500017
7987     0.545300
7988     1.530252
7989     0.381253
7990     0.175794
7991    -0.901003
7992     0.265987
7993    -0.807517
7994    -1.427757
7995    -0.328492
7996     1.410540
7997     0.907794
7998    -1.886252
7999    -0.056216
8000     1.389975
8001     0.439871
8002    -0.274529
8003     1.213217
8004     0.747253
8005    -0.675802
8006     1.214766
8007     1.018332
8008     0.253702
8009     1.215370
8010     1.026735
8011     0.102813
8012    -1.392528
8013    -2.164462
8014     1.096710
8015     1.398635
8016     0.170325
8017     1.013430
8018    -0.058630
8019     0.407924
8020    -0.074989
8021    -0.121393
8022     0.889284
8023    -0.959884
8024    -1.223005
8025    -0.169992
8026     0.015729
8027     0.536670
8028     0.851242
8029     1.285903
8030    -0.930602
8031     0.052548
8032     0.223284
8033     0.783508
8034     0.681258
8035    -1.842470
8036    -0.371512
8037     0.823053
8038    -0.906241
8039    -2.391389
8040    -2.435975
8041     0.631835
8042     0.142115
8043    -0.669059
8044    -1.418036
8045    -0.826508
8046     1.162293
8047     0.921689
8048     0.972711
8049     0.382246
8050    -1.043517
8051    -1.779516
8052     0.011927
8053    -0.645246
8054    -0.822877
8055     1.103228
8056     1.626589
8057     0.572924
8058    -1.251458
8059     0.784077
8060     1.020905
8061     0.112406
8062     0.715700
8063     0.973871
8064    -0.043166
8065    -0.334057
8066     0.583994
8067    -0.109133
8068     1.173735
8069     0.946593
8070     0.631284
8071    -1.173976
8072    -0.538367
8073    -0.605221
8074     1.444760
8075     0.708421
8076    -0.104792
8077    -0.968121
8078    -0.320714
8079     0.931308
8080     1.241561
8081     0.660483
8082    -0.723346
8083    -1.458392
8084    -1.080224
8085     1.171192
8086     1.194510
8087     1.426368
8088    -1.060872
8089    -0.673029
8090    -1.395130
8091     0.386241
8092     1.684402
8093     1.667844
8094    -0.514294
8095    -1.953291
8096    -1.265494
8097     0.059661
8098    -1.751194
8099    -1.647399
8100    -0.870444
8101     0.205145
8102     0.004211
8103     0.103199
8104    -0.443596
8105    -0.873078
8106     1.473064
8107     0.102529
8108     0.761049
8109     0.807515
8110    -0.360724
8111    -1.524136
8112     0.799623
8113    -0.475427
8114    -0.973966
8115     1.145586
8116     0.858577
8117     0.246835
8118    -0.735465
8119     0.543539
8120     0.705673
8121     0.849723
8122     0.303577
8123     0.554790
8124     0.386149
8125    -0.777818
8126     0.356155
8127    -0.716798
8128     0.575195
8129     0.692538
8130     1.198123
8131    -1.206213
8132    -0.731358
8133    -0.583393
8134     0.672313
8135     0.545605
8136     0.614762
8137    -0.467160
8138    -0.614221
8139     0.275724
8140     1.124394
8141     0.802218
8142    -2.117349
8143    -0.986829
8144    -1.201428
8145     1.137846
8146     1.671481
8147     1.675021
8148    -2.498561
8149    -1.273548
8150    -0.227809
8151    -1.229585
8152     1.659137
8153     2.030622
8154    -2.230679
8155    -0.926228
8156    -1.100899
8157     0.866990
8158    -0.798344
8159    -1.127824
8160     0.453528
8161    -0.359906
8162    -1.174617
8163     0.075268
8164     0.637296
8165    -0.811722
8166     2.047146
8167    -0.534279
8168     0.039794
8169     1.174582
8170     0.815780
8171    -1.078269
8172     0.754633
8173     0.189168
8174    -1.212785
8175     1.063569
8176    -0.125131
8177     0.487277
8178    -2.765708
8179    -0.226125
8180    -0.018489
8181     1.048464
8182    -0.671262
8183    -0.278637
8184     0.402584
8185    -0.969980
8186    -0.397970
8187    -0.411996
8188    -0.275774
8189     0.207958
8190     1.196308
8191    -0.515197
8192    -0.651424
8193    -1.008037
8194    -0.584257
8195    -0.186735
8196     0.638079
8197     0.155344
8198     1.364901
8199    -0.632341
8200     0.314345
8201     0.395251
8202    -0.897950
8203    -0.312777
8204    -0.304989
8205     1.023280
8206     1.015865
8207     1.879217
8208    -1.411860
8209    -0.577496
8210     1.549734
8211    -2.418680
8212     1.969075
8213     2.243171
8214    -1.476462
8215    -0.231075
8216    -1.033047
8217     0.733924
8218     0.286385
8219    -1.018620
8220     0.865199
8221    -0.102574
8222    -0.278954
8223    -0.561952
8224     0.093265
8225     1.158134
8226     2.383039
8227    -0.190254
8228     0.300464
8229     0.582050
8230     0.522745
8231     1.346201
8232     1.659967
8233    -0.437894
8234     0.450863
8235     0.865632
8236     0.962433
8237    -1.972008
8238    -0.507136
8239    -0.206276
8240     0.802520
8241     0.212036
8242    -0.625603
8243     0.299670
8244    -0.527716
8245    -0.302938
8246     0.287285
8247    -0.629636
8248    -0.064440
8249     1.057304
8250     0.648933
8251    -0.267946
8252     1.411917
8253     0.360007
8254    -0.325143
8255     0.300898
8256    -0.147972
8257     0.806239
8258    -1.422481
8259    -0.605804
8260     1.004552
8261    -2.498745
8262    -1.551300
8263    -0.267658
8264     1.892992
8265     1.974064
8266     0.213697
8267    -1.273846
8268    -2.707916
8269    -0.482174
8270    -1.162863
8271     0.164592
8272     0.252177
8273    -1.128684
8274    -2.137943
8275    -0.225714
8276    -0.280654
8277     0.065214
8278    -0.356494
8279     0.709988
8280     0.461843
8281     0.588524
8282     0.343073
8283     0.133338
8284    -1.132710
8285     0.082336
8286     1.914520
8287     0.037112
8288    -0.491619
8289     0.179990
8290     0.168130
8291     0.934892
8292     0.357868
8293    -0.777226
8294     0.475452
8295     0.619677
8296     2.473976
8297    -1.166100
8298    -0.485938
8299     0.179607
8300    -0.584557
8301     0.786812
8302    -0.615382
8303    -0.495396
8304    -0.167399
8305     0.252782
8306    -0.470651
8307    -0.215015
8308    -0.668841
8309    -0.198943
8310    -0.942172
8311    -0.533791
8312     1.866105
8313    -0.388642
8314     0.225158
8315    -0.105098
8316     0.494306
8317     2.606416
8318    -1.718632
8319    -0.114217
8320     0.741167
8321     0.270980
8322     0.007894
8323    -2.762575
8324     1.598813
8325     0.126934
8326     0.573492
8327     0.034990
8328    -1.546835
8329    -1.931690
8330     1.963667
8331     0.765635
8332     1.058588
8333    -0.717621
8334    -0.777721
8335    -0.193399
8336    -0.949819
8337    -1.545296
8338    -0.289338
8339    -0.671871
8340     0.796261
8341    -0.303425
8342     1.428540
8343     0.003042
8344    -0.885501
8345    -0.223214
8346     2.319649
8347     0.973613
8348    -0.948650
8349     0.244410
8350     0.016025
8351     2.210996
8352     1.266893
8353    -0.456175
8354    -0.486487
8355    -1.553110
8356     0.006843
8357    -0.484319
8358    -0.887400
8359     0.087102
8360    -1.128523
8361    -0.379888
8362    -0.198386
8363    -0.774826
8364    -0.080912
8365    -0.532066
8366    -0.545423
8367    -1.107375
8368     0.466557
8369    -0.634825
8370    -0.598162
8371     0.184774
8372     3.556364
8373     2.561158
8374     0.403118
8375    -0.345707
8376    -0.660289
8377    -0.098147
8378    -1.432058
8379    -0.469167
8380     0.089339
8381     0.541776
8382    -0.816356
8383    -0.439109
8384     0.477475
8385     1.445316
8386     1.035642
8387     0.687377
8388    -0.171684
8389    -0.198601
8390     0.118084
8391    -1.156875
8392     0.807335
8393    -0.048733
8394     0.643809
8395    -0.630874
8396    -0.675869
8397    -0.670876
8398    -0.328063
8399    -1.291977
8400     0.067816
8401    -0.804489
8402    -0.001418
8403    -0.681482
8404    -1.184134
8405     0.456601
8406     1.982335
8407     0.415259
8408    -0.507757
8409    -0.701670
8410    -0.993292
8411     0.772306
8412    -0.019840
8413     0.304114
8414    -0.219728
8415    -0.848774
8416     0.378775
8417    -0.945855
8418    -0.712893
8419     0.412963
8420    -1.134842
8421    -0.215016
8422     0.159864
8423    -0.979202
8424     0.159231
8425     0.298572
8426    -0.803854
8427     0.099436
8428     0.162526
8429    -0.646905
8430    -1.247848
8431    -2.055206
8432     1.969020
8433     0.432343
8434     0.686466
8435    -0.249351
8436    -0.651362
8437    -0.184133
8438    -0.330530
8439    -0.792799
8440    -0.046211
8441    -0.605081
8442    -1.063233
8443     0.128153
8444     2.133450
8445     2.080173
8446     0.554999
8447    -0.807826
8448    -0.872329
8449     1.420353
8450     1.670154
8451     1.984847
8452     0.165461
8453    -1.376741
8454    -0.233479
8455     0.429815
8456     2.308957
8457     1.405625
8458    -0.249854
8459    -0.701398
8460    -0.103264
8461    -0.606665
8462    -0.257062
8463     0.428647
8464     0.512585
8465    -0.530730
8466    -0.519807
8467     0.148443
8468    -0.339273
8469     0.216988
8470     0.793804
8471    -0.502641
8472    -0.091317
8473     0.331190
8474    -0.244873
8475    -0.447904
8476    -0.228674
8477    -0.375620
8478     0.076783
8479    -0.300648
8480    -0.465261
8481     0.279266
8482    -0.012093
8483    -0.513713
8484    -2.519027
8485    -0.242028
8486    -0.267199
8487     0.184130
8488    -0.092842
8489    -0.552857
8490     0.030977
8491     0.209984
8492    -0.242623
8493    -3.073777
8494     0.206293
8495     0.098052
8496    -0.177613
8497     0.115973
8498    -0.888314
8499     0.817753
8500    -0.361903
8501    -0.485305
8502     0.343134
8503    -0.231886
8504     2.362024
8505     1.984867
8506    -0.169657
8507    -0.229230
8508     0.356782
8509     0.264027
8510     2.401691
8511     2.123542
8512    -0.490177
8513    -0.631372
8514     0.185034
8515     0.078883
8516     2.329844
8517     2.092258
8518     0.075391
8519    -0.665539
8520    -2.290715
8521    -0.475987
8522    -0.153104
8523     0.935220
8524    -0.130929
8525     0.333711
8526    -2.395189
8527     0.277191
8528     0.461611
8529     0.712171
8530     0.692977
8531     0.415443
8532    -1.109254
8533     0.327206
8534     0.155376
8535    -0.710526
8536     0.041812
8537    -0.269652
8538     0.719760
8539     0.041308
8540    -0.503030
8541     1.052228
8542     0.184473
8543    -0.437978
8544    -2.522914
8545     0.187775
8546    -0.455008
8547     1.155201
8548     0.138669
8549     0.138524
8550     0.750007
8551     0.189385
8552     0.222197
8553    -3.617965
8554     0.332143
8555    -0.212720
8556     0.256882
8557     0.276007
8558     0.168915
8559     1.417602
8560     0.156029
8561    -0.472601
8562     1.473969
8563    -2.129348
8564     1.082947
8565    -0.713164
8566     0.340562
8567    -0.597750
8568     1.723392
8569    -0.067914
8570     0.021387
8571     1.327404
8572    -0.408806
8573     0.034681
8574     0.635150
8575    -0.223918
8576     0.200677
8577     1.259536
8578     0.251365
8579    -0.133626
8580    -2.349511
8581    -0.184864
8582     0.076753
8583    -0.229364
8584    -1.098300
8585    -0.630755
8586     0.521301
8587     0.922406
8588    -0.252575
8589     0.271482
8590    -1.295514
8591    -0.957872
8592     3.505200
8593     0.301189
8594    -0.339512
8595     0.119261
8596     0.015692
8597     0.494952
8598    -0.014249
8599     0.262893
8600    -0.079950
8601     0.317875
8602    -0.248456
8603    -0.609019
8604    -1.018144
8605    -0.012150
8606     0.330314
8607     0.313798
8608     0.668531
8609     0.342042
8610    -0.371912
8611    -0.404206
8612    -0.379806
8613    -1.589095
8614     0.534343
8615    -0.881334
8616     0.444885
8617     0.732164
8618     0.288482
8619     0.568538
8620     0.071409
8621     0.747239
8622     0.193508
8623    -1.109532
8624    -0.601720
8625    -0.767517
8626     0.514096
8627     0.560698
8628     0.187042
8629     0.237433
8630    -1.125812
8631     1.597410
8632     0.042287
8633    -0.050458
8634    -0.258976
8635     0.905619
8636     0.001135
8637    -0.166545
8638    -0.855040
8639     3.067196
8640    -3.624498
8641     0.058411
8642     0.363828
8643     0.523822
8644    -0.777315
8645    -1.971659
8646    -0.190504
8647     0.495179
8648     1.015308
8649     0.045948
8650    -0.815787
8651    -2.043085
8652     2.959280
8653     0.420370
8654     0.445492
8655     0.968280
8656     0.489788
8657     0.442225
8658     0.705547
8659     0.186127
8660     0.514774
8661     0.695618
8662     0.256769
8663     0.349713
8664     0.726679
8665     0.099755
8666     0.480915
8667     0.601910
8668     0.465461
8669     0.187494
8670    -1.099152
8671     0.573210
8672    -0.400140
8673    -0.308439
8674    -1.687717
8675     1.783504
8676    -0.209405
8677     0.236579
8678     0.443396
8679    -0.299515
8680    -0.014952
8681     0.078925
8682    -0.432897
8683    -0.413020
8684    -1.801937
8685    -0.628564
8686     0.101267
8687     0.552751
8688    -0.205663
8689    -0.977798
8690    -2.634325
8691    -0.381596
8692     0.247993
8693     0.256619
8694     0.373500
8695     0.418800
8696     0.919589
8697    -0.813240
8698     0.636877
8699     1.016614
8700    -3.031610
8701     0.574575
8702     2.315549
8703    -0.180839
8704     0.455309
8705     0.103051
8706    -2.266394
8707    -0.351381
8708    -0.202477
8709     1.402081
8710     0.841285
8711    -0.652957
8712     0.015572
8713     0.572056
8714    -0.066341
8715     0.307443
8716     0.180698
8717    -0.554702
8718     0.972348
8719     0.227492
8720    -1.005802
8721     0.453299
8722     0.145208
8723    -0.141526
8724     0.441098
8725     0.583554
8726     1.552393
8727    -0.049521
8728     0.322874
8729    -1.231528
8730    -0.685234
8731    -0.017346
8732    -0.388688
8733     0.933107
8734    -0.604240
8735    -0.287452
8736    -0.827228
8737    -0.496592
8738    -0.606412
8739     0.683795
8740    -0.846551
8741    -0.432573
8742     0.556102
8743     0.533025
8744    -0.380946
8745    -2.684823
8746     0.595116
8747    -1.511167
8748    -1.630872
8749    -0.839252
8750    -0.619584
8751     0.493873
8752     0.214498
8753    -0.694913
8754     0.412806
8755    -0.603952
8756     2.519812
8757     1.336956
8758    -1.486375
8759     2.286264
8760     0.316432
8761     0.143876
8762     3.056834
8763     1.685209
8764     0.325705
8765    -0.625512
8766    -0.590806
8767    -0.317037
8768    -0.886654
8769    -0.526988
8770     0.226426
8771    -0.878086
8772    -0.502462
8773     0.116623
8774    -0.530221
8775    -0.409886
8776     0.061381
8777    -0.859349
8778    -0.177360
8779    -0.113116
8780    -0.717740
8781    -0.562246
8782     0.089054
8783    -1.163194
8784    -0.143946
8785    -0.065902
8786     3.122049
8787     1.597217
8788     0.088455
8789    -1.102781
8790    -0.662949
8791    -0.357586
8792    -0.797267
8793    -0.972587
8794    -0.108278
8795    -0.742816
8796    -0.579230
8797     0.331278
8798     0.009390
8799     1.022080
8800     0.312677
8801    -0.832213
8802     1.047574
8803     0.298976
8804    -0.747809
8805    -0.873047
8806     0.469690
8807    -0.955948
8808    -0.330569
8809     0.107546
8810     0.056162
8811     0.656232
8812    -0.025395
8813    -1.039185
8814    -0.489757
8815    -0.275221
8816     1.915571
8817     0.273311
8818    -1.309151
8819     3.718769
8820     0.540210
8821     0.537390
8822     2.952134
8823     2.294308
8824    -0.413239
8825    -0.887659
8826     0.546360
8827    -0.470126
8828    -0.583616
8829    -0.702522
8830    -0.269710
8831    -0.896772
8832     0.258372
8833     0.135031
8834    -0.810172
8835    -0.465334
8836     0.017067
8837    -0.991840
8838    -0.209160
8839    -0.242304
8840    -0.959365
8841    -0.609152
8842     0.199860
8843    -1.284494
8844    -0.425528
8845     0.477991
8846     2.597686
8847     1.821735
8848    -0.349177
8849    -0.467075
8850    -0.377029
8851    -0.563244
8852    -0.863278
8853    -0.951026
8854    -0.079457
8855    -1.128520
8856    -0.744164
8857     0.813710
8858     1.164230
8859     0.318404
8860     0.582882
8861    -0.206006
8862     1.082444
8863    -0.127787
8864    -0.769780
8865    -0.152644
8866     1.035053
8867    -1.385522
8868    -0.953702
8869     0.632270
8870     2.031843
8871    -1.459118
8872    -0.179361
8873    -0.926111
8874    -0.464624
8875    -0.238923
8876     1.544197
8877     0.495437
8878    -1.497926
8879     1.870118
8880     0.696942
8881    -1.023594
8882     2.079688
8883     0.738194
8884     0.005784
8885    -1.752216
8886     1.690192
8887     0.095048
8888    -0.377368
8889     0.338792
8890     0.244682
8891    -0.401919
8892     0.776789
8893     0.267607
8894    -0.412782
8895    -0.742119
8896     0.414535
8897    -0.465100
8898    -0.088190
8899     0.349837
8900    -0.525075
8901     0.367657
8902     0.678746
8903    -1.065692
8904     0.198845
8905    -0.112668
8906     2.406297
8907     0.954185
8908    -0.137038
8909    -1.007289
8910     0.400009
8911     0.096809
8912    -0.181774
8913    -0.191886
8914     0.555579
8915    -0.738440
8916     0.217429
8917    -0.006095
8918     0.444237
8919    -0.832659
8920    -0.225918
8921     0.909974
8922    -0.498807
8923    -0.426378
8924    -2.099557
8925    -0.469602
8926     0.678021
8927    -1.164677
8928    -2.382673
8929     1.168381
8930     2.375381
8931    -1.389432
8932     0.277350
8933    -0.986905
8934     0.344470
8935    -0.749923
8936     2.181985
8937    -0.575733
8938    -2.150765
8939     0.781232
8940     1.144538
8941    -0.250349
8942     1.350755
8943    -0.331455
8944     0.445367
8945    -0.855643
8946     1.183577
8947     0.011337
8948    -0.009772
8949     0.969112
8950     0.773140
8951     0.834028
8952     0.755054
8953     0.110734
8954    -0.125509
8955     0.204366
8956    -0.107566
8957    -0.393026
8958     1.094579
8959     0.089373
8960    -0.224290
8961     1.034665
8962     0.669189
8963    -0.797712
8964     0.236406
8965    -0.565079
8966     0.021850
8967    -0.101017
8968     0.839143
8969     0.738847
8970    -1.170338
8971     0.112741
8972    -0.042244
8973     0.180840
8974     1.048423
8975     0.029332
8976    -0.361450
8977     0.616693
8978     0.732911
8979    -1.510769
8980     0.380729
8981     0.492935
8982    -3.129608
8983    -0.313570
8984    -1.271886
8985     0.378132
8986     0.555420
8987    -0.570434
8988    -0.999571
8989     0.117056
8990     0.947585
8991    -0.056463
8992     0.856825
8993    -0.180459
8994    -0.552051
8995    -0.951036
8996     0.792650
8997    -0.077427
8998    -4.438569
8999    -1.469919
9000     2.253418
9001     0.885504
9002     0.471017
9003     0.428625
9004    -0.270463
9005    -0.385574
9006    -0.370014
9007    -0.302320
9008     0.424960
9009     0.297938
9010    -0.071402
9011     1.359227
9012     0.299531
9013    -0.228806
9014     0.501672
9015     0.581434
9016    -0.098228
9017     0.070790
9018     1.422138
9019    -0.176181
9020     0.255543
9021     0.384827
9022    -0.166060
9023     0.171291
9024     0.361111
9025     0.518421
9026    -0.533394
9027     0.362793
9028     0.586745
9029     0.907164
9030    -1.039186
9031    -0.355566
9032     0.613170
9033     0.256711
9034     0.122381
9035     0.779211
9036    -0.546546
9037     0.689435
9038     0.505653
9039    -2.155747
9040     0.020345
9041     0.912466
9042    -0.809908
9043    -0.547582
9044    -0.615234
9045    -0.333517
9046    -0.222102
9047     0.167508
9048    -1.069575
9049     0.667650
9050     0.630838
9051     0.565698
9052    -0.508101
9053     0.835901
9054    -0.210831
9055     1.053174
9056    -1.452465
9057    -0.105997
9058    -1.596845
9059    -5.619745
9060     1.680517
9061     1.196279
9062     0.443461
9063     1.284658
9064    -0.939387
9065    -0.524274
9066    -1.006205
9067    -0.850769
9068     0.422330
9069     0.222720
9070    -0.999411
9071     0.752483
9072     0.215609
9073    -0.938748
9074     0.436819
9075     0.335975
9076    -0.581620
9077     0.386583
9078     0.849758
9079    -0.509913
9080     0.449228
9081     0.362174
9082    -0.375582
9083     0.364599
9084     0.557768
9085     1.013522
9086    -0.257033
9087     0.979650
9088     0.313416
9089     0.121738
9090    -0.563944
9091    -0.940766
9092     0.617046
9093     0.125157
9094    -0.647007
9095     0.191504
9096    -0.685451
9097     0.835906
9098     0.127271
9099    -1.679513
9100     0.066735
9101    -0.099844
9102     0.571560
9103    -1.022558
9104    -0.551146
9105    -0.908845
9106    -0.832795
9107    -0.555327
9108    -1.167072
9109     0.760146
9110     0.944159
9111     0.858527
9112    -0.935616
9113     0.271423
9114     0.407753
9115     3.396660
9116     0.547696
9117    -1.270725
9118     1.991507
9119    -4.088714
9120     0.510446
9121    -0.916776
9122    -1.174323
9123    -0.073135
9124    -0.380624
9125     0.960198
9126    -0.194247
9127    -0.665559
9128    -0.299667
9129     0.088965
9130    -0.674919
9131     2.158982
9132     1.222456
9133    -1.524889
9134    -0.320365
9135     0.090985
9136    -0.783195
9137    -0.930748
9138     0.431530
9139    -0.268247
9140    -0.772158
9141    -0.120868
9142    -0.673419
9143    -1.166854
9144    -0.160011
9145     1.014773
9146    -1.438780
9147     1.112154
9148     0.691709
9149     0.680519
9150    -0.128362
9151    -0.538575
9152    -0.357267
9153    -0.307309
9154     0.289761
9155     0.553292
9156    -0.360196
9157     0.556255
9158     1.265513
9159    -1.447842
9160     2.226833
9161    -0.758708
9162     0.847631
9163    -0.380383
9164     0.631841
9165    -0.232462
9166     0.596819
9167    -0.823559
9168    -1.330022
9169     0.012811
9170    -0.772982
9171    -0.301215
9172    -0.858695
9173    -0.881018
9174    -0.000271
9175     1.891502
9176     3.756741
9177    -1.019884
9178     0.384818
9179    -0.310656
9180     1.882102
9181    -1.000210
9182    -2.427145
9183     0.035020
9184    -0.114516
9185     2.017772
9186    -0.210313
9187    -0.374475
9188    -0.071232
9189     0.216153
9190    -0.946436
9191     2.559635
9192     1.424021
9193    -0.585095
9194     0.152119
9195    -0.124476
9196    -0.559218
9197    -0.409029
9198     0.585293
9199    -0.313535
9200    -0.050564
9201     0.285564
9202    -0.083960
9203    -1.253944
9204    -0.346704
9205     1.056979
9206    -1.967459
9207     0.121918
9208     0.611385
9209     0.736513
9210    -0.054017
9211     0.132321
9212    -0.741953
9213    -0.624740
9214    -0.250393
9215     0.066538
9216     0.407824
9217     0.342465
9218     0.129863
9219    -0.787900
9220     1.453138
9221     1.301239
9222     0.381479
9223    -0.093814
9224     1.875681
9225    -0.253042
9226     0.952636
9227    -1.885276
9228    -2.024950
9229     0.122657
9230    -1.664676
9231    -0.367827
9232    -0.264486
9233    -1.836231
9234    -0.533799
9235    -0.442504
9236     1.888960
9237     0.889678
9238     0.357059
9239     1.579189
9240     0.980819
9241     0.822383
9242    -2.294844
9243    -0.103756
9244    -1.207837
9245     1.842235
9246    -0.403223
9247    -0.375992
9248     0.055878
9249    -0.489967
9250    -1.770466
9251     2.401228
9252     1.011505
9253    -0.574855
9254     0.282835
9255    -0.546079
9256     0.183521
9257    -0.240115
9258    -0.419177
9259     0.124558
9260     0.069225
9261    -0.845951
9262     0.147126
9263    -1.024104
9264    -0.482971
9265     1.395891
9266    -1.711304
9267    -0.129816
9268    -0.265372
9269     0.663044
9270    -0.175546
9271     0.552520
9272    -0.579477
9273    -0.606358
9274    -0.303792
9275     0.177249
9276     0.074862
9277    -0.112015
9278    -0.033144
9279     0.448959
9280    -0.483423
9281     0.776364
9282    -0.458519
9283    -1.182635
9284     1.691019
9285    -0.188686
9286     0.921256
9287    -2.096306
9288    -0.219735
9289     1.000714
9290    -1.505049
9291    -0.004510
9292     0.977156
9293    -1.675879
9294    -0.446413
9295    -0.315265
9296     1.656397
9297     2.337856
9298     0.466528
9299     1.544745
9300     1.647525
9301     0.834541
9302    -0.820520
9303    -0.592373
9304    -1.788274
9305     1.066354
9306    -0.917052
9307    -0.661175
9308    -0.459513
9309    -0.421047
9310    -2.311856
9311     1.096652
9312     0.541646
9313    -0.615025
9314    -0.381414
9315     0.085196
9316     0.675667
9317     1.515529
9318     0.988040
9319     0.619770
9320     1.287245
9321     0.438357
9322     0.820197
9323     1.573409
9324     0.689155
9325     1.991442
9326     0.982934
9327    -0.884962
9328    -0.295698
9329    -0.531780
9330    -0.255456
9331     0.667877
9332    -0.947186
9333    -0.686761
9334    -0.704924
9335    -0.512633
9336    -0.320928
9337    -0.428913
9338    -0.939101
9339     0.047052
9340    -0.390921
9341    -0.730361
9342    -0.327756
9343    -1.752898
9344     0.638493
9345    -1.023162
9346     1.061291
9347    -1.482868
9348    -0.306273
9349     1.062303
9350    -1.717581
9351    -0.429444
9352     1.319739
9353    -1.701171
9354    -0.173755
9355    -0.716254
9356     1.215980
9357     2.197212
9358     0.613114
9359     0.847530
9360     1.352312
9361    -0.057651
9362     0.181902
9363     0.512353
9364    -0.347300
9365     0.344537
9366    -1.781696
9367    -0.462406
9368    -0.612446
9369    -0.032781
9370    -1.351959
9371     0.317328
9372    -0.447901
9373     0.072515
9374    -1.078199
9375    -0.321702
9376    -0.400542
9377     1.542915
9378     0.469349
9379     0.101639
9380     0.850547
9381    -0.364264
9382     0.047467
9383     1.295657
9384    -0.006135
9385     1.249067
9386     3.355176
9387     1.505261
9388    -0.075707
9389    -1.026163
9390    -0.504538
9391    -0.359074
9392    -0.155178
9393     0.139206
9394     0.100169
9395    -1.170417
9396    -0.754942
9397    -0.027410
9398    -1.314564
9399     0.207888
9400    -0.178199
9401    -1.167452
9402    -0.258018
9403    -0.226417
9404    -0.080984
9405    -1.612509
9406    -1.044326
9407    -0.679079
9408    -0.174107
9409    -0.477935
9410    -1.244208
9411    -0.394281
9412    -0.782315
9413    -0.945709
9414    -0.189693
9415     1.814530
9416     0.460064
9417     1.394968
9418     2.405854
9419     1.126274
9420     2.613542
9421    -0.120172
9422     0.181797
9423     0.182946
9424    -0.619702
9425     0.114410
9426    -0.676266
9427    -0.563734
9428     0.398723
9429    -0.733666
9430    -0.736616
9431     0.023069
9432    -0.688632
9433    -0.592550
9434     0.209363
9435    -0.468242
9436     0.398242
9437     0.220613
9438    -0.143031
9439     0.307957
9440     0.271213
9441    -0.610002
9442     0.661011
9443     0.296953
9444    -0.659669
9445     1.898807
9446     0.308445
9447     2.569171
9448    -0.619505
9449     0.034596
9450    -0.280091
9451     0.400670
9452     0.334035
9453    -1.289802
9454    -0.685397
9455     0.228313
9456    -0.547173
9457    -0.334818
9458    -0.011939
9459    -0.416729
9460    -0.557015
9461     0.088237
9462    -0.653353
9463    -0.641068
9464     0.246912
9465    -1.081685
9466    -0.963295
9467    -0.117708
9468    -0.477545
9469    -0.826590
9470    -0.132973
9471    -0.447207
9472    -0.885623
9473    -0.072364
9474    -0.481712
9475     2.305045
9476    -1.732210
9477     3.199875
9478     2.174353
9479    -0.889486
9480     3.702813
9481    -0.188351
9482    -0.084389
9483     0.610452
9484    -0.202849
9485     0.224026
9486    -1.068909
9487    -0.267982
9488     0.269029
9489    -0.346400
9490    -0.151390
9491     0.150629
9492    -0.958028
9493    -0.402618
9494     0.114730
9495    -0.832323
9496    -0.404235
9497    -0.070021
9498    -0.357722
9499     0.043919
9500     0.121942
9501    -0.934414
9502    -0.455738
9503    -0.134564
9504    -0.243216
9505     1.268628
9506     0.265050
9507     3.370106
9508    -0.082242
9509     0.288472
9510    -0.903332
9511    -0.352123
9512     0.076709
9513    -1.348232
9514    -0.474783
9515     0.163996
9516    -0.907505
9517    -0.176397
9518    -0.032270
9519    -0.739965
9520    -0.452914
9521    -0.034088
9522    -0.724686
9523    -0.312957
9524     0.099500
9525    -1.001828
9526    -0.160067
9527     0.090161
9528    -0.266570
9529    -0.260802
9530     0.070858
9531    -0.745829
9532    -0.108667
9533     0.099878
9534    -0.312906
9535     1.616096
9536    -1.187124
9537     3.178605
9538     1.525470
9539    -0.492524
9540     4.532702
9541    -0.180092
9542    -1.329499
9543     0.917963
9544     0.506573
9545     1.044420
9546    -0.595108
9547     0.035731
9548     0.510090
9549    -1.220107
9550     0.129941
9551     0.694932
9552    -0.586758
9553     0.376609
9554     0.298653
9555     0.048061
9556     0.518535
9557     0.745973
9558    -0.635284
9559     0.566913
9560     1.058709
9561    -0.419696
9562     0.044391
9563    -0.887471
9564    -0.779592
9565     0.288608
9566    -1.633128
9567     1.783476
9568    -0.042175
9569     0.551094
9570    -0.643085
9571     0.301357
9572     2.162159
9573    -0.825277
9574     0.030338
9575     0.370432
9576    -0.164938
9577     0.396202
9578    -0.092767
9579    -0.107795
9580     0.213297
9581     0.115071
9582     0.218826
9583    -0.053776
9584     0.912388
9585    -0.587727
9586     0.220649
9587     0.447016
9588    -0.752883
9589     0.205034
9590     0.102293
9591     0.127722
9592    -0.105206
9593     0.080242
9594    -1.223536
9595    -1.564675
9596    -2.831050
9597     2.738113
9598    -1.888254
9599    -2.319557
9600     2.707625
9601    -0.072852
9602    -0.905873
9603     0.486214
9604     0.378241
9605     0.309634
9606     0.393222
9607     0.274659
9608     1.060458
9609     0.516533
9610    -0.388681
9611     0.313678
9612    -0.137700
9613     0.096856
9614     1.040263
9615    -0.830541
9616     0.685471
9617     0.693319
9618     0.945997
9619     0.284151
9620    -0.112493
9621     0.277531
9622     0.254748
9623    -0.642251
9624    -0.161793
9625     0.946956
9626    -0.501021
9627     0.673859
9628    -0.513303
9629     0.306986
9630     0.247423
9631     0.267069
9632    -5.476301
9633     1.345034
9634    -0.442365
9635     1.465714
9636    -1.124292
9637     0.429169
9638    -0.259862
9639     0.571383
9640    -0.456028
9641     0.816128
9642    -0.899506
9643    -1.361901
9644     0.104190
9645    -1.190704
9646     0.261716
9647     0.666032
9648     1.027805
9649    -0.526096
9650     0.614297
9651    -1.585784
9652    -0.122833
9653     0.316371
9654    -0.065666
9655    -0.060234
9656    -0.827228
9657     0.241873
9658     0.065257
9659     1.017959
9660    -0.730888
9661    -0.627577
9662    -0.182668
9663     0.670353
9664     0.575224
9665     0.312510
9666     0.201954
9667    -0.017979
9668     1.156575
9669     0.425843
9670    -0.761511
9671     0.270671
9672    -0.321846
9673     0.692786
9674    -0.905676
9675    -1.371257
9676     0.332887
9677     1.293834
9678     0.866461
9679    -0.257903
9680     0.521133
9681    -0.150947
9682    -0.423813
9683     0.170375
9684    -0.809676
9685     0.040636
9686     0.023872
9687    -0.578999
9688    -1.026514
9689     0.189914
9690     0.482060
9691     1.622907
9692     0.375285
9693     2.974109
9694     0.323895
9695    -0.235914
9696    -1.146200
9697    -0.278363
9698    -0.951268
9699    -0.657627
9700     0.359984
9701    -1.498896
9702    -0.381358
9703    -1.027972
9704    -0.601428
9705     0.007493
9706    -0.066535
9707     1.777831
9708     1.891297
9709     0.336326
9710    -0.491233
9711    -0.857621
9712    -0.431135
9713    -0.220302
9714    -0.520066
9715    -0.891096
9716    -0.343450
9717    -0.556333
9718     1.525751
9719    -0.661166
9720    -0.167640
9721    -0.304365
9722    -0.834544
9723    -0.543297
9724     0.085974
9725    -0.466941
9726     0.338462
9727    -0.437864
9728     0.808413
9729     0.802683
9730    -0.942311
9731    -0.089744
9732    -0.230068
9733    -0.037363
9734    -0.037417
9735     0.209110
9736     0.229504
9737     0.041392
9738     0.073367
9739    -0.943301
9740     0.464036
9741     0.746194
9742    -0.838084
9743     0.783604
9744     0.186604
9745    -0.014780
9746    -0.577503
9747    -0.869199
9748    -0.698801
9749     0.393204
9750     0.128244
9751     2.246679
9752     1.113565
9753     3.657592
9754    -0.372365
9755     0.248771
9756    -0.056420
9757     0.099915
9758    -0.393593
9759    -0.976459
9760     0.343711
9761     0.149645
9762    -0.146854
9763    -0.387959
9764     0.454319
9765    -0.748499
9766     0.158410
9767    -0.391432
9768     0.098343
9769    -0.219607
9770    -0.352816
9771     0.045262
9772    -0.031090
9773     0.516124
9774    -0.808626
9775    -0.865792
9776    -1.721661
9777    -0.916071
9778     2.929489
9779    -0.107422
9780    -0.990365
9781    -0.761593
9782    -0.442950
9783    -1.810477
9784     1.142734
9785     0.157322
9786     2.192110
9787    -0.457353
9788     0.003781
9789     0.273183
9790     1.250332
9791     2.287147
9792     1.859298
9793    -0.385523
9794    -0.554782
9795    -0.032555
9796    -0.414550
9797    -0.363862
9798    -1.358867
9799    -0.594176
9800    -0.074172
9801     0.384176
9802    -0.568202
9803     0.041509
9804     0.256507
9805    -0.397923
9806    -0.010557
9807    -1.333944
9808    -0.655659
9809    -0.558620
9810    -0.123992
9811     1.469719
9812     1.837788
9813     2.155107
9814    -0.596726
9815    -0.291236
9816    -0.340598
9817    -0.342194
9818    -0.653609
9819    -1.105733
9820    -0.480579
9821    -0.506796
9822    -1.408291
9823     0.943190
9824     0.212694
9825     1.936974
9826    -0.519655
9827    -0.679804
9828    -1.255235
9829    -0.583593
9830    -0.176888
9831    -1.215544
9832    -0.449503
9833     0.177997
9834    -1.488929
9835     0.967032
9836    -0.084932
9837     1.915944
9838     1.434223
9839    -0.320029
9840     0.500867
9841    -0.804280
9842    -0.408503
9843    -2.538948
9844     1.936618
9845     0.172096
9846     1.550777
9847    -0.311252
9848    -0.075396
9849    -0.317277
9850     1.073078
9851     0.656279
9852     2.599481
9853    -0.135742
9854    -0.588646
9855    -0.827458
9856    -0.765822
9857    -0.493899
9858    -0.821774
9859    -0.303167
9860     0.005996
9861    -0.487031
9862    -0.480117
9863     0.239508
9864    -0.261380
9865    -0.842534
9866    -0.344173
9867    -0.796307
9868    -0.463505
9869     0.114248
9870    -0.733461
9871     1.661601
9872     0.522662
9873     2.233337
9874    -0.595527
9875    -0.019535
9876    -0.841087
9877    -0.733785
9878    -0.206147
9879    -0.428166
9880    -0.767103
9881     0.505712
9882    -0.818393
9883     1.104598
9884     0.632358
9885     2.175831
9886    -0.712632
9887    -0.036167
9888    -0.752249
9889    -0.837389
9890    -0.076907
9891    -1.006352
9892    -0.817723
9893    -0.198190
9894    -1.063684
9895     1.424608
9896    -0.644943
9897     1.496644
9898     1.370072
9899     0.243646
9900     1.637498
9901     0.435495
9902    -1.477157
9903    -1.355963
9904     0.195400
9905    -1.103577
9906    -0.247236
9907     0.419815
9908     1.018288
9909    -0.402068
9910    -0.459244
9911     2.542737
9912     1.453216
9913     0.304414
9914    -1.721277
9915    -0.809241
9916     0.311830
9917     0.202427
9918    -0.536085
9919    -0.065773
9920     0.159738
9921    -0.211274
9922     0.358343
9923     0.721929
9924     0.532268
9925    -0.712284
9926    -0.283367
9927    -0.804643
9928     0.232160
9929    -0.064576
9930    -0.088695
9931     0.075319
9932    -0.290682
9933     2.160804
9934     0.809273
9935     0.456392
9936     0.048547
9937    -0.330596
9938     0.475650
9939    -0.155895
9940     0.217271
9941     0.525874
9942     0.654513
9943    -0.692127
9944    -0.975242
9945     3.531617
9946     0.184321
9947     0.241754
9948    -0.157113
9949    -0.687007
9950     0.404347
9951    -1.381855
9952     0.044114
9953     0.392734
9954    -0.855726
9955    -0.079192
9956    -0.848855
9957    -1.292542
9958    -0.561534
9959    -0.377135
9960    -0.082628
9961     0.223795
9962     0.554029
9963     0.201861
9964     0.283860
9965     0.806474
9966    -0.252074
9967     0.249053
9968     0.456654
9969     0.468707
9970    -0.051589
9971    -0.366697
9972    -0.396683
9973     0.071281
9974    -0.562682
9975     0.243446
9976    -0.414542
9977     0.725386
9978     3.856914
9979    -0.078495
9980     0.285879
9981    -0.136999
9982     0.536199
9983    -0.574051
9984     0.333911
9985    -1.206334
9986    -0.064042
9987     0.888128
9988     0.226781
9989     0.370744
9990    -0.210779
9991     0.196753
9992    -0.346222
9993     0.465286
9994     1.051805
9995     1.576090
9996    -0.683557
9997    -0.515784
9998     0.276071
9999    -0.065897
10000     0.681476
10001    -0.648467
10002    -1.122942
10003     0.683247
10004     0.645007
10005    -1.244302
10006     0.607490
10007    -2.073718
10008    -1.975805
10009    -1.127694
10010     0.005136
10011     0.174691
10012     0.093313
10013    -1.576457
10014    -1.234288
10015    -0.440569
10016     0.389186
10017    -0.405939
10018    -1.070047
10019     0.121681
10020     1.096321
10021     0.729549
10022     0.760029
10023     0.199624
10024    -0.824452
10025    -0.209606
10026     0.392327
10027     1.090915
10028     1.299263
10029    -0.719703
10030    -1.494527
10031    -0.779473
10032    -0.556493
10033    -0.899045
10034    -1.069294
10035     0.568669
10036     0.253476
10037     1.590066
10038    -0.315776
10039     0.815309
10040     1.065512
10041    -0.843711
10042    -0.567218
10043    -1.454204
10044     0.869303
10045     0.517266
10046     0.994997
10047    -0.249466
10048     1.732238
10049     0.723373
10050     0.578615
10051    -0.105220
10052    -0.061690
10053    -0.022482
10054     1.403091
10055     1.457225
10056    -0.261458
10057    -0.737825
10058    -0.210470
10059     0.347975
10060     0.072536
10061    -1.640454
10062     1.160475
10063    -1.439351
10064    -0.986810
10065     0.064125
10066    -1.091664
10067    -2.841688
10068     0.358061
10069     0.212276
10070     1.159288
10071    -0.930962
10072    -1.377638
10073    -2.107802
10074     0.050185
10075     1.257038
10076     1.350361
10077    -0.788273
10078     0.453245
10079     0.961378
10080     0.098966
10081     0.249905
10082    -0.081512
10083     0.913385
10084    -0.793557
10085    -0.184606
10086    -0.486611
10087     0.329717
10088    -0.632989
10089    -0.419093
10090    -1.097414
10091    -0.150047
10092    -1.164155
10093    -0.620754
10094    -0.526886
10095    -0.840292
10096    -0.425190
10097    -0.281055
10098    -0.957667
10099     0.191245
10100    -0.393084
10101    -0.803175
10102    -0.345827
10103    -0.973030
10104     0.758576
10105    -0.004706
10106    -0.653291
10107    -1.139934
10108     1.978425
10109     2.854203
10110     0.935855
10111     0.265788
10112     0.975466
10113     0.647503
10114     0.573209
10115    -0.068646
10116     0.645198
10117     0.083673
10118     1.899296
10119     1.089408
10120     0.229501
10121    -0.423296
10122     0.403616
10123    -1.127755
10124    -1.453407
10125    -1.446405
10126    -0.073336
10127     0.315337
10128     0.418096
10129     0.097369
10130    -2.120635
10131     1.280902
10132    -1.095934
10133    -2.064104
10134     0.646535
10135     1.384031
10136     2.836105
10137     0.221186
10138     0.201610
10139     1.126181
10140    -0.702928
10141     0.148768
10142     0.546002
10143    -0.387587
10144    -1.013276
10145    -1.299675
10146     1.684769
10147    -0.623444
10148    -0.076636
10149    -1.713125
10150    -0.123689
10151    -1.058672
10152     1.528852
10153     0.090971
10154    -0.481356
10155     0.767794
10156     0.818032
10157     0.356834
10158    -0.235799
10159    -0.679227
10160    -0.005958
10161    -2.313872
10162    -0.315917
10163    -0.271580
10164     0.362206
10165     2.050886
10166     0.247375
10167    -1.335237
10168    -0.411735
10169    -0.017847
10170     1.831871
10171    -0.575961
10172     0.304867
10173     0.734106
10174    -0.727083
10175    -0.033124
10176     0.046328
10177     0.619361
10178     1.622540
10179     0.060235
10180     0.790743
10181    -0.288751
10182     1.190067
10183    -1.894906
10184    -1.849654
10185     0.393159
10186     1.743225
10187     0.283530
10188     1.134430
10189     0.452769
10190    -0.408666
10191    -0.102719
10192    -0.918686
10193    -0.652393
10194    -0.446139
10195     1.164252
10196     2.153593
10197    -1.784405
10198    -0.595085
10199     0.929571
10200    -1.414936
10201    -0.381207
10202     0.115808
10203    -0.030449
10204    -1.270738
10205    -0.948440
10206    -0.140412
10207    -0.576874
10208    -0.535264
10209    -0.409738
10210    -0.628280
10211     0.098105
10212    -0.490572
10213    -0.635644
10214    -0.127601
10215    -0.249372
10216    -0.169820
10217     0.427707
10218    -0.583100
10219    -0.060724
10220    -0.763604
10221    -0.268188
10222    -0.511850
10223    -1.099618
10224     0.212330
10225     5.055287
10226     1.202677
10227     0.284809
10228    -0.744809
10229    -0.649875
10230    -0.307780
10231    -0.718184
10232    -0.804512
10233    -0.810311
10234     0.053306
10235    -1.469392
10236     0.834925
10237     0.171007
10238     1.024661
10239     0.807624
10240    -0.135617
10241     0.517397
10242     0.040671
10243    -1.424396
10244    -2.003635
10245    -1.647687
10246     0.648415
10247     1.006975
10248     0.986489
10249     1.261428
10250     1.307643
10251     1.270362
10252    -0.697048
10253     1.090617
10254    -0.042223
10255     0.881824
10256     1.388327
10257     0.174247
10258    -0.116076
10259     0.222025
10260     0.368374
10261     0.053936
10262     1.201068
10263     0.577124
10264    -1.533432
10265    -1.648143
10266    -1.089647
10267    -1.084141
10268    -0.905872
10269    -0.464638
10270    -0.907984
10271    -0.605827
10272    -0.711420
10273    -0.971524
10274    -1.067170
10275    -1.366405
10276     0.149278
10277     0.966317
10278     0.079701
10279     0.493546
10280    -0.212380
10281     0.208880
10282     0.018336
10283     0.297115
10284     0.737513
10285     2.803553
10286     2.075369
10287     0.711587
10288    -0.255595
10289    -1.136315
10290    -0.616707
10291    -1.427862
10292    -1.125326
10293    -0.913145
10294     0.543327
10295    -1.046306
10296     0.909878
10297     0.232672
10298     0.763979
10299     0.935542
10300    -0.625258
10301    -0.356082
10302    -0.416217
10303    -1.108202
10304    -1.901463
10305    -1.211832
10306    -0.156238
10307     0.240884
10308     0.574016
10309     1.297184
10310     1.100257
10311     1.314450
10312    -0.025042
10313     0.998761
10314     0.268064
10315     2.225476
10316     2.045715
10317    -0.149006
10318     0.277972
10319     0.315419
10320     0.622261
10321     0.049300
10322     0.550061
10323     0.451315
10324    -1.083450
10325    -1.001602
10326    -0.557371
10327    -0.953468
10328    -1.560567
10329    -0.318979
10330    -0.601287
10331    -0.789883
10332    -0.211736
10333    -1.252959
10334    -1.173738
10335     0.005814
10336     0.813872
10337     1.235809
10338     0.182608
10339    -1.320820
10340    -1.613479
10341    -0.678026
10342     0.692226
10343     0.602674
10344     0.741636
10345     0.914728
10346     1.071136
10347     0.261044
10348    -0.086971
10349     0.050558
10350     0.715166
10351    -1.801468
10352    -1.761504
10353    -2.398883
10354    -0.830343
10355    -2.482720
10356    -0.099633
10357     1.075134
10358     1.701422
10359     0.574016
10360    -0.086324
10361     0.239803
10362     0.381466
10363    -0.821065
10364    -1.109524
10365    -0.261326
10366     0.577110
10367     0.696544
10368     0.310637
10369     2.065606
10370     2.034641
10371     0.328069
10372     0.688724
10373     1.534095
10374     0.022951
10375     0.906104
10376     0.915884
10377     0.143334
10378     1.055351
10379     0.860391
10380     0.407899
10381     1.254209
10382     1.490207
10383     1.192096
10384    -1.082519
10385    -1.131873
10386    -1.262936
10387    -0.353171
10388    -1.146448
10389    -0.786100
10390    -1.148803
10391    -1.205651
10392    -1.135462
10393    -0.722958
10394    -0.589582
10395    -0.464842
10396     0.009888
10397     0.589174
10398     0.326205
10399    -0.525196
10400    -1.121848
10401    -0.706129
10402    -0.931319
10403    -0.134099
10404     0.730742
10405     1.828985
10406     1.495094
10407     0.453569
10408     0.109165
10409     0.082146
10410     0.351899
10411    -1.146298
10412    -1.526178
10413    -1.567798
10414     0.132651
10415    -1.147848
10416    -0.373406
10417    -0.197140
10418     1.087176
10419     0.786467
10420    -1.078723
10421    -0.476368
10422     0.206681
10423    -1.151557
10424    -1.336407
10425    -1.264383
10426    -0.476027
10427    -0.127578
10428     0.613185
10429     1.377259
10430     1.378388
10431     1.271171
10432    -0.092117
10433     0.836856
10434     0.805224
10435     2.089359
10436     1.584598
10437     0.357695
10438     2.104312
10439     1.400240
10440     0.466121
10441     1.941698
10442     1.286491
10443    -0.446995
10444    -1.027783
10445    -0.781775
10446    -0.112234
10447     0.131301
10448    -0.193214
10449     1.123833
10450    -1.014660
10451    -0.500899
10452     0.111441
10453    -0.249932
10454    -0.306550
10455     1.061760
10456     1.532287
10457     2.215595
10458     0.960221
10459    -0.073839
10460     0.239710
10461     0.850864
10462    -0.917775
10463    -1.082664
10464     0.516975
10465    -1.251318
10466    -0.833384
10467    -1.076970
10468     1.641769
10469     0.823687
10470     0.184266
10471    -1.035363
10472    -0.689460
10473    -1.298134
10474     1.341282
10475     1.064192
10476     0.162962
10477     0.078383
10478     0.751917
10479    -0.054918
10480    -0.881222
10481    -1.058604
10482     0.218651
10483    -1.119724
10484    -0.756339
10485     0.062230
10486    -0.126235
10487    -1.265468
10488     0.344566
10489     3.080113
10490     2.079809
10491    -0.136081
10492     0.285758
10493     0.612610
10494    -0.270625
10495    -1.079000
10496    -0.630817
10497    -1.272439
10498    -1.255740
10499    -0.974836
10500    -0.929371
10501     0.053851
10502     0.745526
10503     0.359204
10504    -0.359656
10505    -0.978669
10506    -0.183137
10507    -0.566835
10508     0.493777
10509    -0.403142
10510    -1.109069
10511    -0.862656
10512    -0.269836
10513    -0.661724
10514     0.135178
10515    -0.098094
10516     2.542075
10517     3.220910
10518     2.736389
10519    -0.502508
10520     0.711461
10521    -0.092081
10522    -1.602678
10523    -1.469727
10524    -0.183772
10525     0.231458
10526    -0.833615
10527    -0.066965
10528    -0.569930
10529     0.404826
10530    -0.137742
10531    -0.262061
10532    -0.962018
10533    -1.885267
10534    -0.045726
10535     0.844108
10536     0.138488
10537     1.247080
10538     1.112834
10539     1.130526
10540    -0.334006
10541    -1.101151
10542    -0.392731
10543    -0.044294
10544    -0.758327
10545     0.012835
10546    -0.406116
10547    -1.787245
10548    -0.780583
10549     1.392074
10550     2.171953
10551     0.890343
10552     0.443019
10553     0.563699
10554    -0.109222
10555     0.296588
10556    -0.676127
10557    -0.511411
10558     0.258456
10559    -0.974737
10560    -0.153804
10561    -0.138433
10562    -0.130701
10563    -0.745181
10564    -0.115287
10565    -0.210565
10566     0.696730
10567    -1.271289
10568    -1.270592
10569    -2.277590
10570    -0.810409
10571    -0.346019
10572     0.587504
10573    -1.287192
10574    -1.979620
10575    -0.496209
10576     1.910608
10577     1.383008
10578     0.669248
10579    -0.431794
10580     0.131499
10581    -0.354918
10582    -1.714228
10583    -1.846767
10584    -0.565028
10585     0.707914
10586     1.445580
10587     0.892216
10588    -1.342566
10589    -1.893548
10590    -1.145256
10591    -0.218390
10592    -0.034842
10593     0.949029
10594    -0.038170
10595    -0.081476
10596     1.029469
10597     1.227976
10598     0.361855
10599    -0.483490
10600    -0.131745
10601    -0.010347
10602    -0.681780
10603     0.531859
10604    -0.378469
10605     0.949000
10606    -0.278789
10607    -0.545365
10608    -1.185178
10609     1.117129
10610     0.467560
10611    -0.420582
10612     0.944609
10613     1.421711
10614     0.758506
10615     0.678307
10616     1.929530
10617     0.727071
10618     0.659891
10619     1.587569
10620     1.096440
10621     0.119892
10622    -0.508969
10623     0.090941
10624     0.201005
10625     0.145015
10626     0.315253
10627    -1.274336
10628    -1.868550
10629    -1.612332
10630     0.070590
10631     0.213319
10632     0.550706
10633     0.242298
10634    -1.731470
10635     0.448166
10636     0.399555
10637     0.467977
10638     0.572624
10639    -1.446044
10640     0.184959
10641    -1.484736
10642    -0.941912
10643    -1.262400
10644    -0.961079
10645     1.493471
10646     0.948126
10647     2.761107
10648     0.323428
10649    -2.051480
10650     0.944771
10651     0.546290
10652     0.073844
10653     1.524036
10654    -1.244418
10655     0.042741
10656    -0.276266
10657     0.163173
10658     0.182557
10659    -1.333418
10660     0.384066
10661     0.740946
10662    -1.485345
10663    -0.079731
10664     0.758779
10665    -1.093422
10666     0.244207
10667    -0.051505
10668    -1.675828
10669     0.019654
10670     0.140537
10671    -1.008202
10672     0.290160
10673     0.968284
10674     0.560491
10675     0.337401
10676     1.358347
10677     1.715693
10678     0.151253
10679     1.248943
10680     1.446840
10681     0.318245
10682     0.558284
10683    -0.091344
10684     0.238497
10685    -0.251480
10686    -0.405590
10687    -1.283277
10688    -1.179055
10689    -1.528125
10690     0.280332
10691     0.603989
10692     0.409264
10693     0.662455
10694    -1.094932
10695     1.296412
10696     0.547217
10697     0.827270
10698    -0.189461
10699    -1.629311
10700    -0.988847
10701    -1.313027
10702    -0.433358
10703     0.703742
10704    -0.161583
10705     0.831469
10706     0.569583
10707    -0.019639
10708     0.468210
10709     0.656314
10710    -0.486253
10711     0.569719
10712    -1.494803
10713     1.907817
10714    -1.554591
10715    -0.878543
10716    -1.666054
10717     0.326862
10718     0.373554
10719    -0.020562
10720     0.541570
10721     0.860725
10722     0.133354
10723    -1.616821
10724    -3.492962
10725    -1.354313
10726     0.469546
10727     0.396976
10728     0.156802
10729     0.246420
10730     0.480126
10731    -0.085313
10732     0.396715
10733     0.981359
10734    -0.042884
10735     0.336187
10736     0.859639
10737     1.939848
10738     0.283914
10739     1.509060
10740     1.520651
10741    -0.443240
10742     0.179746
10743    -0.782087
10744    -0.089077
10745    -0.280668
10746    -1.065376
10747     0.115933
10748    -0.005087
10749    -0.968383
10750    -0.092736
10751     1.078313
10752    -0.310540
10753    -0.249991
10754    -0.197720
10755    -0.130430
10756     0.101060
10757    -0.321724
10758    -0.161218
10759    -0.500879
10760    -0.062544
10761    -0.716575
10762    -0.518546
10763     0.181258
10764    -0.020286
10765     0.203188
10766     0.332919
10767    -0.773600
10768    -0.026839
10769    -0.359002
10770    -0.751245
10771     0.006069
10772     0.537034
10773     0.318776
10774    -0.402253
10775    -0.449445
10776    -0.937098
10777    -0.256330
10778     0.235503
10779    -0.647147
10780    -0.193454
10781     0.325043
10782    -0.323277
10783    -0.342035
10784     0.149628
10785    -1.616344
10786     0.196774
10787    -0.546880
10788     0.271602
10789     0.064966
10790     0.017998
10791    -0.170987
10792    -0.293814
10793     0.035180
10794    -0.239335
10795     1.359655
10796    -0.700174
10797     4.641341
10798     1.361547
10799    -0.149379
10800     4.382209
10801    -0.951674
10802    -0.441505
10803     1.162218
10804     0.097277
10805     0.259285
10806    -1.919046
10807     0.399959
10808     1.145784
10809     0.263387
10810    -0.065615
10811     0.065196
10812     0.231248
10813    -0.143970
10814    -0.570980
10815    -0.513121
10816     0.336524
10817     0.332454
10818    -1.201755
10819    -0.689879
10820     1.048369
10821    -0.983384
10822    -0.964043
10823     0.538730
10824     0.420068
10825     0.390475
10826    -0.941783
10827     1.083257
10828     0.066678
10829     0.293274
10830     0.501747
10831     0.243428
10832     0.605987
10833    -1.516548
10834    -0.573223
10835     0.680258
10836    -0.122015
10837    -0.677377
10838    -1.018619
10839     0.734791
10840    -0.328231
10841    -0.538023
10842     0.743854
10843    -0.676666
10844     0.622128
10845    -1.660812
10846     0.384535
10847     0.322833
10848    -0.609380
10849     0.378979
10850    -1.178302
10851     1.152591
10852    -0.585811
10853     0.172706
10854     0.642768
10855     1.552929
10856    -0.786612
10857     1.253485
10858     1.805703
10859    -0.611180
10860     0.336648
10861    -0.312585
10862    -0.633493
10863     0.705415
10864    -1.729414
10865     0.161536
10866    -2.108782
10867     0.355774
10868     1.103743
10869     0.282746
10870     0.529691
10871    -0.135066
10872     0.321170
10873     0.380215
10874     0.085999
10875     0.181456
10876    -0.720638
10877    -0.214887
10878    -1.741752
10879    -2.017607
10880     0.612425
10881    -1.188899
10882     0.017955
10883     1.185505
10884     1.087620
10885    -0.140974
10886    -0.864300
10887     0.580452
10888     0.450798
10889     0.244004
10890     0.585265
10891     0.164771
10892     0.900651
10893    -0.883987
10894    -0.186494
10895     0.652004
10896     0.154602
10897     0.391885
10898    -0.897616
10899     0.897478
10900     0.195669
10901     0.112287
10902     0.968249
10903    -0.051381
10904     1.153544
10905    -0.542787
10906    -1.252962
10907    -0.451472
10908    -1.595760
10909     0.265479
10910    -0.478735
10911     0.965930
10912     0.123189
10913     0.139906
10914     0.732982
10915     0.340682
10916    -2.092851
10917    -0.061085
10918     3.195945
10919    -0.583185
10920     0.659690
10921    -0.618774
10922    -0.380875
10923     0.307446
10924    -1.258548
10925     0.511383
10926    -0.821137
10927     0.685567
10928    -0.900699
10929     1.666746
10930     0.541931
10931    -0.080253
10932     0.230505
10933    -0.209583
10934    -0.845880
10935    -0.251635
10936     0.665892
10937    -0.541968
10938     0.701514
10939    -1.893504
10940     0.813891
10941    -0.300741
10942    -0.895291
10943     0.720641
10944    -0.146704
10945     0.114027
10946    -0.005198
10947     0.822050
10948     0.237903
10949     0.993642
10950    -0.164216
10951     0.702064
10952     0.246422
10953     0.820332
10954    -0.547271
10955     1.087990
10956    -0.423464
10957    -0.034947
10958     0.196202
10959    -0.276803
10960    -0.505025
10961     0.099298
10962    -0.029631
10963    -0.438593
10964     0.034794
10965    -0.977287
10966     0.254530
10967    -0.644379
10968     0.873989
10969    -0.280661
10970     0.121832
10971    -0.390507
10972    -0.329275
10973     0.706616
10974    -0.242542
10975     1.138508
10976    -3.204745
10977     0.715810
10978     2.671049
10979     1.071284
10980    -2.113725
10981     0.531318
10982    -1.353575
10983    -0.265404
10984    -2.031120
10985     0.676231
10986    -0.337151
10987    -0.947192
10988     0.356252
10989     0.952466
10990     2.294120
10991    -1.332177
10992    -0.083652
10993    -0.782418
10994     1.031873
10995     0.873778
10996    -0.050463
10997     0.586934
10998     0.246122
10999    -1.392992
11000     0.483165
11001    -0.279630
11002     0.459104
11003     0.261612
11004     0.090383
11005     0.517222
11006    -1.856168
11007    -0.563605
11008     0.776328
11009     0.704014
11010     0.112244
11011    -1.592650
11012     0.334060
11013     0.049504
11014     1.132861
11015     0.836481
11016     0.286575
11017     1.618682
11018     0.655928
11019     0.698029
11020     0.844773
11021     0.696276
11022     0.558505
11023    -2.385417
11024     0.974063
11025     0.010808
11026    -0.218654
11027     0.449604
11028     0.424740
11029     0.345711
11030     0.336929
11031     0.116377
11032     0.495900
11033     0.416650
11034    -0.020625
11035     0.203948
11036    -2.117397
11037    -0.210688
11038     0.180938
11039    -2.140755
11040    -2.658777
11041    -0.479278
11042    -1.056120
11043    -1.059867
11044    -0.382660
11045     0.321690
11046     0.334657
11047    -0.202726
11048     0.013064
11049     0.517080
11050     1.640162
11051     1.014057
11052     0.758190
11053    -0.069799
11054     0.136500
11055     0.562325
11056     0.393591
11057     0.579961
11058     0.316822
11059    -0.294792
11060     1.078639
11061    -0.118074
11062     0.775390
11063     0.498064
11064     0.592176
11065    -0.303010
11066    -0.395194
11067    -1.212679
11068     0.369209
11069     0.729213
11070    -0.297709
11071    -0.430805
11072    -0.036511
11073     0.162707
11074     0.493303
11075     0.515233
11076    -0.244802
11077     0.831069
11078     1.239632
11079     0.146973
11080     0.403336
11081     0.494438
11082    -0.002308
11083    -0.533746
11084    -0.125684
11085     0.745527
11086     0.633176
11087     0.917936
11088     1.082154
11089    -1.151665
11090     1.433364
11091    -1.366069
11092     0.357331
11093     0.624803
11094    -0.200863
11095    -0.390592
11096    -3.353508
11097     0.262167
11098    -1.657493
11099    -4.629577
11100    -0.978407
11101     0.980667
11102    -1.127037
11103    -0.875032
11104    -0.228581
11105    -0.186036
11106     0.933635
11107    -0.202155
11108    -0.613889
11109     1.450310
11110     1.394101
11111     0.523605
11112     0.351359
11113    -1.033330
11114    -0.160215
11115     0.723866
11116    -0.758723
11117     0.226098
11118    -0.071825
11119    -0.570829
11120     0.340690
11121     0.303058
11122    -0.253644
11123     0.051411
11124     0.191798
11125     0.551085
11126    -0.895012
11127    -0.288995
11128    -0.636012
11129     0.109494
11130     0.797082
11131    -0.028770
11132    -0.650320
11133     1.287141
11134    -0.831150
11135     0.000758
11136     0.789472
11137    -0.096335
11138     0.619713
11139     0.458152
11140    -0.942520
11141    -0.005827
11142     1.120280
11143    -0.351327
11144    -0.363998
11145     0.518358
11146    -0.129117
11147     0.516733
11148     0.630746
11149     1.971307
11150     1.872141
11151    -1.736634
11152    -0.734250
11153     0.052006
11154     0.746897
11155     1.268160
11156    -0.288298
11157    -3.018207
11158     0.631421
11159    -0.022015
11160    -4.311463
11161    -0.261399
11162    -1.802659
11163    -0.444541
11164     1.566320
11165    -0.623761
11166     1.146924
11167     0.600774
11168     0.297716
11169     0.620273
11170    -0.704636
11171     1.696122
11172     0.148081
11173    -0.180971
11174    -0.695210
11175     0.845932
11176    -0.975783
11177     0.658001
11178    -0.779156
11179     1.094303
11180     1.790455
11181    -1.000990
11182    -1.587902
11183     0.825345
11184    -0.448253
11185     0.057597
11186    -1.505630
11187    -0.351275
11188    -0.088145
11189    -0.641716
11190     1.128298
11191     0.940450
11192    -0.442268
11193     0.638263
11194     0.491577
11195    -0.750916
11196     1.160119
11197    -0.834951
11198     1.186053
11199    -0.071958
11200    -0.582774
11201     0.812543
11202     0.270225
11203     2.338669
11204    -0.993294
11205     1.182088
11206    -0.852245
11207     1.167500
11208     0.099673
11209     0.420123
11210     1.663258
11211    -1.160880
11212    -0.764228
11213     1.115493
11214    -0.137610
11215    -0.132174
11216    -1.793221
11217    -1.584062
11218    -0.544604
11219    -1.963813
11220    -1.261152
11221    -1.103440
11222    -1.054430
11223     0.714620
11224     0.273939
11225     0.880291
11226    -0.069420
11227     0.143923
11228     0.028845
11229    -0.456900
11230    -0.259970
11231     1.002485
11232     0.253981
11233    -1.428586
11234    -0.921386
11235     0.618548
11236    -0.407929
11237    -0.143362
11238    -0.209878
11239     3.529027
11240     1.214137
11241    -0.673250
11242     1.439314
11243     0.359792
11244    -0.368259
11245    -0.355139
11246    -1.084173
11247     0.941576
11248    -1.505184
11249    -0.814883
11250     0.731493
11251     0.488773
11252     0.696657
11253     0.926180
11254     0.239084
11255    -2.221667
11256     0.706085
11257    -1.085487
11258     0.498197
11259    -1.047680
11260    -0.545481
11261     0.400159
11262     0.313967
11263     1.972775
11264    -0.768056
11265    -0.106498
11266    -1.351611
11267     0.522571
11268    -1.160476
11269     2.310145
11270     1.139757
11271    -1.079985
11272    -1.205000
11273     0.856365
11274    -0.813054
11275    -0.094801
11276    -0.316744
11277     0.263015
11278    -1.054350
11279    -0.274555
11280     0.515934
11281    -2.139281
11282    -1.015882
11283     2.009249
11284    -0.156098
11285     0.333509
11286     0.382009
11287     2.179797
11288     1.284164
11289    -2.799925
11290     0.303812
11291     0.697546
11292    -0.679805
11293    -0.041193
11294    -0.815490
11295    -0.062848
11296     0.209143
11297     0.202116
11298    -1.368062
11299     2.466611
11300     0.650536
11301    -0.162984
11302     0.245354
11303     0.027199
11304    -0.173552
11305    -1.658199
11306    -1.020428
11307     1.720512
11308     0.871207
11309    -0.146273
11310    -0.631504
11311     0.214264
11312     0.621632
11313    -0.236873
11314     0.264911
11315    -1.813220
11316     0.574854
11317    -0.059739
11318     0.186558
11319    -0.338407
11320     0.245101
11321     0.154865
11322    -0.175025
11323     1.244680
11324    -0.737091
11325     0.291023
11326     0.355461
11327     0.333482
11328    -0.214360
11329    -1.596897
11330     1.268543
11331    -0.078660
11332     0.386136
11333     0.504705
11334     0.299761
11335    -1.684117
11336    -0.488660
11337     1.500540
11338    -1.650952
11339    -0.227812
11340     0.144054
11341    -1.590418
11342     0.062048
11343    -0.243610
11344     0.720486
11345     1.446716
11346    -0.163433
11347    -1.285223
11348    -0.763977
11349     0.102502
11350     0.558518
11351     1.280988
11352     0.078011
11353     0.833319
11354     0.085715
11355    -0.411538
11356    -0.362274
11357    -0.301576
11358    -0.344673
11359     2.448534
11360    -0.034678
11361     1.243412
11362    -0.364315
11363    -1.737355
11364    -0.034005
11365    -1.180440
11366    -0.566316
11367    -0.341877
11368     0.681195
11369    -1.062347
11370     0.063869
11371    -1.323358
11372    -1.423944
11373     1.119045
11374     1.420488
11375     0.218240
11376     0.344316
11377     0.362679
11378     0.771156
11379    -0.222153
11380     0.901335
11381     1.685854
11382     0.628566
11383     1.828246
11384    -0.532157
11385     1.157822
11386     0.491958
11387     0.351256
11388     0.382316
11389    -1.674878
11390     0.765714
11391    -1.603849
11392     0.962766
11393     0.963001
11394     0.158967
11395    -1.114004
11396     0.389616
11397    -1.302540
11398    -2.314614
11399    -1.597956
11400    -0.611148
11401     0.764688
11402     0.209918
11403    -0.303681
11404     1.172932
11405     0.218981
11406     0.977811
11407    -1.023060
11408    -0.848893
11409     0.059248
11410    -1.078365
11411     0.595728
11412     0.892705
11413    -0.521854
11414     0.418361
11415    -0.936793
11416    -1.552424
11417     0.630611
11418    -1.281079
11419     1.095571
11420    -0.653472
11421     1.987811
11422     1.037448
11423    -1.444061
11424    -0.474409
11425     1.275807
11426    -0.049500
11427    -0.942392
11428    -0.636926
11429    -1.070083
11430    -0.009556
11431     0.772653
11432     0.277618
11433    -0.339924
11434    -0.090632
11435    -1.420506
11436     1.612813
11437    -0.822624
11438     0.102311
11439     0.541337
11440    -0.859056
11441     0.881759
11442     1.867611
11443     1.535594
11444     0.436496
11445     0.850802
11446    -1.383142
11447     0.414507
11448     0.638111
11449     0.219840
11450    -0.619029
11451    -0.914975
11452    -0.709342
11453     0.937655
11454     0.634038
11455     0.665058
11456     0.669965
11457    -1.707268
11458     0.137835
11459     0.311633
11460    -3.152207
11461     1.156113
11462     1.238838
11463     2.559045
11464     0.646788
11465     0.186809
11466    -0.894882
11467    -1.186150
11468    -1.159637
11469    -1.842612
11470    -1.175317
11471    -0.092651
11472    -0.412959
11473     0.104251
11474    -1.503851
11475    -1.589410
11476    -1.163001
11477     0.004037
11478    -0.655548
11479    -0.035412
11480     0.111242
11481    -1.092883
11482     0.446265
11483    -0.069740
11484     0.722615
11485     1.589052
11486     1.115622
11487     1.930131
11488    -0.797748
11489    -1.074745
11490    -0.237041
11491     0.529933
11492     0.950976
11493     0.410495
11494     0.004418
11495    -2.401507
11496    -0.012067
11497    -1.112559
11498    -0.468405
11499    -1.100526
11500    -0.676205
11501    -0.398032
11502    -0.009528
11503     0.566840
11504     1.004751
11505    -0.675968
11506    -1.016006
11507    -0.559070
11508     0.027124
11509    -0.325362
11510     0.558888
11511    -0.146875
11512    -0.458219
11513     0.373693
11514     0.716262
11515     1.484896
11516     0.867134
11517     1.260654
11518     1.417423
11519     1.315645
11520     1.043974
11521     0.685616
11522     0.925002
11523     0.965222
11524    -3.259128
11525    -0.731836
11526     1.617481
11527    -1.399837
11528    -1.099762
11529    -1.680495
11530    -0.696487
11531    -0.179864
11532    -0.853178
11533     0.776674
11534    -1.172426
11535     0.274223
11536    -0.937381
11537    -0.197133
11538    -0.434598
11539     0.016278
11540    -0.154844
11541    -0.553050
11542    -0.476339
11543    -0.445273
11544     0.519755
11545     1.348302
11546     0.827147
11547     1.330703
11548    -0.205693
11549    -0.639150
11550    -0.426017
11551    -1.053391
11552     0.088991
11553     1.881279
11554     1.397655
11555    -1.322241
11556    -0.064347
11557     0.164479
11558    -0.070167
11559    -1.393322
11560     1.431470
11561     0.550119
11562    -0.148959
11563    -1.271634
11564     0.178626
11565     1.796878
11566     0.631526
11567     0.204758
11568    -0.807096
11569    -0.600928
11570     0.412582
11571    -1.515451
11572     1.044583
11573     0.891199
11574    -0.367237
11575     1.850782
11576     1.067899
11577    -0.011217
11578     0.553450
11579     0.866372
11580    -0.130575
11581     1.582445
11582     0.964820
11583    -0.546006
11584    -1.903817
11585    -1.048064
11586     0.307363
11587    -1.349426
11588    -2.198849
11589    -0.711206
11590    -0.953671
11591     0.068020
11592    -0.165350
11593     0.225149
11594     0.269213
11595     0.318888
11596    -0.155190
11597    -0.160975
11598    -1.231370
11599    -0.550069
11600    -0.460212
11601     0.539004
11602     0.372162
11603    -0.781828
11604    -0.230946
11605     2.247182
11606     1.188935
11607    -0.671057
11608    -0.481037
11609    -0.537814
11610     0.158715
11611    -0.794841
11612    -0.474166
11613     1.887169
11614    -0.037414
11615    -0.322391
11616     1.117299
11617    -0.816320
11618     0.041037
11619    -0.010801
11620    -0.132549
11621     0.753497
11622     1.397549
11623    -0.656004
11624    -0.091559
11625     1.182606
11626    -0.618554
11627     0.219290
11628     0.693629
11629     0.103393
11630    -0.569446
11631    -1.553975
11632    -0.172138
11633     0.698638
11634     0.994339
11635     2.319121
11636     1.718355
11637    -1.314850
11638     1.771577
11639     0.723497
11640    -2.161001
11641     2.192414
11642     0.770075
11643     0.485839
11644    -1.040729
11645     0.725624
11646    -0.189381
11647    -1.008045
11648    -0.784281
11649    -0.965954
11650    -1.352904
11651    -1.154513
11652    -0.079613
11653    -0.759089
11654     0.350209
11655    -0.669551
11656     0.486261
11657     0.514461
11658    -0.646595
11659    -0.985122
11660    -0.433057
11661     0.094902
11662     0.574073
11663    -0.021802
11664    -0.061037
11665     2.888988
11666     1.162077
11667     0.403250
11668    -0.533510
11669    -0.208413
11670     0.097499
11671    -0.152263
11672     1.465896
11673     0.818483
11674    -1.112315
11675    -1.613079
11676     0.376612
11677    -1.281243
11678    -0.673540
11679    -0.163411
11680    -1.075753
11681    -0.535307
11682     0.694247
11683    -0.259533
11684     1.401779
11685     0.427438
11686    -1.666544
11687    -1.317008
11688    -0.039830
11689     0.661457
11690    -0.513453
11691    -0.535899
11692    -0.974790
11693    -0.349254
11694     0.464002
11695     2.609155
11696     0.680747
11697     0.017146
11698     2.789493
11699     0.532840
11700    -0.528148
11701     1.775807
11702     0.390614
11703     1.000452
11704    -2.167373
11705     1.598950
11706     0.724954
11707    -1.392429
11708    -0.247944
11709    -1.133132
11710    -0.174107
11711    -1.331061
11712    -0.765136
11713    -0.150532
11714    -0.159364
11715    -0.036091
11716    -0.162491
11717     0.595927
11718     0.247136
11719    -0.947914
11720    -0.132009
11721    -0.964208
11722     0.532788
11723    -0.172814
11724     0.972425
11725     2.177154
11726     0.773745
11727     0.917427
11728    -0.770989
11729    -0.064717
11730     0.173953
11731    -1.437954
11732     2.044366
11733     0.926409
11734     0.435319
11735    -1.799322
11736    -0.408854
11737    -0.320516
11738    -0.905160
11739    -0.636028
11740     0.056021
11741    -0.801700
11742    -0.338830
11743    -1.602722
11744     2.108584
11745     0.766595
11746    -0.409261
11747    -1.448895
11748    -0.765799
11749     0.224999
11750    -0.267433
11751    -0.833437
11752     0.025428
11753    -0.671606
11754    -0.346488
11755     2.434625
11756     0.097354
11757     0.400987
11758     1.874144
11759     0.392484
11760     0.097666
11761     1.749024
11762     0.318698
11763    -0.534134
11764    -2.707444
11765     0.780709
11766     1.758887
11767    -1.596928
11768    -0.675560
11769    -0.380750
11770     0.128061
11771    -0.913539
11772    -0.497970
11773    -0.138854
11774     0.855983
11775     1.404576
11776    -0.303193
11777    -0.104121
11778    -0.606556
11779    -1.114883
11780    -0.678118
11781    -0.607658
11782     0.706447
11783    -0.041943
11784     0.642710
11785     2.106881
11786     0.595894
11787     0.001640
11788    -0.789327
11789    -0.547397
11790     0.017985
11791    -1.867586
11792     1.198423
11793     1.606954
11794     0.871190
11795    -0.525077
11796     0.055561
11797     0.110762
11798    -0.178265
11799    -0.228108
11800     0.321708
11801    -0.023168
11802     0.330240
11803    -2.207120
11804     0.829705
11805     0.877628
11806    -0.280480
11807    -1.246484
11808    -0.263764
11809     0.257419
11810    -0.565348
11811    -1.414881
11812     0.423270
11813     0.085940
11814     0.005500
11815     2.604039
11816     0.672504
11817    -1.026589
11818     1.727014
11819     0.161164
11820    -1.141271
11821     2.515697
11822     0.229702
11823    -0.659181
11824    -1.490849
11825     1.584359
11826     0.480320
11827    -1.968124
11828    -0.548347
11829    -0.163176
11830    -0.295967
11831    -1.015072
11832    -0.098479
11833    -1.710910
11834     1.106338
11835     0.860492
11836     0.968523
11837     0.231758
11838    -1.089692
11839    -1.334927
11840    -0.680599
11841    -0.248068
11842     1.072350
11843     0.419764
11844     0.192238
11845     2.551560
11846     0.727687
11847    -0.248288
11848    -0.557810
11849    -0.739306
11850     0.274402
11851    -1.514604
11852     1.605061
11853     0.996854
11854    -0.184089
11855    -0.734091
11856     0.355597
11857    -0.242352
11858     0.142977
11859    -0.178789
11860    -0.521160
11861    -0.263953
11862     0.561707
11863    -1.260579
11864    -0.233489
11865     1.161850
11866    -0.510604
11867    -1.200800
11868     0.059352
11869     0.414401
11870    -1.088325
11871    -0.770321
11872    -0.583756
11873    -0.010742
11874     0.212416
11875     2.404663
11876     0.458784
11877    -0.708330
11878     2.248537
11879     0.008296
11880    -0.990905
11881     2.826077
11882    -0.443296
11883     0.694895
11884    -1.179303
11885     1.962845
11886     0.623792
11887    -1.939673
11888    -0.016428
11889    -1.118710
11890    -0.335557
11891     0.221860
11892     0.032223
11893    -1.442942
11894     0.234841
11895     0.523259
11896     2.498924
11897    -0.456818
11898     0.657643
11899    -1.333765
11900    -1.072183
11901    -0.873897
11902     0.867149
11903     0.959126
11904     0.690786
11905     1.798089
11906     0.279160
11907     0.078369
11908    -0.754180
11909    -0.575545
11910    -0.001535
11911    -0.652267
11912     1.609901
11913     1.697047
11914    -0.452806
11915    -0.829433
11916     0.006977
11917    -0.456132
11918    -0.355677
11919    -0.362047
11920    -0.718980
11921    -0.787274
11922    -0.266578
11923    -0.744517
11924     1.850966
11925     0.155775
11926    -0.625152
11927    -0.169719
11928    -0.023034
11929    -0.083019
11930    -1.241506
11931    -1.094458
11932    -0.733461
11933    -0.784497
11934    -0.673407
11935     1.702247
11936    -0.582349
11937    -0.656651
11938     1.759266
11939     0.196025
11940    -0.090448

