1      -0.227763
2      -0.947233
3      -1.103494
4      -0.161832
5      -0.943528
6      -1.145242
7       0.585669
8      -0.428587
9       0.658907
10      0.186864
11     -0.836963
12     -1.774283
13      0.615022
14     -0.292464
15      2.042145
16      1.271871
17     -0.434758
18      0.685250
19     -0.349489
20     -0.771406
21     -0.942409
22     -0.150029
23     -1.101460
24     -0.651320
25     -0.214703
26      0.452795
27      1.741328
28     -0.021671
29      0.884631
30     -0.045299
31     -0.432030
32     -0.547653
33     -0.815865
34      0.025921
35      1.015485
36     -0.164581
37      0.390417
38     -0.097121
39      1.005576
40     -0.245518
41     -1.346414
42     -0.507788
43     -0.358069
44      0.888169
45     -0.451437
46     -0.583926
47      1.029464
48      0.149517
49      0.320042
50      0.048849
51      0.390134
52      0.116818
53     -1.548308
54     -0.855344
55     -0.332076
56     -0.001789
57      1.599614
58     -0.435517
59      4.978290
60      0.184591
61      0.917888
62     -2.083822
63     -0.269642
64     -0.120029
65      0.407364
66     -1.695596
67     -0.398466
68      0.363782
69     -0.039142
70      0.393713
71     -0.301514
72     -1.368980
73     -0.444875
74      0.436902
75      1.682264
76      0.087971
77     -0.513025
78      0.325613
79      0.456219
80     -0.707163
81     -2.009559
82      0.931824
83     -1.088604
84     -1.073333
85      0.136294
86      0.299972
87      1.272992
88     -1.458901
89      0.606972
90      0.280320
91      0.602745
92     -0.701069
93     -0.842124
94     -0.549552
95      1.497479
96      0.390862
97      0.818720
98     -1.950618
99      1.529394
100     0.403530
101    -0.060999
102    -0.090710
103    -1.761862
104     0.618089
105    -0.085829
106    -0.269553
107     1.439632
108    -0.708128
109     0.616654
110    -0.517049
111    -0.502710
112     1.100010
113    -0.601987
114    -0.019175
115    -0.095557
116    -0.032419
117     1.064207
118    -1.366772
119     2.888077
120     2.159277
121    -0.283127
122    -0.275969
123    -1.141124
124     0.234650
125    -0.605122
126    -0.199552
127    -0.468116
128     0.368970
129    -1.753064
130    -0.250084
131    -0.111800
132    -0.636357
133    -0.129643
134    -0.068345
135    -0.518002
136    -0.430836
137    -0.225818
138    -0.706142
139    -0.481466
140     0.152500
141    -1.309320
142    -0.198403
143    -0.079018
144    -0.903783
145    -0.292729
146     0.021758
147     0.092018
148     0.997195
149    -0.949344
150     2.523726
151    -0.434346
152     0.089207
153    -0.646513
154     0.491324
155     0.042420
156     1.897469
157    -0.269631
158    -0.027711
159    -0.285565
160    -0.488489
161     0.581717
162    -1.023978
163    -0.627210
164    -0.735259
165     1.007314
166     2.202348
167    -0.309586
168     2.089234
169    -0.280963
170     0.286628
171    -1.493722
172    -0.158824
173     0.895404
174    -1.135959
175    -0.636569
176     0.187592
177    -0.248621
178     1.504918
179     0.761776
180     4.391940
181    -0.401117
182     0.014841
183    -1.140182
184     1.895246
185     0.161666
186     1.181295
187     0.812508
188    -1.103554
189    -1.460927
190    -0.631126
191     0.307214
192    -0.759498
193    -0.886916
194     0.661755
195    -1.108084
196    -0.848443
197    -0.162580
198    -0.948403
199    -0.174936
200    -0.995706
201    -1.399182
202    -0.621911
203    -0.135799
204    -1.181089
205    -0.951763
206     0.242765
207    -0.159278
208    -0.231163
209    -1.058177
210     1.504798
211     0.430974
212     0.407453
213     0.247462
214     0.379954
215    -1.278120
216     1.916731
217    -1.350156
218     0.201781
219    -1.243181
220     0.482698
221     2.118522
222    -0.038621
223    -0.356334
224     0.330851
225     1.970571
226     1.347555
227    -0.616893
228     1.179228
229     0.880961
230    -0.636379
231    -0.909303
232     0.329505
233     2.100197
234    -0.603919
235    -0.183657
236    -0.884083
237     0.099015
238     0.078123
239     0.324245
240     2.852569
241    -0.461089
242    -0.165067
243    -1.275838
244     0.963815
245     0.333872
246     1.715105
247     0.416354
248    -0.775250
249    -0.219038
250    -0.398421
251    -0.296708
252    -0.726819
253    -0.197526
254    -0.064841
255     0.354155
256    -0.741806
257    -0.382426
258    -0.656938
259    -0.431959
260     0.127441
261     0.152299
262    -0.371519
263    -0.749607
264    -0.883215
265     0.000941
266    -0.719604
267     0.893698
268    -0.763583
269     0.214521
270    -0.099181
271     0.132600
272    -0.047281
273     0.365728
274    -0.016118
275    -0.398387
276    -0.570675
277    -0.588423
278    -0.717389
279    -0.707904
280    -0.061668
281     1.232702
282    -0.847837
283    -0.833303
284     1.169602
285    -0.112107
286     0.553463
287    -0.018079
288    -0.705801
289     0.866956
290    -1.349396
291    -0.854176
292    -0.044763
293     1.260077
294    -0.162545
295     0.067654
296    -1.373876
297    -0.658929
298     1.908397
299     2.719694
300     5.000018
301    -0.938981
302    -0.430357
303    -1.253120
304     1.268529
305    -0.828167
306     1.551555
307     0.489096
308    -0.596149
309     0.556751
310    -0.434507
311    -0.235768
312    -0.162480
313    -1.318654
314     0.256207
315    -1.362514
316     0.815640
317    -0.992826
318     0.303962
319    -0.057923
320    -0.307868
321     0.658274
322     0.373621
323    -1.188445
324    -0.072759
325     0.816773
326    -1.118664
327     1.424700
328    -1.198893
329     2.008073
330    -0.261508
331     0.957989
332    -0.023534
333     1.248310
334    -1.010322
335     1.160116
336    -1.323487
337     0.263400
338    -0.763922
339     0.337581
340     0.051538
341     0.906399
342     0.052967
343    -1.638676
344     2.294968
345    -0.685452
346    -0.614573
347     0.728610
348    -3.216443
349     0.688648
350    -1.137736
351    -0.119968
352     0.105752
353     0.943109
354     0.550625
355     0.129247
356    -1.236499
357     0.006806
358     1.252297
359     0.562454
360     1.766200
361     0.249375
362    -0.596505
363     0.101116
364     1.474585
365    -0.886284
366     0.543677
367     0.424506
368    -0.792692
369     1.079276
370     0.146817
371    -0.626591
372     0.020722
373    -0.628117
374    -0.142520
375    -0.581424
376     1.024141
377    -1.275501
378     0.146396
379    -0.204316
380    -0.391827
381     0.059268
382    -0.455881
383    -0.879878
384     0.030001
385     1.333753
386    -1.456158
387     1.070000
388    -1.714330
389     2.155668
390    -1.002221
391     0.855391
392    -0.201478
393     1.445540
394    -1.804163
395     1.404022
396    -0.955807
397     0.702548
398    -1.103807
399     0.595389
400    -0.285422
401     0.834194
402    -0.080686
403    -1.735528
404     2.122394
405    -1.314593
406    -1.397628
407     1.932208
408    -1.138408
409     0.348932
410    -1.157898
411     0.467038
412    -0.332288
413     1.215076
414    -0.458105
415     0.981291
416    -1.651578
417     0.118004
418     1.016333
419     1.499154
420    -0.145182
421    -0.786354
422     0.367544
423     0.210051
424     0.624094
425    -0.563735
426     0.313017
427    -0.776510
428     0.036637
429     0.726047
430    -0.750576
431     0.207966
432     0.366884
433    -1.285360
434     0.244800
435    -0.064532
436    -0.049908
437    -0.118152
438    -0.188259
439    -1.041259
440    -0.228531
441     0.232421
442     2.908809
443    -2.205498
444     0.058534
445     0.187381
446    -0.791384
447    -0.288194
448    -1.020625
449     1.154163
450    -0.708292
451     3.484783
452    -1.546707
453     1.955134
454    -0.437346
455     0.795991
456     0.017809
457     0.191940
458    -1.002913
459     1.117276
460    -0.797711
461     0.799316
462     0.190918
463     0.536401
464     0.835043
465    -1.520380
466    -0.275718
467     1.059552
468    -1.956299
469    -0.478456
470    -0.051206
471     0.863495
472    -0.848038
473     1.054616
474    -0.328442
475     0.302236
476    -1.303975
477     0.368588
478     0.312218
479     1.256474
480    -1.365777
481    -0.208772
482     0.210251
483     0.765129
484    -0.208591
485    -0.900078
486     0.609158
487    -0.999798
488    -0.493543
489     0.600536
490    -0.161865
491    -0.044475
492     0.667125
493    -0.830623
494    -0.131342
495     0.116721
496    -0.717432
497    -0.495769
498     0.130992
499    -0.947424
500    -0.315467
501     1.084764
502     0.264935
503    -1.225460
504     0.926839
505    -1.110798
506    -0.851427
507     0.373496
508     0.593218
509     1.370884
510    -2.272610
511     1.047746
512    -0.205623
513    -0.941200
514     1.418304
515     1.131960
516    -1.073671
517    -0.141770
518    -1.340079
519     1.378447
520    -0.485418
521     0.725471
522     1.096173
523     2.412974
524     1.299679
525    -2.428528
526     1.684027
527     1.661385
528    -1.786525
529    -0.601611
530    -0.557536
531     0.732997
532    -0.821493
533     0.811631
534     0.465757
535    -0.809671
536    -1.459858
537     0.844436
538     0.624060
539     0.809394
540    -1.290036
541    -0.257224
542    -0.039728
543     0.951807
544    -0.057098
545    -0.545235
546    -0.678910
547    -1.017998
548    -0.741010
549     0.200530
550     0.490260
551     0.241844
552     0.133099
553     0.172684
554    -0.153021
555     0.036053
556    -0.982655
557    -1.153740
558     0.148660
559    -0.142905
560    -0.100732
561     0.914108
562    -0.336212
563    -1.347251
564    -0.083927
565    -1.106661
566    -1.343621
567     0.002933
568     0.884076
569     3.032892
570     2.135674
571     0.550138
572    -1.192107
573    -0.337855
574     1.380081
575     0.820174
576    -0.655030
577    -1.067688
578    -0.846466
579     0.167590
580    -1.123584
581     1.017034
582     0.796379
583     1.360681
584     1.396850
585    -1.473081
586     2.256642
587     1.585222
588    -1.501596
589    -0.994466
590    -0.872172
591     0.281644
592    -1.021931
593     0.727832
594     0.662612
595    -0.594119
596    -1.204175
597    -0.281718
598     1.607979
599     0.717408
600    -1.418974
601    -0.217489
602    -0.073656
603     0.122736
604    -0.315561
605    -0.522832
606    -0.297325
607    -0.810661
608    -0.710414
609    -0.710995
610     0.383418
611     0.226106
612    -0.670979
613    -0.217434
614     0.005029
615     0.132513
616    -0.844519
617    -0.779565
618    -0.926078
619     0.018068
620    -0.251505
621    -0.071166
622    -0.803095
623    -0.645121
624    -0.484749
625    -0.984818
626    -0.951631
627    -1.016420
628     2.072378
629     2.213378
630     4.672321
631    -0.006946
632    -0.696504
633    -0.563183
634     0.775685
635     0.854442
636     0.174708
637    -0.843781
638    -0.874039
639    -0.633268
640    -0.530430
641     0.341646
642     0.020631
643     1.265100
644     0.842584
645    -0.234884
646     1.864999
647     1.798221
648     0.883899
649    -0.888528
650    -0.695287
651    -0.598443
652    -0.825645
653     0.523471
654    -0.220392
655    -0.882203
656    -0.886848
657    -0.313025
658     1.791461
659     0.282525
660     0.734099
661    -0.459707
662     0.089245
663     0.675779
664    -0.521215
665    -0.092189
666     0.071991
667    -1.008378
668    -0.266160
669    -0.240777
670     0.449472
671     0.294339
672     0.400240
673    -0.162282
674     0.812557
675     0.634590
676    -0.941983
677    -0.449054
678    -0.229054
679    -0.226104
680     0.406396
681     0.092215
682    -0.416841
683     0.344590
684     0.515843
685    -1.061884
686    -0.679010
687    -0.235652
688     2.702319
689     0.700740
690     0.984037
691    -0.059883
692    -0.047680
693    -0.113061
694     0.760128
695     1.697603
696     0.660118
697    -0.999588
698    -0.680731
699     0.094470
700    -0.984061
701     0.774724
702     0.059820
703     1.263671
704     1.206363
705     0.494917
706     2.439728
707    -2.030527
708    -1.242748
709    -0.951370
710    -0.046397
711    -0.099708
712    -1.118373
713     1.036366
714     0.100159
715    -1.007968
716    -0.090944
717    -0.085499
718     2.304316
719    -2.980230
720    -2.537680
721    -0.324932
722    -0.689754
723    -0.176573
724    -0.523440
725    -0.249285
726    -0.682742
727    -1.029860
728    -0.164867
729    -1.161266
730     0.229266
731     0.037056
732     0.193965
733    -0.180623
734     0.209075
735     0.124541
736    -1.067080
737    -0.443576
738    -0.760977
739    -0.299945
740    -0.181278
741    -0.418650
742    -0.765415
743     0.388989
744     0.619946
745    -1.200001
746    -0.292220
747    -0.752238
748     2.651662
749     2.975310
750     2.562105
751    -0.181065
752    -0.738559
753    -0.313665
754     0.476185
755     1.035199
756     0.944312
757    -1.041748
758    -0.453368
759    -0.684206
760    -0.930830
761    -0.325959
762    -0.067404
763     1.189676
764     0.006814
765     0.800338
766     2.919679
767     1.033504
768     0.887285
769    -0.994588
770    -0.576187
771    -0.571433
772    -0.826230
773    -0.638006
774     0.125686
775    -0.915180
776    -0.585624
777    -0.894064
778     2.814468
779    -0.347264
780     0.225040
781    -0.090761
782     0.628469
783    -0.045983
784    -0.136427
785     0.532683
786     0.102864
787    -0.763573
788     0.612205
789    -0.409515
790     0.753992
791     1.594002
792     0.640940
793     0.011937
794     0.790564
795     0.775819
796    -0.794047
797    -1.237830
798     0.408169
799    -0.556727
800     0.158382
801    -0.285944
802    -0.817645
803     1.629585
804     0.073243
805    -1.241389
806    -0.166204
807    -0.140656
808     2.690878
809    -0.101585
810     0.416410
811     0.330817
812     0.536921
813     0.143059
814     0.041266
815     0.907913
816     1.041642
817    -1.088099
818    -0.076146
819    -0.224387
820    -1.091933
821     0.027779
822     0.104559
823     0.934420
824    -0.045298
825     1.128566
826     2.796488
827    -1.824517
828    -0.966913
829    -1.124633
830    -0.833095
831     0.006328
832    -0.911550
833    -0.330486
834     0.632470
835    -1.308994
836    -1.021719
837    -0.847576
838     2.365980
839    -1.781622
840    -2.553095
841    -0.543634
842     1.111020
843    -0.138858
844    -0.706968
845     2.330500
846    -0.028181
847    -0.186673
848    -0.446526
849    -1.280032
850     0.657470
851     0.955888
852    -0.918338
853    -0.361939
854     1.197249
855     0.805592
856    -0.970985
857    -0.788951
858     0.088257
859    -0.644911
860     0.098520
861    -0.359359
862    -1.040385
863     1.699021
864    -0.036670
865    -0.881531
866    -0.735252
867    -0.614010
868     2.352014
869    -0.183074
870     1.289271
871    -0.277480
872     2.781675
873    -0.075327
874     0.748420
875    -0.189800
876     1.424999
877    -0.408808
878    -0.979209
879    -0.258877
880    -0.407671
881    -0.833076
882     0.237007
883     0.901495
884    -0.576538
885     1.022540
886     2.340034
887    -1.278124
888     0.341305
889    -1.035056
890    -0.877796
891    -0.325684
892    -0.587320
893    -0.790664
894     0.627623
895    -0.738561
896    -1.606377
897    -0.784568
898     1.792489
899    -0.888486
900    -1.016692
901     0.168876
902     1.383710
903    -0.914537
904    -0.329227
905     1.002670
906    -1.348277
907    -0.391245
908     0.390756
909    -0.473070
910     0.226999
911     1.048947
912    -0.913447
913    -0.786099
914     0.625166
915     0.367436
916    -1.257552
917    -0.878739
918    -0.141968
919    -0.064189
920     0.497527
921    -0.898196
922    -0.143103
923     1.312248
924    -1.284975
925    -0.759065
926     0.200696
927    -0.071121
928     1.733219
929     0.192775
930     2.464091
931    -0.028179
932     1.172277
933    -1.357591
934     0.039401
935    -1.424097
936     1.130651
937    -0.884612
938    -0.788936
939    -0.027673
940    -0.427707
941    -1.653145
942    -0.629366
943     0.711536
944    -0.136469
945     1.399370
946     2.632009
947    -0.067236
948     2.613614
949    -0.611632
950    -0.004184
951    -0.121722
952    -0.080052
953    -1.685642
954    -0.547801
955    -1.210978
956    -1.157077
957    -0.183742
958     1.461601
959    -0.031246
960     0.938324
961     1.192955
962     0.871843
963    -0.879859
964     0.892852
965     0.587698
966    -1.119446
967    -0.479838
968     1.209049
969    -1.057360
970     0.534557
971    -0.180726
972    -1.540701
973    -0.093951
974     0.309931
975     1.236220
976    -1.286429
977     0.182119
978     0.224545
979     1.018461
980     0.217522
981    -0.966553
982     1.104933
983     0.684095
984    -0.999188
985    -0.817882
986     1.037056
987    -0.157013
988     0.730808
989    -0.543943
990     2.835836
991     1.466519
992     0.724777
993    -1.007769
994    -0.139741
995    -1.506219
996     1.328969
997    -1.422548
998     0.036428
999    -0.269318
1000    -0.290571
1001    -0.768050
1002    -0.800247
1003     0.705981
1004     0.172740
1005     1.582634
1006     0.738052
1007    -1.042728
1008     2.942922
1009    -0.638273
1010     0.078974
1011    -0.369325
1012    -0.305479
1013    -0.922349
1014    -1.144256
1015    -1.566671
1016     0.003998
1017    -0.064317
1018    -1.343734
1019    -1.152215
1020     0.224226
1021     0.116118
1022    -0.623701
1023     0.419838
1024     0.336622
1025    -0.616276
1026     0.564729
1027     0.576252
1028     2.318180
1029    -1.667366
1030    -0.409846
1031    -1.525164
1032     0.077543
1033     0.560093
1034     0.918152
1035     0.318700
1036    -0.936303
1037     0.538894
1038    -0.521928
1039     0.238734
1040    -1.110412
1041     0.509346
1042     0.001099
1043    -0.828024
1044     0.559248
1045    -0.304162
1046     1.511401
1047    -0.623359
1048    -0.860300
1049    -0.286997
1050     0.095537
1051     0.733331
1052    -0.572697
1053     0.874381
1054     1.690943
1055     0.503945
1056     1.182803
1057    -0.683438
1058     0.677872
1059    -0.766180
1060     0.104544
1061    -1.185633
1062     0.451492
1063     2.232328
1064     2.288193
1065     0.411532
1066    -1.475486
1067    -1.398261
1068     0.508615
1069     0.681429
1070     1.894307
1071    -1.402213
1072     0.281818
1073    -1.168485
1074    -0.041660
1075    -0.830991
1076     0.634865
1077    -0.654434
1078    -2.052786
1079    -1.970159
1080    -0.296624
1081     0.540439
1082    -1.530306
1083     0.604587
1084     0.225339
1085    -2.032623
1086     0.451585
1087     0.413287
1088     1.280130
1089    -1.624394
1090     0.382358
1091    -1.780460
1092     0.639149
1093    -0.437233
1094     1.214936
1095    -0.447052
1096    -0.385850
1097     1.155038
1098    -0.253465
1099     0.229680
1100    -2.112450
1101     0.448408
1102     0.371928
1103    -1.780143
1104     0.740609
1105    -0.244187
1106     1.619689
1107    -0.567230
1108    -0.393657
1109     1.093286
1110     0.315159
1111     0.477632
1112    -1.954641
1113     0.666380
1114     0.776253
1115     0.781110
1116     0.368769
1117    -0.203121
1118     1.616501
1119    -0.414705
1120     0.516865
1121    -1.427050
1122     0.556740
1123     0.466133
1124     1.217381
1125    -0.548470
1126    -1.512865
1127     0.420207
1128     0.355213
1129     0.520474
1130     1.136488
1131    -1.454822
1132     0.668504
1133    -1.575462
1134     0.197936
1135    -0.398310
1136     1.533047
1137    -0.378649
1138    -2.013668
1139     1.125323
1140     0.344251
1141     1.556028
1142    -0.686544
1143    -0.468745
1144     1.781526
1145    -0.641151
1146    -0.312392
1147    -1.117791
1148    -0.178530
1149    -0.732585
1150     1.196244
1151    -1.098165
1152    -0.480483
1153    -0.625888
1154     0.709031
1155     0.781159
1156    -1.032588
1157     0.463849
1158     0.140058
1159     1.618808
1160    -0.805726
1161    -0.528491
1162     1.565826
1163    -0.722216
1164    -0.231707
1165    -1.169896
1166     1.218734
1167    -0.782514
1168    -2.529387
1169    -0.126936
1170     0.185127
1171     1.907009
1172    -0.733595
1173    -0.139230
1174    -1.088605
1175    -0.835045
1176     1.341425
1177    -1.298460
1178     0.591449
1179     0.842499
1180     1.491129
1181    -0.601421
1182    -0.524079
1183    -0.068267
1184     0.498066
1185    -0.296725
1186    -0.863387
1187     1.397724
1188     0.389205
1189    -0.750640
1190    -0.313546
1191    -0.551866
1192     1.939962
1193    -0.699558
1194    -0.668017
1195    -1.088543
1196     0.742163
1197     0.883747
1198    -1.423079
1199     1.821417
1200     1.153615
1201     1.692591
1202     0.477123
1203    -0.745791
1204     1.760681
1205     0.391185
1206    -0.745255
1207     0.402974
1208    -1.043984
1209     0.257384
1210     0.391912
1211    -0.887614
1212    -1.185435
1213    -0.666545
1214    -0.152346
1215     1.127437
1216    -1.086612
1217    -0.803848
1218     0.212279
1219     0.691107
1220    -0.585757
1221    -1.368719
1222     0.654899
1223    -0.596192
1224    -0.972613
1225    -0.612975
1226     0.819826
1227    -0.382212
1228    -1.048171
1229     0.279805
1230     1.566656
1231     1.856153
1232     0.290182
1233    -0.564980
1234    -1.037947
1235    -0.538159
1236     1.493826
1237    -1.730837
1238    -0.940279
1239     1.089362
1240     1.816737
1241     0.687815
1242    -0.734754
1243    -0.594787
1244     0.866066
1245    -0.521880
1246    -1.170585
1247     1.076693
1248     0.188945
1249     0.565336
1250    -0.513405
1251     0.181182
1252     1.719034
1253     0.600000
1254    -1.219029
1255    -2.237368
1256    -0.684073
1257     0.814981
1258    -1.365598
1259     1.256962
1260     1.508618
1261     0.052543
1262     0.539709
1263    -0.705562
1264     0.300079
1265     0.185375
1266    -0.495175
1267     2.385297
1268    -0.765451
1269     0.094523
1270    -0.315782
1271    -0.720243
1272    -1.190923
1273     1.330753
1274    -0.031062
1275     0.991235
1276    -2.463301
1277    -0.459896
1278     0.020602
1279    -0.564681
1280    -0.701141
1281    -1.036540
1282    -0.331476
1283    -0.512324
1284    -0.948851
1285     0.225051
1286     0.056643
1287     0.248846
1288    -0.452208
1289     0.656850
1290     0.838804
1291     1.791913
1292    -0.312925
1293    -0.113245
1294    -0.786358
1295     0.860024
1296     0.071025
1297    -2.553148
1298     0.054904
1299     0.035085
1300     1.329268
1301     0.650385
1302    -0.830480
1303    -1.370415
1304     0.322456
1305     0.190794
1306    -0.507608
1307     0.710991
1308     0.343882
1309     2.262963
1310    -0.210464
1311    -0.052811
1312     1.577094
1313     0.098365
1314    -0.810858
1315    -2.211196
1316    -0.592403
1317     0.498524
1318     0.301213
1319     0.170208
1320     2.851124
1321     0.590712
1322     0.031176
1323    -0.447494
1324     0.485909
1325     0.908521
1326    -0.546476
1327    -1.095294
1328     1.017519
1329    -1.170813
1330     0.010873
1331     0.169328
1332    -1.075379
1333     0.736299
1334     1.201648
1335     0.369524
1336    -1.471254
1337    -0.276990
1338     0.418034
1339     0.429839
1340    -0.018895
1341    -0.498463
1342     0.524835
1343    -0.388958
1344    -0.466728
1345     0.464112
1346    -0.173822
1347     0.086073
1348    -0.413048
1349     0.870578
1350     0.491159
1351     0.882288
1352    -0.179498
1353    -0.687397
1354    -0.281294
1355     0.790866
1356     0.123517
1357    -2.354978
1358    -3.836037
1359     1.427157
1360     1.478249
1361     0.740642
1362    -0.806748
1363    -1.024810
1364    -0.207583
1365     0.234729
1366     0.528166
1367     0.005238
1368     0.813604
1369    -0.559825
1370     1.126378
1371    -1.264916
1372     1.630948
1373     0.825581
1374    -0.852454
1375    -0.614711
1376    -1.436195
1377     1.490230
1378     0.052984
1379    -1.169497
1380     2.362840
1381     0.357677
1382    -0.472486
1383    -0.233513
1384     0.118525
1385     0.144614
1386    -0.429649
1387    -0.105716
1388     1.002374
1389    -1.327489
1390     0.601656
1391    -1.065768
1392     0.841975
1393    -0.249727
1394     1.388039
1395    -0.772206
1396    -0.211506
1397     1.288182
1398    -0.910344
1399     0.748777
1400    -1.246415
1401     1.207051
1402     0.509723
1403    -0.697366
1404    -0.264414
1405    -0.034097
1406    -1.141293
1407     0.729546
1408    -0.973994
1409     1.841358
1410    -0.981218
1411    -0.189887
1412     0.009160
1413    -1.104398
1414    -1.002332
1415     1.166237
1416    -0.937411
1417    -0.437138
1418     0.606033
1419    -0.439936
1420     0.548376
1421    -0.865197
1422     0.741927
1423    -0.876053
1424     1.044954
1425    -1.065710
1426     0.436770
1427    -1.017917
1428     1.344206
1429    -0.302340
1430     0.308716
1431    -0.817885
1432     0.820446
1433    -0.556842
1434     0.315791
1435    -0.085407
1436     0.565187
1437    -0.347024
1438     0.326247
1439    -2.301569
1440     4.450701
1441     0.584042
1442    -0.576536
1443    -0.058332
1444    -0.900514
1445     0.390107
1446    -1.593934
1447    -0.590453
1448     2.431671
1449    -1.867320
1450     0.077098
1451    -0.119704
1452    -0.002248
1453    -0.398938
1454     1.204315
1455    -1.322359
1456     0.140175
1457    -0.827550
1458     2.018117
1459     0.563694
1460    -0.603549
1461     0.666321
1462     0.685224
1463    -0.290511
1464    -0.336383
1465     0.805764
1466    -1.236045
1467     1.941109
1468    -0.665366
1469     1.703626
1470    -0.936986
1471    -0.162595
1472     0.622176
1473    -1.456706
1474    -0.681791
1475     0.687730
1476    -0.800340
1477     0.321236
1478     0.062252
1479     0.733312
1480     0.401126
1481    -1.132547
1482     0.322650
1483    -0.480386
1484     0.709958
1485    -0.956846
1486    -0.820954
1487     0.031413
1488    -0.032088
1489    -0.281777
1490     0.157972
1491    -1.016541
1492     0.712827
1493    -0.880854
1494    -0.058367
1495     0.762478
1496    -0.412040
1497     1.401603
1498    -0.070890
1499    -1.921882
1500     3.355334
1501     0.871660
1502    -0.692174
1503     1.074644
1504    -1.030357
1505     0.182552
1506    -2.350795
1507    -1.412451
1508     0.702338
1509    -1.403043
1510     0.326485
1511    -0.594741
1512     0.937985
1513    -0.725278
1514     0.099691
1515    -1.283372
1516    -0.047247
1517     1.282635
1518    -0.045119
1519     1.080705
1520    -0.437858
1521     1.415459
1522     1.036629
1523    -0.344169
1524     0.748390
1525     0.169456
1526    -0.434893
1527    -0.096042
1528    -0.518074
1529     0.961383
1530    -0.765042
1531     0.675486
1532     0.969552
1533    -0.495116
1534    -0.426381
1535     0.068930
1536    -0.378614
1537    -0.446982
1538     1.743272
1539    -1.471071
1540     1.050001
1541    -0.650738
1542     1.293362
1543    -0.328264
1544    -0.003863
1545    -0.477128
1546    -0.339304
1547     0.000305
1548    -0.064288
1549    -0.284653
1550    -0.561422
1551    -0.362856
1552     0.925539
1553    -1.156383
1554     1.134620
1555    -0.650680
1556     1.060632
1557    -1.188041
1558     0.073712
1559    -2.195050
1560     3.776068
1561     0.278040
1562     1.157640
1563     0.418822
1564    -0.335626
1565    -0.411021
1566    -2.155784
1567    -0.678247
1568    -0.174452
1569    -0.160930
1570     0.272180
1571     0.596256
1572     0.281988
1573    -0.100121
1574     0.925839
1575     0.336394
1576     0.747326
1577     0.333406
1578     0.444137
1579    -0.198915
1580     1.296490
1581     0.074687
1582     0.645101
1583     0.982557
1584    -0.170362
1585     0.848552
1586     0.293502
1587     0.405747
1588     0.306050
1589     0.896527
1590     0.494013
1591     0.789128
1592    -1.333724
1593    -0.822245
1594     0.229285
1595     0.934389
1596     1.014431
1597    -0.082469
1598    -0.349064
1599    -1.038084
1600    -0.032415
1601     1.099172
1602     0.052310
1603     0.321041
1604     0.772950
1605     1.118995
1606    -1.806690
1607    -3.534001
1608    -0.786195
1609     0.354044
1610     0.248285
1611     0.611201
1612     0.134618
1613     0.407088
1614    -0.035059
1615    -0.735689
1616    -0.827338
1617    -2.106130
1618    -0.955194
1619    -3.314502
1620     2.022064
1621     0.136976
1622     0.057084
1623     0.231817
1624    -0.599853
1625     0.065931
1626    -2.724580
1627    -1.399367
1628    -0.366127
1629    -0.575399
1630     0.770695
1631     0.448147
1632     0.158536
1633     0.788739
1634     0.638056
1635     0.514943
1636     0.466011
1637     0.434556
1638     0.242354
1639     0.597625
1640    -0.081252
1641     0.261976
1642     0.422633
1643     0.054095
1644    -0.578796
1645     0.457542
1646     0.427424
1647     0.135015
1648     0.709202
1649     0.326591
1650     0.368191
1651     0.053462
1652     0.416783
1653    -0.321191
1654     0.484820
1655     0.603819
1656     0.973121
1657     0.361883
1658    -0.242842
1659    -1.279248
1660     0.442506
1661     0.642809
1662    -0.055815
1663     0.626040
1664     0.400975
1665     1.140552
1666    -1.826412
1667    -3.060222
1668    -0.538444
1669     0.591703
1670    -0.419231
1671     0.470195
1672    -0.355845
1673     0.338704
1674    -0.443247
1675    -0.882713
1676     0.462068
1677    -2.128397
1678    -1.845648
1679    -1.147367
1680     4.148417
1681     0.122024
1682    -0.136998
1683    -0.097974
1684    -0.269093
1685     0.255090
1686    -1.569741
1687    -1.062638
1688     0.123530
1689    -0.114738
1690     0.860808
1691     0.906126
1692     0.293707
1693     0.518597
1694     1.232408
1695    -0.132209
1696     0.418828
1697     1.165353
1698     0.568729
1699     0.760607
1700     0.001105
1701     0.808967
1702     0.761900
1703    -0.679200
1704     0.155360
1705     0.162194
1706     1.001243
1707    -0.730293
1708     0.955128
1709    -1.330905
1710     1.248674
1711     0.014850
1712     0.659856
1713    -0.730490
1714     0.759959
1715     0.111518
1716     1.098865
1717     0.528478
1718     0.268103
1719    -0.075566
1720     0.573850
1721     0.681666
1722    -0.028156
1723     0.623170
1724     0.206573
1725     0.709909
1726    -1.250030
1727    -3.514615
1728     0.218316
1729     0.250525
1730     0.580666
1731    -0.027431
1732    -0.153445
1733     0.213435
1734    -0.363154
1735    -0.684381
1736     0.483287
1737    -2.127586
1738    -3.891331
1739    -2.228241
1740     0.894813
1741    -0.511393
1742     0.397628
1743    -0.125556
1744    -0.572367
1745     0.806294
1746    -1.282299
1747    -1.079195
1748     0.004693
1749    -0.428859
1750     0.102406
1751     0.652966
1752    -0.007179
1753    -0.465553
1754     0.408745
1755    -0.422922
1756     1.853913
1757     0.647816
1758     0.476783
1759     0.364718
1760     0.216159
1761     0.428550
1762     0.460786
1763    -0.811622
1764    -0.221009
1765    -0.843906
1766     0.900389
1767    -0.747176
1768     1.069092
1769    -0.571599
1770     0.870734
1771     0.887319
1772     1.095361
1773    -0.521342
1774     0.487699
1775    -0.933628
1776     0.423998
1777     0.259128
1778    -0.029096
1779    -0.404091
1780    -0.309057
1781     0.228274
1782    -0.300850
1783     1.657764
1784     0.375524
1785     0.592320
1786    -1.300640
1787    -2.096123
1788     0.156163
1789     0.461173
1790     0.686105
1791    -0.230087
1792    -1.047464
1793     0.705560
1794    -0.243278
1795    -1.679602
1796     1.004816
1797    -1.513957
1798     0.205178
1799    -3.688261
1800     3.500057
1801    -0.613870
1802     0.647923
1803    -0.218204
1804    -0.560011
1805     1.040752
1806    -0.789237
1807    -0.789221
1808     0.412197
1809    -0.136748
1810     0.099365
1811     1.118415
1812    -0.242879
1813    -0.793237
1814     0.481146
1815    -0.265080
1816     1.366927
1817     0.282069
1818     0.159259
1819    -0.147356
1820     0.116645
1821    -0.172499
1822     0.157410
1823    -0.963354
1824    -0.464889
1825    -0.416170
1826     1.358597
1827    -0.098924
1828     1.138273
1829    -0.433766
1830     0.538736
1831    -0.145276
1832     0.354176
1833    -0.762932
1834     0.753543
1835    -0.748874
1836     0.131725
1837    -0.158103
1838    -0.138405
1839    -0.547400
1840    -0.786556
1841     0.062897
1842     0.003726
1843     0.449204
1844    -0.825326
1845    -0.226040
1846    -0.890164
1847    -2.242952
1848     1.011893
1849    -0.191663
1850     0.391610
1851    -0.225547
1852    -0.256987
1853     1.446829
1854    -0.235847
1855    -1.338921
1856     1.267750
1857    -0.631350
1858     3.122812
1859    -3.628329
1860     3.172236
1861    -0.010193
1862     0.262933
1863     0.213244
1864     0.634130
1865     0.835931
1866    -0.981666
1867    -0.703133
1868     0.395158
1869     0.285306
1870     0.128590
1871     0.327926
1872     0.440169
1873    -0.172714
1874     1.218852
1875    -0.222324
1876    -1.116632
1877     1.268329
1878    -0.252977
1879     0.046704
1880     0.478485
1881     0.181136
1882    -0.333909
1883     0.212222
1884    -1.081660
1885     0.564711
1886     0.458437
1887     0.400187
1888     0.979280
1889     0.809466
1890     0.787400
1891    -0.610043
1892     0.678801
1893    -0.830378
1894     0.851936
1895    -0.797625
1896     0.569738
1897    -0.388138
1898     1.049336
1899    -0.920818
1900    -0.190045
1901     0.650100
1902     0.267684
1903     0.800299
1904    -1.104792
1905     0.121722
1906     0.953982
1907    -4.639945
1908     1.745081
1909    -0.329809
1910    -0.411119
1911     0.320013
1912     0.124712
1913     0.986902
1914     0.326803
1915    -0.692149
1916     0.901705
1917    -0.762882
1918    -0.537578
1919    -3.581102
1920    -0.605776
1921    -0.479816
1922     0.319963
1923     0.268991
1924     1.427000
1925    -0.499809
1926    -1.333148
1927    -1.579283
1928     0.571667
1929     0.334865
1930    -0.499959
1931     0.405838
1932     0.265302
1933    -0.329421
1934     1.295594
1935    -0.010828
1936     0.165276
1937    -0.178062
1938     0.863043
1939    -0.357153
1940    -0.056635
1941     0.088342
1942    -0.548543
1943    -0.168879
1944    -1.255857
1945     0.116691
1946     0.928936
1947     0.189298
1948     0.548039
1949     0.907523
1950     0.109876
1951    -1.100884
1952     0.605377
1953    -1.273203
1954    -0.009904
1955     1.140803
1956    -0.236482
1957     1.147981
1958    -0.153235
1959     0.316059
1960    -0.876491
1961     0.859397
1962     0.086670
1963     0.240244
1964     1.029322
1965    -0.191219
1966     0.016488
1967    -3.140064
1968     0.650184
1969    -0.934736
1970    -1.491240
1971    -0.035003
1972    -0.427797
1973     0.873925
1974    -0.078924
1975     2.979528
1976    -3.624806
1977     0.076112
1978     0.502740
1979     0.374384
1980     1.165923
1981    -0.096843
1982    -0.536371
1983     0.711641
1984     2.242515
1985    -0.538848
1986    -1.655591
1987    -0.511543
1988    -0.592776
1989     0.834455
1990    -0.902962
1991    -0.373346
1992     0.517462
1993    -0.372435
1994     0.639793
1995     0.046482
1996    -0.556676
1997    -0.755262
1998     0.972614
1999    -0.650245
2000    -0.524958
2001     0.323487
2002     2.737265
2003    -0.919635
2004    -1.378543
2005     0.621909
2006    -0.416084
2007     0.432884
2008    -0.619142
2009     2.538357
2010    -0.149452
2011    -0.390737
2012     0.591844
2013    -1.270529
2014     0.039011
2015     2.876542
2016    -0.256379
2017     0.374378
2018    -0.567344
2019     0.291650
2020    -0.827196
2021    -0.255530
2022     0.204414
2023    -0.136031
2024     2.036645
2025    -0.305032
2026    -0.455656
2027    -0.590739
2028     0.538232
2029     0.170587
2030    -0.731078
2031     0.367624
2032    -0.578607
2033    -0.610676
2034    -0.030744
2035    -0.151087
2036    -1.996091
2037    -1.601632
2038     0.063495
2039     0.725556
2040     1.406959
2041     0.110741
2042    -0.465901
2043     0.670448
2044     0.658167
2045    -0.900962
2046    -1.667837
2047     1.169749
2048    -0.684981
2049     0.212488
2050     0.963500
2051    -0.299526
2052     0.137590
2053     0.444631
2054     0.553813
2055    -0.127391
2056     1.160234
2057    -0.556457
2058     0.681405
2059     0.023231
2060    -0.287131
2061     0.336120
2062     0.611097
2063    -1.150131
2064    -1.148595
2065     0.862577
2066    -0.349460
2067     0.432836
2068    -2.823547
2069     1.859620
2070    -0.361666
2071     0.013313
2072    -0.326737
2073    -1.594743
2074    -3.483989
2075     2.151863
2076    -0.317823
2077     0.987818
2078    -0.196086
2079     0.516497
2080    -0.017161
2081    -0.048569
2082     0.217879
2083    -2.833935
2084     1.739895
2085    -0.036651
2086     0.204404
2087    -0.306691
2088     0.630588
2089     0.678345
2090    -0.474858
2091     0.456661
2092     0.364898
2093    -0.192372
2094     0.100723
2095     0.433158
2096     0.190377
2097     0.423305
2098     0.472768
2099    -0.255703
2100     0.438165
2101    -0.313985
2102    -0.703979
2103     1.036136
2104     0.514331
2105    -0.031079
2106    -3.068915
2107     0.211826
2108     0.857896
2109    -0.844924
2110     0.259413
2111     1.492848
2112    -0.454772
2113     0.639943
2114     0.504773
2115    -0.206769
2116     0.912345
2117     1.985691
2118     0.499040
2119     0.414315
2120    -0.694619
2121     0.791401
2122     0.553398
2123    -0.636076
2124    -1.880454
2125     0.213174
2126    -0.239536
2127     0.191018
2128    -0.080075
2129    -0.393150
2130     1.109100
2131     0.487052
2132    -0.255992
2133    -1.706219
2134    -2.871084
2135     0.364681
2136     0.760364
2137     0.334432
2138    -0.385835
2139     0.209592
2140     0.359623
2141    -0.055233
2142     0.543036
2143    -2.894582
2144    -0.151811
2145     0.492510
2146     0.340463
2147    -0.528101
2148     1.335873
2149    -0.682978
2150    -0.918044
2151    -0.253113
2152     0.831928
2153    -0.750472
2154     0.348571
2155     0.979133
2156     0.222267
2157     0.924292
2158    -0.208672
2159     0.315771
2160     0.174234
2161     1.677796
2162    -0.319106
2163    -0.008362
2164    -1.472440
2165     0.172837
2166    -1.358535
2167    -0.821436
2168     0.317207
2169    -0.553720
2170    -0.078270
2171     0.782742
2172    -0.235899
2173    -2.459232
2174    -0.154366
2175     0.599907
2176    -0.564811
2177    -0.026752
2178    -0.190608
2179    -0.092551
2180     0.239484
2181     1.434860
2182     1.656117
2183    -0.255054
2184    -1.589866
2185     1.004334
2186    -0.421153
2187    -0.184447
2188     0.323103
2189    -0.394134
2190     0.295240
2191     1.084450
2192    -0.818185
2193    -1.811773
2194    -2.081585
2195     0.505556
2196     0.705576
2197     1.499473
2198    -0.178972
2199    -0.162857
2200    -0.109972
2201     0.853343
2202     1.402371
2203    -2.004540
2204     0.767677
2205     0.946442
2206     2.795081
2207     0.140665
2208    -0.089474
2209     0.413790
2210    -0.225967
2211    -0.153555
2212     0.166027
2213    -0.168488
2214     0.831027
2215    -1.662776
2216    -0.384526
2217     1.090160
2218     0.727440
2219    -0.432808
2220    -0.966488
2221     1.615283
2222     0.044636
2223     0.483509
2224     0.596595
2225    -0.376061
2226    -0.255809
2227     0.473122
2228     0.138156
2229     0.017282
2230     0.281747
2231    -0.768493
2232    -0.662155
2233    -3.303800
2234     0.226605
2235    -0.311252
2236     0.338712
2237     0.032813
2238     0.569642
2239    -0.107014
2240     0.595062
2241     1.492437
2242    -0.437448
2243     0.366383
2244    -2.815207
2245     0.062485
2246     0.532625
2247    -0.109740
2248     1.389325
2249    -0.822870
2250     0.721900
2251    -0.214603
2252     1.124737
2253    -1.653208
2254    -0.940836
2255    -0.352133
2256     0.913255
2257     0.254987
2258     0.729301
2259    -0.336111
2260     0.182060
2261    -0.020761
2262     1.188557
2263    -1.310542
2264    -0.588651
2265     0.594394
2266     2.932953
2267     0.277690
2268     0.618079
2269     0.543824
2270    -1.439931
2271    -0.507905
2272    -0.111292
2273     0.396929
2274     0.915547
2275    -1.618312
2276    -0.494102
2277     0.798253
2278    -0.627246
2279     0.398062
2280    -1.661468
2281     1.829814
2282    -0.848028
2283    -0.712364
2284     0.496201
2285     1.031759
2286     0.711166
2287     0.395634
2288     0.911343
2289     0.682138
2290    -0.688317
2291     0.688214
2292     0.875402
2293    -2.259600
2294    -1.482473
2295    -1.579484
2296    -0.103502
2297     1.024667
2298     1.376170
2299     0.747393
2300     0.148896
2301     0.346499
2302    -1.722185
2303    -0.695452
2304    -1.459975
2305     0.112493
2306     0.219417
2307     0.085302
2308     0.353549
2309     0.313055
2310     1.520959
2311    -0.454331
2312    -0.273894
2313    -1.547532
2314     0.588322
2315    -0.692652
2316    -0.782936
2317     0.250758
2318    -0.623306
2319    -0.927253
2320     0.703209
2321     0.164923
2322     0.770400
2323    -1.636834
2324     0.783435
2325     1.651528
2326     2.672015
2327    -0.510785
2328    -0.323485
2329    -1.011171
2330     0.740799
2331     1.403631
2332     0.212590
2333    -0.522557
2334    -0.104786
2335     0.334687
2336    -1.392837
2337    -1.656664
2338    -0.820723
2339     1.015477
2340    -0.328717
2341     1.379421
2342    -0.457515
2343    -0.838103
2344     0.010679
2345     1.022988
2346     1.465139
2347     1.355875
2348     0.461656
2349     0.137265
2350    -0.894536
2351     0.782596
2352     0.983942
2353    -1.926198
2354    -1.605540
2355    -1.376693
2356    -0.573191
2357     1.257026
2358     1.200700
2359    -0.403549
2360     0.786843
2361     0.401284
2362    -1.960548
2363    -0.981028
2364     0.047164
2365    -0.712019
2366     0.795895
2367    -0.082846
2368     1.591577
2369    -0.293513
2370     0.863836
2371    -2.361949
2372     0.050536
2373     0.310315
2374     0.544107
2375    -0.390739
2376    -1.897152
2377     0.084802
2378    -0.339852
2379    -1.057715
2380     0.588052
2381     0.523833
2382    -0.106104
2383    -0.459128
2384     0.269330
2385     1.018096
2386     2.830295
2387    -0.277556
2388    -1.045118
2389    -0.161467
2390     0.279748
2391     1.381652
2392     0.475172
2393    -0.541983
2394    -0.071438
2395    -0.833179
2396    -0.903468
2397    -0.993595
2398     1.425782
2399    -0.439257
2400    -0.340628
2401     2.233425
2402     0.611848
2403     1.481832
2404    -0.243718
2405     0.000850
2406    -0.029927
2407     0.724526
2408    -0.258228
2409    -0.158467
2410    -1.476019
2411    -0.309181
2412    -0.818415
2413    -0.446919
2414    -0.265549
2415    -0.875833
2416    -1.309185
2417     0.298266
2418    -0.234781
2419    -1.376222
2420     0.030823
2421    -0.420995
2422    -1.255975
2423    -0.134423
2424     0.029775
2425    -1.810563
2426    -0.295853
2427    -1.346758
2428     2.800820
2429     0.426448
2430     1.142205
2431    -2.035711
2432     0.619694
2433     0.248174
2434    -0.123366
2435    -0.153338
2436    -0.524178
2437     0.615566
2438     0.763700
2439     1.142602
2440    -0.000433
2441     0.306093
2442     0.115520
2443     0.040520
2444     0.110841
2445    -0.217604
2446     3.648695
2447     0.407611
2448     1.519831
2449    -0.715491
2450    -0.714429
2451    -0.371433
2452     0.430931
2453    -0.336788
2454     0.081439
2455    -1.095217
2456    -0.471680
2457    -0.433194
2458     1.394335
2459    -0.636706
2460    -0.329793
2461    -3.256657
2462    -0.841415
2463    -0.423756
2464     0.872669
2465     0.639926
2466     0.625285
2467     1.405432
2468     0.107360
2469    -0.207857
2470     0.094016
2471    -0.015857
2472    -0.081481
2473     1.284345
2474    -0.482770
2475    -0.787440
2476    -0.261834
2477     0.014738
2478    -0.080564
2479    -0.259210
2480     0.246646
2481     0.195817
2482     0.234135
2483    -0.205836
2484     0.885347
2485    -0.229438
2486     1.131923
2487     0.042753
2488    -0.384219
2489    -0.969992
2490    -0.634187
2491    -0.526255
2492     0.180951
2493     1.359635
2494     0.688175
2495     0.217063
2496    -0.277720
2497    -3.792090
2498     0.556685
2499    -0.242748
2500     0.301901
2501     0.000639
2502    -0.403088
2503     0.914174
2504     0.021969
2505    -0.301732
2506    -1.911284
2507    -0.180928
2508    -0.092508
2509     0.432095
2510     0.279595
2511     0.541082
2512     1.118742
2513    -0.263704
2514    -0.053648
2515     0.273629
2516    -0.372441
2517     0.303844
2518     3.001675
2519    -0.064550
2520    -0.367036
2521     0.397158
2522    -0.314273
2523     0.153808
2524    -1.133163
2525     0.138461
2526     0.591788
2527    -0.685681
2528    -0.135464
2529    -0.444253
2530    -0.908283
2531     0.326705
2532    -0.114948
2533     0.151026
2534    -0.124532
2535    -1.201313
2536     0.195675
2537     0.443400
2538    -0.286629
2539     0.278098
2540     0.838170
2541     0.236184
2542    -0.263489
2543     0.237492
2544     1.536338
2545     1.731080
2546     0.614129
2547    -0.609898
2548    -0.302464
2549     1.559679
2550     0.823292
2551     0.047134
2552     0.002891
2553     1.985177
2554     0.300464
2555     0.695898
2556    -0.478642
2557     1.299866
2558    -2.382086
2559    -1.029552
2560    -1.550485
2561     0.288857
2562    -0.576188
2563     0.279485
2564    -0.534378
2565    -0.784948
2566     0.878902
2567    -1.148043
2568    -0.071185
2569     0.398292
2570    -0.660770
2571     0.091190
2572    -0.957242
2573     0.358424
2574     0.060844
2575    -0.000242
2576    -0.682689
2577     0.235115
2578    -0.156132
2579     0.478131
2580    -0.116180
2581     0.033608
2582     0.012293
2583     0.158945
2584    -0.516710
2585    -0.492664
2586     0.931625
2587     0.175687
2588    -0.122094
2589     0.464890
2590    -1.067848
2591     1.303969
2592    -0.376145
2593     0.900291
2594     1.099598
2595    -0.405709
2596     0.362110
2597     1.096922
2598    -0.269758
2599    -0.839804
2600    -0.284568
2601    -0.992112
2602    -0.930298
2603    -0.764471
2604     0.654077
2605     1.726132
2606    -1.365532
2607    -0.336145
2608    -0.765630
2609     0.031846
2610     0.186562
2611    -1.192548
2612    -1.150729
2613     0.452006
2614     0.079817
2615    -0.430945
2616    -0.974506
2617     1.781861
2618     1.103416
2619     0.365415
2620    -1.458032
2621    -0.477134
2622    -1.061198
2623     0.573508
2624    -0.699119
2625    -0.657994
2626     1.050146
2627     0.842146
2628     0.646064
2629     0.858255
2630     0.114622
2631     0.718164
2632    -1.084868
2633     0.238419
2634    -0.274953
2635     0.195342
2636     0.972165
2637     0.373267
2638     0.118981
2639    -1.028141
2640     0.397506
2641    -0.288033
2642    -0.064595
2643    -0.042813
2644    -0.313724
2645    -0.126386
2646     0.781828
2647     0.080700
2648     0.377802
2649     1.107844
2650    -0.983645
2651     0.575946
2652    -0.768406
2653    -0.613169
2654     0.140221
2655    -0.287128
2656    -0.497251
2657    -0.065031
2658    -1.279220
2659     1.096484
2660     1.087027
2661    -0.410329
2662    -0.332649
2663    -1.126253
2664     0.319377
2665     2.573982
2666    -0.022077
2667     0.892374
2668     0.900710
2669     0.962610
2670     0.362431
2671    -0.362007
2672    -0.918291
2673     0.200957
2674     0.214583
2675     0.231295
2676    -0.256636
2677     0.805062
2678    -0.212188
2679    -0.690446
2680     0.572407
2681     0.322885
2682    -0.950055
2683     1.385785
2684    -0.066877
2685    -0.593102
2686    -1.871991
2687    -1.067295
2688     0.481832
2689     0.590153
2690     0.619311
2691     1.009002
2692    -2.127073
2693    -0.179547
2694    -0.354579
2695    -0.775493
2696     1.020883
2697     0.620182
2698    -0.054830
2699    -1.489439
2700    -0.143117
2701     0.398699
2702     0.168933
2703     0.015852
2704    -1.253658
2705    -1.691827
2706    -0.056592
2707    -0.947979
2708    -0.219373
2709     0.514598
2710    -0.419701
2711     0.580506
2712    -0.347658
2713    -0.539108
2714     0.474117
2715     0.113806
2716     4.464106
2717     0.590112
2718     0.424879
2719    -1.538877
2720    -1.522838
2721    -1.030472
2722    -0.635475
2723    -0.296113
2724     0.063147
2725    -0.323516
2726    -0.435886
2727     0.399011
2728    -0.055673
2729     0.243691
2730    -0.072679
2731    -0.677065
2732    -0.048407
2733    -0.036732
2734     0.921195
2735     0.250801
2736     0.036609
2737     0.140625
2738     0.389665
2739    -0.552021
2740    -0.969194
2741     2.098934
2742    -0.089475
2743     0.055576
2744     0.037890
2745    -0.427741
2746     0.436525
2747     0.219589
2748     0.679354
2749    -0.793218
2750    -0.708445
2751     0.154091
2752    -0.794139
2753     0.064235
2754    -0.293803
2755    -0.654969
2756    -1.172917
2757    -0.184255
2758     3.185846
2759     0.977333
2760     0.690081
2761    -0.952137
2762     0.726871
2763    -0.216853
2764    -0.382824
2765    -1.156781
2766    -0.744108
2767    -0.112885
2768    -0.846946
2769    -0.805594
2770    -0.205746
2771    -0.096557
2772    -1.152989
2773     0.187007
2774    -0.666064
2775    -1.051734
2776    -0.770519
2777     0.352079
2778    -1.157567
2779    -0.889939
2780     0.448190
2781     1.653456
2782    -0.209776
2783    -0.235676
2784    -0.568051
2785     0.280776
2786    -1.238039
2787    -1.230944
2788     0.060175
2789     0.000438
2790    -0.745566
2791     1.551288
2792    -0.228812
2793     1.274004
2794    -0.009194
2795     0.570830
2796     0.517331
2797     1.225798
2798     0.023567
2799     0.068871
2800     0.223692
2801     1.176214
2802     0.039302
2803     0.646077
2804     0.423995
2805     1.054498
2806    -1.236544
2807     0.847566
2808     0.822250
2809     0.311874
2810    -1.258017
2811    -1.076786
2812    -1.220855
2813     0.244743
2814    -0.751744
2815     0.186952
2816    -0.876787
2817    -0.501600
2818     1.316780
2819     1.789186
2820     4.573825
2821     0.718794
2822    -2.016045
2823    -0.240877
2824     0.079456
2825    -1.243312
2826    -0.851260
2827    -0.383718
2828    -0.689723
2829    -0.507087
2830    -0.616810
2831    -1.678775
2832    -0.374104
2833    -0.398248
2834     1.809575
2835    -0.084814
2836    -0.809003
2837     0.024234
2838    -0.785818
2839     0.524668
2840     0.602002
2841     0.350810
2842    -0.459842
2843    -0.018636
2844    -0.412389
2845     0.165121
2846     0.043146
2847    -0.921299
2848    -0.189898
2849    -1.107244
2850    -0.343015
2851     1.682811
2852     0.652109
2853     0.406094
2854    -1.169592
2855     2.147465
2856     1.183992
2857     0.315234
2858     0.885823
2859     0.155957
2860    -0.135586
2861    -1.045480
2862     0.446308
2863     0.465346
2864     1.114617
2865     0.538841
2866    -0.618228
2867     1.031178
2868     0.241071
2869    -0.346837
2870    -1.109186
2871    -0.502126
2872    -0.343532
2873    -1.033967
2874    -0.812626
2875     0.251231
2876    -1.595056
2877    -0.438772
2878     1.268634
2879     3.227277
2880     2.951112
2881     0.550457
2882    -1.562049
2883     0.441954
2884    -0.365902
2885    -0.087831
2886    -0.228821
2887    -0.979898
2888    -0.180059
2889    -0.460890
2890    -1.049474
2891    -1.618363
2892     0.280493
2893     0.088030
2894     1.386115
2895     0.149667
2896     0.000067
2897    -1.668622
2898    -0.651358
2899     0.386079
2900     1.545323
2901     0.850043
2902    -0.598166
2903    -0.481821
2904    -0.924604
2905     0.650204
2906     0.049145
2907     0.494316
2908    -0.733215
2909    -0.403205
2910     0.078064
2911     1.543413
2912     2.190284
2913     0.514851
2914    -1.136248
2915     1.480734
2916    -0.096054
2917     1.014972
2918     0.295820
2919     1.053895
2920    -0.420167
2921    -1.623619
2922    -0.492375
2923     0.532006
2924     1.242927
2925     0.377001
2926    -0.447449
2927     0.397341
2928    -0.322529
2929    -1.102351
2930    -0.213246
2931    -0.767507
2932    -0.564782
2933    -1.104181
2934    -0.225838
2935     0.258130
2936    -2.450822
2937    -0.760916
2938     2.374294
2939     2.806127
2940     0.690607
2941    -0.327664
2942    -1.229322
2943    -0.418037
2944    -0.390229
2945     0.976291
2946    -0.247918
2947    -0.163867
2948     1.049031
2949     0.053578
2950     0.333096
2951    -0.198992
2952     0.760216
2953    -1.870182
2954    -0.413836
2955    -0.819213
2956     0.477030
2957    -0.837970
2958    -0.749432
2959    -0.380717
2960     0.996675
2961     1.202843
2962     1.485036
2963     0.954865
2964    -0.534809
2965     0.339483
2966    -0.967124
2967     0.861162
2968     0.320832
2969    -0.754016
2970     1.049587
2971    -0.030700
2972     2.310623
2973    -0.594391
2974    -2.935803
2975     0.146530
2976    -0.439794
2977     0.205740
2978     1.018558
2979     0.803696
2980     2.153291
2981    -1.981555
2982     0.921497
2983    -1.460027
2984    -1.087580
2985    -0.485151
2986     0.312322
2987     1.313207
2988     0.357424
2989     0.428246
2990     1.276034
2991    -0.083955
2992    -0.744316
2993    -1.172706
2994    -0.089913
2995     0.722596
2996    -1.222351
2997    -1.318355
2998     1.525831
2999    -0.176359
3000    -0.229035
3001     0.753786
3002    -0.054875
3003     0.571418
3004     0.748021
3005    -0.620833
3006    -1.128227
3007     0.790248
3008     1.425791
3009     0.566357
3010     0.661606
3011    -0.012749
3012     0.996867
3013    -1.404732
3014     0.128894
3015    -0.212296
3016     1.105462
3017     0.023791
3018     0.154310
3019    -0.040600
3020    -0.334778
3021     0.817201
3022     0.589625
3023     0.768231
3024    -0.727243
3025     0.879932
3026    -0.324347
3027     1.552661
3028    -3.527359
3029    -0.820318
3030    -0.741940
3031     0.566482
3032     0.955178
3033    -1.154801
3034    -2.938752
3035    -0.898573
3036    -1.057155
3037     0.679385
3038    -0.371287
3039     0.183281
3040    -0.337149
3041    -0.695546
3042     0.879445
3043    -1.041588
3044    -0.440983
3045     0.281026
3046    -0.594743
3047    -0.220533
3048    -0.925797
3049     0.988974
3050     1.692044
3051     0.424039
3052    -0.203465
3053    -0.563345
3054     0.699663
3055     2.561233
3056    -0.621592
3057    -0.647458
3058    -0.236366
3059     0.985831
3060    -0.531350
3061     0.083067
3062    -0.035182
3063     0.064720
3064     0.097539
3065    -0.497831
3066    -2.066205
3067     0.265574
3068     2.058854
3069     1.001853
3070    -0.025473
3071     0.094958
3072     0.146434
3073    -1.855143
3074    -1.925977
3075    -0.423337
3076     0.510790
3077     0.064948
3078     0.116081
3079     0.777529
3080     0.722873
3081    -0.429406
3082     0.304261
3083    -0.430829
3084    -0.335799
3085     0.613914
3086    -2.168411
3087     0.611645
3088    -3.202880
3089     0.683972
3090    -1.132417
3091     0.184675
3092    -0.439354
3093    -1.118699
3094    -1.810473
3095     0.599746
3096    -0.354702
3097     0.056419
3098    -0.420942
3099     0.563533
3100     0.269933
3101     0.751753
3102    -0.131862
3103     0.203479
3104    -0.233059
3105     0.935250
3106    -0.677241
3107    -0.158946
3108     0.548210
3109     0.393456
3110     2.204324
3111     0.208025
3112     0.626647
3113     0.558832
3114    -0.335685
3115     2.328719
3116    -0.380213
3117     0.571462
3118     0.855208
3119    -1.049516
3120     1.560898
3121    -0.633026
3122    -0.121028
3123    -0.399321
3124     0.199609
3125     0.539613
3126    -2.474551
3127     1.074413
3128     1.702038
3129     1.437058
3130    -1.151789
3131    -0.066687
3132    -0.403200
3133    -2.650933
3134    -1.338202
3135    -0.724729
3136     1.656681
3137    -0.163646
3138     0.565494
3139    -0.446918
3140    -0.449221
3141    -0.902972
3142    -0.821696
3143    -0.376138
3144    -0.816998
3145    -0.363312
3146     0.105446
3147     0.193700
3148    -0.584617
3149    -0.281802
3150    -0.244923
3151    -0.536358
3152    -0.563358
3153    -1.281296
3154    -0.629272
3155     0.394703
3156     0.272460
3157     2.280416
3158     0.111436
3159     1.496357
3160    -0.769938
3161    -0.239454
3162    -0.632057
3163     0.041141
3164    -0.122619
3165     0.954041
3166    -0.711185
3167     0.204661
3168     0.728789
3169     1.732637
3170     1.851299
3171     0.757508
3172    -0.665738
3173    -0.116212
3174    -0.826050
3175     1.941024
3176    -0.695543
3177     0.668699
3178     1.038858
3179    -0.375286
3180     1.631991
3181    -0.640494
3182    -0.257058
3183    -0.582313
3184     0.844671
3185     0.155403
3186    -2.194916
3187     0.987967
3188     0.937549
3189     0.110366
3190    -1.015691
3191    -1.026214
3192    -0.433846
3193    -1.573331
3194    -2.663801
3195     1.296336
3196     1.473849
3197     0.771759
3198     0.756641
3199    -0.714478
3200    -0.705526
3201    -1.215827
3202    -0.542148
3203    -0.957908
3204    -0.489993
3205    -0.406138
3206     0.592228
3207     0.323299
3208    -0.845921
3209     0.694097
3210     0.043020
3211    -0.293865
3212    -0.678059
3213    -0.343404
3214    -0.760675
3215    -0.229964
3216    -0.251126
3217     1.444603
3218     1.551585
3219    -0.171384
3220    -1.032048
3221    -0.388513
3222    -0.793916
3223    -0.198558
3224     0.362806
3225     0.346789
3226    -1.006767
3227     1.280598
3228     0.867951
3229     1.980974
3230     1.432504
3231     0.661831
3232    -0.456922
3233    -1.118324
3234    -0.607974
3235     1.554808
3236     0.985939
3237     0.665407
3238     1.200165
3239    -0.739100
3240     2.013060
3241     0.368532
3242     0.066749
3243    -0.243478
3244     1.143492
3245    -2.144232
3246    -1.675866
3247     1.223299
3248    -0.482890
3249     1.109183
3250     1.157924
3251    -0.081258
3252     0.291153
3253    -0.837657
3254    -0.000102
3255     0.471867
3256    -0.986875
3257     0.132989
3258    -0.110906
3259     1.852255
3260    -0.093463
3261    -0.308370
3262     0.557821
3263    -0.839184
3264     0.018768
3265    -1.806843
3266     0.452192
3267    -0.392130
3268    -1.976256
3269     0.041498
3270    -0.029693
3271     1.652080
3272    -1.201479
3273     0.669341
3274     0.069669
3275     0.952071
3276    -0.271416
3277    -0.109050
3278    -0.379899
3279     0.036196
3280     1.820424
3281     0.651631
3282     0.024879
3283    -1.579762
3284     0.342924
3285    -0.317956
3286    -1.818313
3287     2.546826
3288     0.121315
3289     0.538302
3290    -0.383929
3291     0.828740
3292     1.815953
3293     0.369460
3294    -0.252470
3295    -1.023938
3296     0.459395
3297    -0.264747
3298    -2.061055
3299    -0.409300
3300     0.295589
3301     1.325892
3302    -0.857012
3303     0.435300
3304     1.438812
3305    -2.044242
3306    -1.011658
3307    -0.371030
3308    -0.613881
3309    -1.505463
3310     0.908597
3311    -0.786897
3312    -0.142449
3313    -0.742198
3314    -0.549183
3315    -0.138786
3316    -0.808676
3317     1.419732
3318     0.774135
3319     0.900255
3320    -0.077597
3321    -0.159697
3322     1.449633
3323    -1.403930
3324     0.584986
3325    -0.889170
3326     0.419481
3327     0.234697
3328    -2.250377
3329     0.892469
3330    -0.310594
3331     1.526560
3332    -1.403824
3333     0.570170
3334    -0.534241
3335     1.553403
3336    -0.102627
3337    -0.560776
3338     1.264441
3339     0.703308
3340     1.403713
3341    -0.404913
3342    -0.285767
3343    -0.570409
3344     0.118105
3345     0.323912
3346    -1.529993
3347     2.359273
3348     0.317412
3349    -0.427324
3350    -0.738121
3351    -1.429114
3352     1.506354
3353    -0.643933
3354    -0.428955
3355    -0.821628
3356     1.471356
3357     0.613810
3358    -0.953993
3359     0.025276
3360     0.957381
3361     1.204909
3362    -1.159731
3363     0.913443
3364     1.000440
3365    -1.047294
3366    -1.042392
3367    -0.249078
3368     0.110661
3369    -1.208312
3370     1.007788
3371    -1.139462
3372     0.562235
3373     0.787298
3374     0.815956
3375     0.296578
3376    -1.336112
3377     0.016668
3378     0.485971
3379     0.579024
3380     0.696485
3381    -0.286467
3382     1.249476
3383    -1.095828
3384     0.667235
3385    -1.501899
3386     0.900061
3387    -1.189915
3388    -1.346142
3389     0.911523
3390    -0.052527
3391     1.674341
3392    -1.392871
3393     1.105944
3394    -0.282737
3395     1.544256
3396    -0.175576
3397    -1.061343
3398    -0.073478
3399     0.445944
3400     1.091251
3401    -1.177695
3402     0.452920
3403    -0.030256
3404     0.160862
3405     0.500698
3406    -1.166481
3407     3.134231
3408    -0.960971
3409     0.306381
3410     0.664071
3411    -1.005879
3412     1.318869
3413    -1.613942
3414     0.593011
3415    -1.472523
3416    -0.021020
3417     0.195185
3418    -1.773207
3419    -0.233453
3420    -0.297125
3421     0.788572
3422    -1.495309
3423     0.141308
3424     1.105558
3425    -0.972305
3426    -0.704334
3427    -0.246607
3428     0.709731
3429    -0.413639
3430     0.521784
3431    -0.877835
3432     0.275999
3433     0.244693
3434     0.667023
3435     0.136416
3436    -1.131361
3437     0.350666
3438     0.646698
3439     0.195616
3440     0.827620
3441    -0.117134
3442     1.209373
3443    -1.052571
3444     0.550444
3445    -0.077850
3446     0.225176
3447    -0.555029
3448    -2.236048
3449     1.485227
3450    -0.485328
3451     0.712809
3452    -0.971860
3453     0.562626
3454     0.556390
3455     0.673769
3456     0.028355
3457    -0.966264
3458     0.339269
3459     0.654036
3460     1.751635
3461    -1.867820
3462     0.036424
3463     0.431569
3464     0.580182
3465     1.080378
3466    -1.795251
3467     2.939549
3468    -0.921986
3469     0.249785
3470     1.027180
3471    -0.265408
3472     1.736487
3473    -2.116128
3474     0.163481
3475    -1.300469
3476     0.474273
3477     0.480089
3478    -1.750421
3479    -0.945835
3480    -1.293398
3481     0.635091
3482    -0.426149
3483     0.188027
3484     0.477678
3485    -1.939738
3486     0.063415
3487    -1.243924
3488    -0.578300
3489    -1.376212
3490     0.311967
3491    -0.757562
3492     0.797512
3493    -0.165606
3494    -0.155019
3495     0.520949
3496    -0.547131
3497     1.175016
3498     0.107536
3499     0.553665
3500    -0.520317
3501     1.208358
3502     0.192015
3503    -1.603733
3504     0.290823
3505     0.096405
3506    -0.993605
3507     0.672006
3508     0.382887
3509     2.494619
3510     0.120835
3511     0.654945
3512    -0.513208
3513     1.106452
3514     0.186989
3515     0.759719
3516    -0.132662
3517    -0.342481
3518     1.338157
3519    -0.103106
3520     0.485754
3521    -2.116669
3522    -0.192413
3523     0.328061
3524     1.410626
3525    -0.009334
3526    -0.708741
3527     3.075032
3528    -0.593793
3529    -0.444651
3530    -0.574651
3531    -0.089858
3532     0.359194
3533    -2.601258
3534    -0.227858
3535    -0.161168
3536     1.864406
3537    -0.277070
3538    -1.050949
3539     0.662634
3540    -2.073606
3541     0.839657
3542    -0.176494
3543    -1.210671
3544     0.794028
3545    -0.855939
3546    -0.792885
3547    -0.025099
3548     0.306731
3549    -1.246592
3550     0.386566
3551    -0.420899
3552    -0.814097
3553     0.958912
3554     0.446776
3555    -0.184891
3556    -2.061358
3557    -0.229245
3558     1.133996
3559     0.284593
3560    -0.070264
3561    -0.079445
3562     0.591330
3563    -0.987980
3564    -1.141408
3565     0.517721
3566    -0.055889
3567    -0.006744
3568    -0.229146
3569     1.579880
3570     1.988695
3571     0.939271
3572    -0.572813
3573    -1.020282
3574    -0.730137
3575     0.328498
3576     1.560504
3577    -1.418291
3578     0.203140
3579     1.660128
3580     0.929893
3581    -0.843978
3582    -0.839389
3583    -0.837079
3584     0.040440
3585     2.092416
3586    -0.263156
3587     1.178796
3588     2.403194
3589    -0.160268
3590    -0.100621
3591    -1.161919
3592     0.953359
3593    -1.186163
3594    -0.760042
3595    -1.641472
3596     0.586662
3597     0.916086
3598     0.170676
3599     0.829361
3600    -2.496656
3601     0.724102
3602    -0.521914
3603    -1.731761
3604     0.131360
3605    -0.848447
3606    -1.234695
3607    -0.049612
3608     0.129291
3609    -1.561450
3610    -0.055655
3611    -0.466681
3612    -0.857138
3613     0.633240
3614     0.819641
3615     1.482587
3616    -0.357985
3617     0.349455
3618     1.119814
3619     0.008043
3620    -0.473720
3621    -0.849530
3622     0.657834
3623    -1.372180
3624    -1.743708
3625    -0.388480
3626     0.033280
3627     0.764079
3628    -0.436280
3629     1.537628
3630     1.313539
3631     0.393716
3632    -1.233199
3633    -1.345324
3634    -0.063942
3635     0.392799
3636     2.374638
3637    -1.027214
3638     0.574267
3639     1.018230
3640    -0.026056
3641    -1.170830
3642    -1.297835
3643    -0.843881
3644     0.668136
3645     1.906614
3646    -0.591976
3647     1.340487
3648     1.960485
3649    -0.535040
3650    -0.465007
3651    -1.254278
3652     0.256488
3653    -1.092954
3654    -1.189596
3655     0.053115
3656     0.932628
3657     1.687843
3658     1.518223
3659     0.867320
3660    -0.562515
3661     1.290441
3662    -1.007871
3663    -0.721159
3664     0.567207
3665    -1.284888
3666    -0.825980
3667     0.515831
3668    -0.418532
3669    -0.576919
3670     0.705349
3671    -0.305918
3672    -0.588703
3673    -1.214217
3674     1.430920
3675     0.883913
3676    -0.798638
3677     0.148099
3678     0.898515
3679     0.626893
3680    -0.328397
3681    -1.188517
3682     1.432191
3683    -1.611472
3684    -1.904663
3685     0.048246
3686     0.175940
3687     0.874642
3688    -0.471454
3689     1.245108
3690     0.252163
3691     0.692486
3692    -1.183367
3693    -0.995839
3694    -0.467600
3695     0.506713
3696     2.293248
3697    -0.878775
3698     0.516949
3699     0.854444
3700     0.052559
3701    -1.645597
3702    -1.537760
3703    -0.416734
3704     0.604152
3705     2.378190
3706    -0.953967
3707     1.522323
3708     1.467855
3709    -0.019106
3710    -0.485897
3711    -1.081219
3712     0.347450
3713    -0.936920
3714    -0.845547
3715    -0.400414
3716     0.982674
3717     0.741575
3718    -0.657748
3719     2.075981
3720    -0.378240
3721     0.505665
3722    -1.439966
3723    -0.250537
3724    -0.344057
3725    -1.696246
3726    -0.526248
3727    -0.028316
3728    -0.828494
3729    -0.888517
3730     0.444629
3731    -0.164819
3732    -0.488912
3733    -0.695797
3734     1.298134
3735    -0.119173
3736    -0.609676
3737     0.481800
3738     0.553361
3739    -0.009713
3740    -0.401155
3741    -1.076664
3742     1.073379
3743    -2.052030
3744    -1.489454
3745     0.394863
3746     0.518666
3747     1.487154
3748    -0.840178
3749     1.621180
3750    -0.896168
3751     0.165686
3752    -1.464054
3753    -0.623714
3754     0.061881
3755     0.140940
3756     1.131218
3757     0.104117
3758     1.030906
3759     1.026370
3760    -0.532618
3761    -1.884081
3762    -1.261710
3763     0.710247
3764     1.059158
3765     1.906246
3766    -0.166920
3767     2.040061
3768     0.474936
3769    -0.426918
3770    -0.386617
3771    -1.035158
3772    -0.801439
3773    -1.612521
3774    -0.137636
3775     0.304601
3776     1.622113
3777     0.579376
3778     0.690566
3779     2.117027
3780     1.635229
3781    -0.123233
3782    -0.469188
3783     0.529073
3784    -0.395997
3785    -1.436825
3786    -0.304872
3787    -0.208672
3788     0.196315
3789    -0.052261
3790     0.337360
3791     1.348484
3792     1.070750
3793    -0.401653
3794    -0.541935
3795    -1.496506
3796    -0.322535
3797    -0.439719
3798    -0.228303
3799    -0.058191
3800     0.591254
3801    -0.372277
3802    -0.479822
3803    -1.497799
3804    -1.586674
3805     0.352722
3806     0.541276
3807     1.238581
3808     0.351959
3809     2.146154
3810    -0.268640
3811    -0.728132
3812    -1.106476
3813    -0.952953
3814     0.725046
3815     0.305845
3816     1.478789
3817     0.096864
3818     0.329768
3819     0.165319
3820    -0.538824
3821    -1.682021
3822    -1.145483
3823     0.580341
3824     0.782119
3825     1.456772
3826     0.152294
3827     0.238433
3828    -0.813977
3829    -0.354566
3830     0.173460
3831    -0.850463
3832    -0.608971
3833    -1.450858
3834     0.409734
3835    -0.586200
3836    -0.893746
3837    -1.178111
3838     2.210210
3839     2.865460
3840     2.901502
3841     0.521165
3842     0.222156
3843    -0.453871
3844     0.188122
3845    -0.014780
3846    -0.665580
3847     0.055633
3848     0.737859
3849    -0.543049
3850     0.258476
3851     1.675502
3852    -0.068274
3853    -0.244155
3854    -0.664828
3855    -2.964088
3856     0.014413
3857    -0.365911
3858     1.265356
3859     0.118533
3860     0.882679
3861    -0.251252
3862    -0.006741
3863     0.497177
3864    -1.838939
3865     0.159592
3866    -1.011754
3867     1.049101
3868    -0.466642
3869     1.953380
3870    -0.108996
3871    -0.371494
3872     0.457871
3873    -1.783551
3874     0.896854
3875    -1.391307
3876     2.097413
3877    -0.049213
3878    -0.812722
3879     1.133426
3880    -0.531279
3881    -2.534710
3882    -0.357299
3883     0.211537
3884    -0.733881
3885     1.302999
3886    -0.203685
3887    -1.046109
3888    -0.033952
3889    -0.316461
3890     1.103713
3891     0.237155
3892    -0.467653
3893    -1.372420
3894     0.027967
3895    -0.408414
3896     0.293521
3897     0.088913
3898     0.641412
3899     2.124563
3900     1.866521
3901     1.295673
3902     1.433526
3903    -0.420957
3904     0.552859
3905     0.702271
3906    -0.222560
3907     0.575081
3908     0.580919
3909    -1.343426
3910     1.524828
3911     1.336326
3912     0.001541
3913     0.310704
3914    -2.039161
3915     0.695542
3916    -0.134285
3917    -0.601749
3918    -0.001533
3919     1.082438
3920     0.774197
3921     0.722437
3922     0.743186
3923     0.526454
3924    -1.047919
3925    -0.277545
3926     1.323924
3927     1.388415
3928     0.308245
3929     0.146971
3930    -0.030120
3931     0.211492
3932     0.575492
3933    -1.255265
3934    -0.382637
3935    -0.606302
3936    -0.367529
3937    -0.686235
3938    -1.027855
3939    -0.340850
3940    -2.669047
3941    -1.871689
3942     0.781074
3943    -0.127454
3944    -0.200564
3945     0.761415
3946    -0.941764
3947     0.790344
3948     1.262052
3949    -0.024945
3950     0.051218
3951    -0.089406
3952    -2.165121
3953    -1.842650
3954    -0.655934
3955    -0.472227
3956    -0.031273
3957    -0.085916
3958     1.276756
3959    -0.020399
3960     0.248940
3961     1.056650
3962     1.013385
3963     0.004179
3964     0.155775
3965     0.168631
3966    -0.610849
3967    -0.350239
3968    -0.208353
3969    -0.793589
3970     0.586831
3971     0.167600
3972     0.646971
3973     0.951844
3974    -1.129735
3975    -0.240612
3976     0.192391
3977    -0.323422
3978     1.281582
3979     0.195148
3980    -0.030950
3981     0.596721
3982     0.698920
3983     0.327107
3984     0.348373
3985    -0.947203
3986     0.106930
3987     1.313767
3988     0.440536
3989    -0.022944
3990     0.585534
3991     0.135908
3992     0.112175
3993    -0.096172
3994    -0.522429
3995    -1.141007
3996     0.153227
3997     0.257868
3998    -0.368344
3999     0.287151
4000    -0.696372
4001     0.481006
4002     0.007226
4003    -0.044768
4004    -0.230556
4005    -0.254710
4006    -0.693466
4007     2.036592
4008    -0.718325
4009    -0.388072
4010    -0.413137
4011     1.055939
4012     0.488251
4013     1.068913
4014     0.359178
4015    -0.289898
4016     0.022346
4017     0.693083
4018    -1.227674
4019    -1.636236
4020    -4.618673
4021     0.521248
4022     1.298136
4023     0.294237
4024    -0.056721
4025     0.942625
4026     0.463335
4027    -0.188073
4028    -0.304582
4029    -0.046801
4030     0.468147
4031     0.323864
4032     0.343638
4033    -0.778689
4034     1.227166
4035     1.316779
4036    -0.500339
4037     0.951901
4038     1.223530
4039     0.233002
4040     0.205755
4041     0.428722
4042     0.243264
4043     0.717524
4044     1.142462
4045    -0.323327
4046    -0.181516
4047     0.482589
4048     0.211998
4049     0.316087
4050     0.040931
4051     0.202166
4052     0.547936
4053    -0.286916
4054     0.257623
4055    -2.293019
4056    -2.228283
4057    -0.077548
4058     0.695229
4059     0.474580
4060     0.239109
4061    -1.103863
4062    -1.580234
4063    -0.106703
4064     0.242239
4065     0.227953
4066     0.088203
4067    -1.442383
4068    -1.585265
4069    -0.137226
4070    -0.273597
4071     0.965757
4072     0.553352
4073     1.393467
4074     0.315890
4075    -0.189815
4076     0.297045
4077     0.443018
4078    -0.659671
4079    -3.560013
4080    -2.435921
4081    -0.228025
4082     0.126541
4083    -1.376638
4084     0.179481
4085     0.592412
4086     0.879613
4087    -0.026560
4088     0.079745
4089    -0.466282
4090     0.872455
4091     0.140741
4092     0.702427
4093    -3.418500
4094    -0.541424
4095    -0.870554
4096    -3.042542
4097    -0.901156
4098    -0.244259
4099     0.658028
4100     0.458935
4101     0.295723
4102     0.051158
4103     0.731007
4104    -0.304026
4105    -0.088080
4106     0.372530
4107     0.453248
4108     0.225908
4109    -0.521191
4110     0.565548
4111    -0.066242
4112    -0.181784
4113    -0.728968
4114     1.496098
4115    -0.974623
4116    -0.170530
4117     0.120017
4118     0.805323
4119     0.718318
4120     1.619189
4121     0.519297
4122     0.584932
4123    -0.248574
4124    -0.309462
4125     0.015274
4126     0.412191
4127    -0.771210
4128    -0.477340
4129     0.500259
4130     0.841050
4131     0.438104
4132     0.864503
4133     0.908177
4134     0.893517
4135    -0.176704
4136     0.002595
4137     0.446073
4138     0.295941
4139    -1.377502
4140    -1.354179
4141    -1.032627
4142    -0.092631
4143    -0.551207
4144     1.050628
4145     0.654741
4146    -0.282829
4147    -0.131648
4148     0.008892
4149    -0.331033
4150     1.116762
4151     0.540641
4152    -0.103833
4153    -1.851279
4154    -0.875924
4155    -1.021457
4156    -1.187240
4157    -1.085059
4158    -1.176260
4159     0.768911
4160     0.676944
4161    -0.095115
4162    -0.919712
4163     0.931904
4164     0.386138
4165    -1.677957
4166    -0.804300
4167     2.693588
4168     0.780874
4169    -0.699113
4170    -0.123190
4171    -1.090067
4172     0.426160
4173    -0.055153
4174     0.739958
4175     0.679285
4176    -0.110910
4177     0.628275
4178     0.067935
4179     0.476544
4180     2.628372
4181     0.050713
4182    -0.844696
4183     0.371319
4184     0.113457
4185    -0.773895
4186    -1.451401
4187    -0.307058
4188     1.193311
4189     1.094959
4190     0.247480
4191    -0.154633
4192     1.470263
4193     0.849808
4194    -0.085267
4195     0.441436
4196    -0.064643
4197    -0.053620
4198    -1.749828
4199    -1.319233
4200     1.013517
4201    -0.700849
4202    -0.019735
4203    -0.033624
4204     0.653701
4205    -0.118951
4206    -0.145764
4207     0.281457
4208     2.568599
4209     1.244134
4210     0.405933
4211    -0.244693
4212    -0.658808
4213    -0.733124
4214     0.031359
4215     0.214631
4216    -0.241647
4217    -0.405097
4218     0.295574
4219     0.119282
4220     0.097275
4221    -0.475125
4222    -0.499469
4223     0.864320
4224     0.109576
4225    -1.528020
4226     0.020669
4227     0.431843
4228     0.350978
4229    -0.941134
4230     0.161981
4231    -0.469978
4232     0.642777
4233    -0.116154
4234     0.141171
4235     0.213504
4236    -0.702109
4237     0.044115
4238    -0.267294
4239    -0.691383
4240     2.878302
4241     0.573146
4242    -2.552241
4243    -0.039489
4244    -0.397803
4245    -0.569805
4246    -1.348292
4247    -0.786582
4248     0.640819
4249     0.375701
4250    -0.390033
4251    -1.560250
4252     0.843732
4253    -0.635623
4254     0.639927
4255     0.178496
4256    -0.372859
4257     0.069806
4258    -0.711999
4259    -0.431844
4260     3.696972
4261    -0.620789
4262    -0.062032
4263     0.238960
4264    -0.582756
4265     0.254241
4266     0.968724
4267     2.236610
4268    -1.450330
4269    -4.276524
4270    -0.454054
4271     0.072409
4272     0.282532
4273    -0.160313
4274     0.216542
4275     0.230534
4276     0.008985
4277    -0.306524
4278     0.251607
4279    -0.662505
4280    -0.149920
4281     0.362394
4282    -0.319253
4283     0.171273
4284     0.176338
4285    -0.736394
4286    -0.133649
4287     0.264110
4288    -0.561466
4289    -0.300727
4290     0.921667
4291    -0.386787
4292     0.253637
4293     0.241917
4294    -0.758702
4295     0.009343
4296     0.301312
4297     1.485067
4298     0.541802
4299    -1.572896
4300     0.011046
4301    -0.867445
4302    -0.324862
4303    -0.477351
4304    -0.187887
4305     0.272774
4306    -0.451022
4307    -0.195440
4308     0.233384
4309     1.566795
4310     0.372244
4311    -2.048849
4312     0.125904
4313     0.024537
4314     1.129520
4315     1.183858
4316     0.383071
4317    -0.695614
4318    -0.446874
4319     1.354857
4320     3.042970
4321    -0.487012
4322     0.044588
4323    -0.424482
4324    -0.044218
4325     1.024071
4326    -1.458333
4327     1.495629
4328     0.803533
4329     1.224538
4330    -0.164831
4331     0.594303
4332    -0.127273
4333     0.035496
4334     0.504498
4335    -0.021139
4336     0.407323
4337    -0.288133
4338     0.214949
4339    -0.181601
4340     1.022042
4341    -0.377524
4342    -0.003541
4343     0.618668
4344    -0.558833
4345    -0.313956
4346     0.742174
4347    -1.150471
4348    -0.225677
4349     0.976781
4350     0.029591
4351    -0.642920
4352    -0.351605
4353    -0.592969
4354    -0.379183
4355     0.989035
4356    -0.372322
4357     0.382532
4358    -1.540665
4359    -1.122087
4360     0.650168
4361    -0.339776
4362    -0.366344
4363    -0.398219
4364    -0.632973
4365     0.625378
4366    -0.440719
4367    -1.019429
4368     0.498979
4369     0.861786
4370    -0.759301
4371    -0.458981
4372    -0.171892
4373    -1.372236
4374     0.463475
4375     0.210869
4376    -1.535170
4377    -1.156642
4378    -0.590032
4379     0.519595
4380     5.130490
4381     1.619478
4382     0.622964
4383    -0.644464
4384     0.085911
4385     1.179157
4386    -0.120180
4387     0.304807
4388     0.446264
4389     1.284585
4390     1.352159
4391     0.797629
4392    -0.329891
4393     0.329151
4394    -0.361454
4395    -0.866527
4396    -0.559808
4397     0.129649
4398     1.124391
4399    -0.799919
4400     0.110078
4401    -0.383407
4402    -0.089911
4403     0.344733
4404    -0.318669
4405    -0.184861
4406     0.648758
4407    -0.329967
4408     1.543727
4409     0.251229
4410    -1.553714
4411     2.146169
4412     0.609177
4413    -0.814764
4414    -0.419812
4415     0.214442
4416    -0.442236
4417    -0.148612
4418     0.962237
4419     1.338875
4420     1.074684
4421    -0.423425
4422    -0.568675
4423    -2.147711
4424    -2.417976
4425    -1.165143
4426    -2.127660
4427    -2.158798
4428    -0.608074
4429    -0.057126
4430     0.703522
4431     1.292490
4432    -0.312509
4433    -0.933868
4434     0.635573
4435    -0.385398
4436     0.771135
4437     1.293634
4438    -1.222758
4439    -1.495454
4440     1.176165
4441     0.990507
4442     0.402732
4443    -0.443716
4444     0.250012
4445     0.562658
4446    -0.254900
4447     0.311796
4448     1.029103
4449     0.409138
4450     0.810516
4451     0.483365
4452    -0.130082
4453     0.135162
4454     0.603316
4455    -0.059920
4456     0.024078
4457    -0.203992
4458    -0.260738
4459    -0.264351
4460     0.298857
4461    -0.159859
4462     0.202903
4463     0.309700
4464    -0.607458
4465     0.141770
4466     0.387044
4467    -0.533525
4468     1.057918
4469     0.154830
4470    -2.050731
4471     1.150491
4472    -1.928045
4473    -2.071130
4474    -0.046207
4475     0.070416
4476    -0.214503
4477     0.242895
4478     0.188130
4479    -0.093739
4480     0.191352
4481     0.954799
4482     0.614310
4483    -0.904260
4484    -2.262714
4485    -0.545008
4486    -1.254580
4487    -2.112655
4488     0.786859
4489     0.146123
4490     0.783423
4491     0.637288
4492    -0.508377
4493     0.377086
4494     1.427438
4495     0.139497
4496    -0.056732
4497    -0.477519
4498    -2.817244
4499    -0.041320
4500     4.027796
4501     1.173409
4502    -0.017599
4503    -0.252283
4504     0.426373
4505    -0.539515
4506    -0.137339
4507    -0.500264
4508    -0.111113
4509     0.606351
4510     0.363167
4511    -0.451496
4512     0.147046
4513    -0.097406
4514     0.972596
4515     0.484822
4516     0.100557
4517    -0.913790
4518    -0.000761
4519    -0.334175
4520    -0.918069
4521    -0.038213
4522     0.078897
4523    -0.578630
4524    -0.201668
4525     0.000871
4526    -1.052494
4527    -0.484039
4528     0.974076
4529    -0.783368
4530    -1.291623
4531    -0.209442
4532     2.484048
4533    -2.835245
4534    -0.444769
4535    -1.892622
4536    -0.826760
4537     0.734011
4538     0.728297
4539     0.189691
4540     0.039638
4541     0.455358
4542     0.768890
4543    -0.185748
4544    -1.227064
4545    -0.042298
4546    -1.432944
4547    -1.703518
4548     0.842013
4549     1.154218
4550     1.401136
4551     0.248000
4552    -0.199880
4553     0.075098
4554     1.120599
4555     0.754981
4556     1.338654
4557    -0.266581
4558    -2.395568
4559     2.734090
4560     1.969397
4561    -0.541685
4562    -0.790945
4563     0.156224
4564     0.828068
4565     0.163252
4566    -0.083532
4567    -0.515712
4568    -0.689693
4569     1.661957
4570     0.736291
4571     0.133438
4572     0.350109
4573    -0.027227
4574     1.769183
4575    -0.340735
4576     0.276267
4577    -0.582598
4578     0.609446
4579    -0.373320
4580    -0.786486
4581     0.708507
4582    -0.247942
4583    -0.583134
4584     0.549230
4585     0.810757
4586    -0.347617
4587    -0.337836
4588     0.786373
4589    -0.948606
4590    -0.174944
4591    -1.747101
4592     1.479703
4593    -2.187292
4594    -2.687229
4595    -3.076005
4596    -1.365832
4597     0.928600
4598     1.433153
4599    -0.105514
4600    -0.377569
4601     0.954419
4602     0.612466
4603     0.560926
4604    -0.167049
4605    -0.702714
4606    -0.129722
4607    -0.772038
4608     0.292424
4609    -0.157883
4610    -1.317060
4611     1.089132
4612    -0.240364
4613     0.746563
4614     0.856117
4615     1.547407
4616     1.952480
4617    -0.679550
4618     0.571067
4619     1.429042
4620    -0.907663
4621     0.275690
4622    -0.082668
4623    -0.513743
4624     0.310811
4625     0.361343
4626     0.065848
4627     0.413995
4628     0.163168
4629     1.734508
4630     0.240626
4631     0.310471
4632     0.632592
4633    -0.498715
4634     1.405496
4635    -1.497694
4636     0.057318
4637    -0.230914
4638     0.881335
4639    -0.376255
4640    -0.413156
4641     0.560270
4642    -0.236256
4643    -0.490097
4644     0.031511
4645     0.215502
4646    -0.231811
4647     0.066049
4648     0.792018
4649    -1.033589
4650    -0.511115
4651    -1.749306
4652    -1.243827
4653     1.992850
4654    -1.418137
4655    -2.587938
4656     1.515074
4657     0.987197
4658     0.962812
4659    -1.240485
4660    -0.489898
4661     1.359266
4662    -0.109282
4663     0.204338
4664    -0.391556
4665    -1.402929
4666    -0.480277
4667    -0.849222
4668    -0.033258
4669    -0.426922
4670    -0.880965
4671     1.949204
4672    -0.162398
4673     0.887523
4674     0.040739
4675     1.378703
4676     1.568256
4677    -1.625341
4678     0.961966
4679     1.417407
4680    -2.536135
4681     0.022789
4682    -0.284615
4683    -0.200787
4684     0.415812
4685    -0.651691
4686    -0.013480
4687     1.067987
4688    -0.221839
4689     0.766147
4690     0.357664
4691     0.724837
4692    -0.348443
4693    -0.721111
4694     0.794691
4695    -0.839223
4696     0.159938
4697     0.153554
4698    -0.274905
4699    -0.801536
4700    -0.090961
4701     0.011640
4702    -0.651737
4703     0.773007
4704    -0.168208
4705     0.273506
4706    -1.592947
4707    -0.061087
4708     0.878004
4709    -0.811710
4710     0.516114
4711    -2.361119
4712    -0.086107
4713     1.043437
4714    -2.144960
4715    -1.326636
4716     1.602926
4717     1.320288
4718     0.970932
4719    -0.213950
4720    -0.584079
4721     0.366696
4722    -0.435587
4723     0.048826
4724    -0.274999
4725    -0.047834
4726    -0.660180
4727    -2.738005
4728     0.173348
4729    -0.017588
4730    -0.784353
4731     0.397941
4732    -0.358916
4733     0.727775
4734    -0.457089
4735     2.398792
4736     0.755477
4737    -0.257853
4738     1.357618
4739     3.596897
4740    -1.193107
4741     0.180829
4742     0.251907
4743    -0.296728
4744     0.315974
4745    -0.315737
4746    -0.671489
4747     0.809286
4748    -0.199601
4749    -0.232341
4750    -0.624736
4751     0.227481
4752    -0.644374
4753    -1.473745
4754     0.355370
4755     0.904622
4756     0.331047
4757     0.661844
4758     0.098909
4759    -1.016328
4760    -0.299413
4761    -0.854716
4762     0.036712
4763     1.145883
4764     0.036248
4765     0.132732
4766    -1.188273
4767    -1.014546
4768    -0.353689
4769    -0.820140
4770     1.313731
4771    -0.798580
4772    -0.397818
4773    -1.148755
4774     0.108285
4775    -0.120862
4776     1.368258
4777    -0.100727
4778    -0.016392
4779    -0.785224
4780    -1.049265
4781     0.232808
4782    -0.888585
4783    -0.224622
4784     0.076553
4785     1.749757
4786    -0.299679
4787    -1.418358
4788     0.734539
4789     0.845736
4790    -0.097342
4791    -0.270678
4792    -1.376497
4793     0.024161
4794    -0.610920
4795    -0.143748
4796    -0.956898
4797    -0.155472
4798     4.701015
4799     2.854827
4800     1.367764
4801    -0.333874
4802     0.259887
4803    -0.803631
4804    -0.194441
4805    -0.194209
4806    -0.983360
4807     0.405757
4808    -0.323315
4809    -0.716520
4810    -0.409445
4811     0.453993
4812    -0.627433
4813    -1.160847
4814     0.793548
4815     1.643509
4816    -1.130749
4817     0.386702
4818    -0.535113
4819    -0.499001
4820    -0.548401
4821    -0.866438
4822    -0.262859
4823     0.319547
4824    -0.650196
4825     0.201468
4826    -0.523473
4827    -0.707238
4828    -0.172871
4829    -1.233938
4830     1.670111
4831    -0.509352
4832     0.462018
4833    -0.558691
4834     0.738542
4835    -1.181644
4836     1.474079
4837     0.440658
4838     0.236286
4839    -0.634747
4840    -0.452825
4841     0.930706
4842    -0.484799
4843    -0.279948
4844    -0.083797
4845     2.001605
4846     0.440894
4847    -1.654271
4848     1.384919
4849     0.450118
4850    -0.305997
4851    -0.862964
4852    -1.081010
4853     0.418316
4854    -0.228998
4855    -0.729253
4856    -0.559315
4857    -0.219111
4858     4.539040
4859     2.347359
4860     0.705017
4861    -1.016998
4862     0.300286
4863    -0.785537
4864    -0.949833
4865     0.404562
4866    -0.693253
4867     0.392205
4868     0.157565
4869    -0.909627
4870    -1.115747
4871     0.264223
4872    -0.621127
4873     0.001936
4874    -0.837937
4875     1.093587
4876    -0.645067
4877     0.014080
4878    -1.267969
4879    -1.109466
4880     0.111521
4881    -0.691343
4882    -0.757471
4883     0.402764
4884    -0.674445
4885    -0.989216
4886     0.233696
4887     0.164100
4888     0.958490
4889    -0.800875
4890     1.700309
4891    -1.107997
4892     0.329072
4893    -0.629412
4894     1.063172
4895    -0.730109
4896     1.872718
4897     0.155282
4898     0.265049
4899    -0.765891
4900    -0.604842
4901    -0.044348
4902    -1.040175
4903    -0.252841
4904    -1.214355
4905     2.017742
4906     1.521224
4907    -0.730736
4908     1.590021
4909     0.443883
4910     0.173737
4911    -1.054181
4912     0.352828
4913     0.227991
4914    -1.091093
4915     0.127152
4916     0.297795
4917    -0.801891
4918     3.533305
4919     1.176020
4920     2.587464
4921    -0.813882
4922    -0.041816
4923    -0.633250
4924    -1.318139
4925     0.343310
4926    -0.816810
4927    -0.600171
4928     0.311040
4929    -1.416813
4930    -0.452201
4931     0.299421
4932    -0.207517
4933     1.301852
4934     0.493409
4935     1.441326
4936     0.223640
4937    -0.001063
4938    -1.101533
4939    -1.172234
4940     0.232097
4941    -0.712578
4942    -1.146867
4943     0.090927
4944    -0.688048
4945    -0.979434
4946     0.913091
4947    -0.045711
4948     0.145671
4949    -0.950325
4950     1.442535
4951    -0.514256
4952     0.176031
4953    -0.295648
4954     1.085435
4955    -1.509151
4956     2.060204
4957    -0.321034
4958     0.198188
4959    -1.096325
4960     0.371887
4961     0.083265
4962    -0.807280
4963     0.192664
4964    -1.370672
4965     2.194528
4966    -0.098002
4967    -0.908538
4968     1.115331
4969     0.576774
4970     0.247143
4971    -1.168621
4972     0.119276
4973     0.135373
4974    -1.281479
4975     0.945058
4976     2.076253
4977    -0.691128
4978     2.453962
4979    -0.817984
4980     2.708820
4981    -0.580453
4982     0.098842
4983    -0.054860
4984    -0.912767
4985     0.419128
4986    -0.114402
4987     0.185341
4988     0.227802
4989    -1.076358
4990    -1.397759
4991     0.198847
4992    -0.665411
4993     0.269767
4994     0.620754
4995     0.681855
4996     0.262709
4997     0.150682
4998    -1.019785
4999    -0.535553
5000     0.403515
5001     0.293463
5002    -0.752165
5003     0.278506
5004     0.049758
5005    -0.432298
5006     1.307611
5007     0.374901
5008     1.399046
5009    -1.414282
5010     1.873406
5011    -1.402203
5012     0.495093
5013    -0.074312
5014     0.337917
5015    -1.640006
5016     1.209411
5017     0.642921
5018    -0.164897
5019    -1.322715
5020    -0.357994
5021     0.067803
5022    -1.612725
5023    -1.112042
5024    -1.689681
5025     0.986276
5026     1.469243
5027    -1.256931
5028     1.997416
5029     0.077147
5030     0.446405
5031    -1.354691
5032     0.779422
5033     0.103329
5034    -0.950564
5035     0.393528
5036     3.059191
5037    -0.382915
5038     1.666193
5039    -1.711711
5040     1.162254
5041    -0.025461
5042     1.214397
5043     0.581637
5044    -0.386534
5045     1.424689
5046     0.499689
5047     0.073013
5048     1.299598
5049    -0.111865
5050     0.029076
5051     1.340944
5052     0.646333
5053    -0.192231
5054    -1.830631
5055    -0.446007
5056     0.635950
5057     1.087150
5058    -0.016067
5059    -0.214936
5060     1.336879
5061     0.557699
5062    -0.202027
5063     1.329071
5064     0.618050
5065    -0.516444
5066    -1.713262
5067    -0.584838
5068    -0.102997
5069    -2.493827
5070     0.008520
5071    -0.258940
5072     1.533735
5073     0.770481
5074    -0.214769
5075    -1.736877
5076    -0.171321
5077    -0.291404
5078     0.118243
5079    -1.168324
5080     0.752400
5081     1.289330
5082     0.244542
5083    -0.461532
5084    -2.523670
5085    -0.252918
5086    -0.189751
5087    -2.472444
5088     0.053116
5089     0.665021
5090     1.310551
5091    -0.107002
5092     0.496072
5093     1.248118
5094     0.001185
5095     0.160991
5096     0.884390
5097    -0.889763
5098     0.244504
5099    -2.646383
5100    -0.233148
5101    -0.121592
5102     1.078167
5103     1.368796
5104    -1.303803
5105     1.182710
5106     0.835250
5107    -0.998015
5108     0.861608
5109    -1.217243
5110    -2.115937
5111     0.260414
5112     0.399197
5113     1.235022
5114    -0.220041
5115    -0.584755
5116     1.158030
5117     0.777811
5118     0.627109
5119    -1.451933
5120     1.020013
5121     0.420606
5122    -0.301125
5123     1.451081
5124     1.725704
5125     0.439248
5126    -1.216152
5127    -1.001784
5128     1.245280
5129    -1.669043
5130    -0.316009
5131    -1.277921
5132     1.377690
5133     1.180054
5134     0.232090
5135    -2.737850
5136    -0.662301
5137     0.444413
5138     0.036989
5139    -0.245378
5140    -0.573603
5141     0.286369
5142    -0.208751
5143     0.905763
5144    -1.068000
5145    -0.005010
5146     1.107947
5147    -1.407997
5148     0.153899
5149    -0.292737
5150     0.629501
5151    -1.012253
5152    -0.247605
5153     0.742193
5154    -0.416190
5155     0.214558
5156     0.325607
5157    -0.280967
5158     1.701922
5159    -1.711070
5160    -0.759974
5161    -0.131425
5162    -0.053215
5163     0.354344
5164    -1.089202
5165     1.773919
5166     0.214092
5167    -1.099880
5168    -0.539652
5169    -1.863149
5170    -1.392754
5171    -1.125070
5172     0.027671
5173     0.640918
5174     1.974434
5175    -0.278714
5176    -0.141631
5177     0.425371
5178    -0.846853
5179    -1.312489
5180    -1.916036
5181     0.169677
5182     0.072888
5183    -0.418164
5184     1.126638
5185     0.120280
5186     1.816036
5187     0.108584
5188     1.120991
5189     1.116566
5190     0.786996
5191    -1.146621
5192     1.013103
5193     0.302663
5194     1.367142
5195    -0.687578
5196     1.079217
5197     1.049511
5198    -1.042826
5199    -0.084500
5200    -0.307777
5201    -1.759467
5202    -0.297632
5203     0.972991
5204     1.484091
5205     1.020111
5206     1.462595
5207     0.432954
5208     0.748805
5209    -0.831749
5210    -1.188803
5211    -1.760699
5212    -0.449314
5213    -1.996900
5214    -0.586434
5215     0.852348
5216    -0.664502
5217    -0.077115
5218     0.243177
5219     1.355736
5220    -0.143699
5221    -1.500260
5222     0.426311
5223     0.109465
5224    -0.253354
5225     0.846385
5226     0.987887
5227    -1.147219
5228    -1.304817
5229    -0.417874
5230    -1.122700
5231    -1.512773
5232     0.563482
5233     1.539025
5234     1.319981
5235     0.002786
5236    -0.065717
5237     0.151533
5238    -0.599156
5239    -1.337261
5240    -1.890288
5241     0.332143
5242    -0.515686
5243    -0.286549
5244     0.913388
5245     1.297057
5246     1.527913
5247    -0.026804
5248     1.407274
5249     1.504455
5250    -0.079166
5251    -0.757739
5252     0.378221
5253     0.711502
5254     0.586377
5255     0.622417
5256    -0.153923
5257     0.645205
5258    -1.144438
5259     0.106506
5260    -0.640666
5261    -1.640167
5262    -0.138167
5263     1.343677
5264     1.231874
5265     0.659892
5266     1.008277
5267     1.653975
5268    -0.539871
5269    -0.930371
5270    -1.739701
5271    -0.556432
5272    -0.619047
5273    -1.958929
5274    -0.321004
5275     0.810929
5276    -0.620432
5277    -0.206703
5278     0.252199
5279     2.435029
5280    -1.347951
5281    -1.277367
5282     1.626719
5283     1.484955
5284    -0.658343
5285    -0.065133
5286     0.972293
5287    -1.321482
5288    -1.157429
5289    -0.322746
5290    -1.427839
5291    -1.575119
5292    -0.435605
5293     1.490356
5294    -0.480814
5295    -0.104164
5296    -0.100783
5297    -0.081236
5298     0.157547
5299    -1.534570
5300    -1.433180
5301    -0.225342
5302    -0.483019
5303     0.330031
5304     1.607805
5305     1.166054
5306    -0.227426
5307    -0.612298
5308     1.475831
5309     1.430192
5310    -0.524517
5311    -1.108091
5312     0.191263
5313     0.937244
5314     0.976563
5315     1.645576
5316    -0.165367
5317     1.111358
5318    -0.556781
5319    -0.556662
5320    -0.721914
5321    -1.317108
5322    -0.039617
5323     1.559526
5324     1.461430
5325     0.117127
5326     1.065743
5327     1.755989
5328    -0.643137
5329    -0.910378
5330    -1.395773
5331    -0.567163
5332    -0.646430
5333    -1.722084
5334    -0.291650
5335     1.042747
5336    -0.259282
5337    -0.394912
5338     0.302038
5339     1.830166
5340    -0.393790
5341    -0.495885
5342     0.748296
5343    -0.213880
5344    -0.957637
5345     0.029672
5346     0.216150
5347    -0.499042
5348    -1.054739
5349    -1.450880
5350    -0.224552
5351    -1.233468
5352    -1.147311
5353     0.373696
5354    -0.001956
5355     0.162975
5356    -1.023034
5357    -0.182919
5358    -0.539483
5359    -0.366159
5360    -1.359506
5361    -1.206374
5362    -0.497477
5363     0.481031
5364     1.112627
5365    -0.487952
5366     0.115330
5367     0.108005
5368     1.257078
5369     1.329022
5370     1.224936
5371    -1.791959
5372     0.062926
5373     0.209108
5374     1.742612
5375     1.322716
5376     1.290576
5377     1.392383
5378    -0.164663
5379    -0.432198
5380     0.003733
5381    -1.330477
5382    -1.191807
5383     0.417884
5384     1.404539
5385     0.775600
5386     1.614179
5387     1.144328
5388     2.248741
5389    -0.529470
5390    -1.232201
5391    -1.648583
5392    -0.161771
5393    -1.406512
5394    -1.146519
5395     1.106307
5396     0.004920
5397    -0.444665
5398    -0.872930
5399     1.323661
5400     2.072981
5401    -0.409156
5402     0.596411
5403    -0.334806
5404    -0.607050
5405    -0.330497
5406     0.289270
5407    -0.432211
5408    -1.683154
5409    -0.821190
5410    -0.065820
5411    -1.780522
5412    -0.475143
5413     0.460049
5414     0.312370
5415     0.025709
5416    -1.248537
5417    -0.697326
5418    -0.532002
5419    -0.263871
5420    -1.686199
5421    -0.771387
5422    -0.140943
5423     0.002762
5424     1.069924
5425     0.089383
5426     1.163138
5427     0.081984
5428     0.586579
5429     2.013345
5430     0.531039
5431    -0.819683
5432    -0.130187
5433     0.488784
5434     1.227331
5435     1.502638
5436     0.675214
5437     1.028868
5438    -0.528023
5439    -0.367041
5440    -0.072637
5441    -1.795775
5442    -0.751037
5443     0.452420
5444     1.629530
5445     0.475529
5446     1.078413
5447     2.353207
5448     1.463869
5449    -0.418399
5450    -1.864283
5451    -0.945737
5452    -0.420102
5453    -1.462899
5454    -1.077436
5455     0.791004
5456    -0.333153
5457    -0.407609
5458    -0.815637
5459     2.718619
5460     1.382065
5461    -0.460913
5462     0.449810
5463     0.141554
5464    -0.458704
5465    -0.717848
5466     0.392848
5467    -0.754699
5468    -1.346478
5469    -0.172697
5470    -0.228468
5471    -1.724545
5472    -0.466686
5473     0.588492
5474     0.088329
5475    -0.334942
5476    -0.923601
5477    -1.222817
5478     0.003277
5479    -0.402635
5480    -1.745256
5481    -0.192929
5482     0.070943
5483    -0.365382
5484     0.847861
5485     1.375789
5486     0.286857
5487    -0.766792
5488     0.467735
5489     2.080879
5490     0.597830
5491    -0.452493
5492    -0.694135
5493     0.478237
5494     0.756149
5495     2.176445
5496     0.393586
5497     0.591128
5498     0.018525
5499    -0.581571
5500    -0.349107
5501    -1.631140
5502    -0.107347
5503     0.798630
5504     1.436910
5505    -0.463601
5506     0.456694
5507     3.601850
5508     0.981902
5509    -0.594454
5510    -1.754314
5511    -0.148592
5512    -0.485901
5513    -1.516398
5514    -0.170637
5515     0.546027
5516    -0.177826
5517    -0.581364
5518    -0.540612
5519     2.756533
5520     0.150065
5521    -0.912136
5522     0.538697
5523     0.319337
5524    -0.762062
5525    -0.111228
5526     0.624278
5527    -1.123897
5528    -0.818213
5529     0.040486
5530    -0.669455
5531    -1.602832
5532     0.074331
5533     0.140669
5534     0.240109
5535     0.354405
5536    -1.334191
5537    -0.877288
5538     0.013234
5539    -0.867207
5540    -1.530427
5541     0.078805
5542    -0.243104
5543    -0.145675
5544     0.013870
5545     0.944919
5546     0.771394
5547    -0.446823
5548     2.324252
5549    -0.811683
5550    -1.143824
5551    -0.851913
5552    -0.434912
5553     0.429006
5554     2.640866
5555    -0.890946
5556    -1.103577
5557     0.694369
5558     1.371555
5559    -0.136005
5560    -0.688825
5561    -1.042409
5562     0.201961
5563     0.932313
5564     2.110542
5565     1.162083
5566     1.511674
5567     1.516017
5568    -1.275969
5569    -0.919014
5570    -1.024398
5571     0.085254
5572    -0.856865
5573    -1.067174
5574     0.239194
5575     1.064304
5576     1.482217
5577     0.394262
5578    -1.024696
5579     2.326656
5580     0.075693
5581    -0.811095
5582    -0.341825
5583     1.002845
5584    -0.160297
5585    -0.233553
5586     1.451163
5587    -0.079164
5588    -0.601714
5589     1.013921
5590    -0.661466
5591    -0.478251
5592     0.215108
5593     0.542417
5594     1.811665
5595    -0.309540
5596    -0.567288
5597    -1.120835
5598     0.991518
5599    -0.545667
5600    -0.046152
5601     0.023471
5602    -0.303156
5603     0.007170
5604     0.563671
5605     1.273367
5606     2.232134
5607    -2.355783
5608     0.883235
5609    -0.502565
5610    -1.403877
5611    -0.792924
5612    -0.068116
5613     0.845425
5614     0.981826
5615    -1.166621
5616    -1.725496
5617     0.611174
5618     0.766570
5619     0.677471
5620    -0.569763
5621    -1.104746
5622     0.927761
5623    -0.264376
5624     0.253909
5625    -0.073150
5626     0.444719
5627    -0.084024
5628    -1.200838
5629     0.087190
5630    -0.865033
5631     1.076650
5632    -0.775352
5633    -1.072002
5634     0.893607
5635     1.712717
5636     2.949435
5637    -0.343957
5638    -1.006096
5639    -0.335447
5640    -2.269968
5641    -0.081976
5642     0.157404
5643     0.857202
5644    -0.449941
5645     0.272860
5646     1.117501
5647     0.467221
5648     0.100631
5649     0.571010
5650     0.706261
5651    -0.538206
5652     0.504521
5653     1.662982
5654     1.215073
5655    -0.127193
5656     0.146074
5657    -0.451367
5658     0.965665
5659    -0.473209
5660    -0.245918
5661     0.834083
5662    -0.013372
5663     0.404655
5664     0.593038
5665     0.694839
5666     1.301184
5667    -0.793511
5668    -0.591353
5669    -2.187207
5670    -2.252375
5671    -0.770373
5672     0.313584
5673     0.812657
5674    -0.745274
5675    -2.423279
5676    -2.151419
5677     0.391537
5678     1.134528
5679     0.121897
5680    -0.407127
5681    -0.440858
5682     0.986060
5683    -0.289328
5684     0.595065
5685     0.108799
5686    -0.985505
5687    -0.204308
5688    -1.134490
5689     0.433512
5690    -0.140114
5691     0.766650
5692    -0.442401
5693    -0.392082
5694     0.947845
5695     2.710125
5696     1.950143
5697    -1.000019
5698    -1.962692
5699    -0.421787
5700    -1.727923
5701     0.164415
5702     0.868035
5703     0.711118
5704    -0.638900
5705     0.282623
5706     1.794451
5707     0.184800
5708    -0.206281
5709    -0.348139
5710     0.210848
5711    -0.309625
5712     1.075276
5713     2.205343
5714     0.605895
5715     1.403885
5716     0.143492
5717    -0.422965
5718    -0.096450
5719    -0.640177
5720     0.209708
5721     0.592928
5722     1.105220
5723     1.030590
5724     0.443388
5725     0.478334
5726     1.586692
5727    -0.596803
5728    -1.065485
5729    -1.801526
5730    -1.552277
5731    -0.535614
5732     0.326433
5733     1.844358
5734    -1.057652
5735    -1.733314
5736    -1.405282
5737    -0.169778
5738     0.196713
5739    -0.330430
5740    -0.331366
5741    -0.650055
5742    -0.130851
5743     1.138265
5744     0.934160
5745     0.836666
5746    -1.033200
5747    -0.683494
5748    -1.658676
5749    -0.006047
5750    -0.561172
5751    -0.054231
5752    -0.208454
5753    -0.272183
5754    -0.132474
5755     2.012918
5756     2.088301
5757    -0.782891
5758    -1.956963
5759    -1.488536
5760    -1.613563
5761    -0.650477
5762     0.427343
5763     0.205126
5764    -0.671346
5765     0.643169
5766     1.033309
5767    -0.248630
5768    -0.337997
5769    -0.131138
5770     0.075454
5771    -0.547096
5772     1.488333
5773     3.529337
5774     0.305842
5775     1.213929
5776    -0.055972
5777    -0.121711
5778    -0.398536
5779    -0.387617
5780    -0.548500
5781     1.299001
5782     0.711842
5783     1.188488
5784    -0.255755
5785     0.117910
5786     1.516425
5787    -0.459198
5788    -0.158250
5789    -1.414443
5790    -1.575445
5791    -0.848347
5792     0.506256
5793     1.414858
5794    -0.491045
5795    -1.468613
5796    -1.063051
5797    -0.153940
5798     0.212778
5799     0.014400
5800    -0.421461
5801    -0.508469
5802     0.031548
5803     0.828273
5804     1.156020
5805     0.428136
5806    -1.118351
5807    -0.312765
5808    -2.229308
5809    -0.196591
5810    -0.472441
5811     0.139316
5812    -0.032970
5813    -0.163117
5814     0.189447
5815     2.362623
5816     1.448123
5817    -0.043327
5818    -2.190440
5819    -1.509292
5820    -1.301644
5821    -0.263745
5822     0.306144
5823     0.499593
5824    -1.185053
5825     0.557967
5826     1.104151
5827    -0.103095
5828    -0.441979
5829     0.217160
5830    -0.681579
5831    -0.022821
5832     0.467164
5833     3.131714
5834    -0.467317
5835     1.369573
5836    -0.029764
5837    -0.623481
5838    -0.053835
5839    -0.955169
5840     0.024269
5841     0.846963
5842    -0.150785
5843     0.311491
5844    -0.520475
5845     0.808895
5846     2.058968
5847    -0.937120
5848    -0.685250
5849    -1.200100
5850    -1.404251
5851    -0.567984
5852     0.800398
5853     1.498230
5854    -1.014918
5855    -0.840058
5856    -1.324515
5857     0.599371
5858     0.840250
5859    -0.550360
5860    -0.395952
5861    -0.401693
5862     0.308750
5863     1.218222
5864     1.093289
5865     0.667293
5866    -1.038799
5867    -0.420492
5868    -1.762113
5869    -0.187990
5870    -0.802348
5871     0.484877
5872    -0.354499
5873    -0.600192
5874     0.438951
5875     3.333699
5876     1.056491
5877    -0.263441
5878    -1.477320
5879    -1.228787
5880    -1.086596
5881    -0.165034
5882     0.864005
5883     0.726545
5884    -0.500885
5885     0.463910
5886     1.280846
5887    -0.370833
5888    -0.242779
5889     0.731210
5890    -0.144127
5891     0.174190
5892     0.481162
5893     2.651287
5894    -0.216788
5895     1.358941
5896    -0.686779
5897    -0.174720
5898    -0.170005
5899    -0.728637
5900     0.394145
5901     1.039797
5902     0.035081
5903    -0.514584
5904     0.114515
5905     1.535425
5906     0.661670
5907    -1.408557
5908    -0.662019
5909    -1.006638
5910    -1.721236
5911     0.382614
5912     0.646151
5913     1.536124
5914    -1.166471
5915    -0.787021
5916    -1.240227
5917     1.860318
5918     0.590997
5919    -1.296191
5920    -1.190877
5921     0.160808
5922     0.113775
5923    -0.203631
5924     0.826291
5925     0.570764
5926    -0.619279
5927    -1.026994
5928    -1.729785
5929    -0.391221
5930    -0.362098
5931     0.498585
5932    -1.213591
5933    -0.214214
5934     0.530515
5935     3.100092
5936     0.721339
5937     0.361368
5938    -1.521432
5939    -0.957671
5940    -1.778148
5941     0.046435
5942     0.670874
5943     1.776245
5944    -0.001396
5945     1.080916
5946     0.030096
5947     0.283949
5948     0.257866
5949     1.246184
5950     0.827025
5951     0.396237
5952    -0.088933
5953     0.910991
5954     0.299148
5955     0.343940
5956    -0.589537
5957     0.339447
5958    -0.034316
5959    -0.047809
5960     0.166356
5961     0.623692
5962     0.365987
5963     0.579977
5964     0.587047
5965     0.190147
5966     0.389603
5967    -0.920719
5968    -0.862759
5969    -1.542692
5970    -1.320891
5971     0.855434
5972     0.402944
5973     1.751384
5974    -0.716920
5975    -1.586741
5976    -2.176775
5977     1.593253
5978     0.928574
5979    -0.372923
5980    -0.914697
5981     0.478611
5982     0.622664
5983    -0.999992
5984    -0.605704
5985     0.369549
5986    -0.673803
5987    -0.905346
5988    -1.897326
5989    -0.139218
5990     0.070811
5991     1.491681
5992    -1.287654
5993     0.387194
5994     0.854647
5995     2.214690
5996    -0.408925
5997     0.400311
5998    -1.054128
5999    -1.399149
6000    -3.285559
6001     1.026257
6002     0.233627
6003     1.627144
6004    -0.576727
6005     0.141420
6006    -0.876948
6007     0.689846
6008    -0.564433
6009     2.693371
6010     0.491936
6011     0.384062
6012     1.902900
6013    -0.593288
6014     0.159510
6015    -1.034348
6016     0.161325
6017    -0.143923
6018    -1.365446
6019     0.638032
6020     0.334214
6021     1.590738
6022     0.609407
6023     0.363665
6024     1.744855
6025     0.794396
6026    -0.367542
6027    -1.110951
6028    -0.174202
6029     0.081632
6030    -0.617694
6031    -0.000066
6032     0.494817
6033    -0.378403
6034    -0.384119
6035     0.156176
6036    -2.067168
6037    -0.253176
6038     0.317222
6039    -0.420724
6040     0.043278
6041     0.501607
6042    -0.435229
6043     0.081444
6044     0.000621
6045     1.475068
6046    -0.631891
6047     0.010093
6048    -1.128325
6049     1.072970
6050    -0.289870
6051     2.285308
6052    -0.796268
6053     0.183034
6054    -0.425471
6055    -0.355687
6056     0.157400
6057    -0.580692
6058    -1.843468
6059    -2.153332
6060    -2.877983
6061    -0.326154
6062     0.346200
6063    -0.120657
6064     0.174776
6065     0.184892
6066     0.572988
6067    -0.837348
6068     0.294128
6069     0.099508
6070     0.244910
6071     0.303847
6072     0.224805
6073    -0.076650
6074     0.223677
6075     0.519078
6076    -0.104780
6077     0.229791
6078     1.145158
6079    -1.246536
6080     0.219477
6081     0.705283
6082    -0.084167
6083     0.332911
6084     0.040644
6085    -0.871330
6086     0.029435
6087     1.124778
6088     1.647834
6089    -1.104345
6090    -2.625545
6091    -0.938018
6092     0.077537
6093     0.558119
6094     0.913736
6095     0.228122
6096    -2.322176
6097    -0.115333
6098     0.130783
6099     1.553553
6100    -0.191416
6101     0.247613
6102     1.525058
6103     1.706713
6104     0.014768
6105    -1.293620
6106     2.329909
6107    -0.039612
6108    -2.307450
6109    -0.896238
6110    -0.110887
6111     0.757170
6112    -0.355470
6113    -0.068602
6114     1.237593
6115    -0.654521
6116    -0.014980
6117     1.469693
6118    -0.319916
6119    -1.524753
6120    -2.863979
6121     0.453156
6122    -0.323941
6123     1.675144
6124    -0.041386
6125     0.106141
6126     0.486905
6127    -0.477256
6128    -0.261030
6129     1.497774
6130    -0.203073
6131     0.078969
6132     0.794472
6133    -1.000216
6134     0.600858
6135    -0.303819
6136     0.078435
6137     0.088009
6138     0.629137
6139     0.700304
6140    -0.011695
6141     0.451634
6142     0.459079
6143    -0.308125
6144     1.914939
6145    -0.636011
6146     0.088730
6147     0.311225
6148    -0.428867
6149     0.507307
6150    -4.298634
6151     0.873506
6152    -0.307254
6153     0.786605
6154    -0.082334
6155     0.480522
6156    -2.505571
6157    -0.079314
6158     0.136696
6159     0.942902
6160     0.170117
6161     0.226254
6162     0.623959
6163    -0.321163
6164     0.456823
6165    -0.534289
6166     0.093219
6167     0.636691
6168    -2.186606
6169     0.996755
6170    -0.356767
6171     0.651393
6172     0.997944
6173    -0.255301
6174     0.924442
6175    -0.718454
6176     0.151171
6177     0.694924
6178    -0.834442
6179    -1.734058
6180    -2.556536
6181     0.722191
6182     0.195743
6183    -1.055290
6184    -0.152474
6185    -0.070131
6186     0.227940
6187    -0.265845
6188    -0.412174
6189    -0.255661
6190     0.147307
6191    -0.070137
6192     0.434134
6193    -0.070732
6194     0.374063
6195     0.503487
6196     0.043853
6197    -0.352685
6198     1.570250
6199    -0.114667
6200     0.053885
6201    -0.088752
6202     0.006145
6203     1.075370
6204    -1.388877
6205    -0.180348
6206    -0.196537
6207     0.068074
6208    -0.286353
6209     1.388336
6210    -2.510341
6211    -0.183891
6212     0.081300
6213    -1.578486
6214    -0.473993
6215     0.899799
6216     0.500171
6217    -0.628125
6218     0.331889
6219     0.318030
6220    -0.020899
6221     0.296856
6222     0.177321
6223    -0.303203
6224     0.215912
6225     0.561812
6226     0.244757
6227     0.759177
6228    -2.231004
6229    -0.205102
6230    -0.647872
6231    -0.470592
6232    -0.351855
6233    -0.213613
6234     1.535236
6235    -0.223503
6236    -0.097756
6237     0.534725
6238     2.296736
6239    -3.611424
6240     3.147823
6241    -0.048702
6242     0.713977
6243    -0.772372
6244     0.082764
6245     0.502927
6246    -1.357740
6247    -0.587731
6248     1.058269
6249    -0.979130
6250     0.183131
6251     1.141063
6252    -1.503637
6253     0.651032
6254    -1.934629
6255     2.068438
6256     0.300330
6257    -0.512760
6258    -0.151388
6259    -0.306660
6260    -0.450434
6261     0.594464
6262     0.016704
6263     0.413618
6264    -1.052517
6265     0.002322
6266    -1.092739
6267     0.573741
6268     0.258718
6269    -0.749502
6270     0.528448
6271    -0.698362
6272     1.020743
6273    -0.415184
6274     0.538313
6275    -1.760990
6276     2.497906
6277    -0.458689
6278     0.676171
6279    -0.882333
6280    -0.191801
6281    -0.395110
6282     0.727321
6283     0.529014
6284    -2.158384
6285     2.207879
6286     0.028005
6287    -0.391810
6288     0.829359
6289    -0.729153
6290     2.740113
6291    -1.560080
6292     0.091469
6293     0.730357
6294    -0.937037
6295    -0.104660
6296     0.739616
6297    -1.259983
6298     0.443956
6299    -0.290495
6300     0.843845
6301    -0.527483
6302    -0.047578
6303    -0.597278
6304    -1.141061
6305     0.026466
6306    -0.301500
6307    -0.814695
6308    -0.134996
6309    -1.717553
6310    -1.034701
6311     0.556375
6312    -0.504008
6313     1.591594
6314    -0.077143
6315     2.213683
6316    -0.459128
6317    -0.458107
6318     0.403786
6319    -0.374530
6320    -0.357907
6321     0.313829
6322    -0.892132
6323     0.184598
6324    -0.294452
6325     0.493889
6326    -0.300902
6327     0.362406
6328     0.791989
6329     1.054464
6330     0.500585
6331    -0.812732
6332    -0.794500
6333    -0.803399
6334     1.783871
6335    -0.286925
6336     2.225924
6337    -0.140466
6338    -0.397797
6339    -1.991930
6340    -0.530706
6341     0.015797
6342     0.836832
6343     1.478596
6344    -0.526857
6345     2.318416
6346     1.110349
6347     1.791542
6348     0.616713
6349    -0.471349
6350    -1.265494
6351    -2.190592
6352    -0.838604
6353     0.454261
6354    -0.161570
6355    -0.748884
6356    -0.573802
6357    -1.391507
6358     1.536184
6359     1.138506
6360     0.161615
6361    -0.531854
6362    -0.002387
6363     0.736246
6364    -0.507085
6365    -0.998540
6366     1.333983
6367    -0.463034
6368    -0.931307
6369    -0.018854
6370    -0.447117
6371    -0.783694
6372     0.489949
6373     1.426556
6374     0.515125
6375    -0.550039
6376    -0.372808
6377    -0.869577
6378     1.047231
6379    -0.243407
6380    -0.316169
6381     2.396898
6382    -0.290533
6383    -0.783976
6384     0.975464
6385    -0.504099
6386     1.056841
6387     0.153972
6388     0.117651
6389     1.557045
6390    -0.232291
6391    -0.647596
6392    -0.956106
6393     0.926153
6394     1.606845
6395     0.511776
6396    -0.664032
6397    -0.852273
6398     0.903937
6399    -2.807785
6400    -0.312509
6401    -0.964064
6402     0.744549
6403     1.159186
6404     0.764373
6405    -1.733076
6406     1.477127
6407     0.904222
6408    -0.496614
6409    -0.711617
6410    -0.537589
6411    -1.111707
6412    -0.485596
6413    -0.426149
6414     0.523532
6415    -0.687027
6416    -0.644430
6417     0.482284
6418     1.269189
6419     2.000670
6420    -2.195863
6421    -1.045240
6422    -1.763283
6423     1.234428
6424    -1.063769
6425    -1.656935
6426     1.342671
6427    -0.712632
6428     0.032956
6429     0.179629
6430     0.902137
6431     0.028069
6432    -0.681776
6433     0.299377
6434     1.430754
6435     0.062124
6436     0.545184
6437    -0.035778
6438    -0.171121
6439    -0.767051
6440    -0.237740
6441     1.486765
6442    -1.159491
6443    -1.702608
6444     1.395705
6445     0.559014
6446     0.294358
6447    -0.598121
6448     0.349914
6449     1.220629
6450    -0.568906
6451    -1.132694
6452    -2.025105
6453     1.304267
6454     0.283458
6455     1.403113
6456     0.041690
6457    -0.822627
6458    -0.148159
6459    -1.131792
6460     0.278378
6461     0.378624
6462    -0.169301
6463     2.637942
6464     1.684326
6465    -1.862277
6466     1.390401
6467     1.168795
6468    -0.719590
6469    -0.942340
6470    -0.805141
6471    -0.022577
6472     0.524676
6473    -0.068201
6474    -0.377315
6475    -0.506698
6476    -0.807843
6477     0.223365
6478     0.382061
6479     1.609169
6480    -0.967865
6481    -1.028378
6482    -1.315253
6483     2.033920
6484    -0.965885
6485    -1.427280
6486     1.920720
6487     0.061121
6488    -0.224277
6489    -0.769137
6490     0.216186
6491     0.485718
6492    -0.440674
6493     0.494149
6494     0.407501
6495    -0.541034
6496     0.381127
6497    -1.154429
6498     0.803739
6499    -0.569186
6500    -0.812951
6501     1.319494
6502    -0.956163
6503    -1.584015
6504     2.171188
6505     0.399567
6506     1.459418
6507    -1.216731
6508    -0.047290
6509     1.131953
6510    -0.685767
6511    -0.989674
6512    -1.634555
6513     2.017491
6514     0.685041
6515     0.240972
6516    -0.747392
6517    -0.706499
6518     1.366571
6519    -0.825931
6520     0.249947
6521    -0.567482
6522     0.051908
6523     1.535218
6524     1.724841
6525    -1.849522
6526     0.987411
6527     0.483805
6528    -1.034214
6529    -0.860022
6530     0.986431
6531     0.107495
6532     0.700764
6533    -0.271649
6534    -1.056384
6535    -0.312885
6536     0.877559
6537    -0.525260
6538     0.725451
6539    -0.172879
6540    -0.733908
6541    -1.642464
6542     1.267500
6543     0.884398
6544    -1.614579
6545     1.075974
6546     0.875438
6547    -0.144309
6548    -0.980079
6549    -0.203850
6550     0.836867
6551    -1.330986
6552     0.151800
6553     0.343155
6554    -0.244676
6555    -0.006738
6556    -0.400172
6557    -0.389700
6558    -0.037922
6559    -1.213571
6560     1.377319
6561    -0.008613
6562    -1.781711
6563     0.574560
6564     1.686138
6565     1.657273
6566    -0.751050
6567    -0.923345
6568     1.803107
6569    -1.208138
6570     0.550070
6571    -1.616958
6572     0.754434
6573     0.766864
6574     0.739814
6575    -0.727971
6576    -0.155074
6577     0.461721
6578    -0.907843
6579    -0.329150
6580    -0.039838
6581    -1.097266
6582     0.833967
6583     1.698590
6584     1.539304
6585    -0.757040
6586     0.879262
6587     0.094142
6588    -0.223750
6589    -1.274226
6590     0.069856
6591     0.063461
6592     0.101939
6593    -0.199703
6594    -1.556494
6595     0.876405
6596    -1.408230
6597    -0.029235
6598     0.329694
6599     2.492554
6600    -1.580927
6601    -0.817604
6602     2.606375
6603     0.084444
6604    -0.846567
6605     2.354205
6606     0.086886
6607    -0.240991
6608    -1.260701
6609    -0.069772
6610     0.899512
6611    -1.005176
6612     0.011262
6613    -0.047677
6614    -0.975735
6615     0.606779
6616    -0.122013
6617    -1.027317
6618     0.514049
6619    -0.392525
6620     2.249428
6621    -0.404396
6622    -0.993629
6623     2.283563
6624     0.184551
6625     0.867492
6626    -1.130840
6627    -0.946063
6628     0.798270
6629    -0.978678
6630     0.254406
6631    -1.069081
6632     1.949159
6633     0.047893
6634     0.813864
6635    -0.915215
6636     0.026600
6637    -0.158640
6638    -1.349499
6639    -0.107866
6640     0.868244
6641    -1.547249
6642     1.167244
6643     0.705936
6644    -0.057361
6645     0.036695
6646     0.816649
6647    -0.011959
6648     0.052584
6649    -0.936678
6650    -0.403970
6651     0.603288
6652    -0.038329
6653    -0.634029
6654    -1.471661
6655     0.058752
6656    -1.989283
6657     0.371606
6658    -0.164984
6659     1.844283
6660    -1.048528
6661    -0.365390
6662     2.591498
6663     0.209796
6664    -1.174805
6665     2.487702
6666     0.406384
6667    -0.725903
6668    -1.184761
6669    -0.407705
6670     1.275475
6671    -1.087496
6672    -0.157912
6673     0.484080
6674    -1.054157
6675     0.599599
6676     0.141504
6677    -1.345952
6678    -1.255034
6679     0.493462
6680     2.038619
6681    -0.828679
6682    -0.560313
6683     2.277678
6684     0.329467
6685     1.164061
6686    -1.203646
6687    -0.069340
6688     0.045894
6689    -0.847654
6690     0.056845
6691    -1.094549
6692     2.075587
6693     0.319721
6694     0.042865
6695    -0.706728
6696    -0.071636
6697    -0.870744
6698    -1.261153
6699     0.051932
6700     1.501089
6701    -1.789766
6702     0.024973
6703    -0.076040
6704     0.234899
6705    -0.390453
6706     0.234863
6707     0.144066
6708    -0.299213
6709    -0.345264
6710    -0.479157
6711     1.135414
6712    -0.247628
6713    -0.728996
6714    -0.123212
6715    -0.208330
6716    -1.941909
6717     0.258027
6718     0.285676
6719     1.781325
6720     0.211025
6721     0.232709
6722     1.573560
6723    -1.469964
6724    -1.412182
6725    -0.622588
6726     0.016601
6727    -1.145270
6728    -1.459056
6729     0.273278
6730     1.937944
6731    -0.979924
6732    -0.586948
6733     0.543149
6734    -0.229964
6735     0.703436
6736    -2.268965
6737     0.119485
6738     1.260353
6739     1.068718
6740     0.840101
6741    -0.938210
6742    -0.024002
6743     1.444820
6744    -1.374259
6745     1.763272
6746    -1.167513
6747    -0.239317
6748    -0.295778
6749     0.699230
6750     0.274328
6751    -1.117963
6752     2.570934
6753    -0.166916
6754    -0.039087
6755     0.171986
6756     0.041521
6757    -1.087714
6758    -1.292217
6759    -0.034032
6760     1.788409
6761    -0.840295
6762     0.210673
6763     0.066825
6764    -0.366913
6765     0.341974
6766     0.311519
6767     0.606818
6768     0.261377
6769     0.090175
6770    -1.065269
6771    -0.183625
6772    -0.318027
6773    -0.708305
6774     0.049106
6775    -0.302009
6776    -1.485555
6777    -0.056583
6778     0.208277
6779     2.190665
6780     1.617208
6781     0.902760
6782     0.878353
6783    -0.941677
6784     0.386279
6785    -1.170158
6786    -0.771145
6787    -0.125984
6788    -1.117644
6789    -0.748239
6790     0.540742
6791    -0.137755
6792    -0.815129
6793    -1.292950
6794     0.269218
6795     1.144339
6796     1.046594
6797    -0.728981
6798    -1.429856
6799    -0.172573
6800     0.712953
6801     0.234189
6802     0.503653
6803     0.383921
6804    -0.433436
6805     1.771164
6806    -1.158233
6807    -0.289600
6808    -2.306353
6809     1.289484
6810     1.041919
6811     0.150416
6812     1.744180
6813     0.494920
6814    -1.209621
6815     0.021823
6816     1.010233
6817     0.128282
6818    -1.418018
6819    -0.636767
6820     0.720364
6821     0.239660
6822    -0.366662
6823    -1.783952
6824     0.250262
6825     0.667197
6826    -1.223687
6827     0.355402
6828     1.503943
6829     0.375751
6830    -1.230193
6831    -0.154980
6832     1.311019
6833    -0.877966
6834    -0.507167
6835     0.047603
6836    -1.070278
6837    -0.863947
6838     0.230493
6839     2.763972
6840     1.861866
6841     0.735166
6842    -0.387312
6843    -0.381519
6844     0.251410
6845    -0.721334
6846    -0.412444
6847     0.009299
6848    -0.675301
6849    -0.755795
6850     0.373381
6851    -0.575295
6852    -0.124783
6853    -0.838093
6854     0.644489
6855     0.202496
6856     0.829693
6857    -1.343562
6858    -0.744236
6859     0.583717
6860    -0.684524
6861    -1.043705
6862     0.500542
6863    -0.446171
6864    -0.194018
6865     1.604478
6866    -0.744418
6867    -0.536688
6868    -2.570353
6869     2.022992
6870     1.931674
6871     0.278253
6872     0.788787
6873     0.602894
6874    -1.109855
6875     0.753659
6876     0.533781
6877     0.225321
6878    -0.859470
6879    -0.833182
6880     0.911898
6881    -0.727394
6882    -0.679316
6883    -2.329013
6884     1.612118
6885     1.462991
6886    -1.253983
6887     2.142325
6888     0.761950
6889     0.661910
6890    -0.856897
6891    -0.994458
6892     1.106153
6893    -0.952564
6894    -0.401603
6895    -0.132208
6896    -0.500693
6897    -0.397691
6898     0.162283
6899     1.510566
6900     2.003652
6901    -0.898152
6902    -0.188779
6903    -0.477299
6904     0.328901
6905    -0.221905
6906    -0.558183
6907    -0.014921
6908    -0.339987
6909    -0.781581
6910    -0.673907
6911    -0.071565
6912    -0.261512
6913    -0.118803
6914    -0.389629
6915     0.615409
6916     1.507337
6917    -0.388134
6918    -1.330981
6919    -0.113395
6920    -0.565744
6921    -0.836571
6922    -0.692384
6923    -0.088920
6924    -0.295656
6925     1.120157
6926    -0.509896
6927    -0.638982
6928    -1.260241
6929     1.006397
6930     2.402963
6931     0.199764
6932     0.917125
6933     0.731148
6934    -0.890641
6935    -0.181941
6936     1.031969
6937     0.027570
6938    -0.397539
6939    -1.064704
6940     1.419371
6941     0.350743
6942    -1.417595
6943    -1.809896
6944     1.260914
6945     1.612755
6946    -0.900887
6947     1.154725
6948     1.320492
6949     2.470840
6950    -0.229228
6951    -1.577238
6952     1.814268
6953    -0.166514
6954    -0.909598
6955    -1.205626
6956    -0.466636
6957    -0.330424
6958    -0.309353
6959    -0.483486
6960     2.765587
6961    -1.092234
6962     0.290066
6963    -0.053307
6964     0.914442
6965    -0.789609
6966    -0.571373
6967    -0.720433
6968    -0.727025
6969     1.257578
6970    -0.536290
6971     0.095011
6972     0.352302
6973    -0.027052
6974     0.505981
6975    -0.626964
6976     1.259375
6977     0.025353
6978    -1.018939
6979    -0.118157
6980    -0.872414
6981     0.003632
6982    -0.678138
6983    -0.164762
6984     0.602092
6985     1.220154
6986     0.182880
6987    -2.329083
6988    -0.636330
6989     1.130101
6990     0.910715
6991     0.771732
6992    -0.596634
6993     1.211771
6994    -0.503475
6995     0.458870
6996    -0.962405
6997     0.294093
6998     0.151603
6999    -2.586724
7000     0.358339
7001    -0.951524
7002     1.120630
7003    -1.706695
7004     1.739931
7005     1.396260
7006    -0.368869
7007     1.465451
7008    -0.611605
7009     1.010793
7010    -1.307404
7011     1.444304
7012     1.508117
7013    -0.871973
7014     0.471770
7015    -0.679941
7016     0.107174
7017    -2.206828
7018    -0.269431
7019     0.128925
7020     2.196174
7021    -2.231442
7022    -0.665594
7023     0.020438
7024     1.081938
7025    -0.179315
7026    -0.337049
7027    -1.037030
7028    -1.816671
7029     1.182849
7030    -0.677097
7031    -0.357849
7032     0.566494
7033     0.872225
7034     1.172921
7035    -0.502787
7036     0.536637
7037     0.972030
7038    -0.850815
7039    -0.791055
7040    -0.415042
7041     0.047211
7042    -1.552859
7043    -0.288907
7044     0.440883
7045     1.549553
7046     0.944227
7047    -1.597353
7048     1.098096
7049     0.714690
7050     0.689538
7051    -1.139386
7052    -0.974206
7053     0.772786
7054     1.193829
7055     0.540387
7056    -0.665633
7057     1.185643
7058     0.512927
7059    -1.668869
7060    -1.403886
7061     0.127681
7062     0.242902
7063     0.440765
7064     1.196456
7065     0.937850
7066     0.975686
7067     1.264823
7068    -0.395050
7069    -1.568282
7070    -2.807123
7071     0.716291
7072    -0.209614
7073    -0.343303
7074     0.246895
7075     0.564974
7076     0.253003
7077    -1.332130
7078     1.111305
7079     0.148865
7080     1.485549
7081    -1.478643
7082    -1.324885
7083     0.872090
7084     1.074004
7085    -0.201016
7086    -0.882164
7087    -1.130084
7088    -0.881902
7089     1.572258
7090    -0.447391
7091     0.211862
7092    -0.095729
7093     0.934932
7094     0.778620
7095    -0.628587
7096     0.783743
7097     0.447978
7098    -0.871787
7099    -0.904357
7100     0.157395
7101     0.295107
7102    -1.038310
7103    -0.595382
7104     0.951531
7105     1.135107
7106     1.059434
7107    -1.977838
7108     1.219739
7109     0.271409
7110    -0.359966
7111    -0.716337
7112    -1.507034
7113     1.550552
7114     1.449522
7115    -0.718863
7116    -0.515558
7117     0.715797
7118     0.874276
7119    -1.507363
7120    -1.213669
7121     0.614634
7122     0.307165
7123     0.525786
7124     1.010137
7125    -0.067807
7126     1.308080
7127    -0.228116
7128    -0.320353
7129    -2.641004
7130    -1.505046
7131     2.009493
7132    -0.823578
7133     0.670015
7134     0.247114
7135     0.141611
7136     0.896935
7137    -1.564570
7138     1.105053
7139    -0.030454
7140     0.986411
7141    -0.585729
7142    -0.369098
7143     0.410216
7144     2.626306
7145     0.464121
7146    -1.925402
7147    -2.113417
7148    -1.129811
7149     1.138789
7150    -0.500045
7151    -0.286821
7152     0.199442
7153     0.063978
7154     1.067394
7155    -0.529095
7156     0.016045
7157     0.679564
7158    -0.656363
7159     0.054415
7160    -0.607324
7161     0.321913
7162    -0.655866
7163    -0.388349
7164     0.774263
7165     0.258687
7166     1.106310
7167    -1.426491
7168     1.171905
7169    -0.060023
7170    -0.039411
7171    -0.286858
7172    -1.859435
7173     1.356274
7174     1.243192
7175    -0.661346
7176    -0.193991
7177     1.094148
7178     1.337591
7179    -1.333574
7180    -2.025566
7181     0.442735
7182     0.244111
7183     0.119509
7184     0.779799
7185     0.118175
7186     1.088032
7187    -0.292620
7188    -0.046021
7189    -1.743445
7190    -1.521311
7191     1.721526
7192    -0.849042
7193     0.415777
7194     0.387180
7195     0.358930
7196     1.691596
7197    -1.554762
7198     0.664821
7199    -0.808751
7200     1.033223
7201     0.611248
7202     0.252087
7203    -0.444526
7204     2.812199
7205    -0.125070
7206    -2.725758
7207    -1.431730
7208    -0.732029
7209     1.581242
7210     0.729828
7211     0.373726
7212    -0.595848
7213     0.127067
7214     1.065977
7215    -0.191588
7216     0.538682
7217     0.788736
7218    -0.633027
7219     1.093568
7220    -0.359173
7221    -0.080662
7222     0.452479
7223     0.284599
7224    -0.267928
7225    -0.501893
7226     0.901481
7227    -1.048262
7228     0.619236
7229    -0.783905
7230     0.149113
7231     1.061004
7232    -0.321442
7233    -0.288025
7234     0.670571
7235    -1.014804
7236     1.140747
7237    -0.209766
7238     1.077668
7239    -1.007522
7240    -2.585852
7241     0.253048
7242     0.814584
7243    -1.027270
7244     0.284729
7245     0.563498
7246     0.119951
7247    -0.960208
7248     0.437145
7249    -0.757883
7250    -0.883871
7251     1.823819
7252    -1.668558
7253     0.098178
7254     1.201164
7255    -0.422865
7256     1.639537
7257    -1.155083
7258    -0.230018
7259    -1.839263
7260     0.726915
7261     0.438014
7262     0.451746
7263    -1.051411
7264     1.461040
7265    -1.462193
7266    -2.538182
7267    -0.843508
7268    -0.558866
7269     2.273277
7270     0.599781
7271     0.322887
7272    -1.078642
7273     0.178945
7274     0.905991
7275    -0.141460
7276     1.315586
7277     0.646058
7278    -0.757318
7279     0.224031
7280     0.386946
7281    -0.807804
7282     0.328980
7283     0.558417
7284    -0.801388
7285     0.757487
7286     1.068661
7287    -0.989899
7288     0.447101
7289    -1.422300
7290     0.112051
7291     0.397271
7292    -0.271258
7293    -0.897923
7294    -0.866963
7295    -1.157902
7296     1.227907
7297     0.742938
7298     0.875782
7299    -0.810499
7300    -1.896617
7301     0.974958
7302     1.424371
7303    -1.034477
7304    -0.427313
7305     1.257671
7306     0.248354
7307    -1.315084
7308     0.314603
7309    -1.399235
7310     0.113622
7311     1.817501
7312    -1.497603
7313     0.835998
7314     1.377053
7315     0.126320
7316     1.038848
7317    -0.518145
7318     0.272555
7319    -1.565000
7320     0.588237
7321     0.340076
7322     0.086960
7323     0.142194
7324     1.253222
7325    -0.913442
7326     1.172103
7327    -0.095226
7328    -2.215371
7329     2.897119
7330     0.368845
7331     0.195847
7332    -0.496987
7333     0.087797
7334     1.189741
7335    -0.441639
7336     1.590477
7337     1.156027
7338    -1.387486
7339    -0.049531
7340     0.133231
7341     0.127537
7342     0.255322
7343     0.294972
7344    -0.161387
7345     1.362791
7346     1.185818
7347    -1.681148
7348    -0.205532
7349    -0.157268
7350    -1.767230
7351     0.205797
7352    -1.019509
7353     0.828718
7354    -1.772256
7355     0.220251
7356    -0.542003
7357     1.040420
7358     1.152123
7359    -1.216246
7360    -0.974672
7361     0.201897
7362     1.061910
7363    -1.349658
7364     0.179743
7365    -0.639338
7366    -1.183216
7367    -0.053299
7368    -0.303707
7369     0.277756
7370    -1.385417
7371     1.712179
7372    -0.678360
7373    -0.020381
7374     1.146071
7375     0.504113
7376     1.144867
7377    -1.084001
7378    -0.978165
7379    -1.376792
7380     0.633343
7381    -0.465333
7382     0.391459
7383    -0.013266
7384    -1.303854
7385    -1.215613
7386     2.487010
7387    -0.590750
7388    -1.156221
7389     2.819629
7390     0.142330
7391    -0.038738
7392    -0.506351
7393     1.089583
7394     0.238758
7395    -0.409247
7396     1.475066
7397    -0.315824
7398    -0.692285
7399    -0.096125
7400     0.352864
7401    -0.222531
7402    -0.249864
7403     0.530613
7404    -0.164989
7405     1.118067
7406    -0.061367
7407    -1.090807
7408    -0.373261
7409     0.993095
7410    -2.684274
7411    -1.486211
7412    -1.063207
7413     1.698466
7414    -0.588903
7415     1.090876
7416    -1.402335
7417     0.600549
7418    -0.114379
7419    -0.454538
7420     0.419075
7421    -1.239727
7422     1.467471
7423    -0.783778
7424     1.289522
7425    -1.538755
7426    -0.538331
7427     1.331372
7428    -1.214139
7429     0.504360
7430    -0.024683
7431     1.172488
7432     0.337971
7433    -0.761336
7434     1.270909
7435     0.159337
7436    -0.120851
7437    -0.325827
7438     0.630073
7439    -0.106615
7440    -0.196631
7441    -0.925507
7442     0.311308
7443     1.683970
7444    -1.968206
7445    -0.127232
7446     1.863439
7447    -0.540623
7448    -0.300788
7449     0.752032
7450     0.020499
7451     0.027334
7452     0.843407
7453     1.866843
7454    -0.209634
7455    -2.381176
7456     1.580982
7457     0.090784
7458    -1.890270
7459    -0.135492
7460     0.152662
7461     0.683365
7462    -0.032754
7463     0.024304
7464     1.130414
7465     1.219744
7466    -0.159566
7467    -0.888060
7468     0.122352
7469    -0.122538
7470    -1.233473
7471    -2.296657
7472     0.059730
7473     1.893271
7474    -0.095940
7475     0.081794
7476    -1.145497
7477     0.197729
7478     0.276313
7479    -0.979333
7480    -0.259567
7481     0.337195
7482     1.072699
7483    -0.236317
7484     0.077900
7485    -1.204755
7486     0.098331
7487     0.021825
7488    -0.831647
7489     0.140593
7490     0.036107
7491     1.363042
7492    -0.049059
7493     0.138870
7494     1.105388
7495    -0.279394
7496     0.033792
7497     0.685337
7498     1.572444
7499    -0.750159
7500    -2.522153
7501     1.528833
7502     0.803957
7503     1.120098
7504     0.578210
7505    -0.063360
7506     1.284576
7507     0.683916
7508    -0.264621
7509     0.436522
7510     1.308959
7511    -0.371280
7512     0.867055
7513    -0.757420
7514     0.417777
7515    -1.850652
7516    -0.259449
7517    -0.509431
7518    -1.042416
7519     1.172282
7520    -0.042862
7521     0.511562
7522     0.981367
7523     0.523857
7524     1.042465
7525    -1.232599
7526     0.258333
7527     0.413269
7528    -0.454024
7529    -0.615557
7530    -1.794519
7531     0.881928
7532     0.271619
7533     1.135633
7534    -1.150355
7535    -0.310615
7536    -1.385602
7537    -1.296770
7538     0.274394
7539    -0.998130
7540     1.116901
7541     0.393699
7542     1.173742
7543    -1.042976
7544    -0.204415
7545    -1.734131
7546    -0.628704
7547     0.172035
7548    -1.260479
7549    -0.368140
7550    -0.353556
7551     1.912163
7552     1.453464
7553     0.170482
7554     1.050799
7555    -1.450890
7556     0.102061
7557     1.297764
7558    -1.064532
7559    -0.652519
7560    -2.179721
7561     1.723335
7562    -0.184712
7563    -0.302900
7564     0.313726
7565     0.276078
7566    -0.558601
7567     0.637026
7568    -0.152575
7569    -1.169510
7570     1.422515
7571    -0.331334
7572    -0.197513
7573    -0.692887
7574     0.381325
7575     0.152668
7576    -0.032969
7577    -0.231113
7578    -0.227603
7579     1.324503
7580    -1.497140
7581     0.181470
7582     1.037855
7583    -0.328656
7584     0.292919
7585    -1.907966
7586    -0.529646
7587     0.132975
7588    -0.046416
7589    -0.382937
7590     0.130601
7591     0.898110
7592    -0.414569
7593    -1.254233
7594    -1.236724
7595     0.754344
7596     0.125086
7597    -1.813642
7598    -0.142724
7599    -0.436290
7600     1.146831
7601     0.841447
7602     0.126326
7603    -0.796130
7604    -1.181088
7605    -0.083289
7606    -0.318821
7607     0.831120
7608     0.012057
7609    -0.382470
7610    -0.495400
7611     0.757662
7612     1.582236
7613     0.048048
7614    -0.033281
7615    -1.997881
7616     3.301747
7617     2.075961
7618    -0.860228
7619    -0.562215
7620     0.275498
7621     0.747927
7622    -0.321700
7623     0.621765
7624    -0.228827
7625    -1.126193
7626     0.610672
7627    -0.102805
7628    -0.181277
7629    -0.113262
7630     0.048285
7631     0.823787
7632     0.391476
7633     1.168471
7634    -1.807865
7635     0.010773
7636     0.244390
7637    -1.435194
7638     0.592115
7639    -0.410511
7640     0.796047
7641     0.236102
7642     0.285247
7643     0.060131
7644     0.453124
7645    -0.670113
7646    -0.178121
7647    -1.650637
7648    -0.117897
7649    -0.110844
7650     0.405909
7651     0.170438
7652    -0.298850
7653    -0.545609
7654     0.448002
7655    -0.878993
7656    -0.021211
7657    -0.507197
7658    -1.925315
7659    -0.665523
7660     0.969013
7661     0.752614
7662    -0.092213
7663     0.054503
7664    -0.955627
7665    -0.880891
7666    -2.639756
7667     3.294517
7668     1.296772
7669    -0.299336
7670     0.273776
7671     0.186557
7672     0.674848
7673     0.823279
7674    -0.289317
7675     1.020984
7676    -0.235350
7677     0.653859
7678    -0.855668
7679     2.631179
7680    -1.200460
7681     0.737643
7682     1.788630
7683     0.293681
7684     0.430159
7685     1.353637
7686     1.177731
7687     0.292122
7688     1.534026
7689    -0.405157
7690     0.140854
7691     1.575477
7692    -0.187037
7693    -0.000289
7694    -2.369916
7695     1.151848
7696    -0.610625
7697    -1.466197
7698    -0.844036
7699    -0.089906
7700     1.004716
7701     1.405352
7702     0.225731
7703     1.157582
7704     0.535630
7705     0.581634
7706    -0.580125
7707     0.851536
7708    -0.645192
7709    -1.351244
7710     0.630991
7711     0.103716
7712     0.747704
7713     0.269139
7714    -0.329830
7715    -1.351705
7716    -1.617500
7717     0.642096
7718    -2.788506
7719     0.735774
7720     0.328888
7721     1.027871
7722    -1.513913
7723    -0.117293
7724    -0.628227
7725     0.715425
7726    -0.765804
7727    -0.344062
7728    -1.669057
7729     0.103666
7730     1.569401
7731     0.240254
7732    -0.048049
7733     0.514065
7734    -1.136941
7735    -0.139707
7736    -1.091093
7737    -1.349300
7738    -0.839814
7739    -0.302032
7740     0.715582
7741     0.175328
7742     1.503372
7743    -0.903502
7744    -0.069225
7745     2.191353
7746    -1.335568
7747    -0.508023
7748     1.241792
7749     0.708600
7750    -0.477080
7751     1.157221
7752    -0.182770
7753    -0.153089
7754    -1.239317
7755     0.347101
7756    -0.091546
7757    -1.243038
7758    -0.100983
7759    -0.212225
7760     1.665459
7761    -1.180524
7762     0.087957
7763     0.980261
7764    -0.830782
7765     0.223187
7766    -0.828849
7767     1.490579
7768     1.133972
7769    -1.950982
7770     0.689759
7771    -0.040635
7772     0.764835
7773    -0.759499
7774     0.845501
7775    -1.690744
7776    -1.180784
7777    -0.323832
7778    -1.678242
7779     1.799508
7780    -0.631024
7781     1.285204
7782    -0.822191
7783    -0.251670
7784    -0.348518
7785     0.323114
7786     0.785053
7787    -1.152577
7788    -1.440027
7789    -0.022568
7790     0.713943
7791     1.302638
7792    -0.204597
7793     0.460716
7794    -1.267319
7795    -0.250679
7796    -0.934134
7797     1.134001
7798    -0.014804
7799    -0.897756
7800     2.208647
7801    -0.121285
7802    -0.010137
7803     0.498215
7804    -0.231396
7805     1.849295
7806    -0.907835
7807    -0.068441
7808     0.211222
7809    -0.002458
7810     0.026551
7811     0.233247
7812    -0.863781
7813    -0.434240
7814     0.930088
7815     0.717508
7816    -0.359818
7817     0.660643
7818     0.046549
7819    -0.182398
7820    -0.306263
7821    -0.039223
7822    -0.376686
7823     0.230687
7824     0.424809
7825    -0.482533
7826    -0.854775
7827     2.301372
7828     1.537916
7829    -1.935635
7830    -0.634614
7831    -0.433819
7832     0.580746
7833    -0.146015
7834     1.234411
7835    -2.122273
7836    -1.604068
7837    -0.587746
7838     0.358864
7839     1.312634
7840     0.197668
7841     0.603981
7842    -1.672367
7843    -0.701574
7844     1.078990
7845     1.052515
7846     1.671262
7847    -0.626677
7848    -2.674882
7849    -0.231141
7850     0.561782
7851     0.919968
7852     0.232343
7853     0.265878
7854    -1.856129
7855    -0.339406
7856    -0.175535
7857     0.558986
7858    -0.349667
7859    -1.534128
7860     2.568815
7861     0.763579
7862    -0.328269
7863     0.800845
7864    -0.091690
7865     0.756925
7866    -0.309359
7867     1.053441
7868    -0.067523
7869     0.375647
7870     0.696547
7871    -0.099858
7872     0.051630
7873    -1.392597
7874     0.433098
7875     0.602544
7876     0.254235
7877     0.484387
7878    -1.574939
7879     0.895395
7880    -0.475618
7881     0.507868
7882    -0.487186
7883    -0.098997
7884     1.048699
7885    -1.292905
7886     1.149270
7887     3.778578
7888     0.146135
7889    -1.536833
7890    -0.318749
7891    -1.308341
7892     0.328893
7893     0.866106
7894     0.136408
7895    -1.692681
7896    -0.944613
7897    -2.021484
7898     0.586403
7899     0.073823
7900     0.908394
7901     0.156717
7902    -0.382071
7903    -1.725471
7904     1.169211
7905    -0.958187
7906     2.045013
7907    -0.735864
7908    -2.363626
7909     0.515002
7910    -0.019586
7911     0.909106
7912     0.894493
7913     0.342943
7914    -0.500751
7915    -0.420718
7916    -0.263890
7917    -1.008418
7918     0.431750
7919    -0.088726
7920    -0.654133
7921     0.903538
7922     0.034398
7923    -0.637737
7924     0.928857
7925     0.391456
7926    -0.588753
7927     0.916572
7928     0.118660
7929    -0.913581
7930     0.696301
7931    -0.343101
7932    -0.732564
7933    -2.840302
7934     1.427024
7935     2.403121
7936    -0.543541
7937     0.261325
7938     0.591531
7939    -0.213291
7940    -0.161913
7941    -0.109807
7942     0.272680
7943    -0.200098
7944     0.115587
7945    -2.534720
7946     0.671745
7947     3.733430
7948     0.374066
7949    -1.187171
7950    -1.396334
7951     0.046020
7952    -0.135901
7953     1.136973
7954     1.136917
7955    -1.486736
7956    -1.309180
7957    -0.165202
7958     0.444965
7959     0.924212
7960    -0.094646
7961    -0.129086
7962    -0.192349
7963    -0.139900
7964     0.777301
7965     0.461859
7966     0.316476
7967    -0.909673
7968    -1.531172
7969     0.548813
7970     0.366126
7971    -0.613292
7972     0.321375
7973     0.190277
7974    -0.826475
7975    -0.527406
7976    -0.308124
7977     0.767077
7978     0.597392
7979     0.178527
7980    -1.282544
7981     0.621851
7982    -0.139723
7983    -1.077099
7984     0.259341
7985     0.340309
7986    -0.510571
7987     0.101848
7988     0.276723
7989    -0.425861
7990     0.634375
7991    -0.373492
7992    -0.098741
7993    -1.214803
7994     1.645782
7995     3.092630
7996    -0.037992
7997     0.004224
7998     0.022992
7999    -0.014407
8000    -0.402373
8001    -0.106453
8002    -0.227969
8003    -0.221766
8004    -0.285937
8005    -2.830628
8006     1.492946
8007     4.425549
8008    -0.143360
8009    -1.070577
8010    -1.271967
8011     0.199952
8012    -0.113107
8013    -0.097021
8014     1.281876
8015    -1.543584
8016    -1.247629
8017     0.274890
8018     0.437189
8019    -0.364256
8020     0.452868
8021    -0.367223
8022    -0.539674
8023    -0.722781
8024     0.849435
8025     0.949533
8026     0.886316
8027    -1.032117
8028    -1.218903
8029    -0.244337
8030     0.453000
8031    -0.402914
8032     0.507787
8033    -0.016687
8034    -0.179068
8035     0.040498
8036    -0.427670
8037    -0.166429
8038     0.174674
8039     0.208711
8040    -0.498182
8041     0.081604
8042     0.399666
8043    -1.148626
8044     0.567632
8045     1.297770
8046     0.359769
8047    -0.201535
8048     0.937588
8049    -0.074159
8050     0.294369
8051    -0.641766
8052    -0.415584
8053    -0.873607
8054     1.070085
8055     3.367345
8056    -0.180628
8057    -0.310424
8058     0.080950
8059    -0.097010
8060    -0.994104
8061    -0.332559
8062    -0.141346
8063    -0.101401
8064     0.332154
8065    -1.088069
8066     0.441538
8067     3.514445
8068    -0.823253
8069    -0.660394
8070    -1.804370
8071     0.010112
8072    -0.350542
8073     0.028575
8074     0.775342
8075    -1.378839
8076    -1.384001
8077    -0.007192
8078     0.097884
8079    -0.562784
8080     0.075617
8081    -0.498927
8082    -0.671677
8083     0.541155
8084     1.475943
8085     2.057974
8086     0.693330
8087    -1.441458
8088    -1.423005
8089    -0.500996
8090     1.099416
8091     0.005709
8092     0.697326
8093    -0.655043
8094    -1.878677
8095    -0.220031
8096    -0.830886
8097    -0.380883
8098     0.397180
8099     1.043894
8100     0.329406
8101     0.103481
8102     0.268459
8103    -0.832354
8104    -0.797147
8105     1.998211
8106     0.305571
8107    -0.898790
8108     0.921558
8109    -0.231910
8110     0.850631
8111    -0.780874
8112    -0.375157
8113    -0.229900
8114     0.966467
8115     3.459638
8116     0.122460
8117    -0.531121
8118    -0.071284
8119     0.579531
8120    -0.886999
8121     0.127949
8122    -0.471396
8123    -0.263852
8124     0.040140
8125    -0.317842
8126     0.344379
8127     3.464560
8128    -1.284277
8129    -0.132247
8130    -0.910112
8131     0.774658
8132    -0.479043
8133    -0.793999
8134     0.430619
8135    -1.436715
8136    -1.338796
8137    -0.144286
8138    -0.152288
8139    -1.129288
8140     0.675371
8141    -0.680229
8142    -0.829918
8143    -0.554451
8144     1.651407
8145     1.697762
8146     0.675020
8147    -1.284782
8148    -0.796723
8149    -0.830299
8150     0.867531
8151    -0.254060
8152     1.343345
8153    -0.531525
8154    -1.229234
8155     0.442641
8156    -0.947723
8157    -0.410198
8158    -0.469371
8159     1.089386
8160     0.107412
8161     0.367243
8162    -0.481347
8163    -0.706867
8164    -1.469232
8165     1.307476
8166    -0.132064
8167    -1.241075
8168     0.260659
8169    -0.169955
8170     1.275326
8171     0.182610
8172     0.283204
8173    -0.288297
8174     0.450453
8175     3.494277
8176     0.929285
8177    -0.302964
8178    -0.511860
8179     0.936331
8180     0.488244
8181     0.359838
8182    -0.086376
8183    -0.513601
8184     0.062891
8185    -0.433645
8186     0.989962
8187     3.023347
8188    -1.715960
8189     0.325905
8190    -0.705154
8191     1.204372
8192    -1.188753
8193    -0.076100
8194     0.639595
8195    -1.463044
8196    -0.986222
8197     0.040837
8198    -0.096911
8199    -0.923945
8200     0.949284
8201     0.499346
8202    -0.513060
8203    -2.063930
8204     1.039393
8205     0.021976
8206     0.466591
8207    -0.177584
8208    -0.280192
8209    -1.118791
8210     0.189425
8211    -0.160085
8212     1.842252
8213    -0.264593
8214    -0.481204
8215     1.188245
8216    -0.898059
8217    -0.207677
8218    -1.422052
8219    -0.346618
8220    -1.391147
8221    -0.073038
8222    -0.095891
8223    -0.603580
8224     0.763387
8225     0.220636
8226     0.780643
8227    -0.748162
8228     0.823822
8229     0.339545
8230     0.205211
8231     1.028388
8232     1.213455
8233    -0.273034
8234     0.594391
8235     0.811332
8236    -0.119289
8237    -0.593728
8238     0.554766
8239    -0.683197
8240     1.980419
8241     0.940566
8242     1.523380
8243    -0.957410
8244     0.994674
8245    -0.593669
8246     1.251505
8247    -0.599364
8248    -1.944716
8249     1.111607
8250    -0.914190
8251     1.362134
8252    -1.545615
8253     0.576530
8254     1.004213
8255    -2.257643
8256    -1.684228
8257     0.205008
8258    -1.080082
8259     0.635242
8260     0.013247
8261     1.154773
8262     0.577811
8263    -0.101696
8264    -0.748873
8265     0.872933
8266    -0.632015
8267     1.144793
8268    -1.720684
8269    -1.073357
8270     1.578002
8271    -0.658699
8272     0.680057
8273    -0.223702
8274    -0.430059
8275     0.304966
8276    -1.208282
8277     0.219199
8278     0.180570
8279    -2.177108
8280    -1.905892
8281     0.407806
8282    -0.369164
8283    -0.310888
8284     0.242727
8285    -0.400348
8286    -0.553282
8287    -0.493462
8288    -0.295831
8289    -0.428774
8290    -0.386701
8291     2.587722
8292     1.540231
8293    -0.512865
8294    -1.497141
8295    -0.590197
8296    -0.140781
8297     0.345531
8298     0.534052
8299    -0.314881
8300     2.380551
8301     1.512957
8302     1.095041
8303    -1.263410
8304    -0.141916
8305    -0.316509
8306    -1.532247
8307    -0.929361
8308    -1.111793
8309     0.226985
8310    -0.777047
8311     1.205505
8312    -1.367749
8313    -0.013695
8314     0.765753
8315    -0.491212
8316    -0.476734
8317    -0.089915
8318     0.111313
8319     0.411348
8320    -0.307568
8321     2.600007
8322     1.451042
8323    -0.440595
8324    -1.304939
8325    -0.559690
8326     0.204970
8327    -0.198620
8328    -1.022200
8329    -0.287491
8330     0.296527
8331    -0.253685
8332    -0.302529
8333     2.347378
8334     1.323449
8335    -0.091395
8336     0.287711
8337     0.366237
8338     0.874682
8339    -2.463065
8340    -1.081847
8341     0.533821
8342    -0.001280
8343    -0.081305
8344     1.037679
8345    -0.573659
8346    -0.334237
8347     0.312888
8348    -0.669669
8349    -0.090546
8350     0.103311
8351     1.567441
8352     0.217151
8353    -0.716551
8354    -2.017417
8355    -0.552748
8356    -0.749986
8357     1.166092
8358     0.569877
8359     0.140870
8360     2.051435
8361     0.630916
8362     0.543795
8363    -0.393267
8364     1.698435
8365    -0.322979
8366    -1.779824
8367    -0.269183
8368    -0.666845
8369    -0.006379
8370    -0.711203
8371     0.402579
8372    -0.647853
8373     1.384841
8374    -0.502744
8375     1.059765
8376     0.564484
8377    -0.702965
8378     0.973039
8379     0.785476
8380     0.050454
8381     1.702755
8382     0.104348
8383    -0.711409
8384    -1.928427
8385    -0.977169
8386     0.444331
8387    -0.211099
8388    -2.095855
8389     0.751674
8390    -0.357724
8391    -0.522676
8392     0.408658
8393     1.668550
8394     0.284797
8395    -0.613443
8396     1.335138
8397     1.062184
8398     0.256864
8399    -2.937619
8400    -1.667585
8401     0.022419
8402     0.139989
8403    -0.851170
8404     0.000032
8405    -0.203380
8406    -2.219946
8407    -0.201896
8408    -0.297072
8409    -1.051357
8410    -0.178797
8411    -0.363007
8412     0.224490
8413    -0.131351
8414    -0.381925
8415     0.147066
8416    -0.476979
8417     1.010464
8418     1.367467
8419     0.009397
8420     1.113556
8421     1.151829
8422    -0.697721
8423     1.635179
8424     1.083329
8425     0.011281
8426    -0.358517
8427    -0.080993
8428    -0.373221
8429    -0.058016
8430    -0.731003
8431    -0.503719
8432     0.437218
8433     0.988156
8434    -0.524104
8435     1.501985
8436     0.899876
8437    -0.362844
8438     1.021994
8439     1.735591
8440     0.154616
8441    -0.065760
8442     0.563406
8443     0.110810
8444    -0.851466
8445    -0.227561
8446     0.865821
8447    -0.609095
8448    -2.996598
8449     1.610311
8450    -2.108009
8451    -0.169777
8452    -0.040697
8453    -0.200885
8454     0.076087
8455    -0.509225
8456     1.245084
8457     1.680035
8458     1.215868
8459    -2.608337
8460    -1.588926
8461     0.326128
8462     0.027066
8463    -1.267057
8464    -0.525622
8465    -0.074969
8466    -1.206429
8467    -0.299655
8468    -0.302323
8469    -1.368863
8470    -0.214605
8471    -0.128420
8472    -0.513406
8473    -0.190424
8474    -0.299628
8475     1.478815
8476     0.313633
8477    -0.035962
8478     2.825675
8479     0.238220
8480     1.346920
8481    -1.077193
8482     1.014746
8483    -0.344850
8484     0.233892
8485    -0.586549
8486     0.200770
8487     1.322592
8488     0.080221
8489    -0.261448
8490    -1.566449
8491     0.312847
8492    -0.769432
8493     0.161600
8494     0.345560
8495     0.685497
8496     1.782473
8497     0.484310
8498     0.192377
8499     2.237345
8500    -0.422400
8501     1.020817
8502    -0.556233
8503    -0.343717
8504    -0.571839
8505     1.281578
8506    -0.129445
8507     0.126874
8508    -2.565041
8509     0.333606
8510    -0.549899
8511    -0.572989
8512    -0.674301
8513     0.625383
8514    -1.553503
8515     0.434502
8516     0.508376
8517     2.157457
8518    -0.497053
8519    -1.395309
8520    -1.234265
8521     0.393928
8522    -1.016699
8523    -0.975585
8524     0.023250
8525    -0.809378
8526    -0.606311
8527    -0.110916
8528    -0.798290
8529    -1.034331
8530     0.195841
8531    -0.657563
8532    -0.096277
8533    -0.006410
8534    -0.660626
8535     1.259071
8536    -0.068307
8537    -0.155728
8538     2.095305
8539    -0.209014
8540    -0.517223
8541    -1.339969
8542     0.442228
8543    -1.528282
8544    -0.247436
8545     0.469695
8546     1.693191
8547     2.172661
8548    -0.016036
8549     2.250508
8550    -1.319083
8551     0.051596
8552    -1.125473
8553    -0.203532
8554    -0.441354
8555     2.273300
8556     0.904529
8557     0.241842
8558    -0.942932
8559     1.557746
8560    -0.173050
8561    -0.151043
8562    -0.419688
8563    -0.303405
8564     1.212900
8565     0.961827
8566     0.312981
8567     1.728649
8568    -1.288065
8569    -0.088599
8570    -0.408232
8571    -1.079734
8572     0.085537
8573    -0.610770
8574    -0.542102
8575     0.045000
8576    -1.083197
8577     1.564419
8578    -0.844805
8579     1.306886
8580    -1.363446
8581     0.022520
8582    -0.094536
8583    -0.519875
8584    -0.210916
8585    -0.729616
8586     0.336722
8587    -0.455861
8588    -0.552793
8589     0.242582
8590     0.184833
8591    -0.404717
8592    -0.165516
8593    -0.359678
8594     1.374658
8595    -0.731546
8596     0.165484
8597    -1.146922
8598     2.593751
8599    -0.205083
8600     0.015424
8601    -2.202462
8602    -0.594806
8603     0.456641
8604     0.469977
8605     0.556958
8606     0.733524
8607     4.502948
8608     0.667734
8609    -0.170203
8610    -1.088920
8611    -0.015041
8612    -0.952332
8613     0.160329
8614     0.387103
8615    -0.621755
8616    -0.113232
8617     0.506660
8618     0.130372
8619    -0.072412
8620    -0.254302
8621    -0.036247
8622     0.237014
8623     0.196654
8624    -0.191363
8625     0.493627
8626     0.450392
8627     0.218894
8628    -0.164691
8629    -0.645715
8630     0.005865
8631    -0.089411
8632    -0.261130
8633     0.031012
8634     0.214232
8635     0.401106
8636     0.191441
8637    -1.068001
8638    -0.536912
8639     1.742655
8640    -3.035116
8641     0.391103
8642    -0.667344
8643     0.099328
8644    -0.138210
8645    -0.912716
8646     0.493554
8647    -0.424410
8648    -0.113280
8649     0.725332
8650     0.200466
8651     0.393172
8652     0.584921
8653     0.699515
8654    -0.703468
8655     0.013148
8656    -0.551534
8657    -0.493606
8658     1.712334
8659     0.638771
8660    -0.370530
8661    -0.126316
8662    -0.267177
8663    -0.217460
8664     0.589439
8665    -0.251023
8666    -0.733507
8667     1.494586
8668    -0.621276
8669     3.054343
8670    -1.360653
8671    -0.001187
8672    -0.588934
8673     0.648997
8674    -0.176968
8675     0.333366
8676    -0.143072
8677     0.426586
8678    -0.743831
8679    -1.376667
8680     0.095047
8681    -0.002713
8682     1.153391
8683     0.426343
8684    -0.804147
8685     0.623219
8686    -0.708449
8687     1.995717
8688    -1.626507
8689     0.100416
8690    -0.563999
8691     0.766268
8692     0.063343
8693    -0.052979
8694     0.770172
8695     0.706322
8696    -0.893456
8697    -1.866166
8698    -0.607678
8699     2.085370
8700    -3.175308
8701     0.155249
8702    -0.628873
8703     0.723359
8704    -0.308330
8705    -0.754403
8706     0.805626
8707    -0.273043
8708     0.028304
8709     0.706188
8710     0.277430
8711    -0.213247
8712     0.752982
8713    -0.443517
8714     0.988615
8715     0.743744
8716     0.576624
8717    -0.033878
8718    -0.080812
8719     0.313474
8720    -0.109212
8721     0.469826
8722    -0.245034
8723    -0.255691
8724     0.603390
8725     0.236008
8726    -0.271934
8727     0.891489
8728     0.966107
8729     2.151351
8730    -3.870265
8731     0.020267
8732    -0.640973
8733     0.755606
8734     0.674068
8735     0.365744
8736    -2.908247
8737    -0.397504
8738    -0.147244
8739     0.243812
8740     0.306978
8741    -0.413627
8742     1.088859
8743     0.418076
8744    -0.639595
8745     0.743031
8746    -1.218097
8747     1.637670
8748    -1.185709
8749     0.076257
8750     0.046804
8751     0.866397
8752     0.054520
8753     0.075794
8754     1.154671
8755    -0.473334
8756    -0.216626
8757     0.177287
8758    -0.716199
8759    -0.968979
8760    -2.681234
8761     0.313690
8762    -1.070265
8763     0.128383
8764    -0.332196
8765    -1.026224
8766     0.160095
8767     0.017211
8768    -0.449969
8769     0.430762
8770     0.297526
8771    -0.168224
8772     0.383381
8773     0.360460
8774    -1.030744
8775     0.011441
8776     0.404680
8777     0.613816
8778     0.975494
8779     0.589897
8780    -0.203991
8781     0.381335
8782    -0.288627
8783    -0.184256
8784     0.387586
8785    -0.474106
8786    -0.280934
8787    -1.745705
8788    -0.261552
8789     5.225505
8790    -2.660155
8791     0.147667
8792    -0.962019
8793    -0.082982
8794    -0.080291
8795     2.095096
8796    -0.075372
8797    -0.141317
8798    -0.083737
8799     0.157432
8800     0.127589
8801    -0.162965
8802     1.245705
8803     0.168519
8804     0.012718
8805     0.035406
8806    -0.396504
8807    -0.718440
8808     0.603673
8809     0.327194
8810    -0.491108
8811    -0.433576
8812     0.383309
8813    -0.721701
8814    -0.070766
8815    -0.106645
8816    -0.394638
8817     0.560426
8818    -1.056505
8819     0.002081
8820    -0.392564
8821     0.158336
8822     0.162534
8823     0.290481
8824    -0.206012
8825    -0.033918
8826     0.197621
8827    -0.493122
8828     0.525536
8829     0.925551
8830     0.220120
8831     0.033394
8832     0.445129
8833    -0.482659
8834    -1.112688
8835     0.656134
8836     0.474435
8837    -0.144805
8838     0.597254
8839     0.482076
8840     0.295972
8841     0.371614
8842    -0.216791
8843    -0.788414
8844     0.521339
8845     0.124659
8846     0.020914
8847    -1.706841
8848     0.995711
8849     2.755659
8850    -3.113211
8851    -0.305374
8852    -0.070888
8853     0.694427
8854    -1.597288
8855    -3.837259
8856     0.496592
8857    -0.758049
8858    -0.579357
8859     0.527821
8860     0.486916
8861     0.070212
8862     0.522960
8863     0.430404
8864    -0.776462
8865    -0.012504
8866     0.487500
8867     1.133806
8868    -0.548567
8869    -0.043390
8870     0.176231
8871     0.229988
8872    -0.155610
8873     0.051267
8874     0.658136
8875    -0.340037
8876     0.644180
8877     0.732060
8878     0.738177
8879     1.474085
8880    -2.485984
8881     0.060356
8882    -0.238937
8883     0.883481
8884     0.123202
8885    -0.061575
8886     0.481635
8887    -0.067661
8888     0.353379
8889     0.450329
8890     0.224619
8891    -0.170773
8892     0.582478
8893     0.608243
8894     1.457699
8895     1.277150
8896     0.426245
8897    -0.114968
8898     0.644251
8899     0.249329
8900    -0.126896
8901     0.784229
8902     0.713628
8903     0.933791
8904     0.254145
8905     0.082164
8906     0.266487
8907    -2.212350
8908    -1.508678
8909    -0.971517
8910    -0.314612
8911    -0.001614
8912    -0.134382
8913     0.626086
8914    -0.816116
8915    -1.847576
8916    -1.782283
8917     0.261764
8918     1.083989
8919     1.863215
8920     0.291375
8921    -0.179434
8922     0.569623
8923     0.663488
8924    -0.405769
8925    -0.018386
8926    -0.841887
8927     1.030111
8928    -4.790790
8929     0.157809
8930    -0.001857
8931     0.674338
8932    -0.098389
8933    -0.347889
8934     0.673403
8935    -0.005877
8936     0.210997
8937     1.211155
8938    -0.521999
8939    -0.734881
8940    -1.857098
8941     0.458916
8942     0.658846
8943    -0.023864
8944     0.598195
8945     0.907951
8946     0.318157
8947     0.484077
8948     1.134900
8949     0.039985
8950     0.600443
8951     0.518937
8952     0.118161
8953     0.011057
8954    -0.121335
8955     1.080471
8956     0.661400
8957     0.517801
8958    -0.039081
8959     0.605500
8960     0.432360
8961     0.021150
8962     0.536405
8963     0.634832
8964     0.882124
8965     0.268730
8966     0.553403
8967    -0.939863
8968    -1.568965
8969    -2.006737
8970    -1.528396
8971     0.515039
8972     0.759205
8973     0.101417
8974    -0.926115
8975    -1.895993
8976     0.170530
8977     0.330125
8978     0.482979
8979    -0.070472
8980     0.574559
8981     0.391268
8982     0.194101
8983    -0.628251
8984    -1.202641
8985     2.253232
8986    -1.046810
8987    -1.056920
8988    -3.242277
8989     0.533404
8990     0.455980
8991    -0.306445
8992     0.414013
8993     0.315671
8994    -0.263909
8995     0.542300
8996     0.922860
8997    -0.199059
8998    -2.964021
8999    -2.403368
9000     1.434039
9001    -0.197906
9002     1.722962
9003    -0.771235
9004    -0.108316
9005     0.956984
9006     1.100920
9007     0.447848
9008     0.563998
9009     0.668405
9010     0.502316
9011     0.067526
9012     0.802040
9013     0.673043
9014    -0.162456
9015    -0.161450
9016     0.607263
9017     0.093156
9018     0.553109
9019     0.490808
9020     0.341110
9021     0.369477
9022    -0.507536
9023     2.044867
9024    -0.133667
9025     0.378400
9026     0.262141
9027    -0.438986
9028    -0.720073
9029    -2.232933
9030    -1.386733
9031    -0.213579
9032     0.892222
9033     0.879921
9034    -1.251529
9035    -1.818057
9036     1.381755
9037     0.502394
9038     0.119432
9039     0.316835
9040     0.475969
9041    -0.113745
9042     0.928105
9043    -0.178868
9044    -0.606322
9045     1.109221
9046    -0.667588
9047    -0.403135
9048    -3.821026
9049     0.544178
9050     0.042541
9051     0.214815
9052     0.451620
9053    -0.013935
9054     0.163023
9055     0.430219
9056     0.863828
9057     0.060127
9058    -1.658665
9059    -2.620185
9060    -1.834655
9061    -0.956650
9062     1.619442
9063    -0.255438
9064    -0.875667
9065     0.956133
9066     1.156582
9067     0.241512
9068     0.865617
9069     0.876525
9070     0.246297
9071     0.182092
9072     0.636859
9073     1.377274
9074     0.659793
9075    -0.647792
9076     0.290784
9077     0.049521
9078     0.774954
9079     0.134826
9080    -0.145230
9081     1.101880
9082    -2.134471
9083     1.294546
9084    -0.089506
9085     0.287121
9086     0.504880
9087    -0.632852
9088     0.518076
9089    -1.651244
9090    -2.293068
9091    -1.024620
9092     0.891154
9093     1.018535
9094     0.212080
9095    -1.131158
9096    -1.051071
9097     0.144317
9098    -0.022387
9099     0.773744
9100     0.339446
9101     0.033363
9102     0.902348
9103    -0.200896
9104    -0.335941
9105     0.034562
9106     0.154271
9107    -0.583273
9108    -3.153913
9109     0.371515
9110    -0.467655
9111     1.099979
9112     0.270825
9113    -0.607236
9114     1.133917
9115    -0.128292
9116    -0.283138
9117     1.351404
9118     0.732254
9119    -1.829280
9120    -2.737649
9121    -0.198175
9122    -0.591618
9123     0.638223
9124    -2.307313
9125     0.112052
9126     0.426981
9127    -0.630958
9128     0.064477
9129     0.670614
9130    -0.090122
9131    -0.037416
9132     0.690040
9133     1.102716
9134     0.685655
9135    -0.384739
9136    -0.182005
9137    -0.387634
9138     0.801701
9139    -0.365900
9140    -0.155866
9141     0.934643
9142    -1.781102
9143    -0.174377
9144     0.628082
9145    -0.165705
9146    -1.088410
9147    -0.236391
9148     1.611255
9149    -0.005725
9150    -2.214251
9151    -1.877087
9152    -0.117366
9153     0.850181
9154     0.632826
9155    -0.088068
9156    -0.958332
9157    -0.096218
9158    -0.300750
9159     0.918171
9160    -0.439045
9161    -0.262099
9162     0.677613
9163     0.577651
9164     0.958854
9165    -0.039677
9166     2.893551
9167     0.196627
9168    -2.375243
9169    -0.068918
9170     0.128485
9171     0.655131
9172    -0.180974
9173     0.045794
9174     0.682844
9175    -0.345397
9176     0.581378
9177     0.852772
9178     1.910921
9179     0.436008
9180    -3.218364
9181     0.073287
9182    -0.880595
9183     0.460018
9184    -1.726876
9185    -0.509693
9186     0.366425
9187    -1.033122
9188    -0.071952
9189     0.780528
9190    -0.046950
9191     0.135065
9192     0.614425
9193     0.821838
9194     0.353205
9195    -0.170718
9196    -0.043648
9197     0.319787
9198     0.558510
9199    -0.023839
9200    -0.278582
9201     0.738828
9202    -1.470175
9203     0.483333
9204     0.577656
9205    -0.226575
9206    -1.079246
9207    -0.033038
9208     1.735050
9209     0.598386
9210    -2.087434
9211    -1.368219
9212    -0.987196
9213     0.684093
9214     0.922011
9215     1.534720
9216    -1.338159
9217     0.008170
9218     0.181157
9219     0.778081
9220    -0.702485
9221    -0.591078
9222     0.763849
9223     0.708212
9224     0.892545
9225    -0.085955
9226     2.047105
9227    -0.571590
9228    -1.794137
9229    -0.801757
9230    -0.865509
9231     0.833667
9232    -0.545488
9233    -0.496260
9234     0.797173
9235    -0.592348
9236     0.324848
9237     0.924986
9238     2.265810
9239     1.508654
9240    -3.368798
9241     1.402752
9242    -0.917433
9243    -1.000237
9244    -0.398462
9245    -0.534380
9246    -0.469228
9247     0.299687
9248    -0.204652
9249     0.219152
9250     1.265601
9251    -0.031715
9252    -0.077023
9253     0.627042
9254    -0.117086
9255     0.878443
9256     1.251033
9257     0.137775
9258    -0.282322
9259     1.196615
9260    -0.478739
9261     0.145832
9262    -1.484081
9263    -0.302250
9264    -0.090382
9265     0.903012
9266    -1.087109
9267     0.495137
9268    -0.616783
9269     0.518467
9270    -0.281072
9271    -1.004817
9272    -1.704620
9273     0.301828
9274    -0.906944
9275     1.260030
9276     0.362877
9277     0.245810
9278    -0.581479
9279    -0.036522
9280     0.533020
9281    -0.697566
9282     0.547545
9283    -0.035316
9284     0.610773
9285     1.579453
9286    -2.774226
9287     1.523211
9288     0.065433
9289     0.378839
9290    -0.934809
9291    -1.164063
9292     0.838080
9293    -0.520490
9294     0.096871
9295     0.495347
9296     0.030593
9297    -0.344801
9298    -2.216210
9299     4.031477
9300    -0.946922
9301     0.504597
9302    -0.658250
9303    -0.702727
9304    -0.863628
9305    -0.124323
9306    -1.243421
9307     0.910862
9308    -0.986343
9309     0.458134
9310     0.993410
9311     0.201002
9312     0.085870
9313     1.428373
9314     0.091220
9315     0.357100
9316     1.073097
9317    -0.037260
9318     0.002324
9319     0.857146
9320    -0.291029
9321     0.349035
9322    -0.648975
9323    -0.489440
9324    -1.108028
9325     1.164528
9326    -0.642737
9327    -0.257628
9328    -1.057885
9329     0.793162
9330    -0.687081
9331    -0.754648
9332     0.404278
9333    -1.573170
9334     0.222894
9335    -0.067086
9336     1.438585
9337    -0.323830
9338    -0.163013
9339    -0.317479
9340     0.982852
9341    -1.020753
9342     0.442132
9343     0.544598
9344     0.254376
9345     2.034406
9346    -1.802355
9347     0.754407
9348     0.065349
9349    -1.325267
9350    -1.205060
9351     0.243972
9352     1.158301
9353    -1.233152
9354     0.509555
9355    -0.504581
9356     0.381068
9357    -0.095593
9358    -2.559491
9359     4.038931
9360    -0.001335
9361    -0.688337
9362     0.291528
9363    -1.998156
9364    -0.514499
9365    -0.371541
9366    -0.901539
9367    -0.521949
9368    -0.032079
9369    -1.139064
9370    -0.644135
9371    -0.181855
9372    -0.456222
9373     1.390187
9374    -0.425003
9375     1.354981
9376     1.116856
9377    -0.490895
9378     0.974280
9379    -0.576977
9380    -0.153956
9381    -0.720182
9382    -0.539936
9383    -0.523721
9384    -1.121169
9385     0.444017
9386    -0.833963
9387    -0.213598
9388     0.325105
9389     0.824708
9390    -0.801525
9391    -0.620172
9392    -0.396824
9393    -0.576981
9394     0.330447
9395    -0.682708
9396     2.190443
9397     0.730186
9398    -0.188906
9399     0.259958
9400    -0.704097
9401    -0.671154
9402    -0.466996
9403     0.662485
9404    -0.184416
9405     1.705867
9406     0.096000
9407     0.328312
9408     1.215057
9409    -0.444226
9410    -0.330095
9411    -0.887267
9412    -0.612931
9413    -0.488654
9414    -0.855133
9415    -0.047284
9416     0.091985
9417    -0.317977
9418     0.819260
9419     4.419236
9420     2.755225
9421    -1.121935
9422     0.229023
9423    -0.398010
9424    -1.237396
9425     0.538827
9426    -0.254898
9427    -1.186460
9428     0.493401
9429    -0.519901
9430    -1.222819
9431     0.436818
9432    -0.470868
9433     1.339391
9434    -0.771279
9435    -0.419545
9436    -0.144983
9437     0.426458
9438     0.444161
9439    -1.184150
9440     0.416228
9441    -0.545368
9442    -1.291500
9443     0.508098
9444    -0.499935
9445     1.518468
9446    -0.202676
9447     2.647111
9448     0.879784
9449    -0.427609
9450    -1.578324
9451    -1.225308
9452     0.397337
9453    -0.411183
9454     1.385259
9455    -0.641728
9456    -0.477247
9457     1.490003
9458    -1.346602
9459     1.726527
9460    -1.285351
9461     0.396264
9462    -0.679344
9463     1.278390
9464    -0.903249
9465    -0.219293
9466     0.999634
9467    -1.030425
9468     0.004975
9469    -1.239846
9470     0.486624
9471    -0.488217
9472    -1.267739
9473     0.427937
9474    -0.469651
9475     1.567781
9476    -1.067213
9477     1.615762
9478     1.948777
9479     1.633767
9480     0.993246
9481    -0.564556
9482    -1.389840
9483     0.215817
9484    -0.630280
9485    -1.202178
9486    -0.136672
9487    -0.395797
9488    -1.231634
9489    -0.283228
9490    -0.394250
9491    -1.297567
9492    -0.202621
9493     0.562903
9494     1.225589
9495    -0.219242
9496     0.646573
9497    -0.893373
9498     1.477903
9499    -0.703342
9500    -1.211154
9501    -0.147780
9502    -0.413359
9503    -1.225278
9504    -0.232620
9505     0.780481
9506     1.890898
9507     0.724256
9508    -0.009909
9509     2.090787
9510    -1.877882
9511    -0.496323
9512    -1.326620
9513    -0.224295
9514     0.386365
9515     1.429557
9516    -0.592019
9517     0.545839
9518     0.789337
9519     1.325540
9520    -0.715355
9521    -1.295980
9522    -0.289498
9523     0.496618
9524     1.730480
9525    -1.042974
9526     0.108731
9527     1.469002
9528    -1.277644
9529    -0.381748
9530    -1.258852
9531    -0.142731
9532    -0.575001
9533    -1.274687
9534    -0.178316
9535     0.504421
9536     0.828323
9537     1.291341
9538     1.247986
9539     2.153190
9540     1.812663
9541     0.037091
9542     0.356839
9543     0.379763
9544    -0.754351
9545    -0.009240
9546     0.814396
9547     0.396967
9548     0.173621
9549    -0.076554
9550     0.063635
9551     0.014070
9552    -0.037359
9553    -0.018784
9554    -1.126049
9555    -0.130322
9556    -0.037486
9557     0.808449
9558     1.490876
9559    -0.082982
9560    -0.079164
9561     1.047523
9562     0.405741
9563     0.152575
9564     0.146655
9565    -0.517827
9566    -0.578156
9567     0.102341
9568     1.668335
9569     1.761868
9570    -2.784031
9571     0.033345
9572    -0.201990
9573     0.071145
9574     1.306808
9575     0.965178
9576    -0.676857
9577    -1.978705
9578    -2.353768
9579     1.370717
9580     0.249649
9581    -0.351495
9582     0.745748
9583     0.158383
9584     0.704971
9585    -1.923625
9586     0.487626
9587     0.090197
9588    -1.220810
9589     0.414783
9590     0.310694
9591     0.084322
9592     0.069388
9593    -0.033052
9594     0.715886
9595    -1.965913
9596    -2.484610
9597     1.501782
9598     0.064296
9599     1.879063
9600    -1.621595
9601    -0.831567
9602    -0.320106
9603     0.598366
9604    -0.321592
9605     1.392004
9606    -1.589608
9607    -0.010699
9608    -0.251228
9609     0.599564
9610    -0.130031
9611     0.437989
9612     0.589638
9613     0.382120
9614    -1.647489
9615     0.525844
9616     0.133092
9617     0.180109
9618    -0.232375
9619     0.382043
9620    -0.332745
9621    -0.542939
9622    -0.102385
9623    -0.982699
9624    -0.488905
9625    -0.018610
9626    -0.162880
9627    -0.056092
9628     0.281389
9629    -0.441298
9630     0.762503
9631     0.103410
9632     0.010684
9633     0.625781
9634     0.676447
9635    -0.289982
9636     0.676163
9637    -0.511810
9638    -1.985523
9639     0.902770
9640     0.626941
9641    -1.073111
9642    -0.334515
9643    -0.629965
9644     1.920980
9645    -2.663927
9646     0.205138
9647     1.047701
9648     0.715347
9649    -0.267436
9650    -0.290537
9651     0.025002
9652     0.416106
9653    -0.442651
9654    -1.039958
9655     0.634009
9656    -0.882120
9657     0.846689
9658    -1.016600
9659     4.112904
9660     0.080652
9661    -1.576781
9662    -0.085092
9663     0.292594
9664     1.159557
9665    -1.256421
9666     0.865337
9667    -0.160196
9668    -0.794145
9669     1.175088
9670    -0.574038
9671     0.254057
9672    -0.098912
9673     0.529911
9674     0.201850
9675     0.615951
9676     0.117258
9677    -0.022129
9678    -0.953237
9679     0.283591
9680    -0.021038
9681    -1.137101
9682     0.133866
9683     2.263119
9684     0.507643
9685    -0.566840
9686    -0.244566
9687    -1.111103
9688    -0.135099
9689    -0.671465
9690     0.887263
9691    -0.170619
9692     0.925639
9693     0.264252
9694     0.281461
9695     0.275332
9696     0.201568
9697    -1.400203
9698    -0.729276
9699     1.095787
9700     0.514529
9701    -0.551302
9702    -0.377389
9703     0.710199
9704     0.536112
9705    -1.858928
9706     0.485843
9707    -1.686880
9708     0.162795
9709    -0.256707
9710     1.476365
9711     0.364654
9712     0.735946
9713     0.347145
9714    -0.437660
9715    -0.638788
9716    -0.136114
9717    -0.851011
9718     0.527109
9719    -0.081191
9720     0.392409
9721    -1.210042
9722    -0.567579
9723    -0.392120
9724     1.516582
9725     1.496589
9726     1.128920
9727     0.388769
9728    -0.394478
9729    -0.176758
9730    -0.362220
9731     0.314970
9732    -0.490515
9733     0.884743
9734    -0.233153
9735    -0.079139
9736     0.141364
9737    -0.153656
9738    -1.031262
9739     0.096931
9740     0.247317
9741    -0.056818
9742     0.475684
9743     0.892197
9744    -0.691448
9745    -0.431573
9746     0.525688
9747    -0.777912
9748    -0.868107
9749    -1.934300
9750     0.138534
9751     0.560590
9752     1.719035
9753    -0.073429
9754     0.089067
9755    -0.510729
9756    -0.528995
9757    -0.332807
9758     0.698877
9759     0.540004
9760     0.032901
9761    -0.444420
9762     0.303573
9763    -0.281406
9764    -0.202367
9765    -0.366946
9766     0.376987
9767    -1.052017
9768     0.949364
9769    -0.369559
9770     0.071122
9771    -0.268220
9772     0.150098
9773     0.324572
9774     1.003360
9775    -0.352920
9776     0.727888
9777    -0.612945
9778    -0.505081
9779    -1.525557
9780     1.482752
9781     0.323435
9782     0.749667
9783     0.504813
9784     0.000737
9785     2.609460
9786     0.289495
9787     0.657330
9788    -0.545637
9789     0.225602
9790     0.559741
9791    -0.001692
9792     0.346868
9793     0.362400
9794     0.709625
9795    -0.742102
9796     0.036933
9797    -0.033357
9798    -0.856698
9799    -0.045427
9800     0.214091
9801    -0.071690
9802     0.892270
9803     0.840603
9804    -0.276071
9805    -1.020003
9806    -1.096020
9807    -1.050950
9808     0.248616
9809    -1.716881
9810     1.504478
9811     0.818823
9812     1.434293
9813     0.124454
9814    -0.200416
9815    -0.038450
9816    -0.729301
9817    -0.353196
9818     0.310274
9819     0.437384
9820     0.048001
9821    -0.523699
9822     0.189342
9823     0.287861
9824    -1.405107
9825     0.173898
9826    -0.135452
9827    -1.603927
9828     0.113615
9829    -0.197141
9830     1.338133
9831    -0.568339
9832    -0.161219
9833     0.916479
9834     0.272285
9835    -0.306589
9836    -0.673272
9837    -0.309132
9838    -1.816702
9839    -1.484581
9840     0.422050
9841     0.108686
9842    -0.401188
9843     0.940575
9844    -0.816253
9845    -2.416657
9846     0.388555
9847     0.758241
9848    -0.484424
9849    -0.393921
9850     0.345405
9851    -0.219522
9852     0.757391
9853     0.812131
9854     0.465583
9855    -0.923358
9856    -0.195941
9857    -0.158439
9858    -0.144005
9859    -0.326512
9860    -0.003613
9861     0.573253
9862     0.823736
9863     0.707254
9864     0.298559
9865    -1.160492
9866    -1.025069
9867    -0.700393
9868     1.286284
9869     0.461431
9870    -1.773583
9871     0.710950
9872     0.040658
9873     0.374764
9874    -0.156012
9875     1.357127
9876    -0.574468
9877    -0.446312
9878     0.365318
9879     0.699913
9880    -0.068438
9881     1.609391
9882     0.757651
9883     0.962151
9884     0.275936
9885    -0.021245
9886    -0.240909
9887    -0.303470
9888     0.366350
9889    -0.568957
9890     0.934020
9891     0.155291
9892    -0.332288
9893     0.982041
9894     0.657986
9895    -0.385377
9896    -0.871660
9897    -0.137245
9898    -1.110093
9899    -1.314717
9900    -1.302070
9901    -0.008502
9902     0.835003
9903    -0.790216
9904     0.903498
9905     0.667090
9906     2.486331
9907    -0.068023
9908    -0.255517
9909    -1.635679
9910    -0.052071
9911     0.059345
9912    -0.233910
9913     0.250220
9914    -0.315671
9915    -1.077845
9916    -0.173249
9917    -0.272147
9918    -0.353364
9919     0.078786
9920     0.346403
9921     0.788519
9922     0.175418
9923     0.061216
9924     0.004599
9925    -0.505520
9926    -1.121311
9927    -0.035842
9928    -0.070393
9929    -2.567265
9930    -0.658053
9931     0.418477
9932     0.638942
9933    -0.841056
9934    -0.330953
9935    -0.408984
9936     0.616837
9937    -0.865531
9938    -0.379017
9939     0.426652
9940    -0.082130
9941     2.213281
9942    -0.268502
9943     0.105265
9944    -0.747103
9945    -0.667100
9946    -0.302846
9947    -0.432449
9948    -0.028320
9949    -0.541961
9950    -0.298121
9951     0.783518
9952     0.363634
9953     2.047044
9954     0.362662
9955    -0.499646
9956    -0.313077
9957    -0.739376
9958     1.205528
9959     0.242335
9960     1.860144
9961    -0.093391
9962    -0.010336
9963    -0.459211
9964     1.041206
9965     0.151353
9966    -0.459310
9967    -0.540936
9968    -1.577983
9969    -0.150187
9970    -0.114037
9971    -0.411554
9972     0.190672
9973     0.025913
9974    -0.527392
9975     0.067346
9976     0.004972
9977     0.800128
9978     0.393868
9979     0.022504
9980    -1.169067
9981    -0.416442
9982     0.098768
9983    -0.275201
9984    -0.142708
9985    -0.238691
9986     0.092608
9987     0.108416
9988     0.293043
9989    -0.400290
9990    -0.958099
9991     0.364972
9992    -0.605893
9993    -0.713233
9994    -0.382763
9995    -0.763923
9996    -0.593701
9997    -0.494265
9998     0.781148
9999    -0.091528
10000    -0.285758
10001     0.804437
10002    -0.026765
10003     0.050230
10004    -0.107781
10005     0.280973
10006    -0.305975
10007    -0.863280
10008    -0.104968
10009    -0.323242
10010    -0.599623
10011    -0.195359
10012     0.520170
10013     0.309276
10014    -1.088111
10015    -0.374854
10016     1.024795
10017     0.069055
10018     0.732135
10019     3.348577
10020     4.289291
10021    -0.619234
10022    -0.333029
10023    -0.233430
10024    -1.137117
10025    -0.601001
10026    -0.382418
10027    -0.351230
10028    -0.644118
10029    -0.819652
10030    -0.297057
10031    -0.669412
10032     0.849990
10033     1.066460
10034     0.919411
10035    -0.751882
10036     1.440829
10037     1.387078
10038    -0.021161
10039    -1.593056
10040    -1.603577
10041     0.289498
10042    -1.110050
10043    -0.881495
10044     0.226843
10045     1.764665
10046     1.175001
10047    -0.318144
10048    -1.316462
10049    -1.281447
10050     0.313000
10051    -0.514109
10052    -0.879583
10053    -0.117986
10054     2.025467
10055     0.635809
10056     0.481837
10057     1.455170
10058     1.416531
10059    -0.069544
10060    -0.934335
10061    -0.732470
10062     0.767905
10063     1.365812
10064     1.110984
10065    -0.740882
10066    -1.634211
10067    -1.092146
10068    -0.045261
10069    -0.874899
10070    -0.824984
10071     0.163879
10072    -0.581113
10073    -0.972215
10074     0.349268
10075     1.167527
10076     1.425101
10077     0.080000
10078     0.676942
10079     2.445565
10080    -0.021861
10081    -0.263317
10082     0.627276
10083    -0.758551
10084    -0.845188
10085    -0.478235
10086    -0.781031
10087    -0.079898
10088     0.436285
10089    -0.700626
10090    -0.346440
10091     0.099403
10092    -1.219309
10093     0.075426
10094    -0.852263
10095    -0.354419
10096     0.402469
10097     0.731839
10098    -0.315064
10099    -1.321445
10100    -1.344647
10101    -1.363147
10102    -0.769260
10103    -0.162024
10104    -0.675823
10105     1.414550
10106     1.450503
10107     1.276549
10108    -1.117417
10109    -1.949181
10110     0.051312
10111    -0.097263
10112     0.671968
10113    -0.770768
10114     0.418733
10115    -1.464209
10116     0.213024
10117     1.129414
10118     1.699246
10119     0.925537
10120     0.730662
10121     2.200661
10122     0.773388
10123     0.307335
10124    -1.059877
10125     0.151930
10126    -1.124543
10127    -2.432946
10128     0.919108
10129    -0.437558
10130     0.030414
10131     0.012196
10132     0.703693
10133     1.670319
10134     0.656404
10135     1.193099
10136     1.945920
10137     1.302465
10138     0.026949
10139    -1.820452
10140     0.656824
10141    -0.925642
10142     0.255545
10143    -0.137587
10144    -0.741757
10145    -0.109956
10146    -0.510955
10147     0.658345
10148     0.506787
10149    -0.293919
10150    -1.006159
10151     0.155817
10152    -1.081624
10153    -0.205264
10154    -0.028072
10155    -1.428970
10156     0.291456
10157     0.796193
10158    -0.582666
10159    -1.781614
10160    -1.033919
10161    -0.173277
10162    -0.576143
10163     0.027568
10164    -0.243853
10165     1.261141
10166     1.069264
10167     0.713749
10168    -1.299617
10169    -0.718425
10170    -0.794901
10171     0.542448
10172     0.505087
10173    -0.090731
10174    -2.291253
10175    -1.927926
10176     0.440602
10177     1.380868
10178     1.339563
10179     0.047004
10180     2.160472
10181    -0.215805
10182     2.650282
10183    -0.251157
10184    -0.222158
10185    -0.805705
10186     0.244556
10187    -0.709934
10188    -0.791457
10189    -0.284793
10190     0.148872
10191     0.165702
10192     1.535550
10193    -0.441563
10194     2.612562
10195     1.971394
10196     1.500120
10197     0.101373
10198    -0.682831
10199    -0.897059
10200     0.204369
10201    -0.487217
10202     0.300727
10203     0.473288
10204    -0.773843
10205    -0.288030
10206    -0.469145
10207     0.698843
10208     0.290796
10209     0.268972
10210    -1.539362
10211     0.192614
10212    -2.469978
10213     0.042787
10214     0.282144
10215    -0.572270
10216    -0.094258
10217     0.630678
10218    -0.660881
10219    -1.027437
10220    -2.468956
10221    -0.031614
10222    -0.803065
10223    -0.364770
10224    -0.475435
10225     1.548562
10226     0.781560
10227     1.441017
10228    -1.320119
10229    -0.681445
10230    -0.686608
10231     0.167961
10232     0.260128
10233    -0.215960
10234    -0.443006
10235    -3.698429
10236     0.908789
10237     0.956483
10238     0.956258
10239     0.119633
10240     1.145667
10241     1.032780
10242     0.662104
10243    -0.246420
10244    -0.052264
10245    -0.357485
10246     0.307106
10247     0.056978
10248    -0.208614
10249    -0.443229
10250    -0.351031
10251     0.034067
10252     1.155408
10253     1.691578
10254     1.283447
10255     1.641067
10256     2.231102
10257     0.339102
10258    -0.485928
10259    -0.802419
10260     0.617571
10261     0.745166
10262     1.076467
10263     0.290507
10264    -1.159185
10265    -0.917481
10266    -0.077318
10267     0.742136
10268     0.139149
10269     0.637749
10270    -2.125753
10271    -1.742262
10272    -3.078614
10273     0.472975
10274     0.768892
10275    -0.077371
10276    -0.055115
10277    -0.983246
10278    -1.097007
10279    -0.541223
10280    -0.303390
10281     0.284261
10282    -0.916096
10283     0.048249
10284     0.206443
10285     1.955255
10286     0.958839
10287     1.479114
10288    -0.342422
10289     0.180442
10290    -0.352004
10291    -0.107516
10292    -0.330340
10293     0.151705
10294    -0.023856
10295    -2.088526
10296     1.249491
10297     1.566314
10298     1.654873
10299     0.331492
10300    -1.531393
10301    -0.801036
10302    -0.594466
10303     0.728048
10304     0.464460
10305    -0.216988
10306     1.797528
10307     1.479363
10308    -0.776972
10309    -0.749395
10310    -0.985428
10311     0.321171
10312    -1.187789
10313    -0.486901
10314    -0.333560
10315     0.932761
10316     1.335482
10317     0.646801
10318    -0.200440
10319     0.532393
10320     1.005565
10321     0.987433
10322     0.853515
10323    -0.076515
10324    -0.625598
10325     0.246623
10326    -0.159083
10327     1.023527
10328     0.391687
10329    -0.162202
10330    -2.145336
10331    -1.071833
10332    -0.507476
10333     0.738912
10334     1.298484
10335    -0.972023
10336     0.427672
10337     0.700384
10338     0.283866
10339    -0.338271
10340    -0.771903
10341    -0.060227
10342    -0.542184
10343    -0.267154
10344     0.343037
10345     1.976746
10346     1.262317
10347     0.230599
10348    -2.593817
10349    -2.244244
10350    -0.250924
10351     0.396263
10352     0.429324
10353    -0.203480
10354    -0.020522
10355    -0.482889
10356     0.249403
10357     1.748175
10358     0.881292
10359     0.304356
10360    -1.122062
10361    -1.094838
10362     0.848760
10363    -2.051231
10364    -1.970273
10365    -0.202933
10366     1.889412
10367     0.926814
10368    -1.310128
10369    -0.227428
10370     0.014744
10371     0.133305
10372    -1.044206
10373    -1.357506
10374     0.684932
10375     1.309863
10376     1.625154
10377     0.051856
10378     0.212651
10379     0.630299
10380     0.774876
10381     0.437626
10382     0.849356
10383    -0.319817
10384    -0.907975
10385    -0.112674
10386    -0.264541
10387    -0.421051
10388     0.227610
10389    -0.466682
10390    -1.524054
10391    -1.293143
10392    -1.554540
10393     0.457781
10394     1.412575
10395     0.487325
10396     0.238634
10397     0.440897
10398     0.979006
10399    -1.527447
10400    -1.452372
10401    -1.062564
10402    -0.510161
10403    -0.315456
10404    -0.724738
10405     1.258731
10406     1.464512
10407     0.930967
10408     0.100436
10409    -0.647764
10410     0.572136
10411     0.084753
10412     0.013599
10413     0.019637
10414     0.055771
10415    -1.186751
10416    -0.103352
10417     0.802730
10418     0.969006
10419     0.334004
10420    -1.901145
10421    -1.065799
10422    -0.927283
10423     0.350968
10424    -1.407516
10425     0.538297
10426     1.898451
10427     1.013041
10428     0.892140
10429    -0.677622
10430    -0.552362
10431     0.078520
10432    -1.896889
10433    -1.319175
10434    -1.378733
10435     2.212119
10436     1.962431
10437     1.033386
10438     1.468345
10439     0.999984
10440     0.936832
10441     0.008983
10442    -0.198478
10443    -0.369738
10444    -1.519329
10445    -1.091855
10446    -0.677145
10447    -0.958623
10448    -0.903030
10449    -0.166115
10450    -1.472764
10451    -1.819585
10452    -0.038500
10453     0.617570
10454     1.228882
10455     0.932102
10456     0.533977
10457     0.702035
10458     1.218663
10459    -1.452292
10460    -1.664801
10461    -0.370986
10462    -0.564768
10463    -1.251480
10464    -0.065991
10465     0.939469
10466     0.874687
10467     0.626423
10468    -0.265043
10469     0.153500
10470    -0.808899
10471    -0.151877
10472    -0.290363
10473    -0.602373
10474     0.717812
10475     0.230137
10476    -0.063684
10477     1.413779
10478     1.318767
10479     0.876622
10480    -1.686247
10481    -0.452450
10482    -0.326100
10483     0.612646
10484     0.414183
10485    -0.400134
10486     2.115208
10487     1.559054
10488    -0.281103
10489    -1.121177
10490    -1.215942
10491    -0.266269
10492    -1.663030
10493    -0.824219
10494    -0.359306
10495     1.932213
10496     1.453429
10497     0.401522
10498     1.963493
10499     1.777530
10500     0.741011
10501     0.270716
10502    -0.447766
10503    -0.689263
10504     0.137051
10505    -1.206108
10506    -0.890678
10507    -0.436415
10508    -0.448993
10509    -1.534528
10510     0.135270
10511    -1.360723
10512    -1.403329
10513     0.163908
10514     1.448191
10515     1.550200
10516     0.090351
10517     0.889751
10518     1.463746
10519     0.221607
10520    -1.441927
10521    -1.230952
10522     0.297793
10523    -1.200243
10524    -1.084898
10525    -0.482380
10526     0.973060
10527     1.077494
10528    -0.418529
10529    -0.352758
10530     0.059582
10531     0.527650
10532    -0.553825
10533    -0.794088
10534     1.084443
10535    -0.008093
10536     0.211285
10537    -0.362972
10538     1.424546
10539     1.694105
10540    -1.909323
10541    -0.688930
10542    -0.832873
10543     1.041782
10544     0.142296
10545     0.227499
10546    -0.152139
10547     1.386633
10548     1.965366
10549     0.098177
10550    -1.219572
10551    -0.995846
10552    -1.115431
10553    -0.924725
10554    -1.041874
10555    -0.104210
10556     1.760125
10557     0.381738
10558     0.912649
10559     1.829060
10560     1.867314
10561     1.078192
10562     0.658324
10563     0.170772
10564     1.111821
10565     1.131656
10566     0.777870
10567    -0.436574
10568     0.945036
10569     0.442388
10570     0.885381
10571    -0.767269
10572     0.667281
10573    -0.480933
10574     0.151531
10575     0.077459
10576    -0.597743
10577     0.051891
10578    -0.557990
10579     1.177701
10580     0.052700
10581    -0.014195
10582     1.197280
10583     0.328516
10584     0.202962
10585    -1.375202
10586    -0.335664
10587    -0.226702
10588    -0.653669
10589    -0.663575
10590    -0.244750
10591     1.580217
10592     0.630426
10593     0.283784
10594     2.075102
10595    -0.118591
10596     0.899918
10597    -1.230728
10598     0.013771
10599     0.327392
10600    -3.606038
10601    -1.479938
10602    -3.092103
10603     1.923123
10604     0.115415
10605     0.341259
10606    -1.315785
10607    -0.206912
10608    -0.125064
10609     0.939928
10610    -0.155372
10611     0.598376
10612    -1.266609
10613     0.335891
10614    -0.279091
10615    -1.025555
10616    -0.366386
10617    -0.547336
10618     0.020088
10619    -0.321450
10620     0.297770
10621    -0.051193
10622    -0.023407
10623     1.050784
10624    -0.666586
10625     0.408974
10626     0.239095
10627     2.782623
10628     3.249362
10629     3.236212
10630    -0.286903
10631    -1.234079
10632    -0.883612
10633     0.306073
10634     0.869428
10635    -0.380649
10636    -0.094950
10637    -0.131294
10638    -0.339168
10639     0.146522
10640    -0.740806
10641    -0.444941
10642     0.415782
10643    -0.365123
10644     0.325949
10645    -0.728115
10646     0.286872
10647    -0.786229
10648    -0.420235
10649    -1.482527
10650     0.411849
10651     0.498911
10652     0.019873
10653     0.010295
10654     0.528244
10655     0.414068
10656    -1.585859
10657    -0.937984
10658     0.540848
10659    -0.091374
10660    -0.461633
10661    -0.719410
10662     0.983024
10663     0.096316
10664    -0.211558
10665    -1.787470
10666    -0.487136
10667     0.204479
10668     0.024155
10669     0.171762
10670    -0.518810
10671     0.040661
10672    -0.625315
10673     0.832939
10674     0.244105
10675    -0.206298
10676    -0.598165
10677    -0.284959
10678     0.020116
10679    -0.801664
10680     0.018134
10681    -0.202293
10682     0.193872
10683     0.587609
10684    -0.254303
10685     1.100016
10686     0.205644
10687     1.558599
10688     0.837689
10689     1.676653
10690    -0.109009
10691     0.332392
10692    -0.319569
10693     0.375861
10694     0.237718
10695    -0.445749
10696    -0.175502
10697     0.733320
10698    -1.587166
10699     0.431910
10700    -0.010738
10701     1.101603
10702     0.251512
10703     1.387277
10704    -0.511502
10705    -0.470325
10706     0.464061
10707    -1.057940
10708    -0.437482
10709    -1.121008
10710    -0.557614
10711     0.487193
10712     0.715708
10713     0.251315
10714     0.225908
10715    -0.630769
10716    -0.739559
10717    -0.386369
10718    -0.903703
10719     1.147487
10720    -0.018186
10721     0.619916
10722     2.157062
10723     0.153561
10724    -0.698125
10725    -0.670518
10726    -0.309966
10727    -0.725694
10728     0.463561
10729    -0.043329
10730     0.670177
10731    -1.140780
10732    -0.531516
10733     0.757379
10734    -0.468263
10735    -0.053939
10736     0.617028
10737    -0.828368
10738    -0.492325
10739    -4.576515
10740     0.736092
10741    -0.225584
10742    -1.730460
10743     1.958428
10744     0.294284
10745     0.996069
10746     1.074605
10747     0.044076
10748    -0.994047
10749     1.559825
10750    -0.510035
10751    -1.098458
10752     0.136379
10753     1.108990
10754    -0.131477
10755    -0.238366
10756    -0.555068
10757     0.466890
10758    -2.033048
10759    -0.245052
10760     1.618588
10761     0.459075
10762     0.230174
10763    -0.286397
10764     0.617645
10765    -0.061392
10766    -0.285796
10767    -0.894727
10768     0.503952
10769    -0.356874
10770    -0.896817
10771     0.691534
10772     0.092645
10773     0.722872
10774     0.316737
10775    -0.070785
10776    -1.367863
10777    -0.290332
10778     2.020743
10779     0.247760
10780    -0.692169
10781     0.613140
10782     2.024114
10783    -0.274093
10784     0.023158
10785    -1.838301
10786     0.311407
10787     0.496555
10788     0.293343
10789    -0.218742
10790    -0.209520
10791    -1.128126
10792    -0.460292
10793    -1.158707
10794     0.725034
10795     0.065683
10796    -0.128904
10797    -0.586069
10798    -0.034077
10799     0.123636
10800    -0.835763
10801    -0.200966
10802    -0.694213
10803     1.068018
10804     0.222258
10805     0.858091
10806     1.236453
10807    -0.022851
10808    -0.493701
10809     0.473783
10810    -0.536047
10811     0.000791
10812     0.526310
10813     1.234262
10814    -1.185034
10815     0.731978
10816    -0.155132
10817    -0.639692
10818    -0.306439
10819    -0.600827
10820     0.285220
10821    -0.965279
10822     0.174340
10823    -0.238438
10824     0.495734
10825     0.301671
10826     0.320610
10827    -0.498089
10828     0.694135
10829    -0.888064
10830     1.044933
10831     0.691578
10832     0.817791
10833     0.827767
10834     0.397002
10835    -0.357400
10836    -0.207537
10837    -0.653773
10838     0.254829
10839    -1.035694
10840    -1.183504
10841     0.508541
10842    -0.405752
10843     0.170990
10844    -0.389607
10845    -0.045195
10846     0.160409
10847    -1.156369
10848     0.228053
10849     0.017930
10850     0.393969
10851    -0.189689
10852    -0.691852
10853     0.165332
10854    -0.066572
10855     0.140480
10856    -0.721182
10857     0.365909
10858    -0.160104
10859     3.158525
10860    -3.278692
10861     0.037496
10862    -0.159681
10863     1.442864
10864    -0.329547
10865    -0.798804
10866     0.418756
10867    -0.077466
10868    -0.211856
10869     0.518964
10870    -0.945227
10871     0.236343
10872     0.692070
10873     0.456033
10874    -0.142278
10875     0.698825
10876     1.404616
10877    -1.515079
10878    -0.083961
10879    -0.455115
10880    -0.140066
10881    -1.158333
10882    -0.152962
10883     0.420192
10884     0.859978
10885     0.441381
10886     0.852684
10887    -0.298569
10888     0.449316
10889    -0.369103
10890     1.331251
10891     0.092972
10892    -0.199827
10893     0.084194
10894     0.016417
10895     0.419204
10896    -0.047373
10897     0.072215
10898    -0.163542
10899    -0.913072
10900    -0.832488
10901    -0.012029
10902    -0.938300
10903     0.128788
10904    -0.001535
10905    -0.014985
10906     0.586047
10907    -0.091598
10908     0.798346
10909     0.661612
10910     1.049405
10911     0.106862
10912    -0.688816
10913     0.121061
10914    -0.107772
10915    -0.018638
10916    -0.280371
10917     0.491248
10918    -0.846633
10919     0.986881
10920    -3.880992
10921    -1.047840
10922    -0.696406
10923    -0.233209
10924    -0.870823
10925     0.671618
10926    -0.011971
10927    -0.363621
10928     0.709937
10929    -0.033023
10930    -1.312116
10931    -0.380350
10932     0.240036
10933     0.120000
10934    -0.214856
10935     0.327682
10936     1.348674
10937     0.112047
10938     0.423921
10939     0.445474
10940    -0.074243
10941     0.074951
10942    -0.895541
10943    -0.638540
10944    -0.131449
10945     0.435549
10946     2.140111
10947     0.200633
10948     0.367792
10949     0.182242
10950     1.437406
10951     0.552632
10952    -0.789678
10953     0.079040
10954     0.939437
10955    -0.654163
10956     1.440189
10957     1.090886
10958    -0.061047
10959     0.553345
10960    -0.008480
10961    -0.803901
10962    -0.350184
10963    -0.262672
10964     0.823718
10965    -0.199336
10966     0.291706
10967     0.097579
10968     0.327834
10969     0.795378
10970     0.244461
10971    -0.185754
10972    -0.919458
10973    -1.476312
10974    -0.769097
10975    -0.115616
10976     1.031030
10977     0.352566
10978    -0.591361
10979    -0.223247
10980    -3.543580
10981     0.363602
10982    -0.463805
10983    -0.332291
10984    -0.370014
10985    -0.019192
10986    -0.425381
10987     0.215589
10988     0.648219
10989     0.013024
10990     0.415423
10991    -0.128451
10992     0.082942
10993     0.704218
10994     0.513196
10995     0.190473
10996     0.124592
10997    -1.005176
10998     0.558087
10999    -2.070290
11000     0.392865
11001     0.302484
11002     0.407305
11003    -0.127238
11004    -0.032597
11005     0.025283
11006     0.065701
11007    -0.542489
11008     2.026342
11009    -1.837230
11010    -0.115510
11011    -0.999708
11012     0.125392
11013     0.086038
11014     0.274412
11015    -1.157200
11016     1.202445
11017    -1.860502
11018     0.783123
11019     0.850151
11020    -1.475620
11021     0.784523
11022     0.255048
11023    -0.146530
11024    -0.210622
11025    -0.552446
11026     0.559927
11027    -0.009716
11028     0.098977
11029    -0.584873
11030     0.447050
11031    -0.264676
11032    -1.936340
11033     0.803093
11034     0.212246
11035    -0.093676
11036     0.009938
11037    -0.054079
11038     4.420858
11039     0.385531
11040    -1.532449
11041    -1.151915
11042     1.837585
11043    -1.457416
11044    -0.544753
11045    -2.335325
11046     0.683556
11047     1.046393
11048    -0.670118
11049     0.988117
11050     0.038066
11051     1.055362
11052    -0.582632
11053    -0.629116
11054    -2.178253
11055     0.624236
11056    -1.458493
11057     2.730135
11058    -1.127005
11059     0.204133
11060     0.280636
11061     0.429829
11062    -1.369292
11063     1.748237
11064    -1.457688
11065    -0.189908
11066    -2.032195
11067     0.624693
11068     0.295338
11069    -0.276302
11070    -0.806048
11071     0.785019
11072     0.117262
11073     0.677572
11074     0.475795
11075     0.675320
11076     0.215812
11077     0.423029
11078     0.646808
11079     0.798083
11080     0.249409
11081    -0.111628
11082     0.481231
11083    -0.571091
11084    -2.499403
11085     0.652001
11086    -0.123843
11087     0.700413
11088    -0.781539
11089     0.887790
11090    -0.422574
11091     0.664727
11092     0.022859
11093     0.036578
11094     0.327162
11095     0.740453
11096     0.320277
11097     0.318670
11098     0.870126
11099     0.377186
11100    -1.273362
11101    -0.626571
11102     0.121252
11103     0.300407
11104     0.868100
11105     0.074000
11106    -1.133311
11107    -0.214917
11108    -0.559644
11109     0.008665
11110    -0.102739
11111    -0.414668
11112     1.355638
11113     0.864758
11114     0.855682
11115    -1.321911
11116     0.276773
11117     1.780114
11118    -1.294569
11119    -0.317902
11120    -0.804888
11121     1.198751
11122    -0.687816
11123     0.058139
11124     0.309595
11125     1.006392
11126    -0.005765
11127    -1.065398
11128     0.898481
11129    -0.984642
11130     2.406474
11131    -0.384057
11132    -0.811605
11133     1.050016
11134    -0.393621
11135     1.191055
11136    -1.372694
11137     1.062173
11138    -0.426766
11139     1.575436
11140    -1.057277
11141    -1.059956
11142     1.496174
11143     1.102607
11144     0.392647
11145    -1.206272
11146    -1.624323
11147     0.963017
11148    -1.562952
11149    -0.262009
11150    -1.192438
11151     1.279936
11152    -0.490245
11153    -0.995015
11154     1.140607
11155     0.995024
11156     1.466633
11157    -1.495251
11158    -0.912831
11159     0.352847
11160    -1.669340
11161    -0.473366
11162    -0.184466
11163    -0.772327
11164     0.364530
11165    -0.529960
11166    -1.404328
11167     0.494209
11168    -1.219654
11169    -0.647097
11170     0.458550
11171    -0.502272
11172     0.030286
11173     0.546647
11174     0.317158
11175    -1.641364
11176    -1.256590
11177     2.180639
11178     0.684786
11179    -0.058903
11180    -0.768008
11181    -0.455454
11182    -0.311074
11183     0.162171
11184    -1.427931
11185     1.017584
11186    -0.972280
11187    -0.305503
11188     0.709246
11189    -0.643788
11190     0.657500
11191    -0.453372
11192    -0.389094
11193    -1.025848
11194     0.050219
11195     0.418973
11196     0.472596
11197     1.230001
11198     0.208133
11199    -0.487400
11200    -0.591938
11201    -0.900502
11202    -0.391289
11203    -0.027918
11204    -0.075099
11205    -0.177081
11206    -0.764358
11207     2.017786
11208     3.066862
11209     0.283078
11210    -1.439271
11211    -0.146227
11212    -0.458629
11213    -0.924407
11214    -0.576525
11215     0.011100
11216     1.499344
11217     1.325340
11218    -0.769017
11219     1.744595
11220     3.221003
11221    -1.367498
11222    -0.297861
11223    -0.020569
11224     1.210580
11225    -0.125720
11226    -0.167989
11227    -0.704049
11228     0.210968
11229    -0.353189
11230    -0.937041
11231    -0.979715
11232    -0.402812
11233     1.305343
11234     1.670776
11235    -0.774662
11236    -0.904027
11237     1.035340
11238     0.431887
11239    -0.234823
11240    -0.649822
11241    -0.532808
11242     0.090573
11243    -0.770177
11244    -1.420540
11245     1.512369
11246     0.039418
11247    -0.358786
11248    -0.546632
11249    -0.185763
11250     1.603345
11251    -0.147104
11252    -0.109378
11253    -1.741139
11254    -0.803373
11255     0.182521
11256     1.357283
11257     3.156646
11258     1.969723
11259    -0.266598
11260    -0.781902
11261    -1.358742
11262    -0.867732
11263    -0.255288
11264    -0.623946
11265     1.016566
11266    -0.601116
11267    -0.026004
11268     1.291784
11269     0.211308
11270     0.348141
11271    -0.233492
11272    -0.377591
11273    -1.366409
11274    -0.873916
11275     1.896869
11276     0.987725
11277     0.730067
11278    -1.723245
11279     0.048924
11280     1.583301
11281    -0.636752
11282    -0.279461
11283    -0.953566
11284    -0.603154
11285    -0.066457
11286     0.156118
11287    -1.944325
11288     0.158674
11289    -0.091960
11290    -0.548764
11291    -1.011574
11292     0.707305
11293     0.982850
11294     1.316648
11295    -0.235854
11296     0.788693
11297     1.057423
11298    -1.044003
11299    -0.551033
11300    -0.766623
11301     0.938049
11302    -0.329475
11303    -0.578091
11304     0.646796
11305     1.274789
11306    -0.084626
11307    -0.713943
11308    -0.378017
11309    -0.213793
11310     0.423372
11311    -0.630718
11312    -0.200526
11313    -0.050625
11314    -0.421016
11315    -0.024019
11316     2.169350
11317     1.527718
11318     1.849989
11319    -2.163057
11320    -0.496723
11321    -1.345319
11322     0.556807
11323     0.139465
11324    -0.739564
11325     1.863089
11326     1.177696
11327     0.305366
11328    -0.696736
11329    -1.518687
11330     0.261617
11331     0.349046
11332    -0.233823
11333    -1.348793
11334     0.577409
11335     2.843670
11336     1.455376
11337    -2.155994
11338    -0.442393
11339     0.253753
11340    -0.281604
11341    -0.514812
11342     0.821914
11343    -0.757835
11344    -0.819760
11345    -0.485564
11346    -0.031411
11347    -2.404820
11348     0.402430
11349    -1.334011
11350    -0.375695
11351    -0.321406
11352    -0.204118
11353     0.314541
11354    -0.792117
11355     0.928551
11356     1.330594
11357     2.576144
11358    -0.514479
11359    -0.645117
11360    -1.012460
11361    -0.003396
11362    -0.202832
11363    -0.428982
11364    -0.275743
11365     1.722378
11366     0.586952
11367     0.859273
11368    -0.332656
11369    -0.399232
11370     1.531116
11371    -0.713491
11372    -0.074939
11373    -0.298219
11374    -0.371672
11375     0.102792
11376     1.647755
11377     1.673216
11378     1.023302
11379    -1.397785
11380    -0.543288
11381    -1.040991
11382    -0.584974
11383     0.434416
11384    -0.063930
11385     1.116116
11386     1.419969
11387     0.036777
11388    -0.112237
11389    -2.123786
11390    -0.318972
11391    -0.370304
11392    -0.209451
11393    -0.882822
11394    -0.721649
11395     3.104500
11396     0.723369
11397    -0.411302
11398    -0.742234
11399    -0.452266
11400     0.934649
11401    -1.818650
11402     2.061648
11403    -1.608422
11404    -0.244415
11405    -0.598078
11406    -0.148111
11407    -1.474534
11408     0.414734
11409    -1.905766
11410    -0.157998
11411    -0.289593
11412    -0.341878
11413     0.296832
11414    -0.381942
11415     0.836563
11416    -0.190669
11417     1.490412
11418     0.704121
11419    -0.419255
11420    -1.182709
11421    -0.100886
11422     0.141977
11423    -0.025861
11424    -0.800502
11425     0.265564
11426    -0.280779
11427     1.927952
11428    -0.070036
11429    -0.483142
11430     2.113834
11431    -0.580459
11432    -0.719606
11433     0.081107
11434    -0.187238
11435     0.593723
11436     1.830126
11437     1.942894
11438    -0.193350
11439    -0.854600
11440     0.100626
11441    -0.748831
11442    -1.349336
11443     0.429697
11444     0.050750
11445     1.541771
11446     0.681922
11447     0.761615
11448    -0.494414
11449    -1.687051
11450    -0.273274
11451    -0.749486
11452     0.584269
11453    -0.005324
11454    -1.929929
11455     2.268496
11456    -0.088272
11457     0.362648
11458     0.118029
11459    -0.102123
11460     0.885212
11461    -0.405734
11462     0.812891
11463    -0.437991
11464    -0.448549
11465     0.215941
11466     0.537261
11467    -0.748351
11468    -0.194454
11469    -1.444709
11470     1.296513
11471    -1.837230
11472     0.444159
11473    -0.766670
11474     0.693746
11475     0.608283
11476    -0.871391
11477     0.555135
11478    -2.365022
11479     0.753412
11480    -1.972210
11481     0.973614
11482     0.480839
11483    -0.161165
11484    -0.286179
11485    -0.554886
11486    -0.372276
11487    -0.360088
11488    -0.615911
11489     0.021711
11490     1.767228
11491    -0.915535
11492    -0.325647
11493     0.189615
11494    -0.209878
11495     0.317698
11496     2.109919
11497     0.533482
11498     0.677038
11499    -2.414815
11500     0.557264
11501    -0.565021
11502    -0.243384
11503     0.069283
11504     0.886998
11505     2.051411
11506     0.741702
11507     0.831039
11508     0.284601
11509    -1.394647
11510    -0.340894
11511    -0.106013
11512     1.626175
11513     0.007122
11514    -0.080836
11515     0.808774
11516     0.287863
11517    -2.559984
11518     0.064107
11519     0.461713
11520     1.332931
11521     0.848550
11522     1.387904
11523    -1.669605
11524    -0.493761
11525     0.133937
11526    -0.835897
11527    -1.677341
11528    -0.720163
11529     0.869868
11530     1.905787
11531    -0.576284
11532    -0.260793
11533    -0.685662
11534     0.257458
11535     0.537477
11536    -0.839283
11537     0.044856
11538    -1.000539
11539     1.381258
11540    -0.779649
11541     0.353255
11542    -1.826909
11543    -0.961470
11544     1.442673
11545    -0.136020
11546    -0.198505
11547    -0.495055
11548     0.437098
11549     0.362740
11550     0.875398
11551    -1.184650
11552    -0.593252
11553     0.320829
11554     0.418223
11555     0.342385
11556     1.428132
11557     0.002576
11558     0.167053
11559    -1.636069
11560     0.869676
11561    -0.314812
11562     0.085359
11563    -0.116520
11564     0.399056
11565     1.632184
11566     1.071647
11567     0.873287
11568    -0.742065
11569    -0.522216
11570    -0.149259
11571    -0.158959
11572     1.878668
11573     0.285728
11574    -0.230000
11575     1.532880
11576     0.637941
11577    -2.002975
11578    -2.864002
11579    -0.598950
11580     1.486782
11581     1.067579
11582     1.772661
11583    -2.064634
11584    -0.480539
11585    -1.022989
11586    -0.071166
11587    -1.190191
11588     0.149921
11589    -1.125347
11590     1.914214
11591    -0.222464
11592    -0.179297
11593    -0.766620
11594     0.417402
11595     0.693056
11596    -0.933207
11597    -1.010990
11598    -0.172190
11599     1.246347
11600    -0.098613
11601     0.206453
11602    -1.098723
11603    -1.755650
11604     0.183670
11605    -0.340024
11606    -0.770645
11607     0.336035
11608    -0.182901
11609     1.100301
11610     1.612424
11611    -0.993556
11612    -1.494719
11613     0.563067
11614     0.061170
11615     1.347934
11616     1.505733
11617    -0.072683
11618    -0.816113
11619    -0.792602
11620     0.992669
11621     0.816799
11622    -1.023366
11623     0.071004
11624     0.559632
11625     1.272291
11626     0.620227
11627     1.473582
11628    -0.180386
11629    -0.457371
11630    -0.023161
11631    -0.191070
11632     2.017625
11633     1.060085
11634    -0.863814
11635     0.608645
11636     0.530930
11637    -0.308858
11638    -2.083664
11639    -2.013903
11640     0.600003
11641     2.856818
11642     1.134970
11643    -0.761427
11644    -0.782635
11645    -0.885329
11646    -0.262917
11647    -0.679698
11648     1.092101
11649    -1.273587
11650     1.915426
11651     0.368564
11652    -0.584117
11653    -1.100280
11654     0.516353
11655     0.564153
11656    -0.760953
11657    -0.458827
11658    -0.228020
11659     0.632091
11660    -0.414328
11661    -0.079319
11662    -0.571545
11663    -1.148962
11664     0.224449
11665    -0.931436
11666    -1.653489
11667     0.260444
11668    -0.940613
11669     0.247090
11670     1.694271
11671    -0.355141
11672    -0.804111
11673     0.575394
11674    -0.477824
11675     1.317312
11676     1.382208
11677    -0.524829
11678    -1.341591
11679    -0.898358
11680     1.811599
11681     0.471014
11682    -0.400733
11683    -0.285680
11684     1.066902
11685     0.970811
11686     0.283105
11687     1.175711
11688    -0.153860
11689    -0.816565
11690     0.865593
11691    -0.894464
11692     2.464979
11693     0.792012
11694    -0.590233
11695    -0.472707
11696    -0.950825
11697    -0.542798
11698    -1.264113
11699    -1.390160
11700     0.998102
11701     0.935615
11702     1.314236
11703    -1.171851
11704    -1.058820
11705    -0.451955
11706    -0.407131
11707    -0.145710
11708     1.031902
11709     0.757271
11710     1.583858
11711     0.082914
11712     0.246500
11713    -0.681215
11714     0.255533
11715     0.493060
11716    -1.487848
11717     0.194641
11718    -0.258089
11719     0.701138
11720    -0.317548
11721     1.001913
11722    -1.432280
11723    -0.266404
11724    -0.518210
11725    -0.655279
11726    -1.383177
11727    -1.402210
11728    -0.432686
11729    -0.204645
11730     0.216343
11731    -1.244566
11732    -0.019309
11733    -0.113263
11734     0.106427
11735     0.632716
11736     1.346814
11737    -0.542077
11738    -1.019616
11739    -1.786685
11740     2.918727
11741    -0.394934
11742     0.134706
11743     0.025057
11744     0.625989
11745     1.440645
11746     0.472628
11747     0.617981
11748     0.328102
11749    -0.437069
11750     0.655029
11751     0.379904
11752     2.783856
11753    -0.036097
11754    -0.159308
11755     1.053231
11756    -1.476948
11757    -1.439108
11758    -2.462986
11759     0.159693
11760     0.910599
11761     0.540925
11762     0.686694
11763    -1.450703
11764    -1.020001
11765    -0.564094
11766     0.569116
11767     0.012431
11768     0.766687
11769     0.318470
11770     1.465320
11771     0.541467
11772     0.407896
11773    -0.433127
11774     0.201872
11775     0.230499
11776    -1.535977
11777    -0.408476
11778     0.371917
11779     0.776051
11780     0.201552
11781     0.963023
11782    -1.411332
11783    -0.830576
11784    -0.246527
11785    -0.694388
11786    -1.475866
11787    -0.924883
11788    -0.344124
11789    -0.301566
11790     0.274798
11791    -1.497942
11792    -0.914352
11793    -0.126586
11794     0.163299
11795     0.344416
11796     0.734291
11797    -0.615517
11798    -1.335787
11799    -1.947993
11800     2.908349
11801     1.144301
11802    -0.198885
11803     0.100270
11804     0.711628
11805     1.673711
11806     0.455186
11807     0.549896
11808    -0.335246
11809    -0.020492
11810     1.196290
11811     0.529044
11812     2.620264
11813     0.808882
11814    -0.310784
11815     1.262910
11816    -0.263269
11817    -0.766141
11818    -2.732104
11819    -1.059699
11820     0.234982
11821     0.489917
11822    -0.440854
11823    -0.394239
11824    -1.494896
11825    -0.586837
11826     0.921550
11827     0.815399
11828     1.299819
11829    -0.689592
11830     1.014833
11831     0.965890
11832     0.239022
11833    -0.502952
11834     0.053056
11835     0.534531
11836    -1.042236
11837    -0.110540
11838    -0.015797
11839     0.723363
11840     1.010899
11841     0.086988
11842    -1.352547
11843    -1.045732
11844     0.148148
11845    -1.009656
11846    -2.024660
11847    -0.139489
11848    -1.079978
11849    -1.009412
11850     1.179145
11851    -1.219822
11852    -1.415752
11853     0.381439
11854     0.594732
11855     0.162127
11856     0.811175
11857    -0.093173
11858    -2.629033
11859    -1.028287
11860     2.119256
11861     1.775124
11862    -0.598422
11863     0.438443
11864     1.613714
11865     0.326215
11866     0.987408
11867     0.660520
11868    -0.626564
11869     0.051114
11870     1.861942
11871    -0.225199
11872     1.691574
11873     1.326918
11874    -0.453968
11875     0.441643
11876     0.000903
11877    -0.604938
11878    -1.572424
11879    -1.468091
11880     0.148281
11881    -0.363154
11882     0.073397
11883    -1.234729
11884    -1.832512
11885    -0.913733
11886     0.034842
11887     1.383676
11888     1.211701
11889     0.366075
11890     0.314951
11891     0.784359
11892    -0.349187
11893    -0.789748
11894    -0.531374
11895    -0.013279
11896    -0.356727
11897     0.055619
11898     0.742540
11899     0.463337
11900     1.116856
11901     0.160396
11902    -0.876561
11903    -1.662893
11904     0.451626
11905    -1.536572
11906    -1.447447
11907    -0.966923
11908    -1.622651
11909    -1.417860
11910    -0.280586
11911    -1.532008
11912    -1.080426
11913    -0.245026
11914     0.941935
11915    -1.023284
11916     0.980950
11917     0.804146
11918    -0.099218
11919    -0.207668
11920     1.956372
11921     1.186195
11922    -0.122631
11923     0.422431
11924     2.370678
11925     0.535191
11926     1.371284
11927    -0.122430
11928     0.086636
11929     1.145449
11930     2.706220
11931     0.912345
11932     1.291321
11933     0.262238
11934    -0.546532
11935     0.262446
11936    -0.665654
11937    -0.604049
11938    -1.447415
11939    -0.802947
11940     0.300009

