1       0.640287
2      -0.489327
3       1.301287
4      -1.135788
5       1.816633
6      -1.356714
7      -1.152275
8       0.519493
9      -0.713104
10      0.596702
11     -0.162538
12      1.588023
13     -0.414115
14     -0.832454
15      0.222380
16      0.709332
17     -0.823181
18      0.734136
19     -0.548096
20     -0.097940
21     -1.159839
22      0.014443
23     -0.181903
24     -1.378809
25     -0.344016
26     -0.130330
27     -0.819924
28     -1.856160
29      3.137808
30     -0.546666
31     -0.697898
32      0.251388
33     -0.427742
34      0.400766
35     -0.880222
36      1.518892
37     -1.133118
38      0.525091
39     -0.974212
40      0.453933
41      0.206104
42     -1.115470
43     -1.001044
44     -0.679186
45      0.605063
46      0.482879
47     -0.628072
48      1.630778
49     -0.025465
50     -0.044062
51     -1.325856
52      1.180137
53     -0.013953
54      1.097053
55      1.530058
56     -0.434268
57      0.004271
58      2.299436
59     -1.059079
60      1.116452
61     -1.788958
62      0.578470
63      0.136642
64     -3.370253
65      1.045925
66     -0.959125
67      0.022966
68      0.242056
69      0.419836
70      1.985458
71     -1.430533
72      1.620022
73      0.910284
74     -0.377994
75     -0.889342
76     -0.445092
77      0.275210
78      0.262396
79      0.917061
80      0.005420
81     -0.266516
82     -0.219306
83      0.211945
84     -0.958684
85     -0.951871
86      0.329420
87     -0.338449
88     -1.377746
89      1.128137
90     -0.472769
91      1.065421
92     -0.000801
93      0.761722
94      1.302185
95     -1.507139
96      1.042986
97     -1.592499
98      0.134271
99      0.108560
100     0.601905
101    -0.463351
102     0.137827
103     0.631032
104     0.139035
105     0.823984
106     2.132206
107    -1.717243
108     1.458321
109     0.432644
110    -0.291654
111    -0.325245
112    -0.005602
113     1.233358
114    -1.559212
115     0.784174
116     0.529896
117    -0.113403
118    -1.034008
119    -0.064428
120    -0.889550
121    -1.476177
122     0.294719
123     0.438734
124    -2.888372
125     0.633501
126    -0.312172
127     1.860582
128    -1.420598
129     0.220300
130     1.124422
131    -0.846293
132     1.206865
133     0.397456
134    -0.361974
135    -1.255429
136    -0.899541
137    -0.299267
138    -0.792140
139     0.877735
140    -0.056531
141    -0.011923
142     0.453821
143     0.113184
144    -0.057959
145    -0.553219
146     0.031902
147     0.045304
148    -0.292198
149    -0.484594
150    -1.015963
151     0.162173
152     0.384426
153     0.273404
154    -0.273614
155    -0.497122
156    -0.172097
157    -1.738275
158     0.317198
159     0.473659
160     2.299976
161    -1.825655
162     0.188250
163    -0.547889
164     1.448941
165     0.554494
166     1.639778
167    -1.750461
168     1.216925
169    -0.298958
170     0.469150
171    -0.132167
172     1.486888
173     0.544343
174    -0.471177
175    -0.990363
176     2.669550
177    -1.060193
178    -0.344227
179     0.635582
180     0.663285
181     0.764728
182    -0.019512
183     0.429480
184     0.242341
185    -0.093237
186    -0.282998
187     1.300647
188    -0.424286
189     0.707620
190     0.391406
191    -1.149849
192     0.382352
193     0.710579
194    -0.316159
195    -0.335772
196    -0.215835
197    -0.393542
198    -0.177370
199     0.264535
200    -0.700227
201    -0.244625
202     0.825908
203    -0.321721
204     0.131184
205     0.310506
206    -0.381914
207     0.160919
208     0.481931
209    -1.063904
210    -0.724507
211    -0.126506
212    -0.658504
213    -0.355354
214     0.472937
215    -0.850165
216    -0.042021
217    -1.098364
218     1.121528
219     1.027888
220     0.976059
221    -1.068267
222     0.362050
223    -0.676456
224     1.376621
225     0.857047
226     1.289595
227    -0.904003
228     1.134115
229    -0.369668
230    -0.667713
231    -0.560521
232    -0.717883
233     1.408887
234    -0.026133
235    -1.608366
236     3.980381
237    -0.053352
238    -3.218095
239     1.125585
240    -2.390003
241     0.584358
242    -0.152331
243     0.131050
244     0.954065
245    -0.641913
246     0.945080
247     1.375771
248    -0.841319
249     0.788398
250     0.104609
251    -0.665035
252     0.846053
253     0.698125
254    -0.444087
255     0.083932
256    -0.204732
257    -0.792192
258     0.187357
259    -0.078411
260    -0.313210
261    -0.106870
262     0.912585
263    -0.625314
264     0.520783
265     0.582498
266    -0.992160
267     0.629699
268     0.311215
269     0.198775
270     0.262204
271     0.121648
272    -0.677017
273     0.746661
274     0.304424
275    -0.681773
276     0.322223
277    -1.002834
278     0.384625
279     1.059681
280     0.787578
281    -0.868310
282     0.644792
283    -0.953316
284     1.499723
285    -1.064803
286     0.747708
287    -0.149052
288     0.019865
289    -0.575154
290    -0.550705
291    -0.066181
292    -0.659701
293     1.777207
294    -3.309555
295    -1.074285
296     2.965993
297    -1.775020
298    -2.936150
299     1.568094
300    -0.865348
301     0.485158
302    -0.224464
303     0.208941
304     0.711354
305    -0.721534
306     0.457231
307     1.099747
308    -0.827059
309     0.502248
310     0.634316
311    -0.841740
312     0.492825
313     0.645769
314    -0.388233
315     0.413519
316     0.532033
317    -0.798389
318     0.399995
319    -0.163765
320    -0.098434
321     0.328488
322     0.616695
323    -0.514661
324     0.548997
325     0.627596
326    -0.678267
327     0.903834
328     0.185298
329    -0.174444
330    -0.109920
331     0.554667
332    -0.650445
333     0.740008
334     0.251960
335    -0.483930
336     0.538954
337    -0.315092
338    -0.054048
339     0.771909
340     0.641925
341    -0.718691
342     0.578411
343    -1.562133
344     1.623995
345    -0.679398
346     0.754450
347    -0.398978
348    -0.008024
349    -0.275268
350    -0.446037
351     0.319330
352    -1.805294
353     2.537267
354    -2.095232
355    -0.997513
356     2.368185
357    -0.821367
358    -2.621904
359     1.489904
360    -3.490748
361     0.615241
362    -0.405968
363     0.089916
364    -0.087778
365     0.016915
366     0.969295
367     1.148334
368    -0.659204
369     0.417735
370     0.639915
371    -1.021828
372     0.157560
373     0.678036
374    -0.485694
375     0.323339
376     0.092755
377    -0.844551
378     0.372845
379    -0.878524
380     0.477918
381    -0.225684
382     1.319817
383    -1.034114
384     0.110422
385     0.142006
386     0.133579
387     1.042361
388    -0.296376
389    -0.325191
390    -0.160635
391     1.141201
392    -0.936855
393     0.335973
394     0.715911
395    -1.071095
396     0.153387
397    -0.311741
398    -0.633265
399     0.873800
400     0.619613
401    -0.540409
402     0.279352
403    -1.952207
404     2.311127
405    -2.107249
406     0.801925
407    -0.706655
408     0.077555
409    -0.595589
410    -1.088589
411     0.203115
412    -1.425899
413     2.557495
414    -2.488049
415    -0.750977
416     2.630444
417     0.385943
418    -1.615664
419     1.625941
420    -0.810979
421     0.206833
422    -0.542752
423    -0.312541
424    -1.255532
425    -0.008259
426     0.517326
427     0.943880
428    -0.762599
429    -0.101796
430    -0.101723
431    -0.912839
432    -0.577571
433     0.489635
434    -0.671086
435    -0.222047
436     0.599882
437    -0.911976
438    -0.060510
439    -0.450985
440    -0.009682
441    -0.510736
442    -0.218387
443    -0.679586
444    -0.530205
445    -0.151350
446    -0.198226
447     0.170819
448     0.533628
449    -0.563037
450    -0.302568
451     0.182773
452    -0.765337
453    -0.681872
454    -0.235156
455    -0.863534
456    -0.325527
457    -0.611461
458    -0.717807
459     0.132832
460     0.667114
461    -0.701073
462    -0.206733
463    -1.244714
464     1.262438
465    -0.976004
466     0.049791
467    -0.732309
468    -0.087254
469    -0.781859
470    -0.960763
471    -0.634829
472    -0.992927
473     2.313740
474     0.501588
475     0.027332
476     2.372345
477     2.531458
478     2.343225
479     4.052343
480     1.676169
481     0.318279
482    -0.576013
483    -0.461085
484     0.048597
485     0.466131
486     0.221626
487    -0.083679
488    -0.732432
489    -0.873552
490     0.633602
491    -0.709210
492    -0.239290
493     0.444625
494    -0.656561
495    -0.640398
496    -0.206039
497    -0.858101
498    -0.815230
499     0.448173
500     0.206173
501    -0.318918
502     0.297210
503    -0.684351
504    -0.038972
505     0.289688
506    -0.128823
507    -0.173563
508    -0.668760
509    -0.463703
510    -1.137559
511     0.481272
512    -0.796339
513    -0.494580
514    -0.276771
515    -0.902588
516    -0.556675
517    -0.089160
518    -0.582612
519    -0.165668
520    -0.190156
521    -0.731119
522    -0.900000
523    -0.292294
524     1.314818
525    -1.116997
526    -0.589462
527    -0.754220
528    -0.747881
529     0.122097
530    -0.731057
531    -0.051011
532    -0.576151
533     2.010047
534     2.135444
535     0.040066
536     1.802012
537     2.912175
538    -0.151137
539     3.507947
540     3.462133
541     0.443903
542    -0.874801
543    -0.072162
544     0.450702
545     0.255904
546    -1.118366
547     0.317234
548    -1.029365
549    -0.208220
550     0.312751
551    -0.698355
552    -0.203001
553     0.385581
554    -0.828303
555    -0.138286
556    -0.053458
557    -1.016149
558     0.076625
559     0.413037
560     0.068047
561    -1.072834
562     0.307875
563    -0.917267
564    -0.002403
565     0.221728
566    -0.380590
567    -0.241096
568    -1.201721
569     0.750634
570     0.685973
571     0.372647
572    -0.930186
573    -0.094517
574    -0.181696
575    -1.086496
576    -0.100821
577     0.296706
578    -0.968296
579    -0.089079
580     0.142598
581    -0.960637
582    -0.017129
583    -0.089456
584     0.907340
585    -0.758606
586    -0.177735
587    -1.059070
588    -0.081001
589     0.308043
590    -0.980624
591    -0.248961
592    -0.284626
593     2.359008
594    -0.068011
595    -1.332799
596     3.089572
597     2.503771
598    -0.651314
599     4.299632
600     1.248121
601     0.344718
602    -0.338559
603    -0.399800
604     0.348095
605    -0.064579
606    -0.766481
607     0.313766
608    -0.408359
609    -0.438949
610     0.317425
611     0.263407
612    -0.639940
613     0.274613
614    -0.407533
615    -0.287987
616    -0.249455
617    -0.343436
618    -0.404230
619     0.278989
620     0.047303
621    -0.814359
622     0.196464
623    -0.300568
624    -0.416397
625     0.032909
626     0.255434
627    -0.837949
628    -0.884612
629    -2.460783
630     1.390686
631     0.255505
632    -0.552616
633    -0.448903
634    -0.431563
635    -0.553861
636    -0.466315
637     0.241013
638    -0.384251
639    -0.300552
640     0.201093
641     0.124633
642    -0.503193
643    -0.145807
644     0.447027
645     0.346862
646    -0.421073
647    -0.460956
648    -0.428577
649     0.174684
650    -0.629032
651    -0.528635
652     0.908208
653     0.363614
654     1.749882
655    -0.296274
656    -0.011448
657     2.928423
658    -1.458697
659     5.414562
660     1.266415
661     0.011902
662    -0.418564
663    -0.240734
664    -0.126991
665     0.087217
666    -0.431209
667     0.018345
668     0.199558
669    -0.626705
670     0.219181
671    -0.763026
672    -0.256091
673    -0.096300
674    -0.596854
675    -0.065595
676    -0.844528
677    -0.870598
678    -0.415323
679    -0.270000
680    -0.015807
681    -0.127420
682    -0.103243
683    -0.357473
684    -0.572486
685    -0.275278
686    -0.185394
687    -1.295830
688    -1.104459
689    -1.008407
690     1.104844
691    -0.213379
692    -0.663691
693    -0.018216
694    -1.224766
695    -0.848499
696    -0.524819
697    -0.182223
698     0.313672
699    -0.076646
700    -0.184417
701    -0.165646
702    -0.145142
703    -0.406154
704    -0.338333
705     0.943542
706    -1.228125
707    -1.033613
708    -0.451920
709    -0.190788
710    -1.103350
711    -0.652599
712     2.093450
713     1.395634
714     1.420115
715     1.854257
716     1.954650
717     1.691048
718     2.253517
719     4.418525
720     0.741186
721    -0.604032
722    -1.588872
723    -0.146674
724     0.024375
725     0.743701
726    -0.314304
727    -0.931489
728    -0.763748
729    -0.640935
730     0.414007
731    -1.486820
732    -0.618241
733    -0.317721
734    -0.893994
735    -0.114784
736     0.071980
737    -0.564044
738     0.541516
739    -0.128121
740     1.168916
741    -0.256840
742    -0.621208
743    -0.885101
744    -1.184954
745    -0.102814
746    -0.280557
747    -0.937313
748    -0.039785
749     0.432676
750     3.294643
751    -0.206362
752    -0.321080
753    -0.230638
754    -0.403037
755    -0.696283
756     1.640513
757     0.485462
758     2.300561
759     0.303636
760    -0.424342
761     0.240672
762    -0.220118
763    -0.626465
764     0.880477
765     0.108861
766    -0.105198
767     0.043381
768     0.224535
769    -0.104581
770    -2.325455
771    -0.400819
772     1.768632
773     0.597939
774    -1.225415
775     1.318206
776     1.626495
777     1.049835
778     0.532493
779     1.771136
780    -0.872505
781    -0.580305
782     0.099003
783    -0.035050
784    -0.460979
785     1.812241
786     0.394690
787    -0.735483
788     0.364613
789    -0.322461
790     0.131698
791    -1.116201
792    -0.231846
793    -0.509030
794     0.142907
795     0.093028
796    -0.047156
797     0.250243
798    -0.173414
799    -0.372455
800     0.602238
801     0.371352
802    -0.205563
803    -1.090307
804    -0.945508
805    -0.355980
806     0.506487
807    -0.262819
808    -0.368749
809     1.627770
810     1.534981
811    -0.376808
812     0.404155
813    -0.102882
814    -0.312679
815     0.572205
816     0.140438
817    -0.108702
818     1.736417
819     0.285460
820    -0.462708
821     0.996686
822    -0.081956
823    -0.172413
824     0.308513
825    -0.699469
826    -0.286677
827     0.654788
828     0.095644
829    -0.195232
830    -0.957746
831    -0.350470
832     1.133500
833    -1.287918
834    -0.779183
835     1.011605
836    -0.889100
837     0.051559
838     3.274117
839    -4.736993
840     1.017908
841    -0.895312
842    -0.409102
843    -0.210086
844    -0.390459
845     1.777404
846     0.645267
847    -1.137250
848     0.305061
849    -0.987092
850     0.511595
851     0.682932
852    -0.735114
853    -0.755127
854    -0.267579
855    -0.021844
856     0.323670
857     0.667337
858     0.588450
859    -0.573978
860     0.656496
861     0.169941
862    -0.381158
863    -0.888023
864    -0.733576
865    -0.543588
866     0.406133
867    -0.355477
868    -0.203157
869     0.276567
870     2.306099
871    -0.468136
872     0.422216
873     0.041587
874    -0.291813
875    -2.221631
876     0.904499
877    -0.362687
878     1.393340
879     0.177108
880    -0.571485
881     0.838004
882     0.004232
883     0.545581
884    -0.872028
885     1.134115
886     0.689283
887     0.941096
888     1.500779
889    -0.194753
890    -0.811487
891     0.053408
892     1.080732
893    -0.742133
894    -0.194706
895     0.359556
896    -0.467354
897    -0.886361
898     3.258485
899    -1.687248
900    -3.401230
901    -0.850969
902     1.528900
903    -0.773776
904    -0.282442
905    -0.135609
906     0.710821
907    -0.741942
908    -2.139284
909     0.109389
910     0.194406
911    -0.581593
912    -0.155928
913    -0.642582
914     1.677279
915    -0.805964
916     0.259982
917     1.625013
918    -0.465556
919    -0.492468
920    -0.910463
921     0.191630
922    -0.588352
923     0.813665
924    -0.962621
925    -0.641219
926    -1.275112
927     0.440527
928     0.365077
929    -2.267276
930     2.146972
931    -0.757408
932     0.620874
933    -0.243576
934    -0.278360
935    -0.720560
936    -0.079130
937    -0.306553
938    -0.476743
939     0.346454
940    -0.437191
941    -1.122581
942     0.378633
943     0.885807
944    -0.738345
945    -0.687480
946     0.577198
947     0.540671
948     0.735358
949    -0.558487
950    -1.319069
951     0.432269
952     1.024305
953     1.925446
954    -0.644899
955     0.096608
956     0.962511
957    -1.158587
958     3.174591
959     1.992276
960     0.485465
961    -0.184555
962     1.097904
963    -0.375001
964     0.528635
965    -0.822680
966     1.251401
967    -0.371018
968    -2.143192
969     0.159988
970     0.658408
971     1.993464
972    -0.406697
973    -0.963137
974     1.173877
975    -0.858493
976     1.127115
977     2.275248
978    -0.619356
979     0.051157
980    -1.545984
981     0.439124
982    -0.423601
983     0.346437
984    -0.942192
985    -0.780609
986    -1.086804
987     0.156110
988     0.282342
989    -1.714217
990     1.762725
991    -0.322593
992     2.123896
993    -0.587170
994     0.792611
995     1.209292
996    -0.035980
997     0.171695
998    -1.358761
999     0.746943
1000    -0.150627
1001    -1.355185
1002     0.397931
1003     0.703556
1004    -1.789435
1005    -0.409125
1006     0.734490
1007     1.177359
1008     0.423652
1009    -0.732196
1010    -1.167180
1011     0.185386
1012     0.714901
1013     1.125512
1014    -0.750486
1015    -1.675942
1016     0.228936
1017    -1.436321
1018    -0.160632
1019     0.231513
1020     0.897560
1021    -0.546098
1022     1.230588
1023    -0.956862
1024     1.429338
1025    -0.911847
1026     1.921665
1027    -0.255620
1028    -2.102761
1029    -0.455985
1030    -0.689687
1031     1.582463
1032    -0.691517
1033    -0.619351
1034     1.680118
1035    -1.335775
1036    -0.446046
1037     1.605006
1038    -0.443126
1039    -0.253924
1040    -1.491929
1041    -0.320860
1042     0.235196
1043     0.269836
1044    -0.445754
1045    -0.019234
1046    -0.804918
1047    -0.006766
1048     0.223044
1049    -1.309678
1050     0.761002
1051    -0.460566
1052     1.849561
1053    -0.394643
1054    -0.312730
1055     1.134335
1056    -0.875240
1057    -0.750558
1058    -1.132822
1059    -0.426035
1060    -0.201758
1061    -1.189768
1062    -0.330920
1063     1.280845
1064    -2.395179
1065     0.878515
1066    -0.727330
1067     1.549917
1068    -0.971823
1069     0.137566
1070    -0.859083
1071     0.188166
1072     0.440109
1073     0.157734
1074     1.151841
1075     0.203432
1076     0.735127
1077     0.703697
1078     1.333374
1079     0.403300
1080     2.050420
1081    -0.954064
1082     0.527252
1083    -2.016100
1084     1.144664
1085    -1.043399
1086     1.866135
1087    -0.580287
1088    -1.352404
1089    -0.044625
1090    -0.590719
1091     1.168180
1092    -1.215789
1093    -0.290662
1094     1.588140
1095    -1.579947
1096    -0.527900
1097     1.303041
1098    -1.174590
1099    -0.502018
1100    -0.234882
1101     0.511645
1102    -0.066969
1103    -0.476844
1104    -1.327665
1105    -0.323363
1106     0.189869
1107     0.380294
1108     0.799331
1109    -0.897174
1110     1.878535
1111    -0.341713
1112     0.940327
1113    -1.080566
1114    -0.451089
1115     0.823581
1116    -1.706981
1117    -0.176640
1118    -0.401519
1119     0.756618
1120    -0.132988
1121    -0.311660
1122     0.317071
1123     0.882671
1124    -1.233333
1125     1.611856
1126    -0.681172
1127     1.287714
1128    -1.599232
1129    -0.551159
1130    -0.822286
1131    -0.175978
1132     0.915768
1133    -0.424042
1134     1.505328
1135     1.141062
1136    -0.179806
1137     1.323379
1138     1.287247
1139    -0.450754
1140     1.770611
1141    -1.102934
1142     0.484985
1143    -1.249885
1144     1.097396
1145    -0.928801
1146     0.436201
1147    -0.657135
1148    -1.318551
1149    -0.992142
1150    -1.371037
1151     0.502648
1152    -1.384651
1153    -0.939147
1154     1.011082
1155    -1.175306
1156    -1.091994
1157     0.771867
1158    -1.265550
1159     0.891661
1160     1.672002
1161     1.882396
1162    -0.658522
1163    -1.417106
1164    -1.198405
1165     0.492048
1166     1.100519
1167     1.660967
1168     0.809779
1169    -0.565611
1170     0.371438
1171    -1.091865
1172     0.276338
1173    -1.298766
1174    -0.877990
1175     0.495447
1176    -1.742428
1177     0.414023
1178    -0.063447
1179     0.786904
1180     0.760133
1181     0.259482
1182     2.099566
1183     1.370038
1184    -0.727085
1185     0.737224
1186    -1.112249
1187     0.676330
1188    -0.796953
1189     0.335845
1190    -0.158281
1191     1.431781
1192     0.891268
1193    -0.550634
1194     0.760953
1195     0.743609
1196    -0.643074
1197     0.248679
1198     1.097073
1199    -0.878111
1200     0.687977
1201    -0.063602
1202    -0.642781
1203    -0.002398
1204     0.279085
1205    -3.013021
1206    -0.902835
1207     0.127197
1208     0.130913
1209    -0.520623
1210    -0.504806
1211     0.014398
1212    -0.247828
1213     0.081848
1214    -0.037370
1215     0.082952
1216    -0.456282
1217     0.539720
1218    -0.799634
1219     0.362078
1220     0.144312
1221     2.428127
1222     0.225522
1223    -1.055063
1224    -0.787415
1225    -0.227607
1226     0.891621
1227     2.002118
1228     0.087068
1229    -0.622241
1230    -1.152092
1231    -0.004534
1232    -0.011544
1233    -0.275601
1234    -0.004690
1235     0.449898
1236    -1.280152
1237     0.276873
1238    -2.819115
1239     0.963948
1240    -0.088852
1241     1.266800
1242     2.040502
1243     0.547461
1244     0.010790
1245    -0.669886
1246    -0.567772
1247     0.435547
1248    -0.036094
1249     0.099373
1250     0.545669
1251     1.673661
1252     0.086197
1253     0.583894
1254    -0.380332
1255     0.248613
1256     1.014353
1257    -0.931574
1258    -0.503172
1259     2.173221
1260    -1.204845
1261    -0.316065
1262    -0.427511
1263    -0.465346
1264     0.524320
1265    -1.682984
1266    -1.345295
1267    -0.392551
1268    -0.804884
1269     1.345631
1270     0.214184
1271    -0.146342
1272     0.064734
1273     0.189156
1274    -0.091325
1275    -0.017980
1276     0.906770
1277     0.089230
1278     0.155032
1279    -0.400873
1280     0.407851
1281     0.857997
1282     1.702689
1283    -1.297236
1284     0.962098
1285     0.220674
1286     0.004157
1287     2.119005
1288     0.950474
1289     0.855572
1290    -2.584236
1291     0.139861
1292    -0.204602
1293    -0.016169
1294    -0.208072
1295    -0.814016
1296     1.779205
1297     0.256109
1298    -0.091791
1299    -2.093828
1300     0.674448
1301     0.566502
1302     2.064916
1303    -1.989646
1304    -0.108054
1305    -0.511426
1306    -0.402360
1307     0.117872
1308     0.075765
1309     0.144439
1310     0.358216
1311     0.926854
1312    -1.246934
1313     0.948791
1314    -1.563973
1315    -1.533436
1316     0.839623
1317    -1.516291
1318     0.566812
1319     1.480931
1320    -0.236693
1321    -0.470984
1322    -0.558817
1323    -0.520518
1324     1.336443
1325     0.019163
1326    -1.218342
1327    -0.240794
1328     0.195151
1329     1.349823
1330     0.085141
1331    -0.332084
1332    -0.048747
1333    -0.115212
1334    -0.702306
1335    -0.069493
1336    -1.622888
1337     0.985837
1338    -0.984578
1339    -0.662884
1340     0.268732
1341     0.586233
1342    -0.434760
1343    -2.586306
1344     0.096288
1345    -0.459877
1346    -0.203387
1347     1.494699
1348     1.135553
1349     1.446014
1350    -2.750998
1351     0.001260
1352    -0.807892
1353    -0.099133
1354    -0.091469
1355    -0.582520
1356     1.560185
1357     1.514195
1358     1.209685
1359    -1.681305
1360    -0.556580
1361     0.238249
1362     1.125146
1363    -0.047991
1364    -1.264268
1365     1.227605
1366    -0.528050
1367    -0.366906
1368    -0.070224
1369    -0.652294
1370     0.283071
1371     0.304266
1372    -0.641163
1373     0.646748
1374    -0.994565
1375     1.552602
1376     2.585069
1377     0.411585
1378     0.899752
1379    -0.473233
1380     0.282072
1381    -0.312422
1382     0.693866
1383    -1.117360
1384     1.038704
1385    -0.565040
1386    -0.305069
1387     0.363706
1388     0.877910
1389    -0.541444
1390    -0.232215
1391     0.822082
1392    -1.011688
1393    -0.120284
1394     0.844398
1395    -1.093508
1396    -0.035349
1397     0.437146
1398    -0.895234
1399    -1.627559
1400    -0.782909
1401     1.464767
1402    -0.586487
1403    -1.663247
1404     0.518978
1405    -0.229211
1406     1.095562
1407    -0.670681
1408     0.291450
1409     0.042467
1410    -1.029316
1411    -0.167693
1412     0.417001
1413    -0.932523
1414    -0.244120
1415     0.375880
1416    -0.390107
1417    -0.438633
1418     0.647911
1419    -0.932578
1420    -0.951444
1421    -0.300222
1422     0.410402
1423     1.082355
1424    -1.587579
1425     1.793996
1426    -0.548431
1427     1.026038
1428    -1.084716
1429    -1.240956
1430    -1.000530
1431     1.536296
1432     0.557920
1433     0.575875
1434    -0.957229
1435     1.328865
1436    -0.702262
1437     2.385566
1438     2.071804
1439    -1.254349
1440     2.851449
1441     0.389662
1442     0.799668
1443    -0.488640
1444     0.774896
1445    -1.513778
1446    -0.649605
1447     0.988500
1448     0.939106
1449     0.002318
1450     0.357001
1451     0.823707
1452    -0.547466
1453     0.470476
1454     0.865738
1455    -0.581914
1456    -0.579663
1457     0.900239
1458    -1.221404
1459    -1.303608
1460    -0.564934
1461     1.180962
1462    -0.358158
1463    -1.239607
1464     0.410271
1465    -0.073264
1466     0.959463
1467    -0.775867
1468    -1.103724
1469     0.240685
1470    -1.718759
1471    -0.124144
1472     1.382686
1473    -0.633720
1474    -0.388442
1475     0.818331
1476    -0.553443
1477    -0.512407
1478    -0.297278
1479    -1.198126
1480    -1.728587
1481     1.229400
1482     0.234545
1483    -0.195578
1484    -0.849425
1485     0.868904
1486     0.258806
1487     0.940061
1488    -0.339195
1489    -1.409523
1490    -0.743208
1491     0.916645
1492     1.529577
1493    -1.021133
1494     0.855969
1495     1.185197
1496    -1.589074
1497     1.896254
1498     1.822982
1499    -2.080647
1500     2.342272
1501    -0.223519
1502     1.183636
1503    -0.465034
1504    -0.029700
1505    -2.134683
1506    -0.226793
1507     0.122805
1508     1.117761
1509    -0.357572
1510    -0.476738
1511     1.188898
1512    -0.404641
1513    -0.127100
1514     1.288346
1515    -0.476680
1516     0.671700
1517    -0.001896
1518    -0.776636
1519     0.802597
1520    -0.847399
1521     1.263865
1522     0.208542
1523     0.327232
1524     0.110623
1525    -1.063492
1526     1.118760
1527    -0.425082
1528    -1.435833
1529    -0.557007
1530    -1.073694
1531    -0.862415
1532     1.610830
1533    -0.216247
1534    -0.632771
1535     0.827981
1536    -0.706360
1537    -0.826161
1538    -1.275346
1539    -0.763479
1540    -1.449447
1541     1.454636
1542    -0.010742
1543     0.220471
1544    -1.806478
1545     0.452365
1546    -0.419883
1547     1.046524
1548    -0.495425
1549     0.774349
1550    -0.900839
1551     1.192068
1552     0.873687
1553    -0.088766
1554    -0.117766
1555     1.748994
1556    -1.621466
1557     1.227908
1558     2.123914
1559    -1.930725
1560     2.269321
1561    -0.221539
1562     1.517533
1563    -0.399912
1564    -0.143550
1565    -1.491173
1566    -0.159933
1567     0.215918
1568     1.287988
1569    -0.329982
1570    -0.761517
1571     1.455423
1572    -0.531101
1573     0.075221
1574     1.502393
1575    -0.374490
1576     0.204973
1577    -0.367972
1578    -1.117790
1579     0.867590
1580    -1.611769
1581     1.112397
1582     0.195392
1583     0.343369
1584    -0.042599
1585    -0.821168
1586     1.088064
1587    -0.461709
1588    -1.047428
1589    -1.341689
1590    -0.920302
1591    -0.604640
1592     1.974965
1593     0.040827
1594    -0.474879
1595     1.123487
1596    -0.595125
1597    -0.955067
1598    -0.608529
1599    -0.637390
1600    -0.630713
1601     1.229118
1602     0.658012
1603    -0.209019
1604    -1.151080
1605     0.384730
1606    -0.259207
1607     1.341110
1608    -0.376644
1609     0.114418
1610    -0.522000
1611     0.946251
1612     1.164299
1613    -0.934719
1614     0.009379
1615     1.480792
1616    -2.058169
1617     0.851163
1618     1.810124
1619    -2.776350
1620     1.944217
1621    -0.633690
1622     1.173519
1623    -0.723869
1624     0.392375
1625    -0.773938
1626     0.304265
1627    -0.043109
1628     1.037902
1629    -0.711204
1630    -1.060250
1631     1.554402
1632    -0.192833
1633    -0.570513
1634     1.382068
1635    -0.340041
1636     0.221012
1637     0.142025
1638    -0.843619
1639     0.024918
1640    -1.441188
1641     0.598930
1642    -0.207303
1643     0.601008
1644    -0.000476
1645    -1.092594
1646     1.210725
1647    -0.346047
1648    -0.078270
1649    -0.908973
1650     0.149009
1651    -0.887622
1652     1.759163
1653    -0.211617
1654    -1.004055
1655     1.241930
1656     0.064860
1657    -0.265107
1658    -0.108124
1659     0.278501
1660     0.064957
1661     0.120116
1662    -0.042564
1663    -0.507514
1664    -0.836811
1665    -0.042416
1666    -0.708317
1667     1.459917
1668     0.117686
1669     0.656260
1670    -0.971717
1671     0.204402
1672     0.959129
1673    -1.370439
1674    -0.693335
1675     2.160552
1676    -1.866193
1677     0.606743
1678     2.579141
1679    -3.405391
1680     1.823626
1681    -0.196811
1682     0.446751
1683    -1.087751
1684    -0.342353
1685    -0.262921
1686     1.072268
1687     0.225936
1688     0.385305
1689    -1.175994
1690    -0.700200
1691     1.988335
1692     0.242153
1693     0.067183
1694     1.438680
1695    -0.319769
1696     0.272297
1697    -0.861573
1698    -1.277190
1699     0.109352
1700    -1.462584
1701     0.116789
1702    -0.134792
1703     0.874350
1704    -0.190560
1705    -0.800785
1706     1.467763
1707    -0.436329
1708    -0.271176
1709    -0.274466
1710     0.956247
1711    -0.002429
1712     1.470374
1713    -0.114339
1714    -0.884817
1715     1.725747
1716     0.251406
1717    -0.667757
1718     0.498295
1719     0.710601
1720     0.229456
1721    -1.441256
1722     0.077385
1723    -0.363905
1724    -1.068088
1725    -0.567418
1726    -0.638058
1727     1.960828
1728     0.450423
1729    -0.169619
1730    -0.536508
1731     0.422905
1732     0.294115
1733    -0.799837
1734    -0.342128
1735     1.685707
1736    -2.118456
1737     0.021330
1738     2.288656
1739    -3.430737
1740     1.189971
1741     0.134739
1742     0.361826
1743    -0.209190
1744    -1.085549
1745     0.636336
1746     0.755365
1747     0.496643
1748    -0.585794
1749    -1.026318
1750    -0.264507
1751     1.784362
1752     0.673585
1753     0.022953
1754     0.438631
1755    -0.403855
1756     0.602259
1757    -1.900306
1758    -1.420599
1759    -0.934573
1760    -0.577856
1761     0.704769
1762    -0.159448
1763     0.295518
1764    -0.875912
1765    -0.449678
1766     1.378916
1767     0.309305
1768    -0.599957
1769     0.325390
1770     0.445296
1771    -0.269999
1772     0.292879
1773     0.015566
1774    -0.439482
1775     1.709122
1776     0.616168
1777    -0.720922
1778     1.311059
1779     0.494845
1780    -0.161832
1781    -1.106342
1782    -0.684395
1783    -0.476653
1784    -0.307071
1785     0.085113
1786    -0.220796
1787     1.731430
1788     0.752540
1789    -0.741686
1790    -0.215525
1791    -0.390255
1792     0.175736
1793    -0.381002
1794    -1.041646
1795     2.155043
1796    -1.705080
1797     0.046068
1798     2.937711
1799    -3.486494
1800     1.153550
1801     0.713896
1802    -0.460442
1803    -0.240313
1804    -0.918976
1805     1.285247
1806     0.164281
1807    -0.605074
1808    -2.559728
1809    -0.983836
1810    -0.268818
1811     1.574218
1812     0.832726
1813    -1.294415
1814    -1.024142
1815    -0.534946
1816     1.032645
1817    -1.969362
1818    -0.686349
1819    -0.826532
1820     0.479993
1821     0.261742
1822     0.451492
1823     0.240693
1824    -0.474803
1825    -0.688701
1826     0.856661
1827     0.302808
1828     0.086237
1829     0.668115
1830     0.264146
1831     0.515365
1832     0.107773
1833    -0.520442
1834    -0.942902
1835     1.308348
1836     0.605024
1837    -0.460348
1838     1.412134
1839     0.321388
1840     0.228679
1841    -0.486989
1842     0.014741
1843     0.363997
1844    -0.239523
1845     0.074367
1846    -0.582641
1847     1.406714
1848     0.549075
1849    -0.359896
1850     0.535626
1851     0.166155
1852    -0.375772
1853     1.400869
1854    -0.353871
1855     1.227446
1856    -0.834833
1857    -0.859094
1858     2.704318
1859    -3.701373
1860     1.097202
1861     0.294313
1862    -0.522149
1863     0.039107
1864    -0.825184
1865     1.524764
1866     0.327303
1867    -0.264353
1868    -2.395913
1869    -1.246865
1870    -0.560955
1871     0.714227
1872     0.681008
1873     0.148857
1874    -0.543230
1875    -1.488610
1876     0.528886
1877    -3.293823
1878    -0.738722
1879    -0.435069
1880     0.743215
1881     0.525074
1882     0.099474
1883     0.427321
1884    -0.312952
1885    -0.381064
1886     1.036994
1887     0.556397
1888    -0.085148
1889     0.826928
1890     0.733258
1891     0.452262
1892     0.183783
1893    -0.378320
1894    -0.729400
1895     1.168856
1896     0.772623
1897    -0.123509
1898     1.397578
1899     0.487857
1900     1.455450
1901    -2.110193
1902    -0.859762
1903    -0.250627
1904     0.462620
1905     0.556261
1906    -0.640289
1907     0.985313
1908     0.622624
1909    -0.361217
1910     0.973476
1911     0.625792
1912     0.039553
1913     1.387277
1914    -0.535941
1915     0.265083
1916     0.234813
1917    -1.089992
1918     1.372937
1919    -3.201857
1920     0.723861
1921     0.463337
1922    -2.336438
1923     0.583922
1924    -0.652935
1925     1.242988
1926     0.480898
1927    -2.398480
1928    -2.582222
1929     0.165659
1930     0.119657
1931    -0.958181
1932     0.055174
1933    -0.688569
1934    -1.067693
1935    -0.965301
1936    -1.113291
1937     1.592439
1938    -0.556696
1939     1.180758
1940    -0.140643
1941     0.381627
1942     0.298573
1943    -0.978352
1944    -0.671312
1945     1.099499
1946     0.213632
1947     0.217465
1948    -0.407707
1949    -0.530655
1950     0.935972
1951     0.150274
1952    -1.362358
1953    -0.680506
1954    -0.222786
1955    -0.225846
1956    -0.436795
1957     0.417703
1958     0.412233
1959    -0.004441
1960    -0.004143
1961     1.851331
1962     0.098070
1963    -1.242453
1964    -0.721424
1965     1.179789
1966     0.145906
1967    -0.193204
1968     0.213563
1969     1.366973
1970     0.186766
1971     0.403532
1972     0.379485
1973     1.112054
1974    -0.587449
1975     1.107741
1976     1.142462
1977     0.136392
1978     0.000459
1979     3.343111
1980    -0.949564
1981     0.525021
1982    -2.081644
1983     0.095046
1984    -2.010185
1985     1.597339
1986     1.464915
1987     0.473580
1988    -0.488489
1989    -1.798337
1990     0.266399
1991    -1.480179
1992     0.449139
1993     0.242946
1994     0.083390
1995    -2.229300
1996     0.725662
1997     0.082418
1998     0.525957
1999     0.385558
2000    -0.337020
2001     0.341424
2002     0.533688
2003    -0.277807
2004    -1.785213
2005     0.541655
2006     0.324088
2007     0.257484
2008    -1.604640
2009    -0.383687
2010     1.935980
2011     1.098282
2012    -0.052483
2013    -2.181390
2014     0.493552
2015    -1.022945
2016     0.074503
2017     0.407438
2018     0.295026
2019     0.379306
2020     0.544201
2021     1.353735
2022     1.210172
2023    -1.995204
2024     0.844976
2025     1.944052
2026    -0.472223
2027    -0.124256
2028     0.550243
2029     0.639810
2030    -0.137540
2031     0.447775
2032    -0.188263
2033     0.281905
2034    -0.608006
2035    -0.491574
2036     0.443367
2037    -0.274187
2038    -0.115703
2039     1.079806
2040    -0.799563
2041    -0.328492
2042    -1.069005
2043     1.237957
2044     0.227782
2045     0.349555
2046     0.468651
2047     0.228617
2048     0.313553
2049    -1.524332
2050    -0.081135
2051    -0.474236
2052     1.490687
2053     0.170695
2054     2.542315
2055    -1.675821
2056    -0.452195
2057    -0.394517
2058     0.493613
2059     0.655414
2060    -0.416087
2061     0.912286
2062     0.357692
2063     1.451576
2064    -1.314139
2065    -0.083479
2066     0.026722
2067     0.490628
2068    -0.056680
2069    -1.410457
2070     1.939842
2071     0.309107
2072     1.887390
2073    -1.844216
2074     0.051565
2075     0.114563
2076     1.102513
2077     0.080786
2078    -0.923065
2079    -0.431104
2080     0.007550
2081     0.200784
2082     0.512003
2083    -0.277886
2084    -0.535856
2085     1.200455
2086    -0.064314
2087     0.107840
2088     1.394134
2089     0.165111
2090     0.062037
2091     1.147835
2092    -0.483602
2093    -1.202092
2094    -2.037157
2095     0.254646
2096    -0.562631
2097    -1.427356
2098    -0.681181
2099    -0.068391
2100    -2.136477
2101     0.412976
2102    -0.868980
2103     1.260244
2104     0.055277
2105    -1.162063
2106     0.316385
2107     1.027270
2108     0.711091
2109    -0.775860
2110    -0.380294
2111    -0.648919
2112     1.030782
2113     0.159108
2114     1.645825
2115    -1.457271
2116    -0.820995
2117    -0.381311
2118     0.230614
2119     0.408574
2120     0.481382
2121     0.803085
2122     0.457410
2123     1.536389
2124    -0.931110
2125     0.551186
2126    -0.662403
2127     0.800164
2128    -2.117954
2129    -1.122104
2130     0.768993
2131     0.477298
2132     1.795855
2133    -1.504646
2134     0.472177
2135    -0.868943
2136     1.233574
2137     0.179846
2138    -1.345001
2139    -0.281229
2140    -0.035444
2141     1.671508
2142     0.381575
2143     0.752433
2144    -1.192545
2145     1.378337
2146    -1.244455
2147     1.525278
2148     0.727278
2149     0.389424
2150     1.020900
2151     0.983072
2152    -0.089669
2153    -0.679212
2154    -1.668481
2155    -0.426518
2156    -0.775880
2157    -1.615568
2158    -0.227651
2159    -0.680867
2160    -1.679938
2161     2.348422
2162     0.221959
2163     0.341317
2164     0.621641
2165    -0.211325
2166     0.432158
2167     0.094202
2168    -0.482500
2169    -0.666709
2170    -1.068038
2171    -0.254754
2172     1.140523
2173    -0.604220
2174     1.752127
2175    -0.381845
2176    -1.586892
2177    -0.215343
2178     0.575838
2179     0.153501
2180    -0.095395
2181     0.432799
2182    -1.349652
2183     1.235563
2184     0.202893
2185     2.206476
2186     0.040446
2187    -0.083863
2188     0.938285
2189    -0.260691
2190    -0.289118
2191    -0.768369
2192     1.200415
2193    -0.684068
2194     1.869985
2195     0.627874
2196     1.160208
2197     1.579892
2198    -0.223255
2199    -0.233237
2200    -0.358301
2201     0.396837
2202    -0.002485
2203    -0.748191
2204    -1.064665
2205     1.428406
2206     0.226717
2207     0.576213
2208     0.043180
2209     0.289431
2210     0.904585
2211     0.986309
2212    -1.769647
2213    -0.916753
2214    -0.909459
2215    -1.497585
2216    -1.400136
2217    -1.491304
2218    -0.577657
2219    -1.831202
2220    -2.001543
2221     1.544818
2222    -0.241732
2223     0.523231
2224     1.571945
2225    -0.910917
2226     0.822241
2227    -0.667845
2228     0.293575
2229    -1.407547
2230     0.967443
2231    -0.925235
2232     1.317557
2233     0.542467
2234    -0.218246
2235     0.209035
2236    -1.928730
2237     0.339677
2238    -0.338339
2239    -1.030295
2240     0.857240
2241    -0.251397
2242    -1.554576
2243     1.880162
2244    -1.307707
2245     2.665860
2246    -0.896305
2247     0.592315
2248     2.205387
2249    -0.687827
2250     0.783456
2251    -0.014177
2252     0.156418
2253     0.118580
2254     1.488164
2255    -0.646719
2256     0.922765
2257     1.255894
2258     0.245505
2259     0.669779
2260    -1.651923
2261     1.038827
2262    -1.087289
2263    -1.184339
2264    -0.171694
2265     0.454516
2266    -1.143860
2267     1.464125
2268    -0.448480
2269    -0.360908
2270    -0.037421
2271     0.146365
2272    -1.589746
2273     0.057846
2274    -0.500414
2275    -0.433084
2276    -0.791233
2277    -0.265542
2278    -0.682495
2279    -0.806046
2280    -0.953125
2281     0.655250
2282     0.687939
2283     0.458124
2284     0.331095
2285     0.619834
2286     0.319909
2287    -0.349091
2288    -0.710660
2289    -0.179644
2290     1.173134
2291     0.999407
2292     0.023188
2293     1.052094
2294     0.930200
2295    -0.101826
2296    -0.730175
2297     0.245714
2298     0.155321
2299    -0.798488
2300    -0.603994
2301     0.584233
2302    -1.376364
2303     0.357606
2304    -0.053257
2305     1.526324
2306     0.304316
2307     0.444868
2308     0.968922
2309     1.142704
2310    -0.028727
2311     0.144368
2312     0.522502
2313     0.457271
2314     0.976033
2315     0.742730
2316     0.423646
2317     1.309169
2318     0.678891
2319     0.686851
2320    -1.267432
2321    -0.767469
2322     0.038277
2323    -2.739722
2324     1.693259
2325    -3.203938
2326     0.031566
2327    -1.060933
2328     0.147123
2329    -1.985716
2330    -0.231835
2331     0.461140
2332     0.354642
2333    -3.160812
2334    -0.874304
2335     0.577925
2336    -1.226695
2337     0.301081
2338     0.146465
2339    -1.162703
2340    -0.059334
2341    -0.933995
2342     0.411865
2343    -0.049826
2344    -1.600047
2345     0.123464
2346    -0.264012
2347    -0.178193
2348    -0.448705
2349     0.197288
2350    -0.276948
2351     0.746107
2352     0.143357
2353    -0.192520
2354     0.768914
2355     0.219617
2356    -0.090055
2357     0.835318
2358     0.183571
2359     0.030307
2360    -0.175913
2361     0.756669
2362    -0.136597
2363     0.882619
2364     0.186448
2365    -0.313816
2366    -0.425965
2367    -0.076182
2368    -1.432419
2369     0.019298
2370    -0.883681
2371     0.346089
2372     1.229580
2373     0.148034
2374     0.304803
2375     1.152069
2376     0.045539
2377    -0.775122
2378    -0.326439
2379     0.840576
2380     0.884726
2381    -0.803294
2382     0.510254
2383    -1.998373
2384     2.136649
2385    -2.802365
2386     1.133239
2387    -0.699812
2388     0.527835
2389     0.252370
2390    -0.173955
2391     0.924965
2392     3.143207
2393    -3.521408
2394    -0.877167
2395     1.257488
2396    -0.879819
2397     0.276894
2398     0.575856
2399    -0.850572
2400    -0.007811
2401     0.348340
2402    -0.249042
2403    -0.535456
2404    -1.020097
2405    -0.456327
2406    -0.918454
2407    -0.629977
2408    -0.614676
2409    -0.407328
2410    -0.911657
2411     0.921055
2412    -0.683238
2413    -0.657864
2414     1.245994
2415    -0.460469
2416    -0.898031
2417     0.689847
2418    -0.678397
2419     0.997177
2420    -0.182856
2421     0.755580
2422    -0.567230
2423     0.823469
2424    -0.534106
2425     0.440749
2426    -0.465191
2427    -0.668693
2428    -0.604936
2429    -0.134293
2430    -2.043478
2431    -1.022264
2432     0.948023
2433    -0.782825
2434    -1.204578
2435     0.706335
2436    -0.922675
2437    -0.565127
2438     0.440157
2439     1.093492
2440     0.656164
2441     0.263322
2442     0.768218
2443     2.640834
2444    -0.304863
2445     2.902332
2446     0.485805
2447    -0.294628
2448     0.407718
2449     0.720538
2450    -0.703810
2451     0.847677
2452     2.878956
2453    -1.611277
2454     2.366774
2455    -0.360886
2456    -0.694027
2457     0.110541
2458    -0.725916
2459    -0.327209
2460    -0.617213
2461     1.164606
2462     0.482125
2463    -0.296918
2464    -1.251917
2465    -0.441190
2466    -0.153350
2467    -0.739141
2468     0.368341
2469     0.422918
2470    -0.977964
2471     0.460792
2472    -0.001140
2473    -0.468012
2474     0.503866
2475     0.283303
2476    -0.924829
2477     0.784802
2478     0.122275
2479     1.775084
2480    -0.475200
2481     0.021929
2482    -0.242941
2483     1.313848
2484     0.442923
2485     1.553336
2486     0.105874
2487     0.107720
2488     0.102910
2489    -1.572986
2490    -1.426361
2491    -0.618094
2492     0.301572
2493     0.756851
2494    -1.083058
2495     0.697334
2496     0.270142
2497    -1.253862
2498     0.364589
2499     0.703628
2500     1.115350
2501     0.631754
2502     0.189836
2503    -0.101138
2504     0.355754
2505    -0.101881
2506     1.534610
2507     0.473245
2508     0.713231
2509     1.002714
2510     0.985043
2511     0.930659
2512     1.470157
2513    -0.066795
2514    -0.024392
2515    -1.210421
2516    -1.457172
2517    -1.397639
2518    -0.847390
2519    -3.815595
2520    -1.563734
2521    -0.680649
2522     0.776685
2523    -0.491545
2524    -0.141113
2525    -0.900236
2526    -0.466583
2527     1.871196
2528     1.450176
2529     1.052606
2530    -0.832806
2531     0.711273
2532    -0.103334
2533     0.360825
2534     0.907499
2535     0.561573
2536    -1.470112
2537    -0.543128
2538    -0.489040
2539     1.174420
2540    -0.438126
2541     0.051733
2542     0.335216
2543     0.413576
2544     0.120786
2545     0.244772
2546    -0.583339
2547     0.124541
2548     0.147441
2549    -0.412180
2550    -1.251973
2551     0.887408
2552     0.458313
2553     1.151564
2554    -0.144827
2555    -0.307463
2556    -0.490138
2557     0.046281
2558    -1.018869
2559     0.725594
2560     0.189082
2561     0.201042
2562    -0.172199
2563     1.410431
2564    -0.205460
2565    -0.657018
2566    -0.174550
2567     0.815872
2568     0.899924
2569     0.708289
2570    -0.145861
2571     1.072532
2572    -0.398787
2573    -1.292685
2574    -0.353398
2575    -1.290846
2576     0.012716
2577    -1.491396
2578    -2.241669
2579     0.100196
2580     0.205773
2581     0.150690
2582     0.887500
2583     0.509022
2584     0.142068
2585    -0.874481
2586    -0.193010
2587    -0.112151
2588    -0.928480
2589    -0.457537
2590    -0.646565
2591     0.953537
2592     0.114379
2593     0.252262
2594     0.654622
2595     0.265713
2596    -0.692811
2597     1.382419
2598     0.102849
2599     0.948711
2600    -0.702930
2601    -0.081255
2602     0.770687
2603     0.733924
2604     0.537096
2605     0.285759
2606     0.093039
2607     0.287217
2608     0.654054
2609    -2.257208
2610    -0.371684
2611     0.654825
2612     0.898327
2613     0.551875
2614     0.829704
2615     2.434175
2616     0.240461
2617     0.051672
2618    -0.091382
2619     0.533638
2620     0.086434
2621     0.695169
2622    -0.355610
2623     0.496112
2624    -1.619282
2625    -1.198146
2626    -0.646846
2627     0.486393
2628     0.225824
2629     0.536546
2630    -0.228308
2631     0.921529
2632    -0.886835
2633    -1.808771
2634    -0.783814
2635    -0.931143
2636    -0.775423
2637    -0.840894
2638    -1.943174
2639     0.067159
2640    -0.007653
2641    -0.384726
2642     0.573234
2643     0.095985
2644     1.662777
2645    -0.523724
2646    -0.256683
2647     1.586048
2648     0.538601
2649     0.497419
2650    -0.251479
2651     1.334294
2652     0.356864
2653     0.376323
2654     0.932869
2655     0.469886
2656    -1.397485
2657     1.113601
2658     0.135550
2659     0.246870
2660    -0.729840
2661    -0.180311
2662     0.794005
2663     1.176529
2664     0.708780
2665     0.686217
2666     0.598295
2667     0.571735
2668     1.172296
2669    -0.898807
2670     0.017464
2671     0.358260
2672     0.674135
2673     0.349787
2674    -2.594241
2675    -1.270640
2676    -0.874928
2677    -0.609027
2678    -0.909094
2679    -0.194894
2680     0.236425
2681     0.535263
2682    -0.602843
2683    -0.652637
2684    -1.761622
2685    -1.143130
2686    -0.420580
2687     1.324375
2688     0.838920
2689    -0.269723
2690    -0.547174
2691     0.565973
2692    -1.554304
2693    -1.721286
2694    -0.831924
2695    -0.358690
2696    -0.688993
2697    -0.708236
2698     1.373670
2699     0.249986
2700     0.184586
2701    -0.397516
2702    -0.038467
2703    -0.121281
2704     1.550396
2705    -0.719872
2706    -0.078655
2707     0.782003
2708     0.090992
2709     0.223930
2710    -1.278350
2711     0.231899
2712    -0.120033
2713    -1.103257
2714     0.661417
2715    -0.236617
2716    -0.002328
2717     1.062619
2718     0.397428
2719     0.277129
2720    -0.207531
2721    -0.228113
2722    -0.222050
2723    -0.334551
2724     0.316253
2725    -0.896655
2726    -0.272182
2727    -0.077745
2728     0.504403
2729    -0.750375
2730     0.005513
2731     1.221185
2732     0.287696
2733     0.431547
2734     0.790248
2735     3.750068
2736     0.802713
2737     1.094397
2738    -1.468216
2739     0.216242
2740     0.663909
2741    -0.133113
2742    -0.251628
2743     1.157197
2744    -1.662913
2745    -0.373014
2746    -1.713675
2747     0.266234
2748     0.206244
2749     0.917370
2750    -1.393900
2751     0.883628
2752     0.666003
2753    -0.852309
2754     0.121134
2755    -2.310847
2756     0.067787
2757    -1.357163
2758    -1.699561
2759     1.414718
2760    -0.760383
2761     0.808089
2762     0.422814
2763     0.524406
2764     1.283074
2765     0.168171
2766    -0.222512
2767     0.428987
2768     1.235732
2769     0.253831
2770     0.902438
2771    -0.047454
2772     0.894961
2773     0.241688
2774     0.027739
2775     0.055284
2776    -1.794076
2777     3.123425
2778    -0.073513
2779     0.111149
2780     0.410540
2781    -0.467685
2782     0.451231
2783    -0.059766
2784     0.688836
2785     0.407326
2786    -0.425719
2787     0.406511
2788    -0.172716
2789    -0.467147
2790    -0.331897
2791    -0.245280
2792     1.952251
2793     0.075467
2794    -0.744664
2795    -2.022665
2796    -0.527768
2797     0.402477
2798     1.001046
2799     0.312122
2800     0.091604
2801     0.591989
2802    -0.601684
2803    -1.853521
2804     0.074159
2805    -1.093470
2806    -1.090662
2807    -1.221715
2808     0.112102
2809    -0.282590
2810    -1.118262
2811     0.700549
2812    -1.483402
2813    -0.139003
2814    -0.599196
2815     1.108591
2816    -2.114273
2817    -0.299112
2818     1.430257
2819    -1.391862
2820     0.192768
2821     0.159628
2822    -0.344932
2823    -1.180259
2824     1.024984
2825     0.858129
2826     1.005348
2827    -2.187193
2828    -2.147801
2829    -0.404143
2830     0.442855
2831     0.193559
2832     1.285850
2833    -0.108998
2834     0.034379
2835     0.012473
2836    -3.196786
2837    -1.468514
2838    -0.699555
2839     0.113745
2840     0.634695
2841     0.431387
2842    -1.055951
2843    -1.090599
2844     0.480497
2845     0.275150
2846     0.242233
2847     1.278983
2848     0.051700
2849     0.213820
2850    -0.195843
2851    -1.155871
2852    -0.578788
2853    -1.326763
2854    -0.113382
2855    -0.321541
2856     0.214908
2857     0.890275
2858     1.233542
2859     0.159707
2860    -0.057891
2861     0.450215
2862     1.075204
2863     0.267999
2864     1.120638
2865    -0.826881
2866    -0.281987
2867    -0.120452
2868     1.181336
2869     0.759385
2870     0.399455
2871     1.183305
2872     0.976513
2873     1.327555
2874    -0.481731
2875     1.073425
2876    -0.723489
2877    -1.529006
2878     2.122402
2879     0.087895
2880    -1.664818
2881     0.048149
2882    -0.504768
2883    -0.781676
2884     0.240316
2885    -0.042026
2886     0.887248
2887    -2.124135
2888     1.251908
2889    -1.654394
2890    -0.290378
2891     0.875234
2892     0.792430
2893    -0.619188
2894     1.599732
2895    -0.618929
2896    -1.779790
2897     1.918414
2898    -1.586523
2899     0.269711
2900    -0.977059
2901     0.885806
2902    -0.021491
2903    -0.190434
2904     0.759450
2905    -0.058202
2906     0.130761
2907     1.114518
2908     0.722254
2909    -0.428973
2910     0.584771
2911    -0.035134
2912    -0.155278
2913    -0.700593
2914    -1.313274
2915     0.550642
2916    -0.723655
2917     0.161137
2918    -1.027096
2919     0.429317
2920     0.486008
2921    -0.625164
2922     1.389033
2923     1.777565
2924    -0.595471
2925     0.272586
2926    -0.539266
2927     0.077020
2928     1.078168
2929     0.322901
2930    -1.226404
2931     1.373333
2932     1.806549
2933    -0.563451
2934     0.512548
2935     1.164414
2936     1.170624
2937    -1.755991
2938    -0.218146
2939    -1.238210
2940    -2.257447
2941    -0.140107
2942    -0.778160
2943    -0.096599
2944    -0.439713
2945     1.707384
2946    -0.415691
2947    -1.113226
2948    -1.360821
2949     0.073116
2950     0.171400
2951    -1.408517
2952     0.245799
2953    -0.081964
2954    -0.091661
2955     0.109685
2956    -0.220556
2957    -0.658655
2958     0.481297
2959    -0.394420
2960    -0.457505
2961     0.377010
2962    -0.378666
2963    -0.963877
2964     0.545311
2965    -0.653697
2966     0.430877
2967     0.448486
2968     0.189267
2969     1.417370
2970     0.029485
2971     0.134816
2972    -0.852016
2973     0.327282
2974    -1.179738
2975    -1.305936
2976     0.029847
2977    -0.633467
2978     1.049981
2979     0.198774
2980     0.019910
2981    -0.173952
2982    -0.237474
2983     2.407857
2984     1.587147
2985    -0.040004
2986    -1.462146
2987     0.263344
2988     0.483785
2989    -0.183714
2990    -1.266203
2991    -0.022379
2992     2.270958
2993     2.024065
2994     0.448979
2995     2.154973
2996     1.912473
2997    -1.058783
2998    -0.467767
2999    -1.075340
3000    -1.927925
3001    -0.069240
3002    -0.535946
3003     0.230949
3004    -0.356131
3005     1.126428
3006    -0.786118
3007     1.248074
3008    -1.202138
3009     0.947269
3010    -0.534834
3011    -0.026289
3012     0.553812
3013     0.440875
3014     0.016996
3015     0.557832
3016    -2.157240
3017    -0.268857
3018     0.128562
3019     1.018782
3020    -1.719756
3021     0.447958
3022     0.611163
3023    -1.391331
3024     0.731690
3025    -0.259616
3026    -1.621876
3027    -0.530423
3028    -0.181025
3029     1.083093
3030    -0.129578
3031     1.050856
3032    -0.495481
3033     1.012016
3034     0.838396
3035    -0.000635
3036     1.240914
3037    -0.744119
3038     0.953552
3039    -0.060471
3040     0.809459
3041    -0.523159
3042    -0.071531
3043     0.029689
3044     1.569281
3045    -1.244545
3046    -0.191260
3047    -0.866520
3048     0.188264
3049    -0.953902
3050    -1.308802
3051    -0.175165
3052     0.149848
3053     2.527501
3054    -0.304895
3055    -0.396488
3056     2.321781
3057    -1.939928
3058    -0.353287
3059     0.362159
3060    -0.796613
3061     0.286391
3062    -1.052340
3063     0.493111
3064    -0.785255
3065     1.204437
3066    -0.751187
3067     0.785447
3068    -0.950362
3069     1.034300
3070     0.153800
3071    -0.855790
3072     0.753973
3073     0.634490
3074    -0.813620
3075     0.935447
3076     0.617644
3077    -0.708165
3078     0.697671
3079     0.742702
3080    -0.889862
3081     1.700724
3082     0.398154
3083    -0.650398
3084     0.619269
3085    -0.553187
3086    -0.552221
3087    -1.411730
3088    -0.695898
3089     1.340348
3090    -0.418462
3091     0.864039
3092    -0.833001
3093     0.987804
3094     0.486140
3095    -0.096212
3096     0.837253
3097    -0.903586
3098     1.034359
3099    -0.148382
3100     0.543875
3101    -0.383336
3102     0.614862
3103    -0.785210
3104     2.583829
3105    -2.199533
3106    -0.110199
3107    -0.128967
3108     1.030456
3109    -0.606669
3110    -1.384782
3111    -3.207224
3112     0.114712
3113     1.264998
3114     0.151622
3115    -0.612598
3116     1.702759
3117    -0.618955
3118    -0.574793
3119     0.168327
3120    -1.101019
3121     0.297483
3122    -0.547736
3123     0.675847
3124    -0.757525
3125    -0.111049
3126    -0.845376
3127     0.643447
3128    -0.524056
3129     1.087909
3130     0.125085
3131    -0.251387
3132     0.925982
3133     0.364678
3134    -0.404681
3135     0.919975
3136     0.311793
3137     0.164382
3138     0.630009
3139     0.126512
3140    -0.520283
3141     1.238876
3142     0.550481
3143    -0.702927
3144     0.849242
3145     0.193770
3146    -0.445942
3147    -1.073776
3148    -0.842000
3149    -0.123468
3150    -0.598740
3151     0.650575
3152    -0.639204
3153     1.076253
3154     0.323210
3155    -0.242912
3156     0.900018
3157    -0.974220
3158    -0.564438
3159    -0.309404
3160     0.320899
3161    -0.051701
3162     0.676385
3163    -0.716744
3164    -1.089794
3165    -2.772398
3166     0.060877
3167    -0.115326
3168     1.361839
3169    -0.881251
3170    -0.807439
3171    -3.393455
3172     0.192872
3173     1.869550
3174     0.393409
3175    -0.088449
3176     2.384469
3177    -0.613808
3178     0.098508
3179     2.723944
3180    -1.128787
3181     0.494731
3182    -1.043746
3183    -0.874854
3184    -0.960303
3185     1.025873
3186     1.238103
3187     0.549113
3188    -0.758701
3189     0.440780
3190     0.536085
3191    -1.510854
3192    -0.084276
3193     0.675613
3194    -1.413382
3195    -0.200228
3196     0.473972
3197    -0.776209
3198    -0.103892
3199     0.067131
3200    -0.611518
3201     0.044968
3202     0.768650
3203    -1.614840
3204    -0.002565
3205     0.712044
3206    -1.591193
3207     0.052222
3208    -1.380183
3209     1.305331
3210    -0.171265
3211     0.576678
3212    -0.859353
3213    -0.506857
3214     0.649879
3215    -1.389709
3216    -0.738819
3217    -1.287998
3218     0.408608
3219     0.369447
3220     0.240790
3221    -0.497728
3222     0.118110
3223    -1.148933
3224     0.888034
3225    -0.311038
3226     0.157618
3227    -0.838986
3228    -0.520301
3229    -1.099697
3230     1.010931
3231    -0.311359
3232    -0.191170
3233     2.665897
3234     0.523953
3235     0.045997
3236     2.428154
3237     0.488794
3238     0.119983
3239     3.173392
3240     0.549079
3241    -0.537893
3242    -1.965935
3243    -0.904183
3244     0.572201
3245     1.448589
3246     1.246698
3247    -0.564815
3248    -0.721238
3249    -0.132448
3250    -0.880840
3251    -1.558959
3252    -0.894341
3253    -0.645749
3254    -1.511869
3255    -0.957801
3256    -0.929412
3257    -1.337542
3258    -0.870867
3259     0.596284
3260     0.628572
3261     0.078375
3262    -0.673505
3263    -0.624643
3264    -1.311782
3265     0.555256
3266    -0.064498
3267    -0.191987
3268     0.353306
3269     1.090593
3270     0.945141
3271    -0.468849
3272    -1.782285
3273    -0.549045
3274    -0.502388
3275    -0.800685
3276    -1.241883
3277     0.484614
3278     1.173591
3279     0.952988
3280    -0.594763
3281    -0.457659
3282    -0.272549
3283     1.254194
3284     1.242028
3285     1.021543
3286    -0.746954
3287    -1.557686
3288    -0.720428
3289     0.430000
3290     1.061530
3291     0.720668
3292     0.881229
3293     1.714781
3294     1.241790
3295     0.704173
3296     1.862598
3297     0.861138
3298     0.713911
3299     2.160717
3300     0.978974
3301    -0.717774
3302    -1.676683
3303    -1.195527
3304     0.223431
3305     1.752789
3306     1.209310
3307    -0.381245
3308    -0.852002
3309     0.111986
3310    -0.583436
3311    -1.577190
3312    -0.717268
3313    -0.297485
3314    -1.414971
3315    -0.603697
3316    -0.828791
3317    -1.250703
3318    -0.987780
3319     0.684021
3320     0.451251
3321     0.386814
3322    -0.575582
3323    -0.612630
3324    -0.952637
3325     0.725377
3326    -0.106941
3327     0.173162
3328     0.351674
3329     0.400822
3330     0.237437
3331    -0.768069
3332    -1.488403
3333    -0.966078
3334    -0.134915
3335    -1.305745
3336    -1.138545
3337     0.388831
3338     0.801230
3339     0.488915
3340     0.680565
3341    -1.076057
3342     0.342706
3343     0.583070
3344     1.700445
3345     0.816307
3346    -0.804197
3347    -1.443821
3348    -0.941818
3349     0.333553
3350     0.604697
3351     0.085112
3352     0.363512
3353     2.269970
3354     1.420043
3355     0.254644
3356     2.407505
3357     1.107570
3358     0.502816
3359     2.416436
3360     1.123986
3361    -0.014027
3362    -2.024983
3363    -0.112356
3364    -0.026209
3365     1.129999
3366     1.554068
3367    -0.554964
3368    -0.153686
3369    -0.497023
3370     0.104754
3371    -1.064611
3372    -0.210026
3373     0.006418
3374    -1.109330
3375    -0.481963
3376     0.280228
3377    -0.859473
3378     0.096868
3379     0.236120
3380     0.382822
3381     0.015614
3382    -0.927462
3383     0.698157
3384    -2.567891
3385    -0.190734
3386    -2.384941
3387    -0.402903
3388     0.575927
3389     2.330125
3390    -0.354994
3391    -0.095595
3392    -1.451297
3393    -0.052086
3394     0.074379
3395    -1.287534
3396    -1.085364
3397    -0.093634
3398     1.131633
3399    -0.136395
3400     0.469125
3401    -1.442358
3402     0.307063
3403     0.518437
3404     1.170664
3405     1.307469
3406     0.088155
3407    -1.351946
3408     0.100934
3409    -0.253980
3410     0.909462
3411    -0.921996
3412    -0.055573
3413     2.255075
3414     1.114510
3415    -0.344603
3416     1.646471
3417     0.875303
3418     0.203235
3419     1.475751
3420     1.451169
3421    -1.270240
3422    -0.355360
3423    -0.584395
3424     1.182582
3425    -0.582599
3426     1.390282
3427    -2.014070
3428     0.945260
3429    -1.451259
3430    -0.962508
3431    -0.071643
3432    -0.696437
3433    -0.153533
3434    -0.277505
3435     0.181278
3436    -0.281876
3437    -0.091402
3438     0.158651
3439     0.318890
3440    -0.506903
3441    -0.095510
3442    -0.162260
3443     1.315868
3444    -0.892919
3445    -0.980503
3446    -2.444361
3447    -1.285084
3448     1.002864
3449     0.875189
3450    -0.240230
3451    -1.009894
3452    -0.412627
3453    -0.121598
3454     0.131562
3455    -0.252909
3456    -0.052281
3457    -0.001987
3458     0.726873
3459     0.174097
3460    -1.810678
3461     0.269159
3462    -2.092883
3463     0.857894
3464     0.394228
3465     1.367173
3466    -0.562194
3467    -0.353363
3468     0.213052
3469     1.185365
3470    -0.049968
3471     0.056421
3472     0.247720
3473     2.015540
3474     1.523386
3475     1.850929
3476    -0.100259
3477     1.369292
3478     2.431939
3479    -1.043216
3480     1.078964
3481     0.650696
3482     1.313913
3483    -0.481520
3484    -0.198226
3485    -1.323680
3486     1.430143
3487    -1.552935
3488    -0.134480
3489     0.089085
3490     1.228062
3491     1.571354
3492    -0.609635
3493     0.756352
3494     1.312278
3495    -0.992023
3496     1.453275
3497     1.593193
3498    -0.329574
3499    -0.866882
3500    -1.430499
3501     0.264547
3502    -0.107019
3503    -0.203385
3504     1.123999
3505    -0.667294
3506    -0.592810
3507    -0.684606
3508    -0.574175
3509    -0.707292
3510     0.012233
3511     0.424807
3512     1.284031
3513    -1.122088
3514     1.578217
3515     1.516791
3516    -0.460000
3517    -1.030017
3518    -0.655825
3519     0.272915
3520    -1.695047
3521    -0.017076
3522    -1.191961
3523     0.480856
3524     0.552146
3525     1.429393
3526     1.336994
3527     1.469486
3528    -0.382378
3529    -0.159491
3530    -0.906177
3531     0.728872
3532    -0.612263
3533    -0.697392
3534     1.729456
3535    -0.329302
3536    -1.286117
3537     0.033268
3538    -0.116608
3539    -2.658458
3540    -0.860126
3541     0.802231
3542     1.232728
3543    -0.637126
3544     0.130118
3545    -0.983022
3546     1.547424
3547    -0.661026
3548    -0.225663
3549     1.379314
3550     1.655951
3551     1.225321
3552    -0.881177
3553     1.132803
3554     1.094128
3555    -1.038433
3556     1.516500
3557     1.344240
3558    -0.864768
3559    -0.851022
3560    -0.968347
3561     1.051672
3562    -0.263566
3563    -0.020109
3564     0.613134
3565    -1.316958
3566    -0.142740
3567     0.104934
3568    -0.576662
3569    -0.387409
3570     0.817136
3571     0.805885
3572     1.201528
3573    -0.995786
3574     1.380018
3575     1.237812
3576    -1.237439
3577    -0.363143
3578    -0.502612
3579     1.107893
3580    -0.662518
3581    -0.287781
3582     0.541092
3583    -0.717685
3584     0.067484
3585    -0.324630
3586     1.512615
3587     1.142801
3588    -0.902983
3589     0.261521
3590    -0.679440
3591     0.913768
3592    -1.210251
3593    -0.382578
3594     1.080427
3595    -1.741047
3596    -2.030444
3597    -1.873951
3598    -0.833763
3599    -1.935896
3600    -0.400502
3601     0.943738
3602     0.785715
3603    -0.956668
3604    -0.691881
3605    -0.760957
3606     1.278111
3607    -0.479065
3608     0.283678
3609     1.024307
3610     0.947821
3611     1.170258
3612     0.115203
3613     0.849458
3614     1.187195
3615    -0.116498
3616     0.973446
3617     1.218230
3618     0.490932
3619    -1.199069
3620    -0.570372
3621     1.417745
3622    -0.636696
3623     0.077981
3624     1.580707
3625    -0.067031
3626    -0.170844
3627     0.986071
3628    -0.630583
3629     0.093194
3630     0.882309
3631    -0.352201
3632     0.916053
3633    -0.183987
3634     0.942958
3635     1.320343
3636    -0.262833
3637    -1.015616
3638    -0.297120
3639     0.694162
3640    -0.484045
3641     0.180918
3642     1.256855
3643     0.636236
3644    -1.183294
3645    -2.526258
3646     1.214286
3647     1.286471
3648    -0.337409
3649    -0.481339
3650    -0.542858
3651     0.403365
3652     0.230333
3653    -1.547965
3654    -1.286346
3655     0.110940
3656    -1.704358
3657    -2.734620
3658    -0.811687
3659    -1.742267
3660    -1.725148
3661    -1.643463
3662     1.013270
3663    -0.392885
3664     0.551565
3665    -0.849872
3666     0.908666
3667     1.012006
3668     0.417481
3669     0.995548
3670    -1.427423
3671     0.968851
3672    -0.693322
3673    -1.555239
3674     1.417985
3675    -0.210073
3676    -1.362336
3677     1.545546
3678     0.366471
3679    -0.179472
3680    -0.650481
3681     0.888066
3682     0.439319
3683     0.197553
3684     1.017535
3685     0.987658
3686    -0.145700
3687     1.392814
3688     0.899584
3689    -0.876142
3690    -0.334229
3691     0.083881
3692     1.397378
3693    -0.088894
3694    -1.778389
3695     1.384082
3696    -0.192125
3697    -0.990702
3698     0.060734
3699    -0.079566
3700     0.838298
3701     0.158045
3702     0.722058
3703     1.721204
3704    -1.571345
3705    -0.936693
3706    -1.403081
3707     1.027756
3708    -0.766916
3709     0.711091
3710    -0.585774
3711    -0.196461
3712     1.105989
3713    -1.167895
3714    -0.653705
3715     1.695306
3716    -2.028101
3717    -1.492119
3718     0.294203
3719    -1.713372
3720    -0.254171
3721    -0.942130
3722     0.735640
3723    -1.979078
3724     0.534741
3725    -0.724325
3726     0.991732
3727     0.731133
3728     1.006001
3729     1.610715
3730    -1.075973
3731     0.535556
3732    -0.955249
3733    -0.283756
3734     1.868148
3735    -1.039452
3736    -0.641565
3737     1.606526
3738     0.475969
3739     0.043221
3740    -0.485315
3741     0.761517
3742    -0.831053
3743    -0.083787
3744     1.254464
3745     0.459270
3746    -0.046324
3747     1.567185
3748     0.687196
3749    -1.272605
3750    -1.402024
3751    -0.308821
3752     1.547479
3753     0.625742
3754    -0.826541
3755     1.122092
3756    -1.831852
3757    -0.751074
3758     0.083603
3759     0.229080
3760     0.562936
3761     0.236903
3762     0.487905
3763     0.849432
3764    -1.646879
3765     0.713422
3766    -0.223157
3767     0.619860
3768    -2.588106
3769     0.552765
3770    -0.177717
3771     0.295916
3772     0.244170
3773    -1.213004
3774     0.501495
3775     1.204776
3776    -2.081922
3777     0.485359
3778     0.014430
3779    -1.629931
3780    -0.204740
3781     0.132333
3782     0.841218
3783    -1.125408
3784     0.068866
3785    -1.024847
3786     0.041434
3787     0.050725
3788     1.656058
3789     0.534799
3790     0.189174
3791    -1.238518
3792    -0.745994
3793     1.593779
3794     2.503697
3795     0.899350
3796     0.131051
3797    -1.267705
3798    -0.399445
3799    -0.708733
3800    -0.723713
3801    -0.433814
3802    -0.573930
3803     0.000423
3804     2.650919
3805    -0.187714
3806    -0.108242
3807     0.630225
3808     0.473438
3809    -0.070301
3810    -0.953695
3811     1.156586
3812     1.356594
3813     1.274695
3814     0.416609
3815     1.485814
3816    -0.853015
3817     0.139318
3818    -0.886728
3819     0.619418
3820     0.643499
3821    -0.471905
3822    -1.426441
3823    -1.336740
3824    -1.391235
3825    -0.347615
3826     0.875278
3827     1.685296
3828    -1.492101
3829     0.104339
3830    -0.010830
3831    -1.143688
3832    -1.127338
3833     0.108483
3834     1.264307
3835    -1.443452
3836    -1.579105
3837    -0.009721
3838    -0.597089
3839    -0.864453
3840     1.015788
3841    -0.125480
3842     2.019249
3843     0.723897
3844     0.930053
3845    -0.407247
3846    -0.748557
3847    -0.015495
3848     1.958269
3849     0.495107
3850     0.533847
3851    -1.557521
3852    -0.290654
3853    -0.163265
3854     0.098407
3855     1.391511
3856     0.574411
3857    -1.401147
3858     0.243959
3859    -0.266636
3860     0.731553
3861    -1.251035
3862     0.018327
3863     1.455784
3864     1.237898
3865    -0.008174
3866     0.168478
3867     1.485734
3868     0.475860
3869    -1.617436
3870    -2.427814
3871     1.132383
3872    -0.015478
3873     1.255568
3874    -0.094636
3875     0.760604
3876    -0.640378
3877     0.446881
3878    -2.005016
3879    -0.907421
3880     0.252082
3881    -1.827932
3882    -0.519682
3883    -1.049080
3884     0.738261
3885    -0.292826
3886    -0.285493
3887     0.135836
3888    -0.845381
3889     0.225200
3890    -0.230448
3891    -1.344644
3892    -0.990805
3893     1.149190
3894     1.219511
3895    -1.140535
3896     0.818224
3897    -0.376411
3898    -0.449446
3899    -0.971630
3900     1.591619
3901     0.436705
3902     2.602038
3903     2.446924
3904     1.630019
3905     0.468281
3906     0.262604
3907     0.578200
3908    -0.027543
3909    -1.284173
3910     0.141045
3911    -0.132353
3912     1.500019
3913     0.414194
3914    -1.329768
3915     0.823451
3916     0.548340
3917    -0.969254
3918    -0.036007
3919    -0.120998
3920     0.235981
3921    -1.022523
3922     0.408604
3923     1.153048
3924     0.903915
3925    -0.369188
3926    -0.272116
3927    -1.049016
3928    -0.088172
3929     0.025472
3930    -1.130987
3931     1.631179
3932    -0.513995
3933     0.296749
3934     0.433321
3935     0.121011
3936     0.307856
3937    -0.123201
3938    -0.729342
3939    -0.630148
3940     0.224490
3941    -1.900171
3942    -1.302706
3943    -1.555286
3944     0.571543
3945    -0.303592
3946     0.481129
3947    -1.042137
3948     0.474165
3949     0.350752
3950     0.163138
3951    -0.026162
3952    -1.545289
3953     0.500538
3954    -0.427130
3955    -1.758292
3956     0.614874
3957    -0.799667
3958    -1.717552
3959     0.460753
3960     0.996428
3961    -0.488266
3962     1.261978
3963     0.712880
3964     1.387843
3965    -0.129322
3966    -0.407609
3967     0.426129
3968     0.054401
3969    -0.451172
3970     0.047459
3971     0.159257
3972     0.577809
3973     0.221249
3974    -1.504293
3975    -1.055081
3976     0.164713
3977    -1.336313
3978    -1.461225
3979     0.391706
3980     1.080456
3981     0.171590
3982    -0.106463
3983     0.664846
3984    -0.075599
3985     0.452858
3986     1.026934
3987     0.852699
3988     1.121495
3989     1.560481
3990    -0.187889
3991     0.570110
3992    -1.698658
3993    -1.041835
3994     0.399111
3995     0.207741
3996     0.867740
3997     0.736528
3998     0.503713
3999     0.094798
4000     0.515979
4001    -1.778574
4002    -1.630408
4003    -1.870927
4004     0.128005
4005     0.229900
4006    -0.021983
4007    -1.528599
4008    -1.474838
4009     0.690955
4010     0.842033
4011     0.072708
4012    -1.587446
4013    -0.154995
4014     1.014394
4015    -1.959814
4016    -0.101748
4017     1.286528
4018    -1.091237
4019     0.742659
4020     1.904609
4021     0.532383
4022    -1.294964
4023    -0.739449
4024    -0.000567
4025     2.448131
4026     0.955272
4027     0.859435
4028    -1.152325
4029    -1.316185
4030    -0.118329
4031    -0.086739
4032    -0.102585
4033     0.323837
4034    -1.511172
4035    -0.443764
4036    -0.182484
4037    -0.963657
4038    -0.356359
4039     0.373959
4040     0.722357
4041     0.714834
4042     0.532923
4043    -1.140206
4044    -0.489356
4045     0.383801
4046     1.166741
4047     0.684778
4048     0.925724
4049     1.217604
4050     0.376329
4051     0.482945
4052    -1.281382
4053    -0.603607
4054     0.739871
4055    -0.749492
4056    -0.574783
4057     0.286315
4058     0.854603
4059     0.679160
4060     0.453407
4061    -1.215821
4062    -1.573066
4063    -0.920721
4064    -1.404922
4065    -1.016505
4066    -0.512647
4067    -0.826502
4068    -0.247630
4069     0.139146
4070     0.932653
4071     1.277808
4072    -1.270470
4073     0.999858
4074     0.333283
4075    -1.576041
4076     0.846951
4077     0.845321
4078    -1.452487
4079     2.438283
4080     1.596502
4081     1.452574
4082    -0.349856
4083     0.160381
4084    -1.592669
4085    -0.269789
4086    -0.501768
4087     1.787637
4088    -0.025437
4089    -0.374138
4090    -1.092218
4091    -0.869962
4092    -0.112892
4093     1.352460
4094     0.220038
4095     0.719000
4096    -0.479700
4097    -0.593676
4098    -0.591998
4099     0.478939
4100     0.051996
4101     0.245308
4102     1.502840
4103     0.035060
4104     0.005586
4105     0.652905
4106     0.764845
4107     0.034900
4108     1.286035
4109     0.519782
4110    -0.157477
4111     1.493304
4112     0.027435
4113     0.633330
4114     1.423153
4115    -0.584689
4116     1.230988
4117    -0.620142
4118    -0.288507
4119    -1.206103
4120     1.516624
4121     0.295147
4122    -0.344105
4123    -0.580188
4124    -0.512627
4125     0.183822
4126    -0.862687
4127    -0.260011
4128    -0.025724
4129    -1.024165
4130    -0.512870
4131    -0.764917
4132    -1.529728
4133     0.315087
4134    -0.037973
4135    -1.758320
4136     1.046334
4137     0.591967
4138    -3.406654
4139     0.991700
4140     0.311813
4141    -0.299558
4142     0.239661
4143     1.434822
4144     0.088079
4145     0.005349
4146    -1.880682
4147    -1.093490
4148     0.974707
4149     1.526075
4150    -0.154233
4151    -0.216933
4152    -1.333514
4153     0.297225
4154    -0.103167
4155     1.769581
4156     0.407691
4157    -0.413279
4158    -1.336771
4159     0.014861
4160     0.051582
4161     0.595551
4162     0.163337
4163     0.538966
4164     0.856607
4165    -0.325950
4166     0.524994
4167     1.017976
4168     0.666980
4169     0.148780
4170     0.453875
4171    -0.044867
4172     0.382595
4173     1.692824
4174     0.596773
4175    -0.242044
4176     1.575693
4177     0.592651
4178    -0.529776
4179    -2.032911
4180     0.291574
4181     0.219736
4182     0.821628
4183     0.809043
4184    -0.385087
4185    -1.038181
4186     0.595373
4187    -0.493840
4188    -1.376306
4189     0.198111
4190    -0.196909
4191    -2.014827
4192     0.739968
4193    -0.247305
4194    -1.957222
4195    -2.148038
4196    -0.112225
4197     1.956983
4198    -1.395529
4199    -0.145804
4200    -0.731202
4201    -0.522866
4202     0.537577
4203    -0.033615
4204     0.381338
4205    -0.202110
4206     0.945519
4207    -1.825075
4208     0.042981
4209     2.674176
4210    -0.020047
4211    -0.056107
4212    -0.881170
4213     0.083631
4214     0.382323
4215    -1.052044
4216     0.390706
4217    -0.402578
4218    -2.161810
4219    -0.197895
4220    -0.305742
4221    -0.284000
4222     0.062617
4223     0.438784
4224     0.049410
4225    -0.692463
4226     0.263379
4227    -0.780738
4228     0.772564
4229    -0.621823
4230     1.105571
4231    -0.296912
4232     0.856847
4233    -0.268484
4234     0.241579
4235    -0.074760
4236    -1.358250
4237     1.005746
4238     0.326169
4239    -0.441300
4240     0.342073
4241     0.337087
4242     0.217671
4243     1.208385
4244    -0.153591
4245     1.867785
4246     0.698158
4247    -0.578261
4248    -2.582532
4249     0.410750
4250    -0.157554
4251    -0.589799
4252     0.899911
4253    -0.703513
4254    -0.407787
4255    -1.862300
4256     0.154625
4257     2.876578
4258    -1.079900
4259    -0.083733
4260     1.104818
4261     0.430874
4262     0.960034
4263    -1.107322
4264    -0.132349
4265     0.328552
4266     2.020989
4267     0.304950
4268     0.805767
4269     1.128287
4270     0.153331
4271    -0.151375
4272    -1.488473
4273    -0.732836
4274     0.695752
4275    -0.358174
4276     0.254561
4277     0.007981
4278    -1.871768
4279    -0.458944
4280    -0.107532
4281    -0.078213
4282    -0.486193
4283     0.893505
4284     0.481482
4285     0.086842
4286     0.287610
4287    -1.932081
4288    -0.581176
4289     0.567107
4290     2.768437
4291    -0.239988
4292    -0.589018
4293    -1.022351
4294    -0.148406
4295     0.473665
4296    -0.860912
4297     0.646221
4298    -1.492667
4299    -0.487333
4300    -0.198896
4301     0.342784
4302     0.575233
4303     0.919798
4304    -0.833107
4305     2.570420
4306    -1.250581
4307     0.059468
4308    -1.224580
4309    -0.238083
4310     0.236549
4311    -0.079989
4312    -0.038242
4313    -1.171549
4314     0.128871
4315     0.417124
4316    -2.227172
4317     0.721117
4318     1.291993
4319     0.913646
4320     0.116359
4321     0.247873
4322     1.006292
4323    -0.096979
4324    -0.149763
4325    -0.446344
4326    -0.428825
4327     0.213260
4328     0.894694
4329    -0.625857
4330    -0.009246
4331     0.165906
4332    -1.522275
4333    -0.475246
4334     0.686766
4335    -0.907909
4336     0.191743
4337     0.401405
4338    -0.984703
4339    -0.166593
4340     0.011016
4341     0.140310
4342    -0.370378
4343     0.754264
4344    -0.524039
4345     0.024023
4346     0.577122
4347    -0.216870
4348    -0.604965
4349    -0.392173
4350    -0.718867
4351    -0.157040
4352     0.634490
4353    -0.970378
4354    -0.111927
4355     0.133206
4356    -1.216082
4357     0.785212
4358     0.216856
4359    -0.251315
4360     0.237355
4361     0.624357
4362     0.218776
4363     0.790522
4364    -0.265318
4365     1.799939
4366    -0.407086
4367     0.567248
4368    -1.392673
4369     0.077481
4370     0.812183
4371    -0.565191
4372    -0.569248
4373    -1.691027
4374     2.612178
4375     0.478274
4376    -1.880366
4377     2.598159
4378    -0.024250
4379    -2.810577
4380     3.052600
4381     0.102941
4382     0.484167
4383    -0.204457
4384    -0.170322
4385    -0.798858
4386    -0.385809
4387    -0.471156
4388     0.063261
4389    -0.578715
4390     0.042511
4391     0.183788
4392    -0.879165
4393     0.091649
4394     0.658981
4395    -0.538597
4396     0.059855
4397     0.193627
4398    -0.627213
4399    -1.105696
4400     0.219008
4401     1.036032
4402    -0.683672
4403     2.128090
4404     1.276006
4405    -0.577771
4406     0.577765
4407     0.451188
4408    -0.589651
4409     0.377477
4410     0.471741
4411     0.035596
4412     0.780724
4413    -0.296439
4414     0.005648
4415     0.201876
4416    -0.659683
4417    -0.550079
4418     0.009488
4419     0.377708
4420    -0.660771
4421     0.197858
4422     0.723091
4423     2.123380
4424    -0.694046
4425    -0.378133
4426     0.681723
4427     0.680673
4428    -1.119763
4429    -0.560628
4430     0.569180
4431     0.103386
4432     2.242600
4433     0.471946
4434     1.270272
4435     1.918724
4436    -2.282589
4437    -0.692911
4438    -1.934881
4439    -4.022416
4440     0.651461
4441     0.317462
4442     0.961858
4443     0.107406
4444     0.858896
4445    -1.313255
4446    -1.189081
4447     0.568685
4448    -0.149362
4449    -0.500959
4450     0.465413
4451     0.714647
4452    -0.347589
4453     0.429471
4454     0.929299
4455    -0.093056
4456     0.341343
4457     0.719176
4458    -0.038257
4459     0.517934
4460    -0.155730
4461    -0.243192
4462     0.563985
4463     1.047461
4464    -0.280936
4465     0.523434
4466     0.137143
4467    -0.155367
4468     0.475081
4469    -0.081856
4470    -0.016536
4471     0.440680
4472     0.983826
4473    -0.078239
4474     0.498129
4475     0.534366
4476    -0.181085
4477     0.463035
4478    -0.098373
4479     0.069917
4480     0.508348
4481    -0.331430
4482     0.090207
4483     1.617480
4484    -1.192296
4485    -0.933084
4486     0.636219
4487     0.692393
4488    -0.152101
4489     0.448834
4490    -0.049691
4491    -0.014666
4492    -3.022581
4493     0.198175
4494     1.473671
4495    -3.427507
4496    -1.184989
4497     0.754927
4498    -3.224341
4499    -2.361363
4500     1.728018
4501     0.032330
4502     0.430261
4503     0.397094
4504    -0.858615
4505    -0.692146
4506    -1.155567
4507    -0.646800
4508    -0.385960
4509    -0.244504
4510     1.209997
4511     0.987723
4512    -0.169923
4513     0.350606
4514     0.635286
4515     0.227911
4516     0.748486
4517    -0.113189
4518     0.072282
4519    -1.082680
4520    -0.041038
4521    -0.085915
4522     2.185472
4523     1.126559
4524    -0.577378
4525     1.360647
4526     0.107589
4527    -0.011303
4528    -0.620712
4529     0.026763
4530     0.324685
4531     0.979773
4532     0.180866
4533    -0.004366
4534     1.245565
4535     0.616617
4536     0.082085
4537    -0.286714
4538     0.043608
4539     0.496070
4540    -0.883229
4541     0.413523
4542     0.363692
4543     0.866955
4544     1.981569
4545    -2.438745
4546     1.012993
4547     0.502240
4548     0.141585
4549    -0.230422
4550     0.007329
4551     0.376301
4552    -1.436942
4553    -0.301337
4554     1.090914
4555    -3.009902
4556    -2.549255
4557     0.674396
4558    -0.936810
4559    -2.977008
4560     0.440686
4561    -0.743275
4562     0.513463
4563     1.248257
4564     0.255509
4565    -1.262440
4566    -0.035034
4567    -0.104372
4568    -0.510944
4569     0.738646
4570    -0.127011
4571     1.056401
4572     0.389163
4573     0.121569
4574     0.851991
4575     0.993243
4576     0.370244
4577     0.435178
4578     0.243472
4579    -0.229853
4580    -0.049433
4581     0.709188
4582     0.713371
4583     0.329086
4584     0.670249
4585     0.975307
4586     0.987150
4587    -1.031407
4588    -0.665112
4589     0.412522
4590     0.859748
4591     0.682496
4592     0.698906
4593     0.248950
4594     0.384032
4595     0.615699
4596     0.957002
4597     0.808541
4598     0.667959
4599    -0.101929
4600    -0.292232
4601     0.728163
4602     0.873075
4603    -2.222746
4604    -0.276143
4605    -2.452871
4606    -0.072097
4607     0.245384
4608     1.196244
4609     1.129158
4610     0.547293
4611    -0.527791
4612    -0.092276
4613    -0.032394
4614    -1.239148
4615    -0.869620
4616    -2.731310
4617    -0.846165
4618    -0.021631
4619    -3.226530
4620    -2.892893
4621    -0.300418
4622     0.741763
4623     0.223397
4624     0.281736
4625    -0.730511
4626     0.237280
4627     0.803452
4628    -0.409016
4629    -0.323420
4630    -0.398631
4631     0.610375
4632    -0.973609
4633     0.090953
4634     0.932066
4635     0.198448
4636    -0.690091
4637    -0.000306
4638     0.349037
4639     0.525570
4640     0.282097
4641    -0.624763
4642     0.691569
4643    -0.372247
4644     0.116328
4645    -0.457213
4646     0.247545
4647    -0.451016
4648     0.595612
4649     0.355440
4650    -0.944424
4651    -0.153817
4652     0.672194
4653     0.472511
4654     0.448511
4655     0.120162
4656     0.277751
4657     0.785619
4658     1.196777
4659    -0.812961
4660     0.255474
4661     0.950899
4662    -0.524663
4663    -1.153637
4664    -0.647854
4665     3.996429
4666     0.508113
4667     0.050181
4668     0.154163
4669     0.807551
4670     1.106462
4671    -0.780558
4672    -1.747866
4673     0.632728
4674     0.999295
4675    -1.605546
4676    -2.827321
4677     0.461761
4678     0.713059
4679    -2.911433
4680    -2.050985
4681     0.210746
4682    -0.799174
4683    -0.214423
4684     0.257631
4685     0.404288
4686    -1.081681
4687     0.532449
4688    -0.117229
4689    -0.588264
4690    -0.277642
4691    -0.918438
4692    -0.543644
4693     0.558824
4694    -0.646369
4695    -0.104225
4696    -0.477657
4697    -1.122949
4698    -0.255059
4699     0.157138
4700     0.018090
4701    -0.166708
4702     0.513411
4703    -0.367365
4704    -0.429246
4705    -0.301608
4706    -1.050676
4707    -0.622485
4708     0.263916
4709     0.111539
4710    -0.563041
4711     0.318143
4712    -0.763066
4713    -0.116797
4714     0.380652
4715     0.217193
4716    -0.249511
4717     0.825887
4718     0.112743
4719    -0.407108
4720     0.396563
4721    -0.515492
4722    -0.149971
4723    -1.082443
4724     2.283313
4725     2.495008
4726     0.584285
4727    -0.937772
4728    -0.157569
4729     0.690106
4730     0.206048
4731    -0.354809
4732    -2.570113
4733     2.150079
4734     2.677668
4735    -0.973019
4736     2.728893
4737     2.474285
4738    -0.007270
4739    -0.993656
4740    -1.642421
4741     0.249095
4742    -0.208938
4743     0.088134
4744    -1.642001
4745     1.449278
4746    -0.126878
4747    -0.962915
4748    -0.370201
4749    -0.272465
4750    -1.033775
4751    -0.981904
4752    -0.809015
4753     0.303796
4754    -0.768113
4755    -0.168753
4756    -0.906374
4757    -1.057023
4758    -0.249325
4759     0.179335
4760    -0.297746
4761    -1.011000
4762    -0.316220
4763     0.227235
4764     0.334911
4765    -1.526892
4766    -1.164034
4767    -0.345807
4768     0.062017
4769     0.861937
4770    -0.739518
4771     0.173152
4772    -0.551366
4773     0.035731
4774    -0.468525
4775    -0.452061
4776    -0.656174
4777     0.716268
4778     0.788288
4779    -0.378696
4780     0.018209
4781    -0.893961
4782    -0.315738
4783     1.221007
4784     0.475207
4785     0.913550
4786     1.454956
4787    -0.965484
4788    -0.639237
4789     0.886227
4790     0.101755
4791    -1.241079
4792    -0.041366
4793     0.450525
4794     0.978003
4795    -1.283859
4796     0.844698
4797     1.248680
4798     2.917864
4799     2.511908
4800     3.354676
4801    -0.281768
4802     0.992586
4803     0.191659
4804    -1.384544
4805     1.988169
4806     0.001123
4807     0.227464
4808    -0.732361
4809     0.571866
4810    -1.840067
4811     0.506968
4812    -0.378269
4813    -1.088839
4814     0.142664
4815    -0.488183
4816    -1.317529
4817    -0.181253
4818     0.034711
4819     0.618209
4820    -0.017802
4821    -0.849299
4822     0.372689
4823    -1.145854
4824     0.242166
4825    -1.337652
4826    -0.735210
4827     0.502023
4828     1.024239
4829     0.317095
4830    -0.528596
4831    -1.073770
4832     0.200748
4833    -0.329501
4834    -1.154501
4835     0.082192
4836    -0.815076
4837    -0.564904
4838     2.044134
4839    -0.441567
4840     0.965222
4841    -1.539171
4842     0.362555
4843     0.507679
4844     0.565481
4845     0.530830
4846     1.225920
4847    -0.198108
4848    -0.660255
4849     1.201508
4850    -0.060672
4851    -1.463294
4852     0.171613
4853    -0.357994
4854     0.555481
4855    -0.027021
4856    -0.845633
4857     1.139294
4858     3.756053
4859    -1.025980
4860     1.822333
4861    -0.472974
4862    -0.471096
4863     0.298894
4864    -2.236969
4865     1.354361
4866    -0.276753
4867    -0.380277
4868    -0.239477
4869     0.540264
4870    -0.411650
4871    -0.923719
4872    -1.129029
4873    -0.231952
4874    -0.177433
4875    -0.999426
4876    -0.284782
4877    -0.786354
4878    -0.477973
4879    -0.380304
4880    -1.366581
4881    -0.598515
4882     0.152155
4883    -0.451993
4884     0.245092
4885    -0.571714
4886    -0.682766
4887     0.046613
4888     0.004643
4889     1.257920
4890    -0.481761
4891    -0.423447
4892    -0.482955
4893    -0.582988
4894    -0.171544
4895    -0.498080
4896    -1.356442
4897     0.089408
4898     1.304097
4899    -1.003881
4900     0.468084
4901    -0.620712
4902     0.629960
4903     0.991237
4904     1.916726
4905     0.863045
4906    -0.179388
4907    -0.756036
4908    -0.072993
4909    -0.396652
4910    -0.858034
4911    -1.040112
4912     0.565168
4913     0.828525
4914     0.630320
4915     1.309947
4916     0.822377
4917     1.055709
4918     2.561012
4919     0.831231
4920     3.709973
4921     0.667644
4922    -0.095406
4923     0.708889
4924    -0.356027
4925    -0.790865
4926     0.581571
4927    -1.153065
4928    -0.117612
4929    -0.204050
4930     1.100959
4931     0.192157
4932     0.083825
4933     1.109658
4934    -0.134580
4935    -0.137147
4936     1.275434
4937    -0.365242
4938     0.452602
4939    -0.505210
4940    -0.605947
4941    -0.617717
4942    -1.201353
4943    -1.593848
4944    -0.300537
4945    -0.724262
4946    -1.261605
4947    -0.232171
4948    -0.643436
4949     0.107504
4950    -0.846710
4951     0.785121
4952    -2.051936
4953     0.183175
4954     1.071745
4955    -0.047673
4956    -0.451983
4957     0.154326
4958     0.687249
4959    -0.758159
4960    -1.028320
4961    -0.718830
4962    -0.445110
4963    -2.217702
4964    -0.336168
4965    -0.972574
4966     0.656304
4967    -0.539930
4968     0.116675
4969    -0.193600
4970    -0.269010
4971    -0.715892
4972     0.524177
4973     3.276231
4974     0.961358
4975     0.697837
4976     2.906000
4977     0.862535
4978    -0.020227
4979     1.759512
4980     1.731420
4981     2.598530
4982    -0.726689
4983     0.353307
4984    -0.316626
4985    -1.451722
4986    -0.453603
4987    -0.929092
4988    -0.001072
4989    -0.198207
4990     1.524506
4991     0.381554
4992     0.251888
4993     0.101326
4994     0.309430
4995     0.020528
4996     1.330874
4997    -0.357384
4998     0.088564
4999    -0.567155
5000     0.064111
5001     0.097333
5002     0.549670
5003    -2.418115
5004    -0.715756
5005    -0.875693
5006    -1.151311
5007    -0.203214
5008    -0.254218
5009    -0.227155
5010    -0.879733
5011     1.374459
5012    -1.515977
5013     0.304924
5014     0.484842
5015     0.602280
5016     0.248528
5017    -0.773757
5018     0.342080
5019    -0.826800
5020    -1.027737
5021    -0.024402
5022     0.228827
5023    -2.085732
5024     0.611565
5025    -0.134879
5026     0.895786
5027    -0.008330
5028     0.651311
5029    -1.111436
5030    -0.006372
5031    -0.550137
5032    -1.743478
5033     1.290107
5034    -1.026816
5035    -0.234893
5036     2.751325
5037     0.911459
5038     1.059822
5039     1.536075
5040     1.832476
5041     2.787486
5042    -1.362114
5043     0.786191
5044    -0.777816
5045     0.426041
5046    -0.830156
5047    -0.676537
5048     0.649091
5049    -0.071628
5050     1.624869
5051     1.121958
5052     0.353715
5053     0.433730
5054    -1.980370
5055     0.262907
5056     1.569341
5057     0.085480
5058     0.529455
5059    -1.066730
5060     0.924049
5061    -0.713484
5062    -0.063186
5063    -0.478143
5064    -0.752486
5065    -0.729710
5066    -0.441210
5067    -0.272710
5068    -0.268236
5069     0.571117
5070    -0.788150
5071     1.203857
5072    -0.270314
5073     0.358764
5074     0.595165
5075    -2.119789
5076     0.244826
5077    -0.274738
5078    -0.021696
5079    -0.362256
5080    -0.613293
5081     0.842225
5082     0.772882
5083    -1.353914
5084     1.390143
5085     0.460249
5086     0.695797
5087    -0.124140
5088     0.257801
5089    -0.514196
5090     0.429950
5091     0.072682
5092    -0.638312
5093    -0.131869
5094    -0.197989
5095    -2.571416
5096    -1.881476
5097    -1.300686
5098     0.637838
5099     2.371068
5100     1.190072
5101     0.525281
5102    -1.573513
5103    -0.385614
5104    -0.196836
5105    -0.169189
5106    -0.059693
5107    -0.517593
5108     0.848741
5109    -0.118643
5110     0.718889
5111     0.710132
5112     0.443199
5113     0.401015
5114    -1.834728
5115    -1.057720
5116     0.252259
5117    -0.698512
5118     1.077478
5119     0.218591
5120     1.860186
5121    -0.932942
5122    -1.568840
5123    -0.687351
5124    -2.038379
5125    -0.049323
5126    -0.575863
5127    -0.274996
5128    -0.481576
5129    -0.246333
5130    -0.163481
5131    -0.879938
5132     0.024213
5133    -1.230879
5134    -0.798781
5135    -1.887397
5136    -1.547047
5137    -0.237559
5138    -0.718368
5139     0.117759
5140    -0.100898
5141     0.470306
5142     1.618879
5143     0.266960
5144     1.191935
5145     2.380008
5146     0.367514
5147    -0.497901
5148     0.291814
5149     0.671694
5150     2.318885
5151    -1.199673
5152     0.572352
5153    -0.084783
5154     0.293142
5155     1.324254
5156    -0.300764
5157     0.875686
5158    -0.487466
5159     1.850304
5160     1.911105
5161    -0.216111
5162    -0.507871
5163    -0.502558
5164     1.338615
5165     1.624912
5166     1.239314
5167     0.247931
5168     1.563625
5169     0.306400
5170     0.419779
5171     0.102350
5172     0.152912
5173    -0.404331
5174    -1.132257
5175    -1.177363
5176     0.554482
5177    -0.920726
5178     0.944376
5179     0.080708
5180     1.087950
5181    -0.834995
5182    -0.935268
5183    -0.250667
5184    -1.505878
5185    -0.219717
5186    -0.764427
5187    -0.460141
5188    -0.435503
5189    -0.416285
5190    -0.363078
5191    -2.257158
5192    -0.473323
5193    -1.464071
5194    -1.726157
5195    -1.376253
5196    -1.575600
5197     0.163226
5198    -0.567582
5199     0.199300
5200     0.541437
5201     0.917913
5202     1.399980
5203     0.841876
5204     2.177061
5205     1.996977
5206    -0.209910
5207    -1.996341
5208     0.074478
5209    -0.333272
5210     0.492694
5211    -1.159443
5212     1.165028
5213    -0.538449
5214     0.383016
5215     1.661748
5216     0.196000
5217     1.063370
5218    -0.277405
5219     0.781676
5220     1.283003
5221    -1.040663
5222     1.113824
5223    -0.058465
5224     2.274624
5225     0.092483
5226     0.089766
5227     0.167992
5228     0.288427
5229     0.561610
5230    -0.362159
5231     0.501451
5232     0.376765
5233    -0.898767
5234     1.783505
5235    -0.953601
5236     0.097918
5237     0.140415
5238     0.358953
5239    -0.587208
5240     0.049913
5241     0.602170
5242    -1.239144
5243    -0.103583
5244    -0.936455
5245    -0.757956
5246    -0.427182
5247    -0.025051
5248    -0.423943
5249    -0.311071
5250    -0.592747
5251    -2.305561
5252    -0.793550
5253    -0.275061
5254    -2.345820
5255     0.377636
5256    -0.313070
5257    -0.544518
5258     0.027312
5259     0.479727
5260     0.221454
5261     0.381239
5262     1.032939
5263     2.541302
5264     0.037674
5265     0.747487
5266    -0.958844
5267    -1.244993
5268     0.632178
5269    -0.852912
5270    -0.118272
5271    -0.067276
5272     1.957679
5273    -0.393787
5274    -1.051456
5275     3.207041
5276    -1.105660
5277    -0.207161
5278     1.849485
5279    -0.295781
5280    -0.401253
5281    -0.657208
5282     1.435318
5283     0.661224
5284     0.661814
5285    -1.648656
5286    -1.090094
5287    -0.845196
5288    -0.229916
5289     0.254402
5290     0.456986
5291     1.201758
5292     1.104831
5293     0.974041
5294     2.060229
5295     0.636723
5296     0.463042
5297     0.768023
5298     0.534657
5299    -0.749875
5300     0.853908
5301     0.271464
5302    -1.917035
5303    -0.457917
5304    -0.882804
5305     0.338078
5306     0.683092
5307    -0.113280
5308    -0.580646
5309    -0.530435
5310    -0.149747
5311    -1.603540
5312    -0.287157
5313     0.364740
5314    -0.715195
5315     0.853831
5316     1.141126
5317    -0.671785
5318     0.410778
5319     0.628685
5320     0.012629
5321     0.766800
5322     1.186726
5323     0.930040
5324    -1.826719
5325    -0.602561
5326     0.435510
5327    -0.018458
5328     0.876606
5329    -0.321116
5330     0.710295
5331     0.104505
5332     1.288274
5333    -0.745613
5334    -1.801706
5335     2.102982
5336    -2.078268
5337    -1.649474
5338     0.398200
5339    -1.920894
5340    -1.476023
5341     1.416468
5342    -0.108496
5343     1.098309
5344    -0.441002
5345    -0.885908
5346    -0.762928
5347    -0.482114
5348    -0.122690
5349     0.227996
5350     0.824874
5351     1.022093
5352     1.063208
5353     3.092863
5354     0.203134
5355     1.412713
5356     0.969309
5357     0.795853
5358     1.850245
5359    -1.020406
5360     0.840041
5361    -1.073031
5362    -0.831953
5363    -0.738387
5364    -0.631285
5365    -0.026813
5366     0.851784
5367    -0.893153
5368    -1.076932
5369    -0.066211
5370    -0.106686
5371    -2.438046
5372     0.304567
5373     0.545561
5374    -0.708046
5375     0.522405
5376    -0.171019
5377    -0.060024
5378     0.311311
5379     0.875672
5380     0.284190
5381     0.680272
5382     1.026733
5383    -0.042389
5384    -1.172166
5385    -0.639322
5386     1.510127
5387    -0.643351
5388     0.616331
5389    -0.908296
5390     0.942593
5391    -0.917953
5392     1.208208
5393    -0.377546
5394    -0.860627
5395     0.276122
5396    -1.408595
5397    -2.424503
5398    -1.546139
5399    -0.950707
5400    -0.236260
5401     1.605872
5402     1.439397
5403     0.743291
5404     0.948444
5405     0.449060
5406    -0.512292
5407    -1.174132
5408    -0.070599
5409    -0.050820
5410     0.547812
5411     1.401451
5412     0.549750
5413     1.980514
5414     1.923966
5415     1.011797
5416     0.939304
5417     0.683201
5418     1.166713
5419    -1.202688
5420    -0.873143
5421    -0.496212
5422    -1.365682
5423    -0.396759
5424    -0.643402
5425     0.536301
5426    -0.621151
5427    -0.415584
5428    -0.605715
5429     0.695123
5430    -0.305523
5431    -2.151505
5432    -0.106450
5433     0.278239
5434    -1.396953
5435     0.393428
5436    -0.231422
5437    -0.093006
5438     0.138707
5439     0.463434
5440     0.396082
5441     1.246256
5442     0.563816
5443     1.069739
5444    -0.801124
5445    -0.507246
5446    -0.095544
5447    -1.329176
5448     0.623207
5449    -1.258482
5450    -0.676750
5451    -0.454154
5452     2.520184
5453     0.595716
5454    -0.392276
5455    -0.489849
5456    -2.767005
5457    -1.220757
5458    -0.710696
5459    -1.324148
5460    -0.170559
5461     1.075500
5462     2.001819
5463     0.654332
5464     1.214496
5465    -1.252660
5466    -1.483909
5467    -0.763822
5468     1.130552
5469     0.481701
5470     0.230961
5471     1.323769
5472     0.515234
5473     1.357126
5474     2.130849
5475     1.048485
5476     0.525094
5477     0.913366
5478     0.485772
5479    -0.985826
5480    -0.099612
5481    -0.170802
5482    -1.064464
5483     0.166903
5484    -0.072365
5485     0.226053
5486    -0.432521
5487    -0.190892
5488    -0.475542
5489    -0.233155
5490    -0.232409
5491    -1.707058
5492    -0.344480
5493     0.331074
5494    -0.925253
5495     1.066088
5496     0.669829
5497    -0.208129
5498     0.452223
5499    -0.136603
5500     0.125927
5501     1.043651
5502     0.533214
5503     1.118561
5504    -2.008705
5505    -1.075191
5506    -0.142174
5507    -0.546781
5508     1.013316
5509    -0.964267
5510     0.091586
5511     0.202639
5512     1.785312
5513    -0.065361
5514    -1.204588
5515    -0.193723
5516    -2.965438
5517    -0.431704
5518    -0.228773
5519    -2.372092
5520    -0.937132
5521     1.943537
5522     1.410016
5523     0.619052
5524     0.123082
5525    -0.546617
5526    -0.915385
5527     0.047891
5528     0.818658
5529     0.907872
5530    -0.394567
5531     1.012938
5532     0.184891
5533     0.772179
5534     1.582366
5535     0.809151
5536     0.171060
5537     0.621742
5538     0.761567
5539    -0.462600
5540     0.191499
5541     0.311743
5542    -0.004865
5543     0.201838
5544     0.614638
5545    -0.350227
5546     0.055988
5547    -0.286818
5548    -0.428632
5549     0.183282
5550     0.068015
5551    -0.990604
5552     0.324717
5553     0.117875
5554    -0.386366
5555     1.009132
5556     0.660366
5557     0.216843
5558     0.429347
5559     0.440295
5560    -0.234181
5561     0.954974
5562     0.281333
5563     0.159509
5564    -0.849900
5565    -0.841575
5566    -0.454983
5567     0.027090
5568     0.501515
5569    -0.748956
5570     0.544748
5571    -0.091848
5572     0.501014
5573     0.071887
5574    -0.602145
5575    -0.295736
5576    -3.985749
5577    -1.904046
5578     0.816602
5579    -4.057955
5580    -1.636495
5581     0.609333
5582     0.842501
5583     0.606569
5584     0.899443
5585    -0.071259
5586    -1.546427
5587    -0.707824
5588     0.634244
5589     0.626166
5590     0.119828
5591     0.683628
5592     0.808521
5593     1.105355
5594     0.960463
5595     1.283324
5596    -0.030150
5597     0.938446
5598     0.308174
5599     0.166972
5600     0.569498
5601     0.292276
5602    -0.999191
5603    -0.155670
5604     0.155146
5605     0.024147
5606     0.177787
5607     0.326049
5608    -1.316681
5609    -0.502395
5610     0.015601
5611    -0.251078
5612     0.553920
5613     0.372933
5614     0.397322
5615     0.651414
5616     1.077381
5617    -0.167950
5618     0.690837
5619     0.205611
5620     0.042933
5621     0.631645
5622     0.889084
5623     0.789718
5624    -0.253850
5625    -1.498119
5626     0.019289
5627     0.319000
5628     0.739893
5629     0.224571
5630     0.441484
5631     0.368615
5632     0.636025
5633     0.425923
5634    -1.485274
5635    -1.254589
5636    -3.347154
5637    -1.620821
5638    -0.307472
5639    -4.190461
5640    -1.924700
5641     1.339212
5642     0.870389
5643     1.030343
5644     1.023231
5645    -0.117119
5646    -1.204704
5647    -0.644561
5648     0.509684
5649     1.001727
5650    -0.136371
5651     0.545113
5652     0.957349
5653     0.729931
5654     0.790773
5655     1.294242
5656     1.121182
5657     0.556935
5658     0.732808
5659    -0.386653
5660     0.112824
5661     0.105593
5662    -0.175113
5663     0.200217
5664     0.294628
5665    -0.367770
5666    -0.036353
5667     0.356265
5668    -1.241932
5669    -0.153535
5670     0.007678
5671    -0.730399
5672     0.648916
5673    -0.271266
5674     0.129919
5675     0.767216
5676     1.032235
5677     0.933443
5678     0.860045
5679     0.375851
5680    -0.508648
5681     0.262285
5682     0.708032
5683     0.604748
5684    -0.102451
5685    -1.557125
5686    -0.458696
5687     0.156838
5688     0.606738
5689    -0.298507
5690     0.183866
5691     0.141797
5692     0.757994
5693     0.836052
5694    -1.555145
5695    -1.054004
5696    -2.892844
5697    -1.702358
5698    -0.637004
5699    -3.998851
5700    -2.354687
5701     0.136999
5702     0.459219
5703     0.587676
5704     1.276270
5705     0.195099
5706    -0.853635
5707     0.094241
5708     0.586837
5709     0.932058
5710     0.102178
5711     0.614166
5712     1.097583
5713     0.731124
5714     0.758355
5715     1.418674
5716     0.272018
5717     0.452173
5718     0.720435
5719    -0.741602
5720     0.038528
5721     0.398276
5722     0.719509
5723     0.142892
5724     0.183505
5725    -0.114935
5726     0.343984
5727     0.455811
5728    -0.322570
5729     0.076740
5730    -0.005576
5731    -0.439850
5732    -0.059517
5733     0.137083
5734     0.835305
5735     0.564376
5736     0.993073
5737    -0.105866
5738     0.282237
5739     0.221990
5740    -0.200506
5741     0.544868
5742     0.787956
5743     0.755843
5744     0.624086
5745    -1.801306
5746    -0.063455
5747     0.501714
5748     0.636389
5749    -0.754543
5750     0.129924
5751     0.355755
5752     1.119781
5753     0.097150
5754    -1.023669
5755    -1.913717
5756    -2.816713
5757    -2.084246
5758    -1.386225
5759    -3.536120
5760    -3.157831
5761     0.103586
5762     0.316064
5763     1.152253
5764     0.232667
5765     0.452017
5766    -1.016538
5767     0.298605
5768     0.954302
5769     0.431090
5770     0.784337
5771     0.087481
5772     0.482973
5773     1.332679
5774     0.717525
5775     1.166951
5776     0.150883
5777     0.385859
5778     1.284796
5779    -0.751470
5780     0.075809
5781     0.843682
5782     0.273619
5783    -0.047751
5784     0.807593
5785     0.303075
5786     0.376437
5787    -0.403001
5788    -0.940510
5789     0.101510
5790     0.484378
5791    -0.201530
5792     0.231468
5793    -0.031585
5794     1.453612
5795     0.286647
5796     0.247967
5797    -0.420930
5798     0.299277
5799     0.758275
5800     0.135943
5801     0.780594
5802     0.158412
5803     1.167704
5804     0.331496
5805    -1.512766
5806     0.539088
5807     0.275877
5808    -0.093640
5809    -0.745935
5810     0.273625
5811     0.700433
5812     0.576603
5813    -0.060826
5814    -0.461462
5815    -2.209505
5816    -2.400812
5817    -2.147158
5818    -2.082520
5819    -3.436600
5820    -2.852652
5821     0.565105
5822     0.388559
5823     1.200069
5824    -0.285277
5825     0.184595
5826    -0.620204
5827     0.460079
5828     0.615220
5829     0.683150
5830     0.789616
5831     0.231507
5832     0.949054
5833     1.125964
5834     0.081082
5835     1.567312
5836     0.661588
5837     0.791922
5838     1.104707
5839    -0.351977
5840    -0.099908
5841    -0.202001
5842     0.606101
5843     0.586204
5844     0.692405
5845    -0.186558
5846     1.003814
5847    -0.070406
5848    -0.694340
5849    -0.454602
5850     0.356386
5851    -0.124295
5852    -0.094495
5853     0.199767
5854     1.657611
5855     0.334256
5856     0.617166
5857    -0.057577
5858     0.945224
5859     0.380922
5860     0.720716
5861     0.576402
5862    -0.294082
5863     0.084205
5864     0.263497
5865    -1.318057
5866     0.332992
5867     0.774913
5868     0.290494
5869    -0.354999
5870    -0.202362
5871     0.359016
5872    -0.751152
5873    -0.432275
5874    -0.389478
5875    -2.032504
5876    -2.369671
5877    -2.406593
5878    -2.165297
5879    -3.123883
5880    -3.099626
5881     0.528472
5882    -0.233189
5883     1.117735
5884     0.209446
5885     0.655624
5886    -0.162464
5887     0.691961
5888     0.182618
5889     0.353118
5890     0.249477
5891    -0.414517
5892     1.176434
5893     0.492814
5894    -0.408574
5895     0.859918
5896     0.594503
5897     0.259372
5898     0.802923
5899     0.342753
5900     0.437786
5901    -0.083723
5902     0.607611
5903     0.051133
5904     0.778597
5905    -0.343811
5906     0.590380
5907     0.104693
5908    -0.034050
5909     0.177213
5910     0.411372
5911     0.581210
5912     0.336744
5913     0.411653
5914     1.190778
5915    -0.328903
5916     0.581730
5917     0.149349
5918     0.709030
5919    -0.304569
5920    -0.152012
5921     0.575286
5922     0.492227
5923    -0.031923
5924     0.606561
5925    -0.551133
5926     0.258380
5927     0.278376
5928     0.454686
5929     0.398504
5930     0.457190
5931     0.153432
5932    -0.501877
5933    -0.191355
5934     0.241101
5935    -3.064618
5936    -1.273540
5937    -2.039776
5938    -2.166965
5939    -2.467233
5940    -4.797954
5941     0.420625
5942    -0.003330
5943     0.584288
5944    -0.626858
5945     0.304786
5946     1.019732
5947    -0.280931
5948     0.591381
5949    -0.342411
5950     0.749413
5951    -0.017682
5952     0.733063
5953     1.183207
5954    -0.229986
5955     0.423575
5956     1.027536
5957     0.321170
5958     0.487667
5959     0.575303
5960    -0.088954
5961     0.229197
5962     0.704316
5963    -0.065800
5964     0.412445
5965    -0.272808
5966     0.302215
5967     0.455563
5968     0.114959
5969     0.312891
5970    -0.269951
5971     0.574774
5972    -0.219236
5973     0.911382
5974     1.492714
5975    -0.433083
5976    -0.029588
5977     0.130940
5978     0.662940
5979     0.199389
5980    -0.330005
5981     0.144118
5982     1.023849
5983    -0.576455
5984     0.623441
5985     0.022246
5986     0.778288
5987     0.332399
5988     0.065900
5989     0.277867
5990    -0.075893
5991     0.501928
5992    -0.148128
5993    -0.568184
5994     0.183885
5995    -3.145175
5996    -0.550192
5997    -1.539018
5998    -2.649584
5999    -1.343002
6000    -5.073140
6001     1.018474
6002    -0.423196
6003     1.453076
6004    -0.074309
6005    -0.167272
6006     1.111099
6007     0.056672
6008    -0.039541
6009     0.327360
6010     0.369129
6011     0.404740
6012     0.846775
6013     1.339203
6014    -0.386136
6015     0.378142
6016     0.724507
6017     0.290699
6018     0.904956
6019    -0.086116
6020     0.735652
6021     0.595942
6022     0.534501
6023    -0.020699
6024     0.238038
6025    -0.078892
6026     0.862882
6027     0.261611
6028    -1.000922
6029     0.956404
6030    -0.758134
6031     0.826045
6032    -0.363687
6033     0.923791
6034     1.151289
6035    -0.183543
6036     0.073076
6037     0.335103
6038     0.269625
6039     0.023797
6040     0.094377
6041     0.686725
6042     0.687565
6043    -0.315727
6044     0.580163
6045    -0.800983
6046     0.793400
6047     0.193574
6048    -0.188645
6049     0.067442
6050     0.011092
6051     0.221226
6052    -0.570829
6053    -0.603353
6054    -0.618972
6055    -1.458698
6056     0.204065
6057    -2.275681
6058    -3.724649
6059    -3.008195
6060    -3.404041
6061     0.285299
6062     0.913069
6063     0.680932
6064    -1.028813
6065     0.335795
6066    -0.014412
6067    -1.294554
6068     0.696158
6069     0.010869
6070    -0.340274
6071     0.907945
6072     0.973218
6073     0.750118
6074     0.643598
6075     0.991503
6076     0.309495
6077     0.618947
6078     0.823733
6079     0.328436
6080    -0.037377
6081    -0.445288
6082     0.181528
6083    -0.300497
6084     0.312344
6085     0.082199
6086     0.332191
6087     1.502903
6088     0.397541
6089    -0.208933
6090     0.724091
6091     0.438883
6092    -0.393538
6093     1.125052
6094     0.845589
6095     0.508429
6096     1.234874
6097    -0.128456
6098     0.150800
6099    -0.533889
6100     0.011809
6101     0.450636
6102     0.187051
6103    -0.692645
6104     0.021555
6105    -1.524015
6106     0.150238
6107     0.834540
6108     0.700422
6109    -1.097230
6110     0.448531
6111    -0.181638
6112    -1.444352
6113    -1.284408
6114    -2.844991
6115    -0.441594
6116    -1.859573
6117    -2.689754
6118     2.686786
6119    -2.777868
6120    -1.033003
6121     1.064059
6122     1.020244
6123     0.821598
6124    -0.181381
6125     0.054438
6126     0.124451
6127    -0.848680
6128     0.696247
6129     0.232805
6130     1.020066
6131     0.800794
6132     0.466844
6133    -0.401937
6134     0.825740
6135    -0.577845
6136     1.138418
6137     0.561667
6138     0.786537
6139    -1.831653
6140     0.704293
6141     1.162168
6142     1.276185
6143    -0.869895
6144    -0.020339
6145    -1.323541
6146     0.578553
6147    -0.915097
6148    -1.328890
6149     0.033057
6150    -1.159473
6151     0.084916
6152    -0.810186
6153    -0.491402
6154    -0.562307
6155     0.799251
6156    -0.447854
6157    -0.965961
6158     0.421014
6159     0.830115
6160    -1.798946
6161     1.006002
6162     1.180113
6163     0.567896
6164    -0.194419
6165    -0.710926
6166     0.741220
6167     0.767807
6168     0.605706
6169    -0.548375
6170     0.207176
6171    -0.277461
6172     0.139388
6173    -1.535175
6174    -1.393647
6175     1.442381
6176    -1.726880
6177    -0.492898
6178     2.317143
6179    -3.339729
6180     0.276603
6181     0.959485
6182     1.231509
6183    -0.388059
6184    -1.302436
6185     0.379542
6186     0.432169
6187    -0.811979
6188     0.493909
6189    -0.118933
6190     0.457400
6191     1.194372
6192    -0.438574
6193     0.506664
6194     0.980015
6195     0.275539
6196     0.911395
6197     0.640910
6198     0.275105
6199    -0.907039
6200     0.199211
6201    -0.952249
6202     0.390719
6203    -0.740544
6204     0.408746
6205    -1.502512
6206     0.895836
6207     0.573762
6208    -0.714920
6209     0.206650
6210     0.284836
6211     0.401279
6212    -0.796640
6213     1.063934
6214     0.958761
6215     0.721137
6216    -0.093570
6217    -0.457146
6218    -0.107012
6219    -0.927234
6220    -0.978163
6221     0.720415
6222    -0.355626
6223    -0.438949
6224    -0.323505
6225    -2.341453
6226     0.251431
6227     1.144646
6228     0.334665
6229    -1.230380
6230     0.534207
6231     0.469609
6232     0.611466
6233    -1.290556
6234     1.288242
6235     1.052474
6236    -2.111875
6237    -0.054487
6238     1.842450
6239    -3.972230
6240     0.263579
6241     0.184613
6242     2.135486
6243    -0.987333
6244     0.217382
6245    -1.467385
6246     0.790329
6247     0.177017
6248    -1.044042
6249     0.763859
6250    -0.199943
6251     2.074893
6252    -0.947844
6253     0.091943
6254     1.710108
6255    -1.137599
6256    -0.171243
6257     2.247765
6258    -0.518309
6259    -0.065045
6260    -1.337357
6261     1.212014
6262     0.080987
6263    -0.341351
6264     0.760857
6265     0.128877
6266    -1.331977
6267     0.648514
6268     0.471079
6269    -1.745781
6270     0.869177
6271     0.533111
6272    -1.230866
6273    -0.614809
6274     0.095840
6275     1.567209
6276    -0.592111
6277     0.135533
6278    -1.241318
6279     0.624679
6280     0.056796
6281    -1.130295
6282     0.464138
6283    -0.588878
6284     0.287990
6285     1.724048
6286     0.025471
6287     1.782333
6288    -1.343837
6289     0.308384
6290    -1.558324
6291     0.211036
6292    -0.679417
6293    -0.031512
6294     0.688368
6295    -0.451577
6296    -0.268683
6297    -0.810799
6298    -0.350930
6299     0.923107
6300    -1.804377
6301     0.520398
6302     0.380339
6303    -1.471340
6304    -0.290424
6305    -0.888974
6306     1.194736
6307    -0.549839
6308    -0.998498
6309     1.381142
6310     0.277814
6311     0.614837
6312    -1.520454
6313     0.175704
6314     0.796677
6315    -1.304365
6316     0.405547
6317     0.632346
6318    -1.410659
6319    -0.602532
6320    -1.046533
6321     1.383986
6322    -0.005763
6323    -0.207047
6324     0.948346
6325    -0.733852
6326    -0.923271
6327     1.503033
6328    -0.070405
6329    -1.090015
6330     1.004762
6331     0.375175
6332     0.322226
6333    -0.046645
6334     0.477457
6335     0.522787
6336    -1.266847
6337    -0.197054
6338    -0.684913
6339     0.732769
6340    -0.846530
6341    -0.921059
6342     1.621718
6343    -0.263341
6344     0.463627
6345     1.297222
6346     0.428378
6347     1.523606
6348    -1.638632
6349    -0.525269
6350    -0.728818
6351     1.372888
6352    -0.725190
6353     0.639909
6354     1.007719
6355     0.829567
6356     0.805077
6357    -1.664044
6358     1.320159
6359     0.787697
6360    -3.125335
6361     0.885869
6362    -0.047606
6363    -0.292482
6364    -0.685638
6365    -0.306450
6366     0.547351
6367    -0.234455
6368    -1.083428
6369     1.749071
6370     0.855304
6371    -0.133948
6372    -0.290216
6373     0.943176
6374    -0.207398
6375    -0.273038
6376     0.673539
6377     0.003645
6378    -0.737202
6379    -0.908142
6380    -0.587994
6381     0.596517
6382     0.506961
6383    -0.558500
6384     1.788307
6385    -0.560191
6386    -0.901989
6387     1.801806
6388    -0.600291
6389    -0.297978
6390     0.254834
6391     0.441086
6392    -0.341287
6393    -0.596686
6394     0.916239
6395    -0.216988
6396    -0.412232
6397    -0.776727
6398     0.319496
6399    -0.977636
6400    -0.492678
6401    -0.927473
6402     2.037138
6403    -0.460255
6404     0.665173
6405     0.533058
6406     0.553592
6407     0.855585
6408    -1.679452
6409    -0.636139
6410    -0.589419
6411     0.477410
6412    -0.514236
6413     0.373577
6414     1.448913
6415    -0.155437
6416     1.758885
6417    -3.191167
6418     0.248424
6419     2.224097
6420    -2.784292
6421     0.259656
6422    -0.441085
6423     0.417043
6424    -0.350650
6425    -0.677964
6426     0.259949
6427    -0.187621
6428    -1.327213
6429     1.480380
6430     0.353154
6431    -0.322766
6432     0.252408
6433     0.366903
6434    -0.442851
6435     0.305306
6436     0.321374
6437     0.586142
6438    -0.540057
6439    -0.609278
6440    -0.685423
6441     0.265613
6442     0.334801
6443    -0.162694
6444     1.561086
6445    -0.649351
6446    -0.488245
6447     1.579451
6448    -0.353338
6449    -0.790825
6450     0.118638
6451     0.242171
6452     0.572070
6453    -0.689881
6454     0.178227
6455    -0.243741
6456     0.327089
6457    -0.742825
6458     0.156147
6459    -0.835693
6460    -0.696632
6461    -1.232695
6462     2.149706
6463    -0.202266
6464     1.253964
6465     0.090343
6466     0.693864
6467     0.735422
6468    -1.639791
6469    -0.489992
6470    -0.357148
6471     0.228524
6472    -0.368167
6473    -0.225827
6474     1.225658
6475     0.933013
6476     1.821829
6477    -3.544642
6478     0.966957
6479     2.272903
6480    -3.011133
6481     0.221026
6482    -0.205296
6483     1.776028
6484    -0.430354
6485    -0.327248
6486    -0.919327
6487    -0.620550
6488    -0.154650
6489     0.688417
6490     0.002453
6491     0.555798
6492     1.543505
6493     0.033759
6494     0.082279
6495     1.140094
6496     0.723645
6497    -0.472872
6498    -0.160942
6499    -0.441420
6500    -0.633003
6501    -1.072193
6502    -0.063746
6503     0.218276
6504     0.715882
6505    -0.601942
6506    -0.028693
6507     2.345727
6508    -0.469263
6509    -0.336987
6510    -0.994467
6511     0.188542
6512     0.506880
6513     1.176490
6514     0.211505
6515    -0.256451
6516     1.535014
6517    -0.801335
6518     0.270155
6519    -0.255853
6520    -0.791573
6521    -0.610025
6522     0.974110
6523     0.139821
6524     0.124674
6525     0.175030
6526     0.678309
6527     0.366989
6528     0.143958
6529    -0.454271
6530    -0.237415
6531    -0.958139
6532    -0.298280
6533    -0.316342
6534    -0.246561
6535     1.043585
6536     0.869791
6537    -3.814554
6538     1.730089
6539     0.584142
6540    -3.792218
6541     0.478915
6542    -1.790698
6543     1.046773
6544    -0.448268
6545     0.462380
6546    -1.004439
6547    -0.308676
6548     1.037850
6549     0.553975
6550     0.619365
6551     1.858872
6552     1.552637
6553     0.014863
6554    -1.107637
6555     0.726184
6556     0.553878
6557    -0.541541
6558     0.188129
6559    -0.576442
6560    -0.119029
6561    -1.154088
6562    -0.113322
6563     0.325847
6564     0.631943
6565    -0.212813
6566     0.970335
6567     2.496246
6568    -0.321300
6569     0.708901
6570    -1.157040
6571    -0.041191
6572     1.022474
6573     1.412425
6574     0.123255
6575    -0.384849
6576     1.744435
6577    -1.490244
6578     0.313978
6579     0.247634
6580    -0.133631
6581    -0.024089
6582     0.189465
6583    -0.195926
6584    -0.767277
6585     0.079704
6586     0.139963
6587    -0.413110
6588     1.094153
6589    -0.214001
6590     0.530793
6591    -1.504365
6592     0.467945
6593    -0.133093
6594    -1.689907
6595     0.419572
6596    -0.790387
6597    -2.929594
6598     1.238056
6599    -1.159719
6600    -2.524268
6601    -0.213040
6602    -0.817648
6603    -0.275380
6604    -0.974026
6605     0.730424
6606     1.204741
6607     1.467509
6608    -0.145906
6609    -2.012987
6610     1.724299
6611     1.714950
6612     0.805240
6613     0.619416
6614    -1.528559
6615    -2.398443
6616     0.131512
6617     0.222245
6618     0.677314
6619    -0.968645
6620     0.097541
6621     0.841273
6622     0.087633
6623     0.737512
6624    -1.220964
6625     0.673308
6626    -0.209603
6627    -1.064679
6628    -0.735702
6629     0.927549
6630     0.991287
6631     1.399483
6632    -0.111270
6633    -1.514673
6634     0.353343
6635     0.161705
6636     1.297730
6637    -0.782303
6638     0.708720
6639     0.315259
6640     1.691341
6641    -1.039166
6642    -1.747873
6643    -1.094957
6644    -0.004298
6645     0.575335
6646     0.194267
6647     0.393144
6648    -0.159722
6649    -1.417809
6650     0.599892
6651     1.336118
6652     0.032796
6653     0.206027
6654     0.468505
6655    -1.801995
6656    -1.136002
6657     0.767627
6658    -0.386428
6659    -1.507256
6660     1.114293
6661     0.667838
6662    -1.095171
6663    -0.249182
6664    -0.770640
6665     1.391280
6666     0.853663
6667     0.714054
6668    -0.939976
6669    -0.620942
6670     0.526056
6671     2.476558
6672     0.679192
6673     0.173640
6674    -2.266851
6675    -2.188726
6676     0.567255
6677     0.654526
6678    -0.101932
6679     0.405427
6680     0.146512
6681     0.594241
6682     0.173719
6683     0.366403
6684     0.529448
6685     0.672192
6686    -0.397676
6687    -0.259490
6688    -0.096175
6689     1.579127
6690     1.018439
6691     0.296892
6692    -0.401343
6693    -1.038527
6694     0.720149
6695     0.666699
6696     0.042216
6697     0.045458
6698     0.575530
6699     1.719870
6700     1.093432
6701    -1.628738
6702    -1.141378
6703    -0.788928
6704     0.212241
6705    -0.396352
6706     0.318904
6707     0.859054
6708     0.128268
6709     0.102509
6710     0.770478
6711     1.185899
6712    -3.351192
6713     0.131078
6714    -0.626608
6715    -0.995064
6716    -1.389453
6717    -0.425988
6718    -0.475525
6719    -1.710276
6720     0.297889
6721     0.698429
6722    -1.406754
6723     0.164901
6724    -0.555400
6725     1.502597
6726     0.343668
6727     0.779426
6728    -0.559503
6729    -0.485588
6730     1.113763
6731     0.083620
6732    -0.440872
6733    -0.554034
6734    -1.744112
6735    -1.316467
6736     0.805851
6737     0.064891
6738     0.150829
6739     0.456575
6740    -0.088334
6741     1.124100
6742     0.440350
6743     0.744726
6744     0.282505
6745     0.939857
6746    -0.060420
6747    -0.513357
6748     0.662780
6749     1.060308
6750    -0.486823
6751     0.542094
6752    -0.363797
6753    -1.486412
6754     1.040013
6755    -0.245779
6756     0.127182
6757    -0.085812
6758     1.745080
6759     1.779872
6760     0.516495
6761    -1.142988
6762     0.394403
6763    -1.120403
6764     0.479177
6765    -0.034113
6766     0.666404
6767    -0.545007
6768     0.059965
6769    -0.028765
6770     1.398101
6771     1.382673
6772    -3.763800
6773     0.978168
6774    -1.846050
6775    -1.465615
6776    -1.566541
6777     0.311080
6778    -1.088207
6779    -0.333431
6780     0.488503
6781    -0.388886
6782    -0.796835
6783    -0.279095
6784    -0.260410
6785     1.378121
6786     0.514394
6787     0.399807
6788    -0.196768
6789    -0.883823
6790     0.552524
6791     0.319239
6792    -0.129412
6793     0.837921
6794    -2.159857
6795    -1.767111
6796     1.064674
6797    -0.285406
6798     0.517751
6799     1.113957
6800     0.513137
6801     0.307290
6802     0.241696
6803     0.002809
6804     1.130460
6805     1.725843
6806    -0.413677
6807    -0.513832
6808    -0.532493
6809     1.391052
6810     0.072463
6811     1.074508
6812    -0.507085
6813    -1.660044
6814     0.797768
6815    -0.047716
6816     0.017674
6817    -1.115469
6818     1.830274
6819     2.370531
6820     0.485041
6821    -0.523843
6822    -0.086161
6823    -1.787319
6824    -0.270069
6825     0.912059
6826     0.757138
6827    -0.377807
6828    -0.162595
6829    -0.550584
6830     1.203563
6831     1.988984
6832    -1.743377
6833    -0.131564
6834    -2.045953
6835    -1.482894
6836    -0.989790
6837    -0.417249
6838    -1.189442
6839     0.062223
6840     0.113671
6841    -0.407572
6842     0.324467
6843    -1.188461
6844    -0.354901
6845     1.032803
6846     1.320773
6847    -0.417937
6848     0.139783
6849     0.504742
6850     0.894633
6851    -0.998383
6852    -0.256462
6853     0.817202
6854    -2.733848
6855    -1.185993
6856     1.748831
6857    -0.434907
6858    -0.450131
6859     1.335114
6860     0.601441
6861    -0.121947
6862     0.380331
6863     0.790469
6864     0.836220
6865     1.480074
6866     0.751626
6867    -0.514938
6868    -0.321892
6869     0.439994
6870     0.361519
6871     1.314027
6872    -1.268599
6873    -1.735206
6874     1.213571
6875    -0.787006
6876    -0.772684
6877    -0.236560
6878     0.417110
6879     0.158160
6880    -0.253808
6881     0.877246
6882     0.861210
6883    -1.497965
6884     0.180829
6885     0.028726
6886     0.777615
6887    -0.577324
6888     0.284388
6889     0.197438
6890     0.728262
6891     0.225207
6892    -2.257325
6893     0.330187
6894    -0.736214
6895    -2.524007
6896     0.570966
6897     0.903848
6898    -1.886868
6899    -0.385118
6900     1.477244
6901     0.351928
6902     0.034675
6903    -1.173467
6904     0.432468
6905     0.291514
6906     1.712777
6907    -0.914715
6908     0.348359
6909     0.296475
6910     1.162972
6911    -0.974279
6912    -0.295606
6913     1.249543
6914    -1.484796
6915    -1.787492
6916     0.662667
6917    -0.877467
6918    -0.136769
6919     1.758204
6920    -0.036390
6921     0.296809
6922    -1.034527
6923     1.091399
6924     0.819883
6925     0.912200
6926     0.477654
6927    -0.443487
6928    -0.168361
6929     0.029181
6930     0.569588
6931     0.663482
6932    -1.146155
6933    -1.814639
6934     2.153515
6935     0.092022
6936    -1.354584
6937    -0.653544
6938     0.311529
6939     0.318569
6940    -0.802664
6941     0.755852
6942     0.874960
6943    -2.298913
6944     0.251627
6945     0.163917
6946     1.446949
6947    -0.991291
6948     0.449939
6949     0.179421
6950     0.638251
6951     0.504373
6952    -2.870212
6953     0.365364
6954    -0.731605
6955    -0.992826
6956     0.193510
6957     1.041209
6958    -1.237589
6959     0.629441
6960     0.689149
6961     0.233826
6962     0.141542
6963    -1.709613
6964     0.415516
6965     0.079882
6966     1.344411
6967    -0.976781
6968     0.180958
6969     1.034694
6970     0.866850
6971     0.194766
6972    -1.161572
6973     1.574351
6974    -1.607646
6975    -2.222029
6976     0.874435
6977    -0.426600
6978    -1.394490
6979     1.391161
6980     0.342505
6981     1.088834
6982    -0.448211
6983     0.132058
6984     0.947559
6985     0.814155
6986     0.877795
6987    -0.465094
6988    -0.695553
6989     1.156981
6990     0.852348
6991     0.106196
6992    -1.389880
6993     0.379605
6994     1.963327
6995    -0.015958
6996    -1.072424
6997    -0.590031
6998     0.318147
6999     0.577643
7000    -0.664091
7001     0.306812
7002     1.422220
7003    -1.944293
7004    -0.211946
7005    -0.056579
7006     1.055152
7007     0.508267
7008    -1.243443
7009     0.692575
7010     0.140523
7011     0.449098
7012    -2.585481
7013    -1.371569
7014     1.041160
7015    -0.817289
7016     0.133212
7017     0.011093
7018    -1.265814
7019     0.510150
7020     0.176582
7021     1.356836
7022     1.003843
7023    -1.990374
7024     0.276891
7025     1.036887
7026     0.325413
7027     0.560117
7028     0.360516
7029     0.139431
7030     0.467974
7031    -0.269328
7032    -0.368416
7033    -0.615383
7034    -1.358982
7035    -0.630656
7036     0.538843
7037    -0.199502
7038    -0.622159
7039     0.545489
7040     0.930228
7041     0.538235
7042     1.014389
7043     1.001886
7044    -0.321487
7045     0.702297
7046    -0.033736
7047    -0.041216
7048    -1.111911
7049    -0.255433
7050     1.096082
7051     0.575095
7052     0.008048
7053    -0.116340
7054     1.281810
7055     0.731592
7056    -0.854842
7057     0.207914
7058    -0.259514
7059     0.350742
7060     0.506345
7061    -0.024884
7062     0.656359
7063    -1.357403
7064    -0.687328
7065     0.384861
7066     1.689552
7067     0.388216
7068    -1.025742
7069     0.411983
7070     0.926701
7071     0.018551
7072    -3.851641
7073    -1.847267
7074     1.439972
7075    -0.673537
7076     0.409315
7077     0.102108
7078    -2.525658
7079    -1.861259
7080     0.919478
7081     1.359339
7082     0.839446
7083    -1.223604
7084     0.259353
7085    -0.340000
7086    -0.611743
7087     0.454637
7088    -0.034387
7089    -0.742853
7090     0.550206
7091    -0.042894
7092    -0.127265
7093    -0.370779
7094    -0.877139
7095    -0.311997
7096     0.760857
7097    -0.037780
7098     1.011495
7099     0.417762
7100    -0.289194
7101    -0.580818
7102     0.880077
7103    -0.476921
7104    -1.271051
7105     0.502782
7106    -0.083599
7107    -0.735393
7108    -1.178690
7109    -0.470519
7110    -0.437709
7111     0.864857
7112    -1.153464
7113     0.061452
7114     1.348309
7115     0.390477
7116     0.321344
7117    -0.141003
7118     0.776251
7119    -0.114884
7120     0.254532
7121    -0.133585
7122    -0.302452
7123    -1.279657
7124    -0.384931
7125    -0.589912
7126     1.483278
7127     0.854970
7128    -0.562233
7129     0.600219
7130     0.060500
7131    -0.032355
7132    -3.041593
7133    -0.914457
7134     2.540306
7135    -0.684252
7136     1.441408
7137     0.933172
7138    -3.040231
7139     0.875817
7140     2.776502
7141     0.574785
7142     0.221816
7143    -0.215852
7144     0.254525
7145     0.624035
7146    -0.828401
7147     0.358672
7148     0.522369
7149    -0.628001
7150    -0.107255
7151     0.187177
7152     0.296320
7153     0.114804
7154    -0.346100
7155    -0.305051
7156    -0.947794
7157     0.141532
7158     1.092360
7159     1.587086
7160    -0.655336
7161    -1.227661
7162     1.375435
7163    -0.612191
7164    -0.968505
7165     1.168148
7166    -0.155961
7167    -0.828354
7168    -0.391996
7169     0.361036
7170    -0.696251
7171     0.211653
7172    -0.028809
7173    -0.097149
7174     2.100249
7175    -0.583812
7176    -0.467511
7177    -0.125469
7178     0.471237
7179     0.222335
7180     0.340769
7181     0.133490
7182    -0.156226
7183    -0.403255
7184     0.088337
7185    -0.526036
7186     0.381815
7187     0.140409
7188     0.337817
7189     1.518849
7190     0.224556
7191    -1.078307
7192    -2.793664
7193    -1.018707
7194     2.265847
7195    -1.530914
7196     0.241377
7197     1.381890
7198    -3.686443
7199     0.043545
7200     2.426736
7201     0.319821
7202    -0.034295
7203    -0.486674
7204     0.045973
7205     1.037548
7206    -0.807601
7207     0.815418
7208     0.789847
7209    -0.579324
7210     0.738073
7211    -0.126376
7212     0.109609
7213     0.728535
7214    -0.294018
7215     0.108099
7216     0.036165
7217    -0.386977
7218     0.018693
7219     1.626851
7220     0.192555
7221    -0.386041
7222     0.330200
7223     0.003129
7224    -0.295306
7225     0.375367
7226     0.153714
7227    -0.365316
7228     0.013090
7229     0.465940
7230    -0.749389
7231     0.919992
7232    -0.335558
7233    -0.149706
7234     0.784726
7235    -0.428515
7236    -0.328033
7237    -0.171213
7238     0.123012
7239    -0.148697
7240     0.716029
7241    -0.037502
7242     0.005843
7243    -0.520465
7244     0.080110
7245    -0.385165
7246     0.798251
7247    -0.445508
7248    -0.109844
7249     1.134900
7250     0.752034
7251    -0.760765
7252    -0.624144
7253    -0.418759
7254     1.170184
7255    -2.844156
7256    -0.407407
7257     1.473953
7258    -5.223412
7259    -0.682974
7260     2.665480
7261     1.066492
7262     0.455279
7263    -1.262044
7264    -0.697900
7265     0.207759
7266     0.011776
7267     0.189402
7268     0.731066
7269    -0.504130
7270     0.706593
7271    -0.017134
7272    -0.170444
7273    -0.088647
7274    -0.825366
7275     0.420031
7276     1.021113
7277     0.123005
7278    -0.732744
7279     0.654760
7280     0.300322
7281    -0.586644
7282     1.091870
7283    -0.602104
7284    -0.273418
7285     0.881096
7286    -0.178139
7287    -0.419919
7288    -0.287772
7289    -0.114863
7290    -0.450047
7291     0.094535
7292    -1.100518
7293     0.267150
7294     0.949360
7295     0.068443
7296    -1.288718
7297    -0.510628
7298    -0.034649
7299    -0.365024
7300     0.694858
7301     0.274877
7302    -0.423372
7303    -1.112059
7304    -0.147161
7305    -0.627613
7306     1.415828
7307    -0.023564
7308    -0.943150
7309     0.526484
7310     0.099013
7311    -0.252441
7312    -1.570660
7313    -0.301726
7314     1.410025
7315    -1.715087
7316    -0.137175
7317     2.135516
7318    -3.309638
7319     1.222636
7320     4.055209
7321     1.464807
7322     0.335949
7323    -1.753695
7324    -0.752942
7325    -0.175845
7326     1.696309
7327     0.381930
7328     0.649173
7329     0.173126
7330     0.887317
7331    -0.054981
7332    -2.021474
7333    -0.559326
7334    -1.058446
7335     1.551418
7336     1.160219
7337     0.076762
7338    -1.909809
7339     0.949575
7340     0.297775
7341    -0.486759
7342     0.963754
7343     0.025566
7344    -0.303501
7345     0.580628
7346     0.477575
7347    -0.032717
7348    -0.632469
7349     0.110364
7350     1.329333
7351    -0.600593
7352    -0.992613
7353     1.656824
7354     1.008080
7355     0.130147
7356    -1.649320
7357    -0.759324
7358     0.128254
7359     1.247881
7360     0.925080
7361     0.309419
7362     0.231877
7363    -1.782600
7364    -0.200727
7365    -0.014585
7366     1.509019
7367     0.281502
7368    -1.447192
7369     0.378491
7370     0.766605
7371     1.550427
7372    -2.204252
7373    -0.305287
7374    -0.531141
7375    -2.035401
7376    -0.399450
7377     0.139417
7378    -0.881993
7379    -0.401742
7380     0.573581
7381     0.918028
7382     0.431610
7383    -1.520898
7384    -0.280189
7385     0.624638
7386     1.059942
7387    -1.249625
7388     0.253559
7389     1.279720
7390     1.758890
7391    -0.091158
7392    -2.553804
7393     1.001040
7394    -0.198350
7395     0.359547
7396     1.910706
7397    -0.271133
7398    -2.289423
7399     1.001201
7400    -0.156324
7401    -0.270759
7402    -1.219181
7403     0.149959
7404     1.106971
7405     0.278645
7406     0.217149
7407     0.117521
7408    -0.225251
7409     0.046990
7410     1.075509
7411     1.010020
7412    -0.080856
7413     0.438396
7414     0.497853
7415    -0.446853
7416    -1.296045
7417    -0.214868
7418    -0.325965
7419     1.031969
7420    -1.457406
7421     0.607306
7422     1.790558
7423    -1.702183
7424    -0.078045
7425    -0.162049
7426     1.698447
7427    -0.281993
7428    -1.293694
7429     0.548726
7430     0.141125
7431     1.382752
7432    -2.161240
7433    -0.536571
7434    -0.346565
7435    -1.186552
7436    -0.284463
7437    -0.295000
7438    -0.927061
7439     0.279375
7440     0.385349
7441     1.305545
7442    -0.331129
7443    -1.427113
7444    -0.037996
7445     0.150638
7446     1.082118
7447    -1.293238
7448     0.341755
7449     0.497291
7450     1.850518
7451    -1.142463
7452    -2.205070
7453     0.919642
7454     0.034956
7455    -1.073567
7456     2.043381
7457    -1.270655
7458    -2.093005
7459     0.906516
7460     0.196151
7461     0.515937
7462    -1.418527
7463     0.508999
7464     0.813360
7465     0.024205
7466     0.590088
7467     0.516415
7468    -0.240990
7469     0.255839
7470     1.140316
7471     0.972968
7472     0.108612
7473    -1.071524
7474     0.103640
7475     0.154947
7476    -0.169033
7477    -0.331482
7478     0.217553
7479     1.295497
7480    -1.345111
7481     0.496687
7482     0.541980
7483    -1.302421
7484    -0.208985
7485     1.074309
7486     1.693213
7487    -0.992311
7488    -1.903894
7489     0.287831
7490     0.144085
7491     0.823224
7492    -2.260264
7493     0.476623
7494     1.229054
7495    -1.038863
7496    -0.126557
7497     0.012908
7498    -0.838567
7499     0.395166
7500     0.400794
7501     0.297360
7502    -0.742788
7503    -1.398194
7504     0.065886
7505     1.384685
7506     0.965201
7507    -0.330916
7508     1.176018
7509    -0.180971
7510    -0.276167
7511    -1.623134
7512    -1.450958
7513    -0.103086
7514    -1.359196
7515    -0.519528
7516     0.163575
7517    -1.603785
7518    -1.254541
7519     1.333837
7520     0.591325
7521     0.678277
7522    -0.244215
7523     1.177407
7524     0.261254
7525     2.134747
7526     1.169105
7527    -0.107086
7528     0.208310
7529     1.108094
7530     0.958503
7531     0.235286
7532    -1.233352
7533    -0.625056
7534    -0.106672
7535    -1.051692
7536     0.132079
7537     0.269372
7538     1.275320
7539     1.007943
7540    -0.017137
7541     1.036946
7542    -0.120546
7543    -0.956125
7544     0.266397
7545     0.891250
7546    -0.492664
7547    -1.725393
7548    -0.840840
7549     1.472262
7550     1.326811
7551     0.488617
7552    -2.336036
7553     1.027907
7554     1.077059
7555    -0.698079
7556    -1.397295
7557    -0.491074
7558    -0.619537
7559    -0.803378
7560     0.528612
7561     0.540089
7562    -1.596193
7563    -0.300492
7564    -0.057008
7565     1.627907
7566     0.177117
7567     0.283729
7568    -1.089313
7569    -1.275901
7570    -0.421788
7571    -0.880234
7572    -0.248624
7573    -0.354915
7574    -1.149189
7575    -0.215426
7576     0.293185
7577    -1.250860
7578    -0.643478
7579     0.846172
7580     1.314254
7581     1.104200
7582     0.323772
7583    -1.261635
7584    -0.260005
7585     2.484834
7586    -0.030408
7587    -0.405931
7588     0.218240
7589     1.254327
7590     0.729687
7591     0.058105
7592     1.108825
7593     0.762312
7594    -0.202285
7595    -0.735306
7596    -0.219105
7597     0.368013
7598     0.224407
7599     0.374508
7600     0.405461
7601    -1.092757
7602    -0.929542
7603    -1.021380
7604     0.291182
7605     1.290947
7606    -0.638639
7607    -0.268576
7608     0.049037
7609     1.178760
7610     1.041370
7611     1.412492
7612    -2.680175
7613     2.947626
7614    -0.171293
7615    -0.886843
7616    -0.623153
7617    -1.010735
7618    -0.737327
7619     0.167727
7620    -0.219769
7621    -0.252046
7622    -0.272669
7623    -0.263379
7624     0.804335
7625    -0.115192
7626     0.068233
7627     0.218159
7628    -0.704749
7629    -1.336163
7630    -0.327753
7631    -1.422551
7632    -0.107353
7633    -0.153540
7634    -1.275102
7635    -0.478904
7636    -0.554392
7637    -0.562090
7638    -0.145029
7639     0.404549
7640     2.000252
7641     1.056091
7642    -0.211514
7643     0.050015
7644    -0.654419
7645     0.251937
7646     2.520530
7647     0.726546
7648     0.915058
7649     0.823604
7650     0.038592
7651     1.096728
7652    -0.305364
7653     0.434608
7654    -0.591352
7655    -0.546582
7656    -0.039124
7657     1.530815
7658    -1.293960
7659     0.011846
7660     0.328659
7661     0.253907
7662    -1.617264
7663    -1.268462
7664     2.495676
7665    -0.051897
7666    -0.135532
7667    -0.672050
7668    -0.271461
7669     0.865077
7670     2.158944
7671     1.040082
7672    -0.995194
7673     0.485634
7674    -0.460320
7675    -1.392229
7676    -2.078448
7677     0.899213
7678    -0.533302
7679    -1.539804
7680     1.150102
7681    -0.206770
7682     1.230423
7683     1.016693
7684     0.969452
7685     0.794182
7686     1.184095
7687     0.090954
7688     0.004187
7689    -0.736129
7690     0.922669
7691    -0.897229
7692     0.284180
7693     1.008145
7694    -1.065624
7695     0.251251
7696    -1.030239
7697     0.230962
7698    -0.650715
7699    -0.376475
7700    -0.195203
7701     0.044950
7702    -0.545868
7703    -0.277599
7704     0.875254
7705    -0.560663
7706    -0.018976
7707    -0.056889
7708     0.515597
7709     1.671954
7710     0.132642
7711    -0.009392
7712    -2.326462
7713    -1.104933
7714     1.218134
7715     1.107892
7716     1.115089
7717     1.459380
7718     0.452282
7719    -0.729096
7720    -0.456381
7721    -1.360043
7722    -0.992945
7723    -1.388063
7724     3.452611
7725    -1.285846
7726     0.860567
7727    -0.653967
7728     0.206770
7729     0.030775
7730     0.827257
7731     0.156254
7732    -0.343349
7733    -1.762303
7734    -0.437644
7735    -1.056808
7736     0.529030
7737     0.092688
7738    -1.101665
7739    -1.743375
7740     0.634331
7741     0.651972
7742    -0.000101
7743     1.350619
7744    -0.034814
7745     1.504928
7746    -0.876983
7747    -0.423337
7748     0.268836
7749     1.283457
7750     0.480198
7751    -0.852509
7752     0.785563
7753     0.087186
7754    -0.678552
7755     1.001939
7756    -0.181870
7757    -0.864133
7758     0.718634
7759    -0.636842
7760     0.664582
7761    -1.151003
7762    -1.320886
7763     0.567507
7764     1.144108
7765    -0.203482
7766    -0.484843
7767     1.854993
7768     0.347972
7769     1.508614
7770    -1.581691
7771    -0.388435
7772    -1.356400
7773     0.558979
7774     0.808659
7775     0.555983
7776     0.388066
7777    -0.210403
7778     1.451346
7779    -0.974330
7780     0.026990
7781    -1.426775
7782    -0.632678
7783     0.480761
7784     1.600473
7785    -2.196728
7786     0.828835
7787    -0.957009
7788     0.607042
7789    -0.198071
7790     1.041793
7791    -1.146652
7792     1.002237
7793    -2.208274
7794    -0.251647
7795    -0.431719
7796     1.159624
7797    -1.919470
7798    -0.684952
7799    -1.495087
7800     1.037780
7801     0.453716
7802     0.398015
7803     0.208459
7804    -0.092739
7805     1.611789
7806     1.000104
7807     0.014029
7808     1.538828
7809     0.908414
7810     0.153108
7811    -0.327454
7812     0.371560
7813    -0.199844
7814    -0.700730
7815     0.290180
7816     0.003159
7817     0.803803
7818     0.668394
7819    -0.428319
7820     1.090553
7821    -0.133612
7822    -1.069070
7823    -0.372350
7824     2.231072
7825    -0.184897
7826     0.136302
7827     0.630960
7828    -0.068606
7829     0.062201
7830    -0.463475
7831    -0.085497
7832     0.497473
7833     1.617254
7834     0.503067
7835     0.510931
7836    -0.007443
7837    -0.077124
7838     1.945779
7839     0.468210
7840    -0.148592
7841    -1.095806
7842    -1.125163
7843     0.588990
7844    -1.624889
7845    -2.710568
7846     0.894275
7847    -1.670999
7848    -1.546239
7849    -0.123904
7850     1.470779
7851    -0.375499
7852     0.777178
7853    -2.875029
7854    -1.643535
7855    -0.344025
7856    -0.949520
7857    -1.477840
7858    -0.564905
7859    -0.449676
7860     1.088768
7861     1.073657
7862    -0.626754
7863     0.333554
7864     0.148496
7865     0.466340
7866     0.227668
7867    -0.631886
7868     1.408259
7869     1.148146
7870     0.264204
7871    -1.022226
7872    -0.067574
7873    -1.113407
7874     2.434181
7875     2.145128
7876    -0.898833
7877     0.712850
7878     0.163487
7879     0.075809
7880    -0.004322
7881    -0.683879
7882    -0.423831
7883    -0.594147
7884    -0.983458
7885    -0.513351
7886     0.295622
7887     1.127496
7888     1.116710
7889    -1.173726
7890    -1.320917
7891    -1.078902
7892     0.723311
7893     0.748205
7894     0.455397
7895    -0.117503
7896     0.082679
7897    -0.504882
7898     1.250415
7899    -0.575629
7900    -0.292558
7901    -1.268863
7902    -0.185004
7903     0.668666
7904    -0.514382
7905     0.150092
7906    -0.498710
7907     1.733579
7908    -0.000122
7909    -0.451503
7910     0.834263
7911    -0.768396
7912     0.314632
7913    -1.163045
7914     1.107404
7915     2.600554
7916    -2.145673
7917    -2.709287
7918    -0.310260
7919    -1.228178
7920     0.060407
7921    -0.310319
7922     0.242745
7923    -0.529315
7924     0.467248
7925     0.006690
7926     1.086136
7927    -0.255855
7928     1.167935
7929     1.599112
7930    -0.669092
7931     0.234716
7932    -0.339998
7933    -0.571984
7934    -0.110120
7935     0.494575
7936    -0.744424
7937     1.202441
7938     0.815364
7939     0.557421
7940    -0.219025
7941     0.576287
7942    -1.317424
7943    -0.287789
7944    -1.221933
7945     0.032476
7946     0.919317
7947     1.354158
7948    -0.154672
7949    -0.576177
7950    -1.312350
7951    -0.756395
7952     0.472123
7953     1.185459
7954    -0.658016
7955     0.242008
7956    -0.666101
7957    -0.215294
7958     0.291439
7959     0.224059
7960    -0.624272
7961     0.375165
7962     0.246023
7963    -0.443311
7964     1.161721
7965    -0.881767
7966    -0.412839
7967    -0.334205
7968    -0.815261
7969    -0.069660
7970     0.256953
7971     0.356116
7972    -0.339562
7973     0.025358
7974    -0.100839
7975     3.515910
7976    -3.044493
7977    -1.360942
7978     2.970066
7979    -2.026801
7980    -0.708783
7981    -0.220170
7982     0.143573
7983     0.404291
7984     1.056799
7985    -0.175638
7986     0.525147
7987    -0.113578
7988     0.509178
7989     1.487140
7990    -0.235846
7991     0.175108
7992     0.478021
7993    -0.074447
7994    -0.284316
7995     0.701155
7996    -0.202732
7997     0.657770
7998     0.864552
7999     0.880860
8000    -0.476450
8001     0.216763
8002    -0.474697
8003     0.767758
8004     0.274579
8005    -0.451758
8006     0.254738
8007     1.415396
8008    -0.485295
8009    -0.101269
8010     0.197709
8011    -0.336917
8012    -0.079399
8013     0.745227
8014    -0.110778
8015     0.283964
8016     0.268615
8017     0.419272
8018    -0.031065
8019    -0.067200
8020    -0.411490
8021     0.434351
8022     1.169317
8023    -2.206265
8024     0.716755
8025    -1.165099
8026    -0.199361
8027     0.212263
8028     0.556119
8029     0.302124
8030    -0.166880
8031     0.148537
8032    -0.968910
8033     1.377571
8034    -2.765887
8035     2.180271
8036    -2.378288
8037    -3.088232
8038     1.652919
8039    -1.839725
8040    -2.366151
8041     0.495569
8042    -0.013688
8043     0.259315
8044    -0.384576
8045    -0.531778
8046     1.529808
8047     0.711552
8048     0.600547
8049     0.871340
8050     0.511782
8051     0.104441
8052     0.163536
8053     0.977709
8054     1.105890
8055    -0.316949
8056     0.355075
8057     0.506749
8058     0.254612
8059    -0.784227
8060    -0.797033
8061     1.043878
8062     0.621471
8063     0.999213
8064     0.238975
8065     0.218696
8066     0.144870
8067     0.832148
8068    -1.152158
8069    -0.790675
8070     0.532255
8071     0.899748
8072     1.456167
8073     0.019526
8074     0.544635
8075     0.109911
8076    -0.074539
8077    -0.670561
8078    -0.138083
8079     1.483982
8080     0.454228
8081     0.441852
8082     0.962522
8083    -1.558345
8084     1.049460
8085    -2.294611
8086     0.489798
8087     0.144187
8088     0.084545
8089    -1.112195
8090    -0.486519
8091     1.325710
8092    -0.576593
8093     0.893005
8094    -2.379090
8095     0.183359
8096    -2.594542
8097    -2.507804
8098    -0.224965
8099    -2.203973
8100    -2.029159
8101    -0.034697
8102    -0.002572
8103     0.784813
8104    -0.336933
8105    -0.724928
8106     1.298083
8107     0.177962
8108     0.420820
8109     0.537910
8110    -0.157572
8111     0.151236
8112     0.722139
8113     1.103216
8114     1.325308
8115    -1.680430
8116    -0.205598
8117     0.487377
8118     0.780732
8119    -0.472455
8120    -0.954551
8121     1.133648
8122    -0.107493
8123     1.276156
8124    -0.899305
8125    -0.240435
8126     0.002451
8127     0.624386
8128    -0.453811
8129    -0.556087
8130     1.585084
8131     1.168355
8132     1.741054
8133    -1.457187
8134     0.103590
8135     0.209515
8136     0.862357
8137    -0.591659
8138    -0.328045
8139     1.583225
8140     0.353924
8141     0.271250
8142     0.176101
8143    -0.337832
8144     0.809562
8145    -2.109416
8146     0.024747
8147     0.240440
8148     0.958981
8149    -0.970850
8150    -0.645684
8151     0.881053
8152    -0.277666
8153     0.901312
8154    -0.973162
8155     0.772461
8156    -2.505324
8157    -2.577227
8158     0.482745
8159    -2.119290
8160    -2.231786
8161    -0.304220
8162     0.099821
8163    -0.077021
8164    -0.454412
8165    -1.361067
8166     1.323834
8167     0.351191
8168     0.269438
8169     0.271325
8170    -0.371366
8171     0.240467
8172    -0.050721
8173     1.004783
8174     1.133632
8175    -0.480937
8176    -0.109193
8177     0.301459
8178     0.892189
8179    -0.327287
8180    -1.374393
8181     1.322813
8182     0.190370
8183     1.906401
8184    -1.672924
8185    -0.991136
8186    -1.048445
8187     0.691305
8188    -0.982409
8189    -1.161570
8190     1.201858
8191     1.172615
8192     1.507664
8193    -0.475462
8194    -0.280700
8195     0.137632
8196     0.058245
8197    -0.807536
8198    -0.859080
8199     1.704651
8200     0.842526
8201     1.194601
8202    -0.352125
8203     0.205154
8204     2.349401
8205    -1.634281
8206    -0.463524
8207     0.189111
8208     0.118057
8209    -0.989168
8210    -0.940604
8211     0.920267
8212     0.152686
8213     1.361680
8214    -1.265048
8215     1.225890
8216    -1.883308
8217    -1.393747
8218     0.935737
8219    -2.062840
8220    -1.102280
8221     0.173265
8222    -2.176045
8223    -0.390758
8224    -0.546485
8225     1.474158
8226     0.557262
8227    -0.152949
8228    -0.875165
8229    -2.253699
8230     0.088135
8231    -1.971824
8232    -0.407937
8233     1.183893
8234    -1.084659
8235     0.214023
8236    -0.073407
8237    -1.008065
8238    -0.747341
8239    -0.319002
8240     1.278481
8241     0.368679
8242    -0.153799
8243     0.234236
8244    -1.575646
8245    -0.267681
8246     0.799850
8247    -0.553087
8248    -0.892809
8249     1.349494
8250     0.217976
8251     0.538613
8252    -0.592912
8253     0.071640
8254     0.371610
8255    -2.004277
8256    -0.464151
8257    -0.573375
8258     1.419004
8259     0.676051
8260     2.268520
8261    -0.355960
8262    -0.138882
8263    -0.486609
8264     2.230520
8265     0.824796
8266     0.041298
8267    -1.932955
8268    -0.190026
8269    -0.889098
8270     1.976851
8271     0.137329
8272     0.001792
8273     0.762977
8274     1.410409
8275    -0.166895
8276     0.099556
8277     1.085514
8278    -0.145017
8279     0.376735
8280     1.157847
8281    -0.470113
8282    -0.285351
8283    -0.324509
8284    -0.251274
8285     0.774610
8286     0.902936
8287     0.615213
8288    -1.116850
8289    -0.776732
8290    -0.322277
8291    -0.228889
8292    -0.079512
8293     0.331206
8294    -1.407672
8295    -1.990768
8296     0.544783
8297    -1.443328
8298    -0.207799
8299     0.054249
8300     0.282167
8301     0.519303
8302     0.361612
8303    -1.499303
8304    -1.344045
8305     0.089137
8306    -1.035511
8307    -0.374285
8308    -0.496253
8309     0.882095
8310     0.827604
8311     0.072351
8312    -0.640363
8313    -1.575960
8314    -0.306857
8315    -0.156024
8316    -0.747874
8317    -0.259061
8318     0.645404
8319     1.088610
8320     2.482350
8321    -1.976796
8322    -1.490856
8323    -0.374161
8324     1.345012
8325     0.883955
8326    -0.534354
8327    -0.215271
8328    -0.260895
8329    -0.894408
8330     0.555434
8331    -0.011833
8332     0.148131
8333     0.874835
8334     1.131598
8335    -0.446543
8336     2.205209
8337     1.961369
8338    -0.343732
8339     2.440593
8340     1.869693
8341    -0.826515
8342    -0.165037
8343    -0.143087
8344     0.181364
8345     0.949093
8346     0.917063
8347    -0.316966
8348    -1.019047
8349    -0.402678
8350    -0.575652
8351    -0.115691
8352     0.036710
8353     0.268399
8354    -1.621066
8355    -1.913548
8356    -0.081411
8357    -1.894832
8358    -0.871491
8359     0.296170
8360     0.194873
8361     0.253699
8362     0.186766
8363    -1.841186
8364    -2.150985
8365     0.030987
8366    -1.193928
8367     0.152779
8368    -0.041765
8369     1.190309
8370     1.114253
8371     0.605215
8372    -0.667115
8373    -0.828988
8374    -0.380596
8375    -0.214400
8376    -1.371736
8377    -0.219297
8378     0.944822
8379     1.144641
8380     0.814086
8381    -2.039246
8382    -0.710082
8383     0.496899
8384     1.487898
8385     1.143957
8386    -0.790945
8387    -0.141436
8388    -0.133362
8389     0.183229
8390     0.134480
8391    -0.247036
8392    -0.101381
8393     1.614976
8394     2.295680
8395     0.096764
8396     1.982701
8397     0.891058
8398     0.174650
8399     2.413831
8400     0.823154
8401    -0.527872
8402     0.097059
8403     1.321359
8404    -0.397190
8405    -0.039957
8406    -0.223908
8407     0.383359
8408    -1.547954
8409     0.296506
8410    -0.231151
8411    -1.161272
8412     0.538675
8413     0.952271
8414    -1.382947
8415    -0.790677
8416     0.106608
8417    -1.068422
8418    -0.088674
8419    -0.318106
8420     0.957164
8421    -0.675990
8422     1.100216
8423    -1.647047
8424    -0.848047
8425     0.140517
8426    -1.353246
8427     0.412851
8428    -0.348339
8429     1.505521
8430     1.015436
8431     1.033472
8432    -1.041336
8433    -1.077504
8434     0.305845
8435    -1.087362
8436    -0.729960
8437    -0.301932
8438     1.148311
8439     1.435833
8440     0.512186
8441    -1.147409
8442    -1.413469
8443     0.088757
8444     2.242981
8445     0.463860
8446    -0.437898
8447    -0.753851
8448     0.661751
8449    -0.067101
8450     0.031423
8451    -1.308142
8452    -0.938005
8453     1.807885
8454     1.699950
8455    -0.493452
8456     1.830874
8457    -0.241033
8458    -0.562185
8459     2.609585
8460    -0.448816
8461     0.377694
8462    -0.705471
8463     0.864505
8464    -0.004452
8465     0.161885
8466    -1.512852
8467    -0.200360
8468    -1.038070
8469     0.520793
8470    -0.194722
8471    -1.186824
8472     0.461147
8473     0.000512
8474    -1.415638
8475     0.561945
8476    -1.139850
8477    -0.623835
8478     0.999418
8479     0.444052
8480     0.707789
8481    -1.856157
8482    -0.815090
8483    -0.922941
8484     0.279440
8485    -0.195189
8486    -1.113784
8487     0.387805
8488     0.431779
8489     1.235638
8490     0.476411
8491    -0.339327
8492    -0.990150
8493     0.781174
8494    -0.161556
8495    -1.011601
8496    -0.063806
8497     0.374288
8498     0.994969
8499     0.796590
8500    -0.335696
8501    -1.415168
8502     0.217905
8503     1.032148
8504     1.563496
8505     1.438976
8506    -0.307662
8507    -0.866744
8508     0.758770
8509    -0.244532
8510     0.567263
8511    -2.074803
8512     0.067647
8513     1.709790
8514     0.047539
8515     0.073757
8516     1.639801
8517    -0.603169
8518     1.136558
8519     2.709595
8520    -2.481631
8521     0.148280
8522    -1.197993
8523     0.560276
8524     0.343698
8525     1.244964
8526    -0.429011
8527     0.478995
8528    -1.767358
8529     1.125963
8530    -0.316785
8531    -0.763573
8532     0.299106
8533    -0.074876
8534    -0.767008
8535     0.529168
8536    -0.930423
8537    -0.726696
8538     0.862886
8539     0.487928
8540     0.645107
8541    -1.674463
8542    -0.430605
8543    -1.419716
8544     0.545526
8545     0.066178
8546    -0.945348
8547     0.856510
8548     0.152353
8549     0.742965
8550     0.236136
8551     0.083074
8552    -1.263592
8553     1.025671
8554     0.150033
8555    -0.548970
8556     0.250814
8557    -0.206738
8558     0.821555
8559     0.224661
8560    -0.010924
8561    -0.914280
8562     0.802409
8563     0.095411
8564     2.041673
8565    -0.003041
8566    -0.238645
8567    -0.595096
8568     0.858470
8569     0.276617
8570     0.536784
8571    -1.234450
8572    -0.013824
8573     1.525484
8574    -0.165214
8575     0.076039
8576     1.588801
8577    -0.294715
8578    -0.135786
8579     1.762295
8580    -4.376702
8581     0.305209
8582    -0.113809
8583    -1.590834
8584     0.674831
8585    -0.670614
8586     0.966984
8587     0.214925
8588    -0.645556
8589     1.056477
8590     0.058276
8591    -0.734467
8592    -0.795782
8593     0.410348
8594    -0.720086
8595    -0.390259
8596    -0.644239
8597    -0.227339
8598    -0.668073
8599     0.165981
8600    -1.147778
8601     0.646883
8602    -0.523647
8603    -0.772504
8604    -0.611416
8605    -0.841594
8606     0.613327
8607     0.631750
8608     0.265534
8609    -0.381669
8610     1.209502
8611     0.566145
8612    -0.460075
8613    -0.666195
8614     0.532074
8615    -0.403854
8616    -0.415788
8617     0.068310
8618    -1.170951
8619     1.588833
8620    -0.238204
8621    -0.131331
8622     0.688279
8623     0.049104
8624     1.607390
8625     1.435699
8626     0.033287
8627    -0.024064
8628    -0.352310
8629    -0.364120
8630    -0.826210
8631     0.993694
8632    -0.107406
8633     1.319275
8634     1.044897
8635     0.037565
8636     2.520495
8637    -1.016607
8638    -0.662379
8639     2.369820
8640    -3.755735
8641     1.026394
8642     0.340866
8643    -0.794314
8644     0.004723
8645     0.205365
8646     0.828667
8647     0.450434
8648    -0.582305
8649     1.465097
8650     0.290841
8651    -0.309698
8652    -0.520560
8653    -0.177258
8654    -0.164939
8655    -1.064360
8656     0.158458
8657    -0.006682
8658     0.163414
8659    -0.514126
8660    -0.039793
8661     0.661117
8662    -0.050400
8663     0.205198
8664     1.034274
8665    -0.524605
8666     0.056045
8667     0.528508
8668    -0.156203
8669    -1.371641
8670     0.418571
8671    -1.146340
8672    -0.666291
8673    -2.520554
8674     0.022448
8675    -0.558722
8676    -1.354193
8677    -1.085335
8678    -1.050125
8679     0.811522
8680    -0.433989
8681     0.360040
8682     0.733113
8683     0.368952
8684     1.973794
8685     1.918275
8686    -0.321065
8687    -0.171342
8688    -1.120371
8689    -1.050447
8690    -0.676545
8691     0.685609
8692     0.127310
8693     1.698628
8694     1.349447
8695     1.685349
8696     1.026562
8697     0.043331
8698     1.324858
8699    -0.268414
8700    -3.266592
8701    -0.512175
8702     0.511195
8703     2.224052
8704     0.497067
8705    -0.658572
8706     0.417748
8707     1.083182
8708    -1.431396
8709     0.222142
8710     0.186684
8711     0.763462
8712    -0.293331
8713    -1.702031
8714     0.759199
8715     1.848701
8716     0.394004
8717     0.422373
8718    -0.277105
8719     0.122241
8720    -0.518220
8721    -0.109259
8722     0.692234
8723     0.183456
8724    -0.459508
8725    -0.252921
8726     0.111325
8727     0.281023
8728    -0.331082
8729     0.076162
8730    -0.347974
8731    -1.178759
8732    -0.497552
8733    -1.299573
8734    -1.494000
8735     1.095996
8736     1.373179
8737    -0.483389
8738     0.387093
8739    -1.760847
8740    -0.219093
8741    -0.381342
8742     0.789838
8743     1.631253
8744     0.186815
8745    -0.969199
8746    -1.740284
8747     1.068152
8748     1.626853
8749    -0.523433
8750     0.564930
8751    -1.717100
8752     0.784755
8753    -0.438656
8754     0.198621
8755     1.885339
8756    -0.109253
8757     0.142859
8758     1.160408
8759    -2.095167
8760    -1.891120
8761     0.035918
8762    -0.148851
8763     0.368321
8764    -1.345902
8765     0.553950
8766    -0.823562
8767     1.233882
8768    -1.561016
8769     0.218844
8770     0.752916
8771     0.678961
8772     1.160704
8773    -0.104345
8774    -0.235159
8775     1.513091
8776     0.818736
8777     0.408910
8778     1.620190
8779    -1.714766
8780     0.859986
8781    -0.991547
8782     0.616898
8783    -0.419310
8784    -0.979613
8785    -1.448207
8786     0.702885
8787    -1.135338
8788    -0.653599
8789     0.386854
8790    -0.509622
8791    -0.850182
8792    -0.142159
8793    -0.032160
8794    -0.253361
8795     0.192963
8796     1.016463
8797    -0.348147
8798     0.640750
8799    -0.448934
8800    -1.333200
8801     0.645083
8802     0.261904
8803     0.802764
8804     0.462441
8805    -0.955091
8806    -0.113388
8807     0.047409
8808     1.586125
8809    -0.446545
8810     0.886039
8811    -0.297041
8812     1.137155
8813    -0.489981
8814     1.251385
8815     0.985145
8816    -0.033462
8817    -1.512037
8818     2.228230
8819    -3.436294
8820    -1.312083
8821    -0.724452
8822    -0.111872
8823     1.897023
8824    -0.975207
8825     0.245933
8826    -1.461211
8827     1.530566
8828     0.479058
8829     0.710544
8830     0.503384
8831    -0.165936
8832     1.403284
8833     0.138089
8834    -0.700878
8835     0.260144
8836     0.683390
8837    -0.289210
8838     1.384853
8839    -1.334819
8840     1.314113
8841    -0.894436
8842     0.783813
8843    -0.500308
8844    -1.653814
8845    -1.499315
8846     0.918386
8847    -0.351110
8848    -0.516575
8849     0.206189
8850    -0.577071
8851    -0.814908
8852    -0.297932
8853    -0.042632
8854    -0.263035
8855    -0.613559
8856    -0.193003
8857    -0.265970
8858     0.686813
8859    -0.668265
8860    -1.208457
8861     0.759554
8862     0.763672
8863     1.143119
8864     0.402618
8865    -2.259199
8866    -0.249636
8867    -0.649358
8868     1.259333
8869    -0.578176
8870     0.460430
8871    -0.711739
8872     1.020647
8873     0.343051
8874     2.109587
8875     1.020736
8876     0.460904
8877    -1.103151
8878     1.606807
8879    -2.947998
8880     0.127191
8881    -1.138152
8882    -0.841832
8883     0.861050
8884    -0.261311
8885     1.895091
8886    -2.512971
8887     0.980100
8888     0.242752
8889    -0.236559
8890    -0.293899
8891    -0.714412
8892     0.073390
8893    -0.176782
8894    -1.004167
8895     0.058630
8896     0.097778
8897    -0.882963
8898     1.040651
8899    -0.415393
8900     0.800034
8901     0.475729
8902     0.978276
8903    -0.192959
8904    -0.686018
8905    -0.314531
8906     0.763866
8907     1.173256
8908     0.146633
8909     1.084009
8910    -0.957847
8911     0.055247
8912     0.273469
8913     0.259401
8914    -0.059992
8915    -0.888916
8916     0.834288
8917     0.309369
8918     0.359517
8919     1.149392
8920    -2.010722
8921     0.086024
8922    -1.162545
8923     0.475530
8924     1.344131
8925    -3.356040
8926    -0.249846
8927    -0.843571
8928     0.782221
8929     0.387569
8930     0.667625
8931     0.878007
8932     0.975537
8933     1.646694
8934     0.074691
8935    -0.075837
8936    -1.003612
8937     0.690125
8938     0.590425
8939    -2.790779
8940     0.561148
8941    -0.442579
8942    -0.455502
8943     1.482387
8944     0.573806
8945     0.769350
8946    -1.643692
8947     1.016032
8948     0.085045
8949     0.019961
8950    -0.800379
8951     0.114846
8952     2.003177
8953    -0.520602
8954    -0.427784
8955     1.673588
8956    -0.565233
8957    -0.348220
8958     2.142907
8959     0.199613
8960     0.871077
8961    -1.951215
8962     0.019131
8963    -0.272613
8964     1.150832
8965     0.191507
8966     0.713633
8967    -1.628518
8968     0.432806
8969    -0.073285
8970    -1.054689
8971     0.034736
8972     0.061186
8973     1.286701
8974    -0.551551
8975    -0.243442
8976     2.092425
8977     0.301046
8978     0.410661
8979    -1.708656
8980    -0.051259
8981     1.174748
8982    -2.153521
8983    -0.643514
8984    -0.285098
8985    -0.451961
8986    -0.716831
8987    -0.410253
8988     2.056215
8989     0.221302
8990     0.263290
8991    -1.809478
8992     0.929116
8993     0.394057
8994    -0.629106
8995    -0.364706
8996    -1.180263
8997    -1.514801
8998     0.737560
8999    -1.161434
9000     0.637447
9001     0.023884
9002    -0.947952
9003     1.741969
9004     0.514111
9005    -0.100993
9006     0.449126
9007     0.566331
9008     1.176864
9009    -0.399217
9010    -0.411978
9011    -1.050257
9012     1.420510
9013    -0.293325
9014    -0.998606
9015     0.907992
9016    -0.149382
9017    -1.194304
9018     1.851413
9019     0.180580
9020     1.377204
9021    -1.165692
9022     0.456342
9023    -0.457550
9024     1.194343
9025     0.635424
9026     0.718271
9027    -1.179888
9028     0.558039
9029     0.366736
9030    -1.141636
9031     0.236321
9032    -0.069568
9033     0.428949
9034    -0.223583
9035    -1.023329
9036     1.555313
9037     0.185042
9038     1.227173
9039    -1.835019
9040    -0.443955
9041     2.304813
9042    -2.133419
9043    -0.333079
9044    -1.324593
9045     0.764344
9046    -0.539546
9047    -1.100913
9048     1.378531
9049    -0.734174
9050     1.505202
9051    -1.628586
9052     0.509210
9053     1.594245
9054    -0.874248
9055    -0.733237
9056    -1.233328
9057    -0.467511
9058    -0.003024
9059    -0.769116
9060    -0.867273
9061    -0.687108
9062    -0.504802
9063    -0.190338
9064    -0.539441
9065     0.105469
9066     0.273527
9067    -0.875408
9068     1.916464
9069    -0.691764
9070    -0.537040
9071    -0.065210
9072     0.639936
9073    -0.758186
9074    -0.331783
9075    -0.476327
9076    -0.365172
9077    -0.636867
9078     0.947200
9079    -1.126505
9080     0.696352
9081    -0.518514
9082     1.092011
9083     1.037575
9084     0.573076
9085     0.997137
9086    -0.250778
9087     0.036049
9088     1.184285
9089     1.215496
9090    -1.688921
9091    -0.549358
9092     1.130231
9093    -0.390098
9094    -0.732108
9095    -0.271840
9096     0.480414
9097     2.478178
9098    -0.352151
9099     0.007316
9100    -0.732561
9101    -1.992419
9102    -1.336699
9103    -1.239807
9104    -1.675058
9105     0.871539
9106    -0.897667
9107    -0.291800
9108     0.503754
9109     0.208337
9110     2.063889
9111    -0.114106
9112     1.428449
9113     1.359292
9114     1.593296
9115     1.720439
9116    -1.474026
9117     0.338232
9118    -0.068475
9119    -1.678033
9120    -0.857573
9121    -0.998472
9122     0.091485
9123     0.119591
9124    -0.993606
9125    -0.690491
9126    -0.070149
9127    -0.758482
9128    -0.088035
9129    -0.854138
9130    -1.060167
9131     0.176888
9132     0.521295
9133    -1.020913
9134     0.075538
9135    -0.084331
9136    -0.780581
9137     0.020004
9138     0.867961
9139    -0.448023
9140     0.820074
9141    -0.001593
9142    -0.960698
9143     0.078324
9144    -0.180159
9145     0.545843
9146    -0.209785
9147     0.192950
9148     1.501622
9149     0.167202
9150    -1.021644
9151    -0.694667
9152     0.212054
9153    -0.156878
9154    -1.026240
9155     0.384929
9156     0.588932
9157     1.885957
9158    -0.897656
9159    -0.038306
9160     2.667226
9161     1.025240
9162    -0.729467
9163    -2.764887
9164    -2.699817
9165    -0.906464
9166    -1.362050
9167     0.229875
9168     0.571507
9169     1.110764
9170     0.572367
9171    -0.142063
9172     3.188080
9173    -0.487877
9174     0.548657
9175     1.277685
9176     0.160684
9177     0.708196
9178     0.691610
9179     1.058998
9180     0.066103
9181    -0.466889
9182    -0.395560
9183    -0.053929
9184    -0.186975
9185    -0.359529
9186    -0.679752
9187    -0.410134
9188    -0.055570
9189    -0.480700
9190    -0.338890
9191    -0.212540
9192    -0.058562
9193    -0.379370
9194    -0.293709
9195    -0.347588
9196    -0.203717
9197    -0.237889
9198     0.314535
9199    -0.168147
9200     0.777447
9201     0.057288
9202    -1.105197
9203    -0.983603
9204     0.424973
9205    -0.187086
9206    -0.153727
9207     1.051457
9208     0.707539
9209     0.369682
9210    -0.035827
9211    -0.318768
9212     0.425275
9213    -0.062917
9214    -0.293776
9215    -0.013668
9216    -0.038192
9217     0.425309
9218    -0.308858
9219     1.102102
9220     2.495023
9221     1.879260
9222    -1.834496
9223    -2.959992
9224    -4.409456
9225    -0.693584
9226    -0.278447
9227    -0.490289
9228    -0.765155
9229     0.550138
9230     0.828312
9231     0.459077
9232     1.766786
9233     1.682588
9234     0.579917
9235     0.695666
9236     0.940956
9237     0.925195
9238     0.656928
9239     1.010878
9240     0.136156
9241    -0.011592
9242    -0.570093
9243    -1.155967
9244     0.527019
9245    -0.052864
9246     0.199467
9247    -0.303928
9248     0.212599
9249    -0.579708
9250    -0.036991
9251    -0.500537
9252    -1.405219
9253     0.145277
9254    -0.395343
9255    -1.303332
9256     0.233539
9257    -0.535288
9258    -1.063044
9259     0.421674
9260     0.810181
9261     1.909558
9262    -0.057965
9263    -0.783806
9264     0.542076
9265     0.100530
9266    -0.040251
9267     0.377743
9268     0.318583
9269     0.620679
9270    -0.280606
9271    -0.325676
9272     0.311338
9273    -1.150830
9274     0.103765
9275    -0.268702
9276    -1.303659
9277     0.574790
9278    -0.174144
9279     0.441544
9280    -0.006448
9281     1.507684
9282     0.113654
9283    -1.127432
9284    -4.127761
9285     0.100649
9286     0.126421
9287    -0.480420
9288    -1.601065
9289    -0.237966
9290     1.025275
9291     0.204412
9292    -0.509942
9293     1.494578
9294     0.523833
9295     0.409907
9296     0.915753
9297     3.199696
9298    -0.343568
9299     1.031122
9300     2.230798
9301     0.617707
9302     0.623826
9303    -0.891035
9304     0.067206
9305     0.197314
9306    -0.644046
9307    -0.453878
9308     0.019133
9309    -0.226875
9310     0.815326
9311     0.760293
9312    -1.132712
9313     0.732087
9314     0.669905
9315    -1.199620
9316     0.834783
9317     0.661734
9318    -0.990485
9319    -0.182085
9320     0.214537
9321     1.676236
9322    -0.294681
9323     0.190316
9324     0.418307
9325    -0.366333
9326    -0.027395
9327     0.225141
9328    -0.057274
9329     0.225592
9330    -0.725882
9331    -0.189077
9332     0.755647
9333    -0.855946
9334     0.577082
9335     0.544864
9336    -1.138113
9337     0.160140
9338     0.677928
9339    -0.712123
9340    -0.440105
9341     1.011999
9342     0.187915
9343    -0.391579
9344    -3.475121
9345     0.688824
9346     0.763976
9347     0.591897
9348    -1.581741
9349    -0.615444
9350    -0.198192
9351     0.340595
9352    -0.922997
9353    -0.853593
9354     0.115397
9355     0.166768
9356    -1.383412
9357     3.708599
9358    -0.821622
9359    -1.207275
9360     2.737565
9361     0.848092
9362     1.707200
9363     0.091819
9364    -0.908137
9365     0.385819
9366    -0.137184
9367    -0.897300
9368    -0.056613
9369     0.135969
9370     1.018187
9371     1.404629
9372    -0.211864
9373     0.988958
9374     1.514227
9375    -0.254288
9376     1.085153
9377     1.491463
9378    -0.098242
9379    -0.904841
9380    -1.344380
9381     0.105970
9382    -0.234644
9383    -0.022783
9384     0.594168
9385    -1.311681
9386    -0.205183
9387     0.205726
9388    -0.186046
9389    -0.671624
9390    -0.908448
9391     1.040950
9392     1.456899
9393    -0.223497
9394     1.063656
9395     1.395646
9396    -0.281165
9397    -1.029495
9398    -0.497367
9399    -1.063764
9400    -1.257931
9401    -0.025446
9402    -0.211271
9403    -0.594934
9404    -1.851798
9405     1.171776
9406     1.058461
9407     1.986575
9408    -0.492483
9409    -0.069516
9410    -1.472460
9411    -0.653179
9412    -1.037834
9413    -0.059691
9414     0.636616
9415     0.396880
9416    -2.750219
9417     1.361606
9418     0.932022
9419    -2.384895
9420     0.231736
9421     1.029323
9422     1.223317
9423     1.090696
9424    -0.705577
9425     0.169338
9426    -0.890624
9427    -0.896242
9428    -0.230441
9429     0.408905
9430     1.255357
9431     0.951173
9432     0.715704
9433     1.094940
9434     1.185062
9435     1.023908
9436     1.124025
9437     1.085668
9438     0.965889
9439    -1.423420
9440    -0.756581
9441    -0.826646
9442    -0.476842
9443     0.132769
9444    -0.404816
9445    -1.398609
9446    -0.179648
9447    -0.164927
9448    -0.883537
9449    -0.223601
9450    -0.895971
9451     1.084135
9452     1.140244
9453     1.038076
9454     1.110419
9455     1.020364
9456     0.771065
9457    -1.533443
9458    -0.176509
9459    -1.381117
9460    -1.472293
9461     0.006244
9462    -0.227684
9463    -0.284515
9464    -1.764666
9465     0.506631
9466     1.346721
9467     1.442177
9468     0.525502
9469    -1.132751
9470    -0.551622
9471    -0.999406
9472    -0.007812
9473    -0.593458
9474     0.370116
9475    -0.291322
9476    -1.411633
9477    -0.570623
9478     2.461441
9479    -2.468196
9480    -1.054679
9481     0.142045
9482     0.849308
9483     1.442347
9484    -0.558817
9485    -0.198221
9486    -1.923080
9487     0.546233
9488    -0.015544
9489     1.090403
9490     0.126736
9491     0.752923
9492     1.429770
9493     0.132295
9494     0.900378
9495     1.495451
9496     0.190354
9497     0.805096
9498     1.522115
9499    -0.024637
9500    -0.762758
9501    -0.721820
9502    -0.016805
9503    -0.165781
9504     0.028850
9505    -0.126898
9506     0.090384
9507     0.984382
9508     0.055303
9509    -0.310004
9510    -0.348306
9511     0.045642
9512     0.839578
9513     1.424778
9514     0.175537
9515     0.768059
9516     1.426854
9517     0.030311
9518     0.022653
9519    -0.996223
9520    -0.112818
9521    -0.073215
9522    -0.800763
9523     0.436421
9524    -1.955263
9525    -0.328359
9526     0.137859
9527     1.262073
9528     1.134350
9529     0.219170
9530    -0.580445
9531    -0.867641
9532    -0.069980
9533    -0.938918
9534     0.908525
9535    -0.478597
9536    -1.183226
9537    -3.098416
9538    -0.849354
9539    -0.107076
9540    -3.803216
9541     0.060686
9542     1.339062
9543     0.143509
9544    -0.847914
9545    -0.778749
9546    -0.346027
9547     0.693327
9548    -0.591907
9549     0.359124
9550     0.620647
9551     1.114079
9552    -0.611420
9553     0.507018
9554     1.304713
9555    -0.239055
9556     0.710296
9557     1.023625
9558    -0.265043
9559    -0.336668
9560    -1.135634
9561     1.635348
9562    -0.327281
9563    -1.081472
9564     1.917565
9565    -0.720085
9566     0.048161
9567     0.338808
9568    -0.566249
9569    -0.821241
9570     0.695279
9571     0.620343
9572     1.317438
9573    -1.099787
9574     0.513947
9575     1.183714
9576    -0.377510
9577     0.170178
9578    -0.863437
9579     1.097138
9580    -0.442459
9581    -0.349224
9582     1.084544
9583    -0.264774
9584    -1.161674
9585     0.721165
9586     0.805366
9587     2.025627
9588    -1.743746
9589    -0.012053
9590    -0.645790
9591     1.013868
9592    -0.295284
9593    -2.460950
9594    -0.342607
9595    -1.647121
9596    -0.552671
9597    -3.056939
9598     0.758081
9599     1.086332
9600    -0.924215
9601    -0.809223
9602     1.706749
9603     0.285199
9604    -0.409453
9605    -0.015248
9606    -2.300440
9607     0.617635
9608    -1.312266
9609     0.633840
9610     0.083908
9611     1.086801
9612     0.258181
9613    -0.350524
9614     1.131793
9615     0.670346
9616     0.194997
9617     0.782355
9618     0.803372
9619    -0.234868
9620    -2.125176
9621     0.496554
9622     0.426749
9623    -1.235327
9624     1.083770
9625    -0.956544
9626     0.796705
9627    -0.080185
9628     0.728017
9629    -0.125282
9630    -1.711145
9631    -0.106689
9632     1.229271
9633     0.496459
9634    -0.255550
9635     0.971191
9636     0.433343
9637     0.620157
9638    -1.254193
9639     0.351261
9640    -0.729399
9641    -1.120570
9642    -0.722813
9643     0.954803
9644    -0.471511
9645     0.220817
9646    -0.114005
9647     1.366575
9648     0.730617
9649     0.097852
9650    -1.397344
9651     0.457476
9652     0.564607
9653    -2.525930
9654     0.374917
9655    -0.567702
9656     1.950315
9657    -2.589584
9658     0.245230
9659     0.561092
9660     0.108015
9661    -0.003101
9662    -1.563493
9663     0.949486
9664     0.371011
9665     0.683556
9666    -1.533423
9667     0.119370
9668     0.921772
9669     0.822862
9670     0.011862
9671    -0.076477
9672    -0.224087
9673    -0.339970
9674     0.088662
9675     1.002130
9676     0.047794
9677    -0.265479
9678     0.447440
9679    -0.621919
9680    -0.279063
9681     1.114239
9682    -0.321933
9683     0.371264
9684     1.132745
9685    -0.531397
9686    -1.681611
9687     0.985869
9688     0.549119
9689     1.021212
9690    -3.046929
9691    -0.213813
9692     0.364116
9693     0.487369
9694    -0.362137
9695    -0.595360
9696     0.428798
9697     0.332513
9698    -0.134709
9699     0.426288
9700    -0.025495
9701    -0.425956
9702     1.322399
9703     0.768197
9704     1.314080
9705    -1.076684
9706    -0.092840
9707    -0.275395
9708     0.223324
9709    -0.295154
9710     0.313649
9711     0.808680
9712     0.288601
9713    -1.602399
9714     0.407327
9715     1.370931
9716     0.184813
9717    -2.410413
9718    -1.051640
9719     1.636815
9720    -2.267421
9721     0.711549
9722     0.377187
9723     0.626190
9724    -0.002831
9725     0.065395
9726    -1.582183
9727     0.130019
9728     0.267093
9729     0.074505
9730    -0.132269
9731    -0.140077
9732    -0.324902
9733    -0.160761
9734     0.371840
9735     0.632554
9736     0.213256
9737    -0.167511
9738     0.217143
9739    -0.167529
9740    -0.428874
9741     0.228431
9742     0.176381
9743     0.903379
9744     0.350404
9745     0.733879
9746     0.388432
9747    -0.468221
9748    -0.833604
9749    -0.294317
9750    -0.731280
9751    -0.742376
9752     0.061655
9753     0.951519
9754    -0.237217
9755     0.278302
9756     0.626673
9757     0.525973
9758    -0.250500
9759     0.034823
9760     0.748454
9761     0.101701
9762    -0.240248
9763     0.575751
9764    -0.216285
9765    -0.374320
9766    -0.337295
9767    -0.123286
9768     0.646709
9769     0.234997
9770     0.216086
9771    -0.165668
9772     1.109997
9773    -1.119068
9774    -0.321879
9775     0.043853
9776     0.338514
9777     3.413475
9778    -2.590226
9779    -0.629665
9780    -3.593725
9781     0.080567
9782     1.343610
9783     0.132301
9784     0.294225
9785     0.261687
9786    -1.236828
9787    -0.556677
9788    -0.447619
9789    -0.823644
9790    -0.214505
9791    -0.898778
9792    -0.268318
9793    -0.409018
9794    -0.730749
9795     0.899150
9796     0.370621
9797    -0.597241
9798     0.323208
9799    -0.738680
9800    -0.345102
9801    -0.524653
9802    -0.283402
9803     0.006689
9804    -0.153315
9805     0.094171
9806    -0.660440
9807    -1.142152
9808    -0.223889
9809    -0.054322
9810     0.024636
9811    -1.563196
9812    -0.032867
9813     0.497865
9814    -0.494047
9815     0.741213
9816     0.922351
9817     0.566851
9818     0.148803
9819    -0.403779
9820     0.162114
9821     0.095653
9822    -0.991731
9823     1.489935
9824     0.335150
9825     0.492090
9826    -0.487472
9827    -0.217515
9828     0.731039
9829    -0.099427
9830    -0.323167
9831    -0.774645
9832     1.427162
9833    -0.499198
9834    -0.889168
9835     0.035642
9836     1.489055
9837     2.719149
9838     0.549026
9839     0.385139
9840     0.466445
9841    -0.016146
9842    -0.915335
9843     1.070188
9844     0.263414
9845     0.067174
9846    -0.994428
9847    -1.486871
9848     0.249902
9849     0.195382
9850    -0.311832
9851     0.284749
9852     0.190614
9853    -0.167518
9854    -0.320807
9855     0.486090
9856     0.404507
9857    -0.668911
9858     0.268035
9859    -0.635551
9860    -0.607366
9861    -0.389450
9862     0.171128
9863    -0.101448
9864    -0.926713
9865     0.025426
9866     0.537870
9867    -1.279658
9868     0.532710
9869     0.721452
9870    -1.410437
9871    -1.900105
9872    -0.648338
9873     0.511113
9874    -0.513350
9875    -0.046266
9876     0.992388
9877     0.774275
9878    -0.846616
9879    -0.631458
9880     0.063728
9881    -0.129748
9882    -0.724079
9883     1.495481
9884     0.854890
9885     0.652026
9886    -0.650428
9887     0.187686
9888     1.211381
9889    -0.094717
9890    -1.111810
9891    -0.616963
9892     1.231281
9893     0.522848
9894    -0.684445
9895     1.154673
9896     0.791835
9897     0.411469
9898    -0.340106
9899     1.178239
9900     1.668944
9901    -0.514069
9902    -0.688734
9903    -0.341686
9904     0.169025
9905    -0.726651
9906    -0.013585
9907     0.224801
9908     2.916883
9909    -0.071439
9910    -0.147424
9911    -0.021456
9912     0.314411
9913    -0.341492
9914    -0.905659
9915     0.534335
9916     0.307382
9917    -0.389885
9918    -0.196617
9919    -0.534748
9920    -0.391561
9921    -0.500627
9922    -0.161995
9923    -0.744656
9924    -0.513588
9925    -0.424925
9926    -0.081692
9927    -1.080393
9928     0.030044
9929    -0.319970
9930    -0.991955
9931    -0.023311
9932     1.628058
9933     1.248090
9934    -0.637753
9935    -0.540687
9936     0.734917
9937     0.134963
9938    -0.416747
9939    -1.105145
9940     0.042642
9941     0.183921
9942    -0.860216
9943     0.013931
9944    -1.280679
9945     0.102291
9946    -0.386226
9947     0.149714
9948     0.862030
9949    -0.367195
9950    -0.826746
9951    -0.816647
9952     0.804283
9953     0.199210
9954    -0.407657
9955    -0.088971
9956    -1.101820
9957     0.469306
9958     1.901037
9959     3.359157
9960     2.634175
9961    -0.765195
9962    -1.450911
9963     0.907072
9964     0.716177
9965    -2.181597
9966    -1.308692
9967     0.411802
9968    -0.572801
9969    -1.054307
9970    -0.339687
9971     0.967305
9972     1.116975
9973    -0.839899
9974     0.410997
9975     1.962961
9976     0.162764
9977    -0.000032
9978     0.219980
9979    -0.710632
9980     0.660556
9981    -0.446151
9982    -0.501989
9983     0.949718
9984     0.594026
9985    -0.897910
9986     0.638816
9987     0.320298
9988     0.223335
9989    -1.015292
9990    -1.176753
9991     0.130297
9992    -0.682029
9993    -0.436471
9994    -0.459375
9995     0.449412
9996    -0.139031
9997     0.012751
9998    -0.076842
9999    -0.561908
10000    -0.241183
10001     0.730727
10002     0.268847
10003     0.418674
10004    -2.278698
10005    -0.467854
10006     0.406654
10007    -1.279845
10008    -0.683996
10009    -0.466154
10010     0.082086
10011    -0.492968
10012     0.605553
10013     1.707141
10014     0.487403
10015    -0.139173
10016     1.305333
10017     0.292358
10018     2.273190
10019     1.635956
10020     0.598213
10021    -1.015944
10022    -1.409621
10023     0.962314
10024    -0.445735
10025    -1.343923
10026    -1.309478
10027     1.095568
10028     0.459118
10029    -0.375925
10030    -1.444471
10031    -0.490249
10032     1.262746
10033     0.183671
10034     0.921093
10035     0.212198
10036    -0.449319
10037    -0.720720
10038     0.947467
10039    -0.052571
10040     0.810176
10041    -0.660182
10042     0.643046
10043     1.200756
10044    -0.203290
10045     0.319924
10046     0.816999
10047    -0.143080
10048    -1.274309
10049    -1.988953
10050     0.398181
10051     1.212395
10052     0.082576
10053     0.833688
10054     0.424076
10055     0.648110
10056     0.072584
10057    -1.457652
10058    -0.729573
10059    -0.543163
10060     0.963982
10061     1.156190
10062    -0.259604
10063    -0.750984
10064    -1.597696
10065    -1.009629
10066    -1.975706
10067    -2.631134
10068     0.134315
10069     0.644683
10070     0.594650
10071    -0.236758
10072     1.009894
10073     1.667008
10074    -0.523557
10075     0.578426
10076     1.183519
10077    -0.131407
10078     1.791025
10079     1.371674
10080     0.572583
10081     0.210129
10082     1.463594
10083     0.962763
10084    -0.403676
10085    -1.340595
10086    -0.637188
10087     0.935598
10088     1.277212
10089     1.242812
10090    -1.131930
10091    -0.372391
10092    -0.106511
10093     0.227865
10094     1.644023
10095     0.834046
10096    -0.146222
10097     0.423458
10098     0.689426
10099    -0.398247
10100    -0.215667
10101    -0.662034
10102     0.314458
10103     0.403211
10104     0.526677
10105     0.310172
10106     1.577820
10107     0.427606
10108    -1.083455
10109    -2.402486
10110    -0.931843
10111     1.557077
10112     2.489547
10113     0.981480
10114     0.040758
10115     0.308128
10116    -0.727463
10117    -1.071479
10118    -3.452689
10119    -1.276298
10120     0.605168
10121     1.243202
10122    -0.006454
10123    -0.556801
10124    -1.061356
10125    -0.431942
10126    -0.726358
10127     0.273147
10128    -0.833871
10129     0.091856
10130    -0.149410
10131    -0.767750
10132     0.323360
10133    -0.140364
10134     0.496943
10135     0.148565
10136    -1.716146
10137     0.756161
10138     0.753164
10139    -0.252239
10140    -0.536559
10141     1.455701
10142     1.052129
10143     1.265605
10144    -1.622453
10145    -1.213167
10146    -1.000939
10147     1.505671
10148     1.211122
10149     0.823807
10150     1.146115
10151     0.271944
10152     0.294865
10153     1.879904
10154     1.327445
10155     0.867572
10156    -0.033074
10157     0.334851
10158     0.793879
10159     0.192321
10160     0.416917
10161    -0.629958
10162    -1.313418
10163    -0.441973
10164    -0.108406
10165     1.347258
10166     1.614630
10167    -0.136977
10168    -0.632974
10169    -1.746717
10170     0.450963
10171     1.221195
10172     1.021522
10173     1.657781
10174    -1.237886
10175    -0.314593
10176    -0.443785
10177    -1.977969
10178    -2.679031
10179    -0.596644
10180    -0.853727
10181    -0.078731
10182     0.308616
10183     0.816101
10184     0.214897
10185    -0.782336
10186    -0.556120
10187     0.182435
10188     0.013066
10189    -0.245144
10190     0.010086
10191    -0.368196
10192    -0.580221
10193     0.078983
10194    -0.350107
10195     0.917344
10196    -0.211999
10197    -0.137103
10198    -1.428627
10199    -1.050752
10200    -1.921702
10201     0.079093
10202     0.942435
10203    -0.295888
10204    -0.462235
10205    -2.390894
10206    -0.212303
10207     0.476991
10208    -0.061762
10209     0.547436
10210     1.210371
10211     0.920811
10212     1.192423
10213     0.400085
10214     0.596728
10215    -0.033768
10216    -0.511757
10217    -0.014708
10218     0.607748
10219    -0.677316
10220     0.142529
10221    -0.972024
10222    -0.375440
10223    -2.175794
10224    -0.107151
10225     0.029741
10226     1.121360
10227    -0.626090
10228    -1.147495
10229    -1.157221
10230    -1.064123
10231     1.051485
10232     1.006716
10233     1.984658
10234    -0.146764
10235     0.702284
10236     0.717386
10237    -1.058879
10238    -3.070021
10239    -0.115209
10240    -1.168517
10241    -0.445489
10242    -0.153339
10243    -0.328965
10244     0.256107
10245    -1.170098
10246    -1.069333
10247    -0.466469
10248    -1.117287
10249    -0.373327
10250     0.827437
10251     0.123287
10252     2.343195
10253     2.058548
10254    -0.378413
10255     1.617222
10256     0.859126
10257     1.091780
10258     0.111847
10259     0.348278
10260    -0.019027
10261    -0.750585
10262     0.092384
10263    -0.500033
10264    -0.399750
10265    -1.506418
10266     0.384155
10267     0.301568
10268     0.101112
10269     0.998839
10270     0.648819
10271     0.151702
10272     1.064962
10273    -1.114722
10274    -0.041069
10275    -0.453131
10276     0.545162
10277     0.435410
10278     0.661935
10279    -1.018155
10280    -0.353460
10281    -0.792881
10282    -0.442290
10283    -1.072338
10284     0.502986
10285    -0.565890
10286     0.261948
10287    -0.760028
10288    -1.095178
10289    -0.343483
10290    -0.434693
10291     1.900930
10292     0.147660
10293     1.111343
10294    -1.288246
10295    -0.412924
10296    -0.153815
10297    -1.336185
10298    -1.640425
10299     0.440819
10300    -0.719616
10301     0.086309
10302     0.320269
10303    -0.560344
10304     0.064871
10305    -0.788573
10306    -1.256062
10307    -1.311891
10308    -1.295330
10309     0.010365
10310     0.687963
10311     0.398471
10312     2.927381
10313     2.674675
10314     0.000883
10315     2.283302
10316     0.096629
10317     0.532005
10318     1.929497
10319     1.881346
10320    -1.238184
10321    -0.696052
10322    -0.667555
10323     0.394294
10324     0.294632
10325     0.474572
10326     0.099150
10327    -0.957279
10328    -1.342851
10329     0.412910
10330     1.803186
10331     0.839931
10332     0.674486
10333    -1.220572
10334    -1.007194
10335    -0.086361
10336     1.751425
10337     1.002357
10338     0.705981
10339    -0.458027
10340     0.036372
10341     0.320176
10342     0.376256
10343     0.730478
10344     0.318156
10345    -0.057754
10346     0.166056
10347     0.025279
10348    -1.439293
10349    -1.580763
10350    -0.375500
10351    -0.899130
10352    -0.333585
10353    -0.140574
10354    -1.582303
10355    -1.257227
10356    -1.017788
10357    -0.728202
10358    -0.486352
10359     0.000088
10360    -1.498668
10361    -1.232180
10362    -0.266910
10363     0.328754
10364     0.830682
10365    -0.100087
10366    -0.830972
10367    -0.387550
10368     0.056879
10369    -1.114048
10370    -0.375648
10371    -0.715029
10372     2.097840
10373     1.697601
10374     0.349875
10375     3.625337
10376     1.940291
10377    -0.576497
10378     1.204870
10379     0.952565
10380    -0.078529
10381    -1.022087
10382    -0.636639
10383    -0.800655
10384    -0.378538
10385    -0.364820
10386     0.154393
10387    -0.514857
10388    -0.955315
10389    -0.152972
10390    -0.214904
10391    -0.115926
10392     1.090335
10393    -0.393327
10394     0.167838
10395    -0.675404
10396    -0.686193
10397     0.294453
10398     0.310430
10399    -0.791460
10400    -0.146051
10401    -0.345337
10402    -0.743637
10403    -0.052617
10404     0.002846
10405    -0.226650
10406    -0.270562
10407    -0.142485
10408    -0.432003
10409    -0.636858
10410     0.711666
10411    -0.502446
10412    -0.260026
10413    -0.292931
10414    -1.161111
10415    -1.377115
10416    -0.137893
10417    -0.910879
10418    -0.909313
10419    -0.520306
10420    -0.315919
10421     0.610754
10422     0.323109
10423     0.111563
10424     0.236570
10425     0.288216
10426    -1.161997
10427    -0.797168
10428    -0.504641
10429    -0.610510
10430    -0.328406
10431     0.474147
10432     2.914981
10433     2.064165
10434    -0.071326
10435     4.221935
10436     1.510045
10437    -0.001135
10438     2.818038
10439     1.966991
10440     0.289941
10441    -0.664069
10442    -0.750534
10443     0.789523
10444     1.133004
10445     1.676327
10446    -0.349555
10447     0.768440
10448     1.234543
10449    -0.217145
10450     0.923130
10451    -0.008100
10452     0.541892
10453     1.033911
10454     0.976322
10455     0.900844
10456    -0.007556
10457     0.189315
10458     0.472318
10459    -0.098100
10460     0.268347
10461     0.075173
10462    -0.222227
10463    -0.397308
10464     2.017720
10465     1.407923
10466     0.233600
10467     0.614088
10468    -0.056077
10469    -0.200131
10470    -1.388149
10471     0.874997
10472     0.804449
10473     0.102506
10474    -0.832659
10475    -0.707742
10476     0.395509
10477    -0.163000
10478     0.309045
10479    -0.121098
10480     0.843881
10481     1.642231
10482    -0.665007
10483     1.908282
10484     0.534779
10485     0.022876
10486    -0.858553
10487    -0.548586
10488     0.441953
10489    -0.032198
10490     0.327395
10491    -0.700964
10492    -1.953236
10493    -1.644403
10494    -1.787401
10495    -2.342144
10496    -2.126342
10497     0.213061
10498    -1.663749
10499    -1.813208
10500    -1.358145
10501    -0.182428
10502    -0.576788
10503    -0.104020
10504     0.112111
10505     2.103593
10506     0.084784
10507     0.293053
10508     1.605127
10509    -0.116598
10510     0.052366
10511    -0.856322
10512     0.545382
10513    -1.282667
10514     0.678709
10515     1.050987
10516     0.430863
10517     0.324985
10518     0.677617
10519    -0.365490
10520     0.732614
10521    -0.767450
10522    -0.249721
10523     1.186545
10524     0.167620
10525    -0.331073
10526     0.282718
10527    -1.637199
10528     1.093934
10529    -0.948994
10530    -1.983352
10531    -0.066800
10532     0.359326
10533     0.651710
10534    -0.458425
10535    -0.754981
10536    -0.232050
10537    -0.208783
10538     0.544652
10539    -0.583726
10540    -0.406618
10541     1.606750
10542     0.877655
10543     0.029009
10544    -0.321847
10545    -0.614642
10546    -0.571344
10547    -0.454817
10548     0.115798
10549    -0.007603
10550    -0.235663
10551     0.751414
10552     0.628333
10553    -1.849632
10554     0.268404
10555     1.845530
10556     0.061390
10557     0.581422
10558    -0.354248
10559    -3.487365
10560     0.266242
10561    -0.197805
10562    -0.647881
10563     0.467841
10564     0.198686
10565     0.124639
10566    -0.282371
10567     0.468205
10568     0.699340
10569    -0.135237
10570     0.081857
10571    -0.130203
10572     0.771937
10573    -1.135154
10574     0.161745
10575     0.965836
10576     0.711958
10577     0.488800
10578     0.370979
10579    -0.454937
10580     0.195527
10581     0.336903
10582    -0.088972
10583    -0.195802
10584     0.015014
10585    -0.391103
10586    -0.049292
10587    -0.552768
10588     1.376474
10589     1.421281
10590     1.282323
10591    -0.072084
10592    -0.321158
10593     0.674019
10594    -0.410550
10595    -0.980092
10596     0.171409
10597    -0.308419
10598     1.531369
10599    -1.378028
10600    -0.243904
10601     0.973897
10602     1.158135
10603    -0.078460
10604     0.314931
10605     0.395494
10606    -0.636605
10607     0.187951
10608     0.180284
10609    -0.069260
10610    -0.392203
10611     0.025299
10612     0.537912
10613     0.886873
10614    -0.484872
10615     1.884536
10616    -1.563876
10617    -0.960611
10618    -1.172374
10619    -2.705844
10620    -3.021586
10621    -0.622785
10622    -0.677337
10623     0.109496
10624    -0.688369
10625     0.022520
10626    -0.889045
10627    -0.124640
10628     0.206591
10629    -0.065257
10630    -0.330918
10631     0.188774
10632    -0.242956
10633    -0.372612
10634     0.117902
10635     1.200688
10636     0.013406
10637    -0.212641
10638     0.842788
10639    -0.397528
10640     0.599697
10641    -0.539501
10642    -0.303155
10643     0.215758
10644    -0.878218
10645    -0.719861
10646    -0.154150
10647    -0.675670
10648    -1.578731
10649    -0.567778
10650    -0.718331
10651    -0.637828
10652    -0.477653
10653     0.152751
10654    -0.710789
10655    -0.850878
10656    -0.266949
10657    -0.031186
10658     0.454100
10659     0.595625
10660    -0.390964
10661     1.231994
10662    -0.309417
10663    -0.119287
10664     0.592368
10665    -0.633475
10666    -0.332502
10667    -0.058760
10668     0.595860
10669    -0.598038
10670    -0.533718
10671    -0.091211
10672     0.055986
10673     0.302157
10674    -0.214184
10675     4.395307
10676    -1.001171
10677     1.906815
10678     3.494493
10679     0.602225
10680     0.120190
10681    -0.576328
10682    -0.451873
10683    -0.014101
10684    -0.704947
10685    -0.291515
10686     0.089386
10687    -0.022077
10688     0.107612
10689     0.170062
10690    -0.337096
10691    -0.413836
10692    -0.276171
10693    -0.417293
10694     0.377967
10695     0.106894
10696    -0.016231
10697     0.112649
10698     0.157297
10699    -0.537297
10700    -0.675431
10701    -0.593733
10702    -0.238402
10703    -0.064114
10704    -0.336545
10705    -0.677572
10706     0.007368
10707    -0.883487
10708    -1.150383
10709     0.890159
10710     0.013713
10711    -0.600729
10712    -0.017549
10713    -0.136791
10714    -0.638550
10715     0.112490
10716    -0.364056
10717    -0.092123
10718     0.034621
10719    -0.027833
10720    -0.498974
10721    -0.213451
10722    -0.464092
10723    -0.191037
10724    -0.509350
10725    -0.542363
10726    -0.413906
10727     0.040003
10728    -0.435756
10729    -0.600967
10730    -0.130567
10731    -0.748529
10732    -0.069544
10733     0.280329
10734    -0.820919
10735     4.563159
10736     0.500720
10737     2.666705
10738     3.220297
10739     0.303768
10740     2.440321
10741     0.016310
10742     1.350163
10743    -0.715695
10744     0.376126
10745     0.039720
10746     1.720592
10747    -0.151032
10748     0.729582
10749    -0.469640
10750     0.190943
10751     1.090087
10752    -0.979409
10753    -0.478290
10754     0.089740
10755     0.247898
10756    -0.033348
10757     0.111341
10758     0.037990
10759    -0.390737
10760    -1.172458
10761    -0.299127
10762    -0.100860
10763     1.111495
10764    -1.161898
10765    -0.394853
10766     0.223299
10767    -1.184167
10768     0.035960
10769    -1.611027
10770     4.093218
10771    -0.471374
10772    -0.149348
10773     0.146835
10774    -0.446651
10775    -0.733203
10776     0.464494
10777    -0.060334
10778     0.456905
10779    -0.611910
10780     0.084742
10781     1.129916
10782    -0.918260
10783     0.765582
10784     0.120725
10785    -0.743449
10786     0.655489
10787     0.894946
10788    -0.360201
10789    -0.109888
10790    -0.768297
10791    -0.141356
10792    -0.001064
10793    -1.911995
10794     0.391390
10795    -0.001002
10796     0.202448
10797    -0.601078
10798     0.514281
10799    -1.204040
10800     1.083771
10801    -0.123671
10802     0.606631
10803    -0.052459
10804     0.287459
10805    -1.247700
10806     0.640611
10807    -0.009267
10808     0.971785
10809    -0.282680
10810     0.142678
10811     0.412228
10812     0.186854
10813    -0.273935
10814     0.782835
10815     0.557878
10816     0.048756
10817    -0.258437
10818     0.523037
10819    -0.399523
10820     0.222766
10821     0.015627
10822    -0.027025
10823     0.541179
10824     0.165878
10825    -0.401420
10826    -0.187787
10827     0.467921
10828    -0.097626
10829    -0.954292
10830     1.234043
10831    -0.332190
10832     2.369411
10833     0.436270
10834    -0.376510
10835     1.218228
10836     0.108355
10837    -0.119966
10838    -0.780194
10839    -0.045472
10840     0.111809
10841    -0.101031
10842    -0.187667
10843     0.733422
10844    -1.090673
10845    -0.413332
10846     0.833960
10847     1.207336
10848     0.292168
10849     0.047953
10850     0.886430
10851    -0.338961
10852     0.117168
10853    -1.194085
10854    -0.678227
10855    -0.469414
10856    -3.639149
10857    -2.218970
10858     0.307342
10859     0.234518
10860    -0.410875
10861    -0.246567
10862     0.011574
10863    -0.276958
10864     0.031494
10865    -2.524105
10866     0.277631
10867     0.699616
10868     0.969459
10869    -0.346748
10870    -0.402624
10871    -0.454348
10872    -0.288707
10873     0.399727
10874     1.638853
10875     0.924830
10876    -0.841394
10877    -0.109356
10878     0.302217
10879    -0.314147
10880    -0.792371
10881    -0.310852
10882     0.104332
10883     1.582652
10884     0.232890
10885     0.254085
10886     0.144224
10887     0.641541
10888     0.185037
10889    -0.319844
10890     1.619172
10891    -0.264561
10892     0.330703
10893     0.118139
10894    -0.536761
10895     0.096029
10896    -0.140469
10897     1.205002
10898     0.707276
10899     0.759006
10900     0.353151
10901     0.663242
10902    -0.019977
10903     0.862087
10904    -0.156982
10905    -0.192141
10906     0.726808
10907     0.190359
10908    -0.044929
10909     0.443445
10910     1.045540
10911    -0.111821
10912    -0.013626
10913    -1.905859
10914    -0.940314
10915    -1.964148
10916    -0.855352
10917    -1.505581
10918    -0.680956
10919    -0.261696
10920    -0.696928
10921     0.189036
10922     1.178013
10923    -0.471615
10924     0.191697
10925    -0.848759
10926     0.217131
10927     0.975356
10928    -0.476223
10929    -0.125598
10930    -0.064065
10931     1.233865
10932     0.179929
10933    -0.219079
10934     0.891022
10935    -0.071395
10936    -0.589445
10937     1.489189
10938     0.585312
10939    -0.791122
10940    -0.439532
10941    -0.809810
10942     0.051212
10943     0.817809
10944     0.275490
10945     0.365148
10946    -0.816438
10947     0.703877
10948    -1.270180
10949    -0.966696
10950    -0.341855
10951     0.558055
10952     1.992588
10953     1.087571
10954     0.220011
10955     2.399651
10956     0.542868
10957     0.105205
10958    -1.701796
10959    -0.362624
10960     0.197986
10961     0.408650
10962    -0.292444
10963     0.228926
10964    -0.707401
10965    -0.816797
10966     0.565726
10967    -0.148269
10968    -0.294481
10969     0.690321
10970    -0.667530
10971     0.342849
10972     0.187177
10973    -1.395090
10974    -0.411861
10975    -1.211357
10976    -1.057939
10977    -0.019769
10978    -0.380609
10979    -1.185115
10980     0.083221
10981    -3.852550
10982     0.945230
10983    -0.658544
10984     0.410645
10985    -0.657234
10986     0.050200
10987    -0.467196
10988     1.646662
10989     0.555820
10990     0.055127
10991     0.441591
10992    -0.180769
10993     1.185546
10994    -0.135778
10995    -0.317677
10996    -0.161504
10997     0.035946
10998    -0.195380
10999     0.563718
11000     0.893890
11001     0.340321
11002     0.766982
11003     0.072790
11004    -0.101533
11005    -0.682093
11006     0.266314
11007     0.739251
11008     1.548439
11009     0.585939
11010     0.822888
11011     0.858013
11012     0.473777
11013     0.333181
11014     0.651839
11015    -0.384118
11016    -0.447328
11017    -0.486146
11018    -0.127912
11019     0.350114
11020     1.437360
11021    -0.016767
11022    -0.166956
11023    -0.049716
11024    -1.265847
11025    -0.874729
11026    -1.810668
11027     1.676282
11028     0.417128
11029     0.596809
11030     0.358689
11031     0.709877
11032     0.530917
11033    -1.904205
11034    -0.830311
11035    -0.728606
11036    -2.488888
11037    -0.733993
11038    -0.366917
11039    -0.416362
11040     0.188439
11041    -0.135304
11042     0.098201
11043    -0.007184
11044     0.122159
11045     1.383246
11046    -0.868898
11047     0.468548
11048     0.064469
11049     0.517632
11050    -0.087630
11051    -1.608392
11052     0.921688
11053    -0.319078
11054     0.292796
11055    -1.133763
11056     0.774132
11057    -0.817866
11058     0.928208
11059    -1.073419
11060     2.069231
11061    -1.318831
11062     0.132382
11063    -1.557540
11064     0.801780
11065    -0.714687
11066     2.042601
11067    -0.984797
11068    -0.667166
11069     1.826477
11070    -1.095757
11071     0.145529
11072    -1.505456
11073     0.944864
11074     0.985139
11075    -0.944977
11076     0.742475
11077    -0.558330
11078     2.029645
11079    -0.984023
11080     0.154976
11081     0.557718
11082    -0.862497
11083     0.869221
11084    -1.144543
11085     0.908759
11086    -0.104333
11087     0.168270
11088     0.251906
11089    -0.663416
11090     2.002656
11091    -1.085813
11092     0.166628
11093    -1.954083
11094     0.654030
11095     0.171663
11096    -1.954924
11097     0.848853
11098     0.332987
11099    -1.047529
11100     0.821368
11101    -0.799925
11102    -1.324463
11103     0.359508
11104     0.061163
11105    -0.169205
11106     1.476011
11107    -0.091866
11108    -1.346806
11109     1.200512
11110    -1.201146
11111    -0.528418
11112    -1.358112
11113    -0.984967
11114    -1.301372
11115    -0.071218
11116     1.346267
11117     0.024699
11118    -0.812090
11119     0.178162
11120     1.371900
11121     1.123999
11122    -0.838660
11123    -0.803214
11124    -1.338560
11125    -0.119292
11126     0.859448
11127     1.917082
11128    -0.220319
11129     0.560328
11130     1.297284
11131    -0.847087
11132    -0.407247
11133    -1.320293
11134     0.068745
11135     0.192153
11136    -1.557881
11137    -0.362435
11138     0.720924
11139     1.814698
11140    -0.351725
11141    -1.188120
11142     0.765197
11143     0.169562
11144     0.125070
11145    -1.304930
11146     1.987708
11147     0.452991
11148     0.453073
11149    -0.177277
11150     0.834587
11151     1.997146
11152     0.516678
11153     0.508373
11154    -1.920787
11155     1.376130
11156     0.840545
11157    -1.334111
11158     0.290284
11159     0.577828
11160    -1.386530
11161    -1.484510
11162    -1.107956
11163    -0.584748
11164     0.960427
11165    -0.092183
11166     0.462613
11167    -1.204408
11168    -0.237544
11169    -0.051398
11170    -0.687293
11171    -1.444099
11172    -1.321706
11173    -1.524603
11174    -0.610844
11175    -1.707005
11176    -1.559866
11177     1.511298
11178     1.037445
11179     1.389797
11180     1.712473
11181    -0.099148
11182    -1.745482
11183    -1.436112
11184    -0.538386
11185     1.636994
11186     1.122339
11187     0.592698
11188     0.810177
11189     0.547454
11190     0.399970
11191    -0.399261
11192    -1.161706
11193    -1.439543
11194    -0.549871
11195    -0.300980
11196    -0.752354
11197     0.405858
11198     1.274145
11199     0.546074
11200    -1.164872
11201    -1.091516
11202     0.180639
11203     0.551763
11204    -0.866177
11205     0.677609
11206     1.253700
11207     1.414792
11208    -0.388095
11209     0.470081
11210     1.713173
11211     0.477241
11212     1.089270
11213    -0.593814
11214     1.064707
11215     1.557736
11216    -0.045753
11217     1.084450
11218     0.194364
11219    -0.306991
11220     0.358936
11221    -1.962631
11222    -0.706458
11223     0.083164
11224     0.088609
11225     0.482357
11226    -0.083473
11227    -1.677996
11228    -1.512396
11229    -0.379563
11230    -0.029718
11231     0.593410
11232    -0.130031
11233    -0.020185
11234    -0.978086
11235    -0.940064
11236    -0.995212
11237    -1.296836
11238    -0.110143
11239     2.050936
11240     1.308477
11241    -0.457565
11242    -1.353395
11243    -1.458674
11244    -1.120402
11245     1.263555
11246     1.639609
11247     0.041540
11248     0.173229
11249     0.110506
11250    -0.498805
11251    -0.509741
11252    -1.316997
11253    -1.368467
11254    -0.132366
11255     0.899219
11256     0.131180
11257     0.433507
11258    -0.263657
11259    -0.302607
11260    -2.078635
11261    -1.408708
11262     0.326795
11263     0.193500
11264    -0.083497
11265     1.199741
11266     1.770141
11267     1.498310
11268    -0.386437
11269     1.408504
11270     0.198476
11271     0.067893
11272     0.085910
11273     0.131556
11274     1.029977
11275     1.408898
11276     1.345129
11277     1.801518
11278    -0.116908
11279     0.818258
11280     1.095749
11281    -1.588548
11282    -0.543094
11283    -0.375581
11284     0.987847
11285     0.452144
11286    -0.611061
11287    -2.211979
11288    -1.163296
11289    -0.055489
11290    -1.344164
11291     0.453943
11292     0.393496
11293    -0.930100
11294    -0.725240
11295    -0.893198
11296     1.388100
11297    -0.884380
11298     0.159787
11299     1.310039
11300     1.047793
11301    -1.101015
11302    -1.204402
11303    -1.164388
11304     0.084338
11305     0.634447
11306     1.527342
11307    -1.068215
11308     0.802653
11309    -0.076185
11310    -0.057021
11311    -1.589140
11312    -0.962201
11313    -0.065053
11314     0.191749
11315     0.491170
11316    -0.057305
11317     1.063452
11318    -0.314265
11319    -0.316551
11320    -2.179637
11321    -0.949221
11322    -0.523338
11323     0.574555
11324     0.006769
11325     0.062688
11326     1.025750
11327     1.214833
11328    -1.348088
11329     0.517442
11330     0.202439
11331     0.000991
11332     1.438854
11333    -0.115052
11334     1.981392
11335     0.740069
11336     1.058450
11337     0.994938
11338     0.373014
11339     0.442437
11340     2.794281
11341    -1.656458
11342    -1.617372
11343    -0.553907
11344     0.305678
11345    -0.746616
11346     0.935540
11347    -2.073432
11348    -1.702109
11349    -0.721431
11350    -1.175668
11351     0.036746
11352     0.280972
11353    -0.669441
11354    -0.244555
11355    -0.959936
11356     1.435093
11357     1.828704
11358    -0.186040
11359     1.284289
11360     1.353467
11361    -0.717545
11362    -1.258878
11363    -1.719514
11364    -0.073970
11365     0.156696
11366     0.180213
11367    -0.373032
11368     0.859589
11369     0.162727
11370     0.097474
11371    -1.393324
11372    -1.118122
11373    -0.579462
11374     0.394054
11375     1.155032
11376    -0.303362
11377     1.161218
11378     0.650501
11379     0.321453
11380    -1.882848
11381    -1.052526
11382    -0.838006
11383     0.776014
11384     0.470126
11385     0.184709
11386     1.059847
11387     1.349608
11388    -0.742068
11389     0.717262
11390     0.999869
11391    -0.453172
11392     1.554704
11393     0.522126
11394     1.628484
11395    -0.073888
11396    -0.804181
11397     1.623719
11398     0.479494
11399     0.295874
11400     1.429580
11401    -1.280572
11402    -0.428714
11403    -2.616953
11404     0.428968
11405     0.058635
11406     0.448566
11407    -1.189440
11408    -1.813092
11409    -1.496265
11410    -0.519496
11411     0.405458
11412     0.154661
11413    -0.696592
11414    -0.575273
11415    -0.922910
11416    -0.933852
11417     0.772082
11418     0.511007
11419     2.037163
11420     0.687605
11421     0.061333
11422    -0.669782
11423    -1.035645
11424    -1.319918
11425     0.120324
11426     0.667893
11427    -0.633964
11428     0.749405
11429     0.322230
11430     0.259231
11431    -1.154969
11432    -1.335600
11433    -0.845404
11434    -0.005434
11435     1.179196
11436     0.031430
11437     0.099952
11438     0.184349
11439     1.040331
11440    -1.747557
11441    -1.633671
11442    -0.936106
11443    -0.461885
11444    -0.441223
11445     0.903559
11446     0.391144
11447     0.841320
11448    -0.031882
11449     1.390729
11450     0.337832
11451     0.389492
11452     1.121972
11453     0.853395
11454     2.246084
11455     1.387960
11456     0.313339
11457     0.791581
11458     0.931959
11459     0.639884
11460     1.966126
11461    -0.122139
11462    -0.608855
11463    -1.364659
11464    -0.108256
11465     0.706043
11466     0.491658
11467    -1.323790
11468    -1.024241
11469    -0.798471
11470    -0.710325
11471     0.750679
11472     0.496808
11473    -0.856406
11474    -0.632499
11475    -0.881455
11476     1.717823
11477    -0.034390
11478     2.730412
11479     0.953435
11480     1.388705
11481    -0.913869
11482    -0.400630
11483    -0.432437
11484    -0.228748
11485     0.521610
11486    -0.517217
11487    -1.370604
11488     0.228216
11489     0.436769
11490    -0.170963
11491    -1.366360
11492    -1.141861
11493    -0.715039
11494     0.437364
11495    -0.381203
11496    -0.780403
11497    -0.156929
11498    -0.885570
11499    -0.900563
11500    -2.129278
11501    -1.227971
11502    -0.885941
11503    -0.270607
11504     0.257432
11505     1.882365
11506     0.389685
11507    -0.267233
11508    -1.141545
11509     0.351607
11510     1.281447
11511    -0.316766
11512     0.932451
11513     0.225524
11514     1.489073
11515     1.388431
11516     1.698581
11517     2.058970
11518     0.524097
11519     0.408297
11520     1.319740
11521     0.271673
11522    -0.441525
11523     0.945314
11524    -0.865784
11525     0.101077
11526     0.930443
11527    -1.530131
11528    -1.182998
11529    -0.702801
11530    -0.549288
11531     0.507678
11532     0.726426
11533    -0.854606
11534    -0.706952
11535    -0.969400
11536     2.575424
11537     1.053067
11538     0.324329
11539    -0.260542
11540     0.879490
11541    -1.630905
11542    -0.270739
11543    -0.485763
11544    -0.173296
11545    -0.650198
11546    -0.956000
11547    -0.291406
11548    -0.348394
11549    -0.039043
11550     0.199288
11551    -1.087017
11552    -1.086168
11553    -0.415970
11554     1.015972
11555    -0.053304
11556    -1.060319
11557     0.771479
11558    -0.347232
11559    -0.621828
11560    -2.061736
11561    -1.248362
11562    -1.057988
11563     0.095556
11564     0.372976
11565     0.946255
11566     1.335927
11567     0.393277
11568    -1.176411
11569    -1.259829
11570     0.696954
11571    -1.211659
11572     1.930680
11573     0.701739
11574     1.379248
11575     0.345910
11576     1.094568
11577     2.251700
11578     1.395643
11579     0.746522
11580     1.608982
11581     0.161003
11582     1.083250
11583    -0.991303
11584    -0.787968
11585    -0.690806
11586     1.470968
11587    -0.889138
11588    -1.191452
11589    -1.740838
11590    -0.144323
11591     0.694677
11592    -0.148524
11593    -0.525984
11594    -0.833422
11595    -1.136088
11596     2.295432
11597     1.779480
11598     0.091506
11599    -0.149888
11600    -0.559432
11601    -0.637775
11602     0.072796
11603    -0.411778
11604    -0.663633
11605    -0.338876
11606    -0.488886
11607    -1.076139
11608    -0.226750
11609    -0.740850
11610     0.665199
11611    -0.814338
11612    -0.645505
11613    -1.066158
11614     0.913963
11615     0.040463
11616    -0.723928
11617    -0.249311
11618    -0.152694
11619     0.986665
11620    -1.598095
11621    -1.488441
11622    -1.211820
11623    -0.165146
11624     0.455996
11625     1.442540
11626     0.835551
11627     0.912002
11628    -0.538819
11629    -1.050459
11630    -1.514167
11631    -0.169177
11632     1.146961
11633     1.558845
11634     1.876811
11635     0.771397
11636     0.688664
11637     1.539011
11638     0.743173
11639     1.504057
11640     2.031504
11641     0.151791
11642     0.325572
11643    -0.645023
11644    -0.841786
11645     0.338489
11646     0.970693
11647     0.230427
11648    -0.505944
11649    -1.516793
11650     0.474199
11651     0.981915
11652     0.258868
11653    -0.102067
11654    -0.325697
11655    -1.174216
11656     2.476068
11657     0.852842
11658     0.621989
11659    -0.211190
11660    -0.691406
11661    -0.677502
11662     0.430555
11663    -0.177447
11664    -0.557042
11665    -0.322926
11666    -1.036969
11667    -0.886625
11668    -0.207541
11669     0.487563
11670     0.003450
11671    -0.563691
11672    -0.618956
11673    -0.855047
11674     0.529684
11675    -0.940108
11676    -0.669036
11677    -1.988993
11678    -2.074766
11679     0.450474
11680    -1.258982
11681    -0.976377
11682    -1.253401
11683    -1.016651
11684     0.684913
11685     0.823798
11686     0.865809
11687     0.610031
11688    -0.352271
11689    -1.073764
11690    -1.195482
11691    -0.367248
11692     0.595265
11693     1.021074
11694     2.076802
11695     1.741766
11696     1.878712
11697     1.736400
11698     0.092026
11699     1.362043
11700     2.011729
11701     2.047042
11702    -0.435062
11703    -0.466573
11704    -1.772344
11705     0.867617
11706     0.792118
11707     0.194052
11708    -0.254011
11709    -0.246503
11710     1.176565
11711     0.538843
11712     1.197705
11713    -0.262001
11714    -0.104290
11715    -0.275067
11716     2.888184
11717     0.097620
11718     0.232014
11719    -0.929164
11720    -0.173303
11721    -1.493611
11722     0.869711
11723    -0.364142
11724     0.357780
11725    -0.098209
11726    -1.037364
11727    -1.325991
11728    -0.855670
11729     0.752039
11730     0.264955
11731    -0.463901
11732    -0.484076
11733    -0.316886
11734     0.835898
11735    -1.046372
11736    -0.273757
11737    -1.011101
11738    -1.954112
11739    -1.138950
11740    -0.983984
11741    -0.682021
11742    -0.325412
11743    -0.899321
11744     0.418835
11745     0.060743
11746     0.991744
11747     0.251151
11748    -0.533578
11749    -1.732950
11750    -0.534752
11751    -1.346865
11752     0.117570
11753     0.805022
11754     1.265857
11755     0.295423
11756     2.167620
11757     2.236345
11758    -0.407545
11759     1.170759
11760     1.335673
11761     2.476432
11762     1.537742
11763    -0.844482
11764    -1.950159
11765    -0.227866
11766     0.593136
11767     0.433886
11768    -0.094767
11769    -1.270883
11770     1.539195
11771     1.314575
11772     0.318107
11773    -0.208766
11774    -0.066690
11775     0.282465
11776     2.801632
11777     1.342180
11778     0.838357
11779    -1.256249
11780    -1.003464
11781    -0.757302
11782     1.055810
11783     0.639501
11784     0.768915
11785     0.087576
11786    -0.968321
11787    -1.817165
11788    -1.175463
11789    -0.450512
11790    -0.441576
11791    -0.190135
11792     0.006767
11793     0.038741
11794     0.917875
11795    -0.669765
11796     0.014033
11797    -0.505500
11798    -1.146035
11799    -1.169728
11800    -0.492190
11801    -0.206818
11802    -0.749164
11803    -0.966537
11804     0.020067
11805     0.533685
11806    -0.127532
11807    -0.999240
11808     0.407593
11809    -1.865865
11810    -1.125513
11811    -0.736591
11812     0.072901
11813     0.286309
11814     0.498581
11815    -0.116236
11816     0.965156
11817     1.815584
11818    -0.530676
11819     0.846695
11820     1.677692
11821     0.585406
11822     0.993605
11823     0.091525
11824    -0.970681
11825     0.408479
11826     0.449770
11827     1.725805
11828    -0.549938
11829    -0.900779
11830     0.608186
11831     1.767760
11832    -0.360522
11833     0.155563
11834     0.950268
11835    -0.450644
11836     0.301025
11837     0.480442
11838     1.210407
11839    -0.191751
11840     0.011611
11841    -0.436834
11842    -0.020924
11843     1.466620
11844    -0.191216
11845    -0.064659
11846    -0.040618
11847    -0.677198
11848    -0.080534
11849    -0.131091
11850     0.021875
11851     0.742751
11852     0.143168
11853     0.029661
11854     0.362098
11855     0.346792
11856    -0.002665
11857     0.203196
11858    -1.247826
11859     0.087532
11860    -0.603251
11861     0.478269
11862    -0.164231
11863    -0.799317
11864    -0.822825
11865     1.273409
11866    -1.006078
11867    -3.726377
11868    -4.142323
11869    -0.683054
11870    -1.605218
11871     0.500079
11872    -0.235216
11873     0.004997
11874     0.983032
11875    -0.156601
11876     0.748216
11877     1.358517
11878     0.128038
11879     0.323666
11880     1.320605
11881    -0.215878
11882     0.071064
11883     0.104123
11884    -0.843929
11885     0.610608
11886     0.556751
11887     0.892641
11888    -0.615173
11889     0.024637
11890     1.132928
11891     0.779738
11892     0.633786
11893    -0.445219
11894     0.529549
11895    -0.116387
11896     2.426936
11897     0.791515
11898     0.607276
11899    -0.055141
11900     0.251465
11901     0.349968
11902     2.515312
11903     1.147304
11904    -0.845480
11905    -0.289026
11906     0.209869
11907    -0.013061
11908    -0.007489
11909     0.958531
11910     0.048278
11911    -0.065248
11912     0.141916
11913     0.207633
11914     0.472930
11915     0.089813
11916     0.752670
11917    -0.552091
11918    -1.300175
11919    -0.097436
11920     0.055981
11921    -0.336480
11922     0.631826
11923    -1.093495
11924     0.279355
11925    -0.010721
11926    -0.698726
11927    -3.143915
11928    -4.543222
11929    -1.199613
11930    -0.802221
11931    -0.155317
11932    -0.557878
11933    -0.462173
11934     0.808194
11935    -0.743195
11936     0.581596
11937     0.701624
11938    -0.729801
11939     0.217814
11940     0.354857

