1       0.854469
2      -0.840581
3       0.883297
4       1.417144
5      -0.881305
6       2.007471
7      -0.707802
8       0.552262
9      -1.631922
10     -1.033912
11      0.168259
12     -1.659069
13      0.989503
14     -0.924746
15      0.891304
16      0.757287
17     -0.976674
18      0.745989
19     -0.152386
20      1.101785
21     -0.575981
22     -1.272201
23      0.410083
24     -0.129349
25      0.713358
26     -1.093060
27      0.746687
28     -0.711279
29      0.263200
30     -2.102947
31     -0.412297
32      0.492195
33     -0.545808
34     -1.327195
35      0.358340
36     -0.847518
37      0.758563
38     -0.529296
39      0.795759
40     -0.839170
41      0.321185
42     -1.712622
43     -1.778549
44      2.074426
45      0.400019
46     -0.381935
47      0.802539
48     -0.433497
49      0.892914
50     -0.749993
51      0.652480
52     -0.234250
53      1.026564
54     -0.783077
55      1.319836
56     -0.255220
57      1.433726
58      1.147903
59     -1.319962
60      1.865056
61     -0.218394
62     -0.093865
63      0.361697
64     -0.038101
65     -0.510037
66      0.508416
67     -1.759270
68      0.130484
69     -1.930410
70     -1.988712
71     -0.430867
72     -1.685718
73     -0.096135
74     -0.570330
75      0.505340
76      0.823348
77     -0.612113
78     -0.562564
79     -1.080823
80     -0.112933
81     -0.485684
82      0.940902
83      0.461178
84      1.756077
85      1.117032
86     -0.736926
87     -0.119144
88     -1.773382
89      0.059807
90     -2.590029
91     -0.875414
92     -0.563842
93      0.218398
94      1.157343
95     -0.532302
96      0.885069
97      1.055894
98      0.223199
99     -0.422033
100    -1.627293
101    -0.547960
102    -1.573735
103     1.421244
104     0.111456
105     2.276483
106     1.429276
107     1.497597
108     1.162791
109     0.206728
110     0.346779
111     0.149656
112     1.095450
113     1.759967
114     0.463111
115     0.166844
116     0.273653
117     0.781235
118     0.043462
119    -0.152945
120     0.301045
121     0.004418
122    -0.032299
123     0.803438
124    -0.225940
125    -0.104899
126     0.673505
127    -1.142231
128    -0.848604
129    -2.268186
130    -1.208800
131    -1.048157
132    -1.338715
133     0.178853
134    -0.670217
135     0.777425
136     0.454844
137     0.143928
138     0.224160
139    -0.614057
140    -1.050349
141    -1.500500
142    -0.100403
143     0.416920
144    -0.057402
145     0.452379
146     0.210792
147     0.381686
148    -0.808569
149    -1.013706
150    -2.208631
151    -0.887764
152    -1.175417
153    -1.867965
154     0.641341
155     0.280058
156     1.264057
157     0.864879
158     0.907444
159     0.746984
160    -0.966614
161    -1.382979
162    -1.695148
163     0.613570
164     0.208953
165     1.415402
166     0.281975
167     1.482241
168     0.159231
169     0.191545
170     0.270308
171     0.547413
172     0.595093
173     1.372888
174     0.341333
175     1.530335
176     1.950447
177     2.805424
178     0.145146
179     0.082650
180     0.796490
181    -0.908912
182    -0.104694
183     0.558752
184    -0.195174
185    -1.213061
186     0.476296
187     0.146676
188    -1.337124
189    -1.729063
190    -0.711560
191    -0.553907
192    -0.855427
193    -0.554759
194    -0.309991
195     0.579904
196     0.029517
197     0.139800
198     0.242929
199    -0.666581
200    -0.581532
201    -1.111272
202     0.125815
203     1.055059
204     0.142078
205     0.258175
206     0.506996
207     0.423918
208    -0.470462
209    -0.979289
210    -1.672345
211    -0.727674
212    -0.673821
213    -1.375842
214     0.249166
215    -0.155446
216     1.120643
217     0.823149
218     2.312805
219     0.597606
220    -0.502693
221    -1.265660
222    -1.165139
223    -0.031356
224     0.154253
225     1.246438
226    -0.206814
227     0.257820
228    -0.022052
229    -0.460584
230     0.670807
231     0.437144
232    -0.410686
233     0.405115
234    -0.055898
235     4.681116
236     1.856486
237     1.548938
238    -0.466358
239    -0.184617
240     0.612392
241     0.614300
242    -0.389010
243     1.111275
244    -0.689895
245    -0.892652
246     0.610281
247    -0.486776
248    -0.831340
249    -1.122231
250    -0.528771
251    -0.780472
252    -0.986716
253    -0.776739
254    -0.421188
255    -0.454256
256     0.682748
257    -0.187001
258     0.420750
259    -1.105779
260    -0.393565
261    -1.199356
262    -0.149989
263     0.831010
264    -0.025893
265     0.646793
266     0.191850
267     0.406552
268    -0.182056
269    -0.967757
270    -0.974760
271    -0.428981
272    -0.860812
273    -1.253375
274    -0.043429
275    -0.278088
276     0.180894
277     1.471210
278     2.523579
279     2.110855
280    -0.261297
281    -1.367124
282    -0.963427
283     0.018606
284    -0.137182
285     0.040052
286    -0.695628
287     0.244300
288    -0.570015
289    -0.119952
290     0.298503
291     0.374848
292    -0.588365
293     0.259897
294    -0.684579
295     2.898614
296     3.516793
297     2.420852
298    -0.274613
299    -0.359743
300     0.558248
301     2.343809
302     0.531455
303     0.656069
304     0.090954
305    -0.872244
306     0.322135
307    -1.085310
308    -1.004752
309    -0.632481
310    -0.811230
311    -0.071359
312     0.215957
313    -1.562216
314    -0.029110
315     0.614236
316     1.418350
317     0.577244
318     1.226117
319    -1.468102
320    -0.288209
321    -0.732594
322    -0.874594
323     0.027767
324    -2.127779
325     1.024132
326     0.204269
327     0.412141
328     0.162363
329    -1.056255
330    -1.000607
331    -0.830953
332    -0.919035
333    -0.748868
334    -0.506554
335    -0.668547
336     0.299104
337     1.168455
338     1.969642
339     1.058946
340     0.308002
341    -1.617647
342    -1.453572
343     0.063434
344    -0.161656
345     0.372271
346    -0.494766
347     0.132598
348    -0.733178
349     0.591937
350     0.862262
351     0.743991
352    -0.811164
353    -0.049796
354    -0.914675
355     1.697173
356     3.015962
357     1.773524
358    -0.423720
359    -0.582588
360     0.649262
361     2.322300
362    -0.008480
363     1.141870
364    -0.345825
365    -0.756567
366     0.351048
367    -1.558545
368    -0.158149
369    -1.683486
370    -0.931017
371    -0.063378
372    -0.513337
373     2.520791
374     0.237375
375     0.649872
376     0.524370
377     0.627732
378     1.260311
379    -1.159726
380    -0.576767
381    -0.708400
382    -1.177957
383     0.067922
384    -1.247495
385     0.043613
386     0.562872
387     0.447988
388    -0.733153
389    -0.434766
390    -0.947667
391    -0.293385
392    -1.252043
393    -0.172767
394    -0.439501
395    -0.748744
396    -0.175703
397     0.126646
398     2.404718
399     0.024896
400     0.382893
401    -1.725931
402    -0.601736
403     0.364760
404    -0.593702
405     0.687389
406    -0.430863
407    -0.173930
408    -0.284137
409     0.358810
410     0.472092
411     0.729370
412    -0.591622
413    -0.369239
414    -0.811333
415     0.233067
416     3.694678
417     1.002521
418     0.784346
419    -1.205694
420     0.850797
421     1.072214
422    -0.045956
423    -0.083499
424     0.864967
425     0.051445
426     0.200740
427    -1.312202
428    -0.422180
429    -2.123421
430    -0.610065
431    -0.328303
432    -1.053937
433     1.092313
434     0.756585
435    -0.229986
436     0.216188
437     0.335669
438     0.508674
439    -0.514326
440     0.160157
441     1.293413
442    -0.150163
443     0.120932
444    -0.960374
445     0.353365
446     0.330950
447     0.596194
448    -1.472339
449    -0.818933
450    -1.440411
451    -0.337992
452    -1.393070
453     0.922797
454     0.664333
455    -0.616795
456     0.376043
457    -0.917026
458     2.179615
459    -0.548086
460     1.044773
461    -2.044058
462    -1.055865
463     0.534633
464    -0.655476
465     1.827502
466     0.153038
467    -0.344810
468    -0.697045
469     0.403894
470     0.293855
471    -0.482520
472    -0.019058
473    -0.438501
474    -0.236221
475    -1.127963
476     3.672799
477     1.297651
478     0.061417
479    -0.793924
480     1.888352
481    -0.012390
482     1.145684
483     0.204205
484     0.793509
485    -0.565219
486     0.043609
487     0.277435
488    -1.244034
489    -1.718404
490     0.313757
491    -1.162253
492    -0.798237
493    -0.075344
494     1.719861
495     0.309048
496    -0.642576
497     1.618283
498     0.597558
499     0.146914
500    -0.732192
501     0.933744
502     0.180629
503    -0.749743
504     1.085373
505    -0.369813
506     0.776424
507     0.589271
508    -1.051257
509    -1.250299
510    -0.664162
511     0.077070
512    -1.148603
513    -0.025991
514     0.636137
515    -1.010549
516     0.183633
517    -1.395959
518     2.885611
519    -0.437189
520     0.679528
521    -1.940809
522    -0.771698
523     1.163418
524    -1.289442
525     1.070527
526     0.201937
527    -0.628393
528    -0.808002
529    -0.495506
530     1.273822
531    -0.264688
532     0.298394
533    -0.693429
534    -0.637696
535    -1.439179
536     3.226363
537     0.861929
538     0.713295
539    -0.231084
540     0.247170
541     0.723033
542    -0.743683
543     0.135130
544     0.692328
545     1.175436
546     0.127476
547     0.490237
548    -3.135622
549    -0.653760
550    -0.168430
551    -1.064216
552     0.314089
553     1.066009
554     0.115027
555    -0.030441
556     0.192024
557    -0.048044
558     0.043831
559    -0.392926
560    -0.849587
561     0.559758
562    -0.047889
563     0.701660
564     0.495495
565     0.221315
566    -1.277912
567     0.095887
568    -2.563770
569    -0.105722
570     0.703869
571    -0.865772
572    -0.660692
573     0.047557
574     0.816084
575     1.029441
576    -0.185042
577    -1.184351
578     2.094640
579    -0.886101
580     0.587949
581    -2.135137
582     0.293337
583     1.560817
584    -0.896490
585     0.882099
586    -0.284387
587     1.246068
588    -0.208270
589    -0.150621
590    -0.392079
591    -1.512450
592    -0.350926
593     0.442178
594    -0.194616
595    -0.824492
596     3.219882
597    -0.152393
598     0.483766
599     1.284850
600     0.124546
601     0.014444
602     1.518408
603     0.836425
604     0.834813
605    -0.281687
606    -0.111129
607    -0.109114
608    -1.878115
609    -0.145703
610     0.428721
611    -1.913654
612    -0.038235
613     0.244423
614     1.572240
615     0.881576
616    -0.356474
617     1.235401
618     0.872574
619     0.270909
620    -1.589869
621    -0.602329
622     0.399165
623    -0.583876
624     0.120381
625    -0.423285
626     0.847593
627     0.734139
628    -2.005962
629    -0.187603
630    -0.291952
631     0.117168
632    -1.729745
633    -0.572537
634     0.755364
635    -0.245948
636    -0.085053
637    -1.384299
638     2.529245
639    -0.019265
640     0.238434
641    -1.852736
642    -0.032708
643     1.063995
644    -1.036866
645    -0.630824
646     0.243820
647    -0.206161
648    -0.167816
649    -0.450745
650     1.950076
651     0.136866
652     0.530712
653    -1.033769
654    -0.041847
655    -1.197695
656     3.210540
657    -0.685937
658     0.785605
659    -0.323473
660    -0.156627
661    -0.032571
662     0.933099
663     0.967466
664     0.781623
665    -0.514214
666    -0.792926
667     0.359449
668     1.256121
669     1.604130
670     0.266164
671    -0.003357
672     0.813466
673     0.284907
674     1.060885
675     1.066177
676    -0.506077
677     0.415252
678     1.008654
679     0.183202
680    -2.239169
681    -1.972207
682     0.468521
683    -1.491177
684    -0.875058
685    -0.812132
686     0.220380
687     0.586376
688    -2.540301
689     3.483703
690     1.760884
691    -0.417516
692    -1.875675
693    -1.325062
694     0.687773
695    -0.278824
696    -0.850782
697    -0.178271
698     0.436735
699    -0.077286
700    -0.183980
701    -0.509946
702     0.450889
703     0.744720
704    -0.572552
705    -0.768720
706     0.025688
707    -0.731296
708    -0.665701
709    -0.080974
710     0.634962
711    -0.237508
712     0.330328
713    -1.002131
714    -0.873482
715     0.046774
716     1.409177
717     0.662772
718     0.572673
719    -0.631975
720    -0.482083
721    -0.451586
722     1.459333
723     0.753532
724     1.478622
725    -0.318063
726     0.341504
727    -0.858502
728    -1.223774
729     0.283710
730     0.579749
731     1.162033
732     0.859255
733    -0.305063
734     1.130738
735     1.011299
736    -1.413632
737     0.237646
738     0.298513
739     0.902975
740    -1.836230
741    -1.303887
742     0.485064
743    -1.448946
744    -1.055830
745    -1.385603
746     0.887114
747     0.095289
748    -3.814761
749    -0.326441
750    -0.663298
751     0.591387
752    -0.699700
753    -1.033373
754     0.880260
755    -0.638587
756     0.185297
757    -1.233243
758    -0.676500
759    -0.473467
760     0.648081
761     0.855127
762     0.902185
763     1.780460
764     0.433348
765     0.081972
766     1.107218
767     0.623371
768    -0.324592
769    -1.103711
770    -0.413088
771    -0.587916
772     1.423336
773    -0.090901
774     0.012169
775    -0.957696
776     0.159725
777     0.652393
778     1.646644
779     0.723795
780    -0.034755
781    -0.405895
782    -0.797049
783     0.333170
784     0.696128
785     0.830747
786     0.340328
787    -0.471055
788     1.142410
789     0.560781
790    -0.144555
791     0.488837
792     0.345067
793    -0.297271
794    -1.037763
795     0.382312
796    -0.946121
797    -1.629014
798    -0.653032
799     0.108687
800    -0.709420
801    -0.637601
802     1.714666
803     1.863493
804     0.593748
805    -0.048477
806    -2.006246
807    -1.624419
808    -1.940450
809     1.419136
810     1.370611
811     0.005568
812     0.175188
813    -0.406316
814     1.428974
815     2.309586
816     0.261720
817    -0.817600
818    -2.125267
819    -1.323983
820    -0.099074
821     0.546081
822     0.382406
823     0.789377
824     1.130984
825     0.227782
826     0.360651
827     0.971742
828     0.281991
829    -0.602436
830    -2.362543
831    -0.937995
832     0.605504
833     0.758061
834     0.348570
835    -0.589152
836    -1.846794
837    -0.097940
838     0.652533
839     0.877833
840     0.252801
841    -0.486150
842    -0.902051
843     0.366169
844     0.895856
845     1.709723
846    -0.088018
847    -0.405263
848    -0.471116
849     0.571879
850    -0.414427
851     0.283759
852     0.080249
853    -0.507391
854    -1.049984
855     0.227077
856    -0.916363
857    -1.807410
858    -0.424121
859     0.616647
860     0.051692
861     0.381207
862     0.810712
863     1.071616
864     0.442639
865     0.104887
866    -2.895861
867    -0.808777
868    -1.597501
869     0.317194
870     0.397668
871    -0.035046
872     0.658355
873    -0.272376
874     0.809503
875     1.701753
876     0.326775
877    -0.908919
878    -1.925304
879    -0.991756
880    -0.007829
881     1.059704
882     0.101716
883     1.249262
884     1.903349
885     0.278904
886     0.478432
887     1.508316
888     0.166209
889    -0.646142
890    -2.456167
891    -0.606214
892     0.795633
893     1.518566
894     0.213175
895    -0.766456
896    -1.994635
897    -0.379270
898     0.930555
899     1.718502
900     0.016865
901    -1.148476
902    -0.453820
903     0.467166
904     0.950873
905     0.740005
906     0.634740
907    -0.460105
908     0.274304
909     0.030246
910    -1.414694
911    -0.042728
912    -0.586620
913    -1.357637
914    -1.210138
915     0.023113
916    -0.406084
917    -0.716826
918    -0.759075
919     1.487761
920     0.195905
921    -0.804054
922     0.671850
923     0.940787
924     0.816723
925     0.698677
926    -3.137546
927     0.886668
928    -2.401737
929     1.561464
930    -0.870131
931    -0.972767
932     0.269589
933    -0.731062
934     0.840181
935     1.223748
936     0.645338
937     0.380146
938    -0.683237
939    -1.942297
940    -1.010669
941     0.193186
942     0.673729
943     1.822389
944     1.167069
945     0.690315
946     0.051707
947     0.758884
948     0.731553
949     0.468734
950    -1.790735
951    -0.917056
952     0.702112
953     0.799713
954     0.922645
955     0.166849
956    -1.022093
957    -0.821504
958     0.930890
959     0.932469
960     0.909563
961    -0.091489
962    -0.058989
963     0.653051
964     1.192387
965     0.425044
966     0.780283
967     0.120183
968     0.224239
969     0.020020
970    -0.507025
971     1.791330
972    -0.905941
973    -0.566983
974    -0.483441
975    -0.112394
976    -1.179469
977    -1.113824
978    -1.255441
979    -0.350294
980    -1.310945
981    -0.333640
982     0.878378
983    -0.146125
984     1.560431
985    -0.291643
986    -0.918953
987     0.468991
988    -0.808561
989     1.547535
990     0.001627
991    -0.617168
992    -0.010131
993    -0.929691
994     1.576847
995     0.548185
996     1.131409
997    -1.209422
998    -1.109261
999    -2.706470
1000    -0.832379
1001     1.341575
1002     0.351566
1003     1.429734
1004     0.531548
1005     0.888118
1006     1.118436
1007     0.570105
1008     1.245446
1009    -0.769722
1010    -1.582817
1011    -1.736855
1012     0.835636
1013    -0.190322
1014     1.474425
1015    -1.141648
1016    -1.129968
1017    -1.471955
1018     1.214203
1019     1.075214
1020     0.877019
1021     0.171079
1022    -0.074601
1023     0.507284
1024     0.599469
1025     0.136588
1026     0.896698
1027     0.533077
1028     0.272003
1029    -0.217572
1030    -0.390461
1031     1.809888
1032    -1.295680
1033     0.323178
1034    -0.380746
1035     0.739146
1036    -1.794087
1037    -1.224004
1038    -1.531611
1039     0.985468
1040    -0.835311
1041     1.341580
1042     1.841209
1043     0.246039
1044     1.068176
1045    -1.552137
1046    -0.688390
1047    -1.090855
1048    -0.672459
1049     1.396259
1050    -0.329334
1051     0.616193
1052     0.376858
1053     1.048891
1054     0.738592
1055     0.224522
1056     1.143348
1057    -1.304279
1058    -1.299262
1059    -1.685472
1060    -0.287981
1061     1.787417
1062    -1.066893
1063     0.345309
1064     0.234732
1065     0.674167
1066     1.182308
1067     0.524861
1068     0.733361
1069    -1.205532
1070    -1.727890
1071    -1.618188
1072     0.959008
1073    -0.207508
1074     1.108192
1075    -1.382253
1076    -1.280281
1077    -1.349487
1078     0.294297
1079     0.708828
1080     0.924251
1081     0.412120
1082    -0.392382
1083     0.710330
1084     0.123972
1085    -0.717055
1086     0.698999
1087     0.219693
1088     2.330395
1089    -0.778904
1090     0.451490
1091     2.866526
1092    -1.022557
1093     0.458575
1094    -0.504373
1095     0.782613
1096    -1.012570
1097    -1.029451
1098    -0.410076
1099    -0.516100
1100    -0.975468
1101     0.565188
1102     0.710606
1103     0.471142
1104     0.248095
1105    -1.044698
1106    -0.845260
1107    -0.569830
1108    -0.211033
1109     1.300531
1110     0.098826
1111    -0.395320
1112    -0.866379
1113     0.567857
1114    -0.145958
1115    -0.751839
1116     0.719837
1117    -1.024065
1118    -1.268560
1119    -1.708937
1120     0.162805
1121     3.034873
1122    -1.315850
1123     0.329669
1124    -0.621135
1125     0.748819
1126     1.729463
1127     0.447811
1128     0.856155
1129    -0.786370
1130    -1.635732
1131    -1.556695
1132     1.311272
1133     0.060225
1134     1.200272
1135    -0.748716
1136    -0.682437
1137    -0.730246
1138    -0.024834
1139    -0.221434
1140     0.896102
1141    -0.534746
1142    -1.008988
1143    -0.647388
1144    -0.586269
1145    -0.620843
1146    -0.723308
1147    -2.686532
1148     0.131479
1149    -0.433610
1150    -0.155624
1151     1.938091
1152     0.093559
1153    -0.176902
1154    -0.800716
1155    -0.645516
1156     1.634250
1157     1.404884
1158     1.264992
1159    -0.071682
1160    -0.271550
1161    -0.206489
1162    -0.893626
1163    -1.002202
1164    -0.434946
1165     1.245961
1166     0.379687
1167     0.889562
1168     0.860517
1169     2.186348
1170     0.679126
1171    -0.278086
1172    -0.705487
1173    -0.101948
1174    -0.082904
1175    -0.908335
1176     0.222851
1177     1.525441
1178    -0.045211
1179     0.235139
1180    -0.946969
1181     2.230876
1182    -0.972146
1183    -0.140398
1184    -0.941754
1185    -0.455016
1186    -0.695371
1187    -0.900790
1188    -0.594458
1189     2.246475
1190     0.031328
1191     0.980537
1192    -1.363832
1193    -0.555632
1194    -1.018279
1195     1.613107
1196     0.001948
1197     1.681402
1198    -0.512812
1199    -0.543134
1200     0.185935
1201    -0.283944
1202    -2.761015
1203    -1.098661
1204     0.025273
1205    -2.003200
1206    -0.578720
1207    -0.412822
1208     0.661304
1209     3.300448
1210    -0.097902
1211     1.195627
1212    -0.009142
1213     0.517508
1214    -2.580865
1215    -0.880298
1216     0.720615
1217     0.346820
1218     0.169304
1219    -0.492447
1220     1.090091
1221    -0.452784
1222    -0.319439
1223    -0.672639
1224     0.068971
1225    -0.036024
1226     0.857624
1227    -0.274503
1228    -0.304993
1229     1.619452
1230    -0.280195
1231    -0.604928
1232     0.288670
1233    -0.281123
1234    -0.298831
1235     0.818928
1236     0.543836
1237     0.544168
1238     1.555621
1239    -0.600340
1240     0.034824
1241     0.659387
1242    -0.408014
1243     0.189345
1244     0.300573
1245    -0.204994
1246    -0.359661
1247    -0.178678
1248    -0.145223
1249     0.981649
1250     0.278626
1251    -0.475650
1252    -0.335208
1253    -0.034143
1254     0.065615
1255     0.565480
1256     1.254978
1257     1.126749
1258    -0.032664
1259    -2.697161
1260     0.414724
1261    -0.098372
1262    -0.845896
1263    -1.516814
1264     0.487700
1265    -0.356462
1266    -0.963830
1267     2.415386
1268     0.935979
1269     2.238016
1270     0.559929
1271    -0.217710
1272     0.930527
1273     0.583623
1274    -0.963113
1275    -1.007520
1276    -0.893840
1277     0.730448
1278    -0.871375
1279     0.948468
1280     0.921190
1281    -0.412666
1282    -1.731019
1283    -0.740987
1284     0.006393
1285     1.494728
1286     1.043305
1287    -0.361787
1288     0.133788
1289    -0.325411
1290     1.417382
1291    -0.275391
1292     0.596510
1293    -0.834259
1294    -1.961552
1295     0.023443
1296     0.323745
1297     1.119817
1298    -0.738643
1299     2.356983
1300    -0.238427
1301     0.583907
1302    -0.764842
1303    -1.717960
1304    -0.273797
1305    -0.006014
1306    -1.445868
1307    -0.270977
1308    -0.234674
1309     0.247021
1310    -0.016194
1311    -0.478927
1312    -1.470553
1313    -0.190935
1314    -0.123336
1315     2.145227
1316     0.612627
1317     1.267317
1318    -0.302705
1319    -0.507284
1320    -0.964319
1321     1.737052
1322     0.109001
1323    -0.204924
1324    -0.563195
1325     0.832207
1326    -1.264549
1327     0.369364
1328    -0.024847
1329     1.302967
1330     0.304511
1331     0.035099
1332     0.557734
1333     0.627398
1334    -0.213330
1335    -0.988315
1336    -0.041617
1337     0.165001
1338    -0.495941
1339     0.473580
1340     1.347360
1341    -0.649762
1342    -1.969264
1343     0.244604
1344    -0.198796
1345     1.271746
1346     1.043263
1347    -0.498258
1348     0.382815
1349    -1.624746
1350     1.417853
1351     0.799165
1352     1.239560
1353    -0.245385
1354    -1.184094
1355    -0.077810
1356     0.562681
1357     0.521888
1358    -3.815918
1359     2.387546
1360     0.897335
1361    -0.254661
1362    -0.191267
1363    -1.444526
1364     0.170937
1365    -0.021066
1366    -1.845634
1367     0.217744
1368    -0.454834
1369     0.059219
1370    -0.299230
1371    -0.676621
1372    -1.579526
1373     0.112401
1374    -0.309448
1375     1.444641
1376    -0.015678
1377     0.742379
1378    -0.260858
1379     0.809045
1380    -0.771994
1381    -0.632936
1382     0.812612
1383    -0.949886
1384     0.275824
1385    -0.285101
1386    -0.135858
1387    -0.651752
1388    -0.845569
1389     1.261641
1390    -0.189443
1391    -0.746988
1392     0.675712
1393     0.381636
1394    -0.491580
1395    -0.535823
1396    -0.801833
1397     0.760772
1398    -1.060677
1399    -1.005871
1400     0.135892
1401    -0.044864
1402     0.513940
1403     0.917999
1404    -0.483218
1405    -0.415046
1406     0.883572
1407    -0.854780
1408     1.465019
1409    -1.782572
1410     2.998086
1411    -0.869473
1412     0.591629
1413    -0.398160
1414     0.153302
1415     0.761359
1416    -0.488027
1417     1.830617
1418    -2.736715
1419     3.114374
1420    -0.400415
1421    -0.632925
1422    -0.048638
1423     0.055977
1424     0.329090
1425    -0.457042
1426     0.524197
1427     0.675259
1428    -0.483989
1429    -0.842970
1430     0.636280
1431    -1.334492
1432     0.202505
1433     0.050812
1434    -0.307514
1435     0.025801
1436    -0.887218
1437     1.080598
1438     0.380918
1439     1.853392
1440    -1.547443
1441     0.431270
1442    -0.055418
1443    -0.083736
1444     0.916850
1445    -0.693942
1446    -0.015165
1447    -0.188218
1448    -0.628136
1449     0.897630
1450     0.126188
1451    -1.156205
1452     0.298315
1453     0.967262
1454    -0.821473
1455    -0.282219
1456     0.321095
1457    -0.259352
1458    -0.065034
1459    -0.545925
1460     0.432236
1461    -0.233968
1462    -1.005313
1463     2.019884
1464    -1.139894
1465     0.396219
1466    -0.154946
1467    -0.232463
1468     0.217795
1469    -1.332408
1470     1.588293
1471    -1.100358
1472     1.143973
1473    -0.984316
1474    -0.938579
1475     1.897491
1476    -0.998054
1477     1.566339
1478    -2.175938
1479     2.135742
1480     0.083568
1481    -1.007883
1482    -0.173907
1483    -0.932253
1484     1.573165
1485    -0.949128
1486    -0.946824
1487     2.021621
1488    -1.018450
1489     0.359407
1490    -0.050821
1491    -0.318833
1492    -1.475605
1493     1.557990
1494    -0.853661
1495     0.817379
1496    -1.618991
1497     1.420592
1498     0.929703
1499    -0.690845
1500     1.008256
1501     0.283077
1502    -0.626334
1503     0.499433
1504     0.825840
1505    -0.883052
1506     0.694120
1507    -0.040228
1508    -0.794731
1509     0.785820
1510     0.291978
1511    -1.014359
1512     0.288729
1513     1.025778
1514    -0.688541
1515     0.312443
1516     0.260649
1517    -0.683021
1518     0.974698
1519    -0.427934
1520    -0.271126
1521     0.548238
1522    -0.678704
1523     2.263221
1524    -1.707186
1525     0.246522
1526    -0.708669
1527     0.373169
1528    -0.094956
1529    -0.244350
1530     0.014499
1531    -0.711836
1532     0.864939
1533    -1.129000
1534    -0.666571
1535     1.901819
1536    -1.532252
1537     1.389905
1538    -1.729380
1539     1.771441
1540    -0.165133
1541    -1.488824
1542     0.476002
1543    -0.684109
1544     2.136911
1545    -1.617482
1546    -0.533014
1547     1.433367
1548    -1.024825
1549     0.167915
1550    -0.601036
1551     0.990319
1552    -1.114389
1553     1.698052
1554    -1.489567
1555     0.823118
1556    -1.418073
1557     1.588148
1558    -0.197908
1559     0.853187
1560    -0.816746
1561     0.711374
1562    -0.437635
1563     0.048399
1564     0.705452
1565    -0.328849
1566     0.021119
1567    -0.333359
1568     0.113782
1569     0.160955
1570     0.174351
1571     0.375653
1572    -0.131277
1573     1.253570
1574     0.419607
1575    -0.057619
1576     0.551411
1577    -0.308666
1578     0.469586
1579    -0.555487
1580     0.261230
1581    -0.135663
1582    -2.516952
1583     3.295699
1584    -2.617765
1585     0.721741
1586    -0.450911
1587    -0.036293
1588    -1.820238
1589     2.073085
1590     0.325519
1591    -0.817096
1592     0.130739
1593    -1.640721
1594    -0.123567
1595     0.600033
1596     0.343838
1597     1.231222
1598    -2.517661
1599     1.281808
1600    -0.225720
1601    -1.714629
1602    -0.182783
1603    -0.144568
1604     0.778850
1605    -0.104302
1606     0.141112
1607     0.161474
1608     0.370450
1609     0.089662
1610    -0.385610
1611     0.264847
1612    -0.825000
1613     0.171801
1614     0.017745
1615     1.588261
1616    -1.573512
1617     1.538746
1618     0.193829
1619    -0.664479
1620     0.063414
1621     0.019794
1622     0.413583
1623    -0.228616
1624     0.899064
1625    -0.119236
1626     0.202403
1627     0.028840
1628     0.006469
1629    -0.020320
1630     0.559927
1631     0.122522
1632    -0.124838
1633     1.306529
1634     0.374170
1635    -0.044747
1636     0.204144
1637     0.364695
1638     0.172623
1639    -0.031798
1640    -0.363046
1641    -0.253975
1642    -3.523478
1643     3.848721
1644    -1.182898
1645     0.208835
1646     0.502708
1647     0.049574
1648    -1.288243
1649     0.528254
1650    -0.183551
1651    -0.007032
1652    -0.228511
1653    -0.348432
1654    -0.136881
1655    -0.382344
1656    -0.357584
1657     1.608275
1658    -2.240568
1659     2.006691
1660    -0.807998
1661    -0.472878
1662    -0.298358
1663    -0.400712
1664    -0.046149
1665    -0.914322
1666     0.385312
1667    -0.166272
1668     0.011141
1669    -0.361103
1670     0.335158
1671    -0.124306
1672    -0.512842
1673    -0.123190
1674    -0.413381
1675     1.801388
1676    -2.549462
1677     1.897901
1678     0.047980
1679     0.195377
1680     0.154994
1681    -0.878772
1682     0.601847
1683    -0.302899
1684     0.517048
1685    -0.342940
1686    -0.061581
1687    -0.678756
1688     0.034042
1689    -0.181620
1690    -0.094920
1691     0.498296
1692    -0.239618
1693     0.979329
1694     0.835656
1695    -0.110075
1696    -0.254617
1697     0.497236
1698    -0.053648
1699    -0.240027
1700    -0.060941
1701    -0.425352
1702    -2.025726
1703     3.791217
1704    -0.402893
1705    -0.211917
1706     0.634868
1707    -0.174506
1708    -0.889029
1709     0.906514
1710    -0.190482
1711     0.077809
1712     0.004460
1713    -0.470848
1714     1.150966
1715    -1.148695
1716     0.594546
1717     1.547317
1718    -2.853485
1719     1.661680
1720    -0.286330
1721    -0.370227
1722    -0.351700
1723     0.982293
1724    -0.756217
1725     0.165028
1726     0.042365
1727     0.114742
1728    -0.162014
1729    -0.443367
1730     0.709189
1731    -0.255239
1732    -1.106182
1733    -0.092077
1734    -0.594983
1735     2.077342
1736    -3.088060
1737     1.664235
1738    -0.264824
1739     0.084573
1740    -0.108031
1741    -0.613217
1742     0.878688
1743    -0.414028
1744     0.949874
1745    -0.168518
1746     0.422486
1747    -0.206612
1748    -0.094661
1749    -0.261827
1750     0.411923
1751     0.636752
1752     0.269158
1753     0.821171
1754     1.680088
1755    -0.748387
1756     0.202635
1757     0.642400
1758     0.475722
1759     0.244156
1760    -0.236165
1761     0.289281
1762    -2.340918
1763     2.800792
1764    -1.963695
1765     0.057088
1766     1.105465
1767     0.074111
1768    -0.226233
1769     0.429774
1770    -0.252920
1771     0.247787
1772     0.224867
1773     0.371412
1774     1.116093
1775    -0.672328
1776     0.691037
1777    -0.263092
1778    -3.001359
1779     1.613149
1780    -0.022607
1781    -0.283256
1782     0.274214
1783    -0.568228
1784    -0.584625
1785    -1.158813
1786     0.695084
1787    -0.136861
1788     0.581066
1789    -0.050116
1790     1.007549
1791     0.024475
1792    -0.583458
1793    -0.978035
1794    -1.406372
1795     0.072515
1796    -3.621987
1797     1.185193
1798     0.056156
1799     0.371423
1800    -0.065261
1801    -0.496266
1802     1.595947
1803    -0.005496
1804     0.488861
1805    -0.045666
1806     0.265459
1807    -0.045710
1808     0.390041
1809    -0.303077
1810     0.347829
1811     1.080146
1812    -0.296456
1813    -0.391216
1814     1.706091
1815    -0.012625
1816    -0.059907
1817     0.900821
1818    -0.294589
1819     0.368408
1820     0.177383
1821     0.418320
1822    -1.026883
1823    -0.146766
1824    -0.118038
1825    -0.604159
1826     1.592184
1827     0.073436
1828     0.071726
1829     1.039934
1830     0.309427
1831    -0.252654
1832     0.240605
1833    -0.448932
1834     0.396007
1835    -1.060143
1836     0.053093
1837    -0.544823
1838    -4.369911
1839     0.236170
1840    -0.127295
1841    -0.043293
1842    -0.188289
1843    -0.163334
1844    -0.265846
1845    -0.436563
1846     0.869477
1847     0.018775
1848    -0.182679
1849    -0.611840
1850     1.537041
1851    -0.155057
1852     0.362707
1853    -1.071874
1854    -0.070763
1855     1.495079
1856    -4.104344
1857     1.575135
1858    -0.076007
1859     0.828874
1860    -0.418475
1861    -0.514560
1862     1.543642
1863     0.208108
1864     0.172300
1865     0.689267
1866    -0.131669
1867    -0.456425
1868     0.155151
1869    -0.682393
1870     0.320206
1871     1.440837
1872    -0.470125
1873    -0.051614
1874     0.540261
1875    -0.201749
1876     0.054953
1877     0.951192
1878    -0.107220
1879    -0.145373
1880    -0.544969
1881    -0.257726
1882    -0.878861
1883     0.598105
1884     0.653388
1885    -0.508467
1886     1.301682
1887     0.426788
1888    -0.309918
1889     0.924421
1890     0.135969
1891    -0.192655
1892    -0.401051
1893    -0.419745
1894     0.175137
1895    -0.331594
1896    -0.326413
1897    -0.252258
1898    -4.425502
1899     0.625354
1900    -0.431309
1901    -0.603363
1902    -0.436178
1903    -0.190318
1904     0.347808
1905    -0.321799
1906     1.117132
1907    -0.033735
1908    -0.193669
1909    -0.037870
1910     1.931859
1911     0.619026
1912     0.078742
1913    -0.570916
1914    -0.390923
1915     1.913917
1916    -4.036486
1917     1.504381
1918     0.137239
1919     0.523392
1920    -0.233405
1921    -0.529562
1922     1.477323
1923     0.105241
1924    -0.839825
1925    -0.343253
1926     0.009157
1927     0.276229
1928    -0.047497
1929    -1.256276
1930    -0.587697
1931     1.087747
1932    -1.106277
1933    -1.456875
1934     0.842666
1935     0.666019
1936    -0.008225
1937     1.149844
1938     0.341696
1939     1.431679
1940    -2.484732
1941    -0.354108
1942     0.255928
1943    -0.907270
1944     0.311791
1945     0.247366
1946     1.336545
1947     0.366727
1948     0.025972
1949    -1.158350
1950    -0.927740
1951     0.787028
1952    -1.657482
1953    -0.471046
1954    -1.378324
1955    -0.811390
1956     0.568153
1957     1.703060
1958    -1.046907
1959     0.071954
1960     0.543207
1961    -1.738996
1962    -0.478599
1963    -0.777499
1964     0.694833
1965     0.295368
1966     1.893890
1967    -0.339015
1968     0.828648
1969     0.248818
1970     1.850677
1971     0.585243
1972    -1.374705
1973    -1.183457
1974     0.544555
1975    -0.563199
1976     2.721494
1977    -0.402004
1978     0.102733
1979     0.557219
1980     0.301498
1981    -0.261509
1982     1.821016
1983     0.663001
1984     0.781365
1985    -0.170143
1986     1.042132
1987     0.685663
1988    -0.049061
1989    -1.633988
1990     1.039169
1991    -0.488542
1992    -0.583027
1993    -1.686607
1994     1.651698
1995     1.297439
1996     0.474203
1997     0.245100
1998     0.754813
1999     0.684121
2000    -2.771353
2001    -0.977534
2002     1.520191
2003     0.389865
2004     1.096369
2005     0.403614
2006     0.375472
2007     0.388947
2008     1.383525
2009    -0.385896
2010    -0.536949
2011    -0.733362
2012    -0.569004
2013    -1.695505
2014    -1.610558
2015     0.265102
2016     0.894405
2017     0.576047
2018     0.217442
2019    -0.888962
2020    -1.214350
2021     0.069879
2022    -1.884383
2023    -1.845361
2024    -0.501154
2025     0.095307
2026     0.725119
2027     0.147930
2028    -0.030754
2029     0.304013
2030     0.286662
2031     0.788998
2032    -2.198041
2033    -0.373079
2034     0.650153
2035     0.549030
2036     0.299737
2037    -0.133804
2038     0.423728
2039    -0.461673
2040     0.693341
2041    -0.804280
2042     1.014916
2043     0.158180
2044     1.516212
2045    -1.155775
2046     0.012530
2047     0.155761
2048     0.657265
2049    -1.134830
2050     0.983649
2051    -1.371701
2052    -1.000174
2053    -0.914317
2054     0.983366
2055     0.514361
2056    -0.739845
2057     0.256795
2058     0.749968
2059     3.263395
2060    -1.983298
2061    -0.306358
2062    -0.482198
2063    -0.070817
2064     0.808450
2065    -1.430038
2066     0.281474
2067     0.173922
2068     1.900914
2069    -1.064803
2070    -0.982463
2071    -0.829438
2072    -0.977350
2073    -1.742837
2074    -0.625765
2075     0.259942
2076     0.571557
2077    -0.276029
2078     0.821277
2079    -0.012684
2080    -0.960206
2081     0.653193
2082    -1.314389
2083    -0.308817
2084     0.293049
2085     0.464744
2086    -0.615250
2087     0.971984
2088     0.845625
2089    -0.186689
2090     0.644024
2091     1.179505
2092     0.174442
2093     0.965008
2094     1.422772
2095    -1.057921
2096     0.186982
2097    -0.282162
2098     1.236422
2099    -1.365529
2100    -0.125718
2101     0.660627
2102    -1.159076
2103     0.701288
2104     2.131196
2105    -0.731366
2106     0.438661
2107     0.250593
2108    -1.065413
2109    -1.001884
2110    -1.296738
2111    -0.267358
2112    -1.874561
2113     0.484873
2114    -1.591266
2115     0.964784
2116     0.221689
2117     1.214368
2118     0.927732
2119     0.201043
2120    -1.301781
2121    -1.427947
2122    -0.250004
2123     0.999695
2124     0.751644
2125    -0.420975
2126     1.104947
2127     0.429851
2128     0.311742
2129    -0.730008
2130    -1.335076
2131     0.549437
2132    -1.196402
2133    -0.778239
2134    -0.444922
2135     1.111264
2136     0.544933
2137    -0.858055
2138     1.775610
2139    -0.100121
2140     0.493307
2141    -0.774469
2142    -0.488443
2143    -0.408398
2144     0.688478
2145     0.261808
2146    -0.697841
2147     0.993038
2148     0.507762
2149    -0.893463
2150     1.630107
2151     0.824186
2152    -1.932083
2153     0.722289
2154     0.157160
2155    -0.824115
2156    -0.847461
2157    -0.214719
2158     2.722088
2159    -0.575197
2160     0.711180
2161     1.391009
2162    -0.821135
2163     0.355072
2164     1.538449
2165    -0.684678
2166     0.540245
2167     1.113596
2168    -0.037028
2169    -0.704193
2170    -1.192961
2171    -0.259778
2172    -1.408706
2173     1.902454
2174    -0.872669
2175     0.289786
2176    -1.661877
2177    -0.658675
2178     0.087943
2179     1.837407
2180    -0.245039
2181    -1.173165
2182    -0.434589
2183     0.564515
2184     0.449539
2185    -0.545432
2186     1.197240
2187     0.691666
2188    -1.978325
2189    -0.502427
2190    -0.153480
2191     1.749381
2192    -0.494421
2193    -0.844092
2194    -1.606833
2195     0.522657
2196     0.799512
2197    -0.677790
2198     0.574524
2199    -0.735424
2200     1.277958
2201     0.539212
2202     0.142844
2203    -1.600112
2204     0.378999
2205     0.782216
2206    -1.342878
2207     1.694816
2208     1.645729
2209    -1.459788
2210    -0.724851
2211    -0.609810
2212    -0.444288
2213     0.699980
2214    -0.337840
2215     0.215267
2216     0.165546
2217    -0.166366
2218     1.919351
2219    -1.036787
2220     0.348522
2221     0.618556
2222     0.529024
2223     0.573350
2224     1.449217
2225    -0.498967
2226     0.760657
2227     0.630273
2228    -1.356057
2229    -1.068650
2230    -0.243946
2231    -0.493467
2232    -0.736328
2233     0.671776
2234    -1.158381
2235    -0.197304
2236    -2.627181
2237     0.143276
2238    -1.013034
2239     1.386251
2240    -1.433587
2241    -0.897720
2242     1.377246
2243    -0.050783
2244     0.855126
2245     0.155007
2246    -0.282696
2247     0.252721
2248    -1.260281
2249    -0.448813
2250    -0.156185
2251     1.477227
2252    -1.549541
2253    -0.713872
2254    -0.713354
2255     1.498042
2256     1.079819
2257    -1.603585
2258     1.498817
2259    -0.757741
2260     1.360716
2261    -0.474168
2262     0.186960
2263    -0.831018
2264     1.809300
2265     0.993034
2266    -0.888573
2267     0.820862
2268     1.177828
2269    -1.816425
2270     0.429308
2271    -0.546055
2272    -1.231852
2273     1.302213
2274    -0.422757
2275     1.533773
2276     0.283159
2277     0.644847
2278     0.556174
2279    -0.567544
2280    -0.014696
2281     0.299991
2282     0.697532
2283     0.603907
2284     0.407100
2285     0.741305
2286     0.313424
2287    -0.811284
2288    -2.682112
2289    -0.007911
2290    -3.084680
2291    -1.770678
2292    -0.014248
2293     0.012280
2294    -1.758618
2295     0.462933
2296    -1.288502
2297    -0.241755
2298    -0.561510
2299     2.192095
2300    -1.052598
2301    -0.961595
2302     0.839548
2303     0.619115
2304     0.578176
2305     0.305308
2306     1.029112
2307    -0.281033
2308     0.530650
2309    -0.943892
2310    -0.409478
2311    -0.871585
2312    -0.280100
2313    -0.400243
2314     0.416615
2315     1.330934
2316     0.431261
2317    -0.587796
2318     0.126630
2319    -0.194927
2320     1.853366
2321    -0.083873
2322    -0.094323
2323     0.600632
2324     1.311547
2325     0.308368
2326    -1.043528
2327     1.644005
2328     0.715331
2329    -1.578788
2330    -0.457861
2331     0.189006
2332    -0.173947
2333     0.441541
2334    -0.159120
2335     2.512826
2336     0.796132
2337    -0.518797
2338    -0.530303
2339     0.533632
2340     0.000779
2341     0.591886
2342     1.198409
2343     0.600614
2344    -0.540878
2345     0.640177
2346    -0.244534
2347     0.271990
2348    -2.131533
2349    -0.483994
2350     0.832927
2351    -1.736180
2352    -0.258014
2353     0.507950
2354    -1.357480
2355     0.030680
2356    -0.426412
2357    -0.016160
2358     0.212691
2359     0.833428
2360    -2.085462
2361    -0.342497
2362     0.396096
2363     0.813275
2364     0.550242
2365    -0.872336
2366     0.510556
2367    -0.019511
2368     0.739223
2369    -0.653537
2370    -0.339881
2371    -2.405337
2372    -1.063126
2373    -0.518777
2374     1.108505
2375     1.943643
2376     0.489974
2377     0.410408
2378     0.576340
2379     0.267721
2380     0.296539
2381    -0.866197
2382    -0.192888
2383     0.953351
2384     1.804193
2385     0.509057
2386    -2.946757
2387     0.979544
2388    -1.109531
2389    -0.799591
2390     0.036422
2391     0.019981
2392    -0.029550
2393     0.441655
2394     0.703821
2395     2.614894
2396     0.584939
2397     0.349625
2398    -1.536337
2399     0.380522
2400    -0.224779
2401    -0.104407
2402     1.227143
2403     0.983558
2404    -0.698610
2405    -1.220036
2406    -1.763570
2407     0.244602
2408    -1.467507
2409    -0.076164
2410     0.531700
2411    -1.362739
2412     0.130696
2413     0.590793
2414    -1.231826
2415     0.096867
2416     0.398485
2417     0.784232
2418     0.000963
2419    -0.107283
2420    -3.301121
2421    -0.341218
2422    -0.580770
2423     1.030058
2424     0.938611
2425    -0.183963
2426     0.888596
2427    -0.659728
2428    -0.495024
2429     1.089621
2430    -0.155250
2431    -0.371958
2432    -1.066528
2433    -0.237784
2434    -0.166493
2435     1.800913
2436     1.042438
2437    -0.060979
2438     1.282115
2439    -0.030917
2440    -0.264993
2441    -0.359354
2442    -0.155536
2443    -0.091675
2444     1.428352
2445     1.024165
2446    -0.933687
2447     0.878246
2448    -2.177151
2449     0.332770
2450     0.436625
2451    -0.559745
2452     0.552913
2453     0.984695
2454     1.271054
2455     1.378888
2456    -1.203728
2457     1.868317
2458     0.029692
2459    -0.617758
2460    -1.199605
2461    -0.150599
2462    -0.461565
2463     0.747934
2464    -0.674983
2465     0.753912
2466    -0.351204
2467     0.025530
2468    -1.021486
2469    -1.101703
2470     0.119555
2471    -0.238612
2472    -1.206963
2473     1.710837
2474    -1.121440
2475     0.430337
2476     0.696443
2477     0.424072
2478    -0.015125
2479    -0.094393
2480    -0.715610
2481     1.385501
2482    -0.988000
2483     0.524011
2484     1.279369
2485    -0.260738
2486    -0.131886
2487    -0.664629
2488    -0.413784
2489    -0.573900
2490    -0.295030
2491    -0.441061
2492    -0.750895
2493     0.808164
2494    -0.418004
2495     0.097760
2496     0.810918
2497     0.544626
2498     0.450953
2499    -0.591997
2500     0.018292
2501     1.028264
2502     1.385828
2503    -0.012385
2504     0.985322
2505     1.175526
2506    -0.360489
2507     0.107747
2508    -0.484157
2509     1.316399
2510     0.891606
2511     0.094120
2512    -0.139638
2513    -0.574598
2514    -0.755618
2515    -1.932016
2516     2.057059
2517    -2.510566
2518     1.454410
2519    -1.730713
2520    -0.140705
2521     1.758001
2522     0.003532
2523     0.581735
2524    -0.114647
2525     0.377796
2526    -0.687859
2527    -0.187640
2528     1.099174
2529     0.581087
2530    -1.574604
2531     0.432816
2532    -0.145982
2533    -1.701833
2534    -1.076918
2535     0.206677
2536     0.206361
2537     0.046253
2538    -0.172006
2539     0.483329
2540     0.173764
2541     1.538774
2542     0.778119
2543     0.346525
2544     1.125508
2545     0.382777
2546     0.190038
2547    -0.520708
2548    -0.774875
2549    -0.016774
2550     0.333616
2551     0.578359
2552    -0.074370
2553     1.146512
2554     1.378721
2555    -0.614862
2556     0.297962
2557     0.188188
2558     0.286589
2559    -1.377996
2560     0.171555
2561     0.134487
2562     0.992625
2563     0.699214
2564    -2.046205
2565     0.037982
2566     0.158794
2567     0.689643
2568    -0.426027
2569     0.352533
2570     0.304136
2571    -0.359146
2572     0.116551
2573     0.694979
2574    -0.194310
2575    -2.135185
2576    -0.407019
2577    -3.040304
2578    -0.763717
2579    -0.543584
2580     0.081861
2581     1.213638
2582    -0.410651
2583    -0.394050
2584    -0.412681
2585     0.407104
2586    -1.285222
2587     0.087058
2588     0.547284
2589     1.252595
2590    -1.301174
2591    -0.077378
2592     0.729739
2593    -1.777598
2594    -0.133089
2595     0.022941
2596     0.509969
2597    -0.011571
2598     0.027226
2599     0.137145
2600    -0.032024
2601     1.666752
2602    -0.599141
2603    -0.436514
2604     0.110115
2605     0.521445
2606     0.488283
2607    -0.592294
2608    -0.891831
2609     0.669852
2610     0.687063
2611    -0.176282
2612     0.228711
2613     0.820408
2614     0.882228
2615    -0.922674
2616    -0.630020
2617     1.419220
2618     1.019044
2619    -1.209130
2620    -0.016890
2621     1.010237
2622     1.284026
2623     0.398202
2624    -0.861706
2625    -0.177545
2626     0.733011
2627    -0.118981
2628     0.007174
2629     0.717953
2630     0.497471
2631    -0.168872
2632    -0.011761
2633    -0.776930
2634    -0.559670
2635    -0.348906
2636    -0.660066
2637    -1.224867
2638    -1.083606
2639    -0.426402
2640    -0.366372
2641     0.234784
2642    -0.096589
2643    -0.098179
2644     0.069553
2645     0.156842
2646    -0.869327
2647    -2.064455
2648    -0.063626
2649     0.572287
2650    -0.167568
2651    -0.120095
2652    -0.088337
2653    -0.364750
2654     0.165834
2655    -0.033390
2656     2.308607
2657    -0.103508
2658    -0.177545
2659    -2.856839
2660    -0.376867
2661     1.087046
2662     0.091980
2663    -0.156597
2664    -0.295690
2665     1.557449
2666     0.455430
2667    -0.059986
2668     0.178203
2669     0.152792
2670    -0.005562
2671    -2.523490
2672    -0.223776
2673     0.487720
2674     0.357423
2675     0.044219
2676     0.010417
2677     1.980905
2678     0.534969
2679    -0.539280
2680    -3.080635
2681    -0.001025
2682     0.963976
2683    -0.686923
2684    -0.355556
2685     0.129426
2686     0.565193
2687    -0.057534
2688    -0.284438
2689     2.557523
2690     0.655694
2691     0.195548
2692    -0.089469
2693    -0.060836
2694    -0.031607
2695     1.591169
2696    -0.712252
2697    -0.920493
2698     0.341338
2699     0.162481
2700    -0.042587
2701    -0.764091
2702    -0.677758
2703    -0.853199
2704     1.015047
2705    -1.458774
2706    -1.091092
2707    -0.814440
2708    -0.769988
2709     0.475436
2710     1.288153
2711    -0.809083
2712     0.276469
2713    -1.265243
2714    -0.500092
2715    -0.777577
2716     1.267358
2717     1.137674
2718     0.108208
2719    -1.094647
2720    -0.641545
2721     1.580036
2722    -1.039882
2723     0.361436
2724    -0.840932
2725     1.258761
2726     1.379683
2727     0.392169
2728     0.171537
2729    -1.002838
2730    -0.592456
2731    -1.238793
2732    -0.564126
2733     0.718053
2734    -0.161563
2735    -0.676900
2736    -0.663235
2737     1.009169
2738     1.843533
2739    -0.219003
2740    -1.029696
2741    -0.574972
2742     1.552586
2743    -1.151647
2744     1.848456
2745     0.918978
2746     0.804790
2747    -0.588620
2748    -0.592718
2749     1.253018
2750     1.778201
2751     0.402880
2752    -1.201088
2753    -1.444951
2754    -1.098466
2755     0.521012
2756     1.622207
2757     0.057976
2758     1.172246
2759    -0.261542
2760     0.245888
2761    -1.134325
2762    -0.276631
2763    -1.088172
2764     1.819438
2765    -0.411505
2766    -0.901517
2767     0.746625
2768    -0.282011
2769     0.896121
2770     2.056074
2771    -0.379723
2772    -0.436978
2773    -1.277128
2774    -0.200486
2775    -0.775845
2776    -1.802953
2777     0.050977
2778    -0.676588
2779     0.388259
2780    -0.220244
2781     0.932235
2782     0.110492
2783     0.584981
2784    -0.720168
2785    -1.572832
2786     0.286074
2787    -0.315887
2788     1.622976
2789    -0.548108
2790    -1.070347
2791     0.633579
2792    -0.146281
2793     1.674309
2794     0.325677
2795    -0.191435
2796     0.226921
2797    -1.555080
2798     0.720478
2799    -0.521507
2800     0.642918
2801    -0.241774
2802     0.407236
2803    -1.269393
2804     1.265233
2805     1.065596
2806     0.484913
2807    -0.143893
2808    -0.197154
2809    -1.224122
2810     0.498290
2811    -0.970001
2812     0.411622
2813    -0.688889
2814    -0.411174
2815    -2.245007
2816     0.409472
2817     2.261773
2818     2.838267
2819    -0.084525
2820     0.621146
2821    -1.456242
2822     0.308696
2823    -0.008364
2824     1.131606
2825    -1.766963
2826    -1.394736
2827     1.738586
2828    -0.390092
2829    -0.176940
2830     1.423187
2831    -0.407076
2832    -0.458915
2833    -1.854653
2834     0.168085
2835     0.350319
2836    -1.719857
2837     0.150014
2838    -0.123420
2839     0.798676
2840     0.032268
2841     0.293847
2842    -0.877650
2843     0.549434
2844     0.192816
2845    -1.482694
2846     0.354545
2847     0.134902
2848     1.048360
2849    -0.139678
2850    -0.660208
2851     2.018996
2852    -1.582279
2853    -0.210532
2854     0.903081
2855    -0.082106
2856    -0.308342
2857    -1.609998
2858     1.293221
2859     0.527918
2860     1.455239
2861     0.120987
2862    -0.262377
2863    -0.790949
2864     1.322460
2865     0.774441
2866     0.061391
2867     0.718025
2868     0.515310
2869    -1.469337
2870     0.519598
2871    -0.190927
2872     0.797755
2873    -0.366388
2874    -0.612831
2875    -2.055371
2876     0.615718
2877     1.930212
2878     1.939874
2879    -1.418470
2880    -0.312172
2881    -1.896990
2882     1.003933
2883     0.279500
2884     1.058830
2885    -0.369394
2886     0.508758
2887     0.952593
2888     0.075099
2889    -0.033881
2890     0.917534
2891    -0.086727
2892     0.170726
2893    -2.426643
2894     1.044197
2895     0.396604
2896    -2.172498
2897     0.773948
2898     0.113078
2899     1.305037
2900    -0.763801
2901     0.425212
2902     0.845167
2903    -1.151008
2904    -0.439227
2905    -2.034844
2906     1.042775
2907     0.241953
2908     0.964662
2909    -0.082830
2910     0.318521
2911     1.311056
2912    -0.954073
2913     0.191212
2914     1.188370
2915    -0.944434
2916    -0.398011
2917    -2.001253
2918     1.388816
2919     0.022546
2920     0.950209
2921     0.247374
2922     0.019263
2923     1.034804
2924    -0.599331
2925    -0.204283
2926     1.093686
2927    -0.716359
2928    -0.250495
2929    -1.930412
2930     1.155719
2931     0.221411
2932     1.060602
2933    -1.048073
2934    -0.432527
2935    -1.597043
2936     0.599400
2937    -1.672166
2938     1.377133
2939    -0.615231
2940     0.521807
2941     1.243205
2942    -1.400879
2943     0.925162
2944    -1.514325
2945    -0.413714
2946    -1.684644
2947    -0.700973
2948     1.888886
2949    -0.195578
2950    -0.662617
2951     1.504348
2952     0.344226
2953     1.299552
2954    -1.809084
2955     0.446574
2956     0.821306
2957    -1.441701
2958     1.004227
2959    -1.030859
2960     0.135723
2961    -0.865675
2962     0.480736
2963     0.131913
2964     0.425801
2965     1.109610
2966    -1.261637
2967     0.967982
2968    -1.237309
2969     0.917793
2970    -0.294784
2971    -0.936543
2972     0.274865
2973    -0.705218
2974     1.142996
2975     0.531032
2976     0.720501
2977     1.235888
2978    -0.873243
2979     0.124779
2980    -1.205643
2981     1.620996
2982    -0.792700
2983     0.506280
2984    -0.204410
2985     0.304712
2986     0.621581
2987    -0.207117
2988     0.252759
2989     1.330651
2990    -0.884000
2991     1.150009
2992     0.912007
2993     0.189646
2994     0.517215
2995    -2.207941
2996     1.165524
2997    -1.287653
2998    -1.207601
2999     0.135060
3000    -1.357698
3001     1.102176
3002     0.218577
3003     2.259602
3004    -1.093347
3005     0.780021
3006    -1.904544
3007    -0.689610
3008    -0.447694
3009    -1.917282
3010     0.651298
3011     0.615757
3012     0.480180
3013     0.676708
3014     0.445846
3015     1.444442
3016     0.500508
3017    -0.388827
3018     2.320652
3019    -1.076779
3020    -0.455937
3021    -1.587242
3022     0.532121
3023    -1.361187
3024     0.097158
3025    -0.817961
3026    -0.342245
3027     1.543213
3028     0.682726
3029     0.353844
3030     0.019571
3031    -0.551146
3032    -0.178479
3033    -1.120315
3034     0.972524
3035    -0.495747
3036     0.390349
3037     0.507551
3038    -0.420843
3039     0.267134
3040    -0.964884
3041     0.403363
3042    -1.759830
3043     0.051667
3044    -0.586751
3045     0.332602
3046     0.836077
3047     0.084214
3048     0.598706
3049    -0.822522
3050     0.080712
3051     1.487068
3052     0.543841
3053    -0.717101
3054     0.180069
3055    -0.087582
3056     2.329588
3057    -1.251128
3058    -0.953366
3059     0.082889
3060    -1.880404
3061     0.435600
3062     0.640694
3063     0.063403
3064    -0.775238
3065     0.202054
3066     0.326396
3067    -0.235015
3068    -2.949978
3069    -2.657271
3070     1.209782
3071    -2.136040
3072     0.133740
3073     0.002166
3074     1.028769
3075     0.482258
3076    -0.391686
3077     0.596963
3078     0.510132
3079    -1.058289
3080     0.274280
3081     0.330587
3082    -0.221414
3083     0.033719
3084     0.193930
3085     0.054629
3086     0.859306
3087     0.481559
3088     1.340915
3089    -2.542195
3090    -0.087933
3091    -0.588337
3092     0.343512
3093     0.496137
3094     0.392414
3095     0.884096
3096     0.369433
3097    -0.100975
3098     1.394496
3099    -0.072687
3100    -0.397631
3101    -2.660745
3102    -2.530814
3103     1.123093
3104     0.840913
3105     0.142138
3106     0.227237
3107     0.549235
3108     0.242937
3109     0.022524
3110     1.224186
3111     0.479342
3112    -0.239206
3113     0.406768
3114     0.344699
3115     0.018989
3116     0.631481
3117     0.544344
3118    -0.819558
3119     0.378489
3120     0.207670
3121     0.260725
3122     0.840767
3123     0.034430
3124     0.019193
3125     0.781372
3126     0.354470
3127    -0.577564
3128    -2.435781
3129    -2.293072
3130    -0.766585
3131    -2.178360
3132    -0.763852
3133    -0.035933
3134     0.669426
3135     0.401576
3136     0.118924
3137     1.043760
3138     0.687007
3139     0.009519
3140     0.756688
3141     0.490116
3142     0.071103
3143     0.660957
3144     0.161847
3145     0.239457
3146     0.943034
3147     0.651120
3148     0.154972
3149    -4.447690
3150    -0.586547
3151    -0.094337
3152     0.680504
3153     0.456799
3154     0.248556
3155     0.297808
3156     0.288833
3157     0.117838
3158     0.871573
3159     0.114985
3160    -0.858164
3161    -2.222068
3162    -2.299458
3163     0.538324
3164     0.149079
3165     0.086606
3166    -0.012893
3167     0.545972
3168     0.123192
3169     0.333001
3170     1.043181
3171     0.716918
3172     0.134080
3173     0.930374
3174     0.527823
3175     0.034521
3176     0.435056
3177     0.428185
3178     0.065264
3179     0.634348
3180     0.419023
3181     0.685354
3182     0.539604
3183     0.251471
3184     0.188573
3185     0.706265
3186     0.353140
3187    -1.132260
3188    -0.571111
3189     0.110089
3190    -1.168875
3191    -2.621266
3192    -0.252853
3193     0.304574
3194    -0.175670
3195    -0.789773
3196     0.208920
3197     0.668065
3198    -0.423198
3199     0.123334
3200     0.750822
3201     0.389898
3202     0.377172
3203     0.218283
3204     0.087773
3205     0.494202
3206     0.415193
3207    -1.280218
3208    -0.335570
3209    -5.452887
3210    -0.919301
3211    -0.216408
3212     1.230695
3213     0.589203
3214     0.443672
3215     0.269914
3216     0.287255
3217     0.381729
3218     0.598858
3219     0.791826
3220    -1.375823
3221    -0.611291
3222     0.318146
3223     0.405410
3224     0.821013
3225     0.024880
3226     0.025588
3227     0.455233
3228     0.173197
3229     0.433639
3230     0.784469
3231    -0.325440
3232     0.184507
3233     0.628220
3234    -1.052423
3235    -0.210901
3236     0.853310
3237     1.007901
3238     0.183161
3239     0.492281
3240     0.658428
3241    -0.086920
3242    -0.508498
3243     0.016839
3244    -0.251865
3245     0.461579
3246     0.198089
3247    -1.126909
3248    -1.515721
3249     0.288242
3250    -1.239482
3251    -1.754674
3252    -0.156245
3253     0.945891
3254    -0.132813
3255    -0.257799
3256     1.127688
3257     2.219123
3258    -0.066605
3259    -0.805619
3260     0.295218
3261    -0.206963
3262    -0.467263
3263    -0.178358
3264    -0.445216
3265     0.721487
3266    -0.386008
3267    -0.828883
3268    -0.014696
3269    -2.806866
3270    -2.283151
3271     0.078105
3272    -0.487557
3273     1.135833
3274    -0.153235
3275    -0.982373
3276     0.181193
3277     0.217527
3278     2.444605
3279     0.169528
3280    -0.730706
3281     0.146078
3282     0.406561
3283    -0.024987
3284    -0.062216
3285    -0.026790
3286     0.251368
3287    -0.730870
3288     0.468492
3289     0.794699
3290     2.317398
3291    -0.224494
3292     0.622666
3293    -0.223499
3294    -0.287045
3295    -0.507806
3296     2.345031
3297     0.655195
3298     0.650057
3299    -0.459579
3300     1.263221
3301    -0.048281
3302    -0.543708
3303     0.024460
3304     0.621546
3305    -0.324645
3306     0.260712
3307    -0.089863
3308    -3.578765
3309    -1.360008
3310     0.006908
3311    -3.507547
3312    -0.499344
3313     0.372002
3314     0.399210
3315    -0.793850
3316     0.640524
3317     2.356191
3318    -0.020069
3319    -0.557264
3320     0.117937
3321    -0.216757
3322    -0.469062
3323    -0.007832
3324     0.222348
3325     1.029950
3326    -0.474155
3327     0.339429
3328    -0.526126
3329     0.408651
3330     1.107737
3331    -0.879674
3332     0.338916
3333    -0.071029
3334    -0.436362
3335    -0.734340
3336    -0.124861
3337     0.317505
3338     1.792599
3339    -0.418353
3340    -0.927710
3341     0.907639
3342     1.248107
3343     0.322992
3344    -0.443247
3345    -0.136593
3346     0.129829
3347    -0.700534
3348    -0.252718
3349     1.252209
3350     1.820868
3351     0.770061
3352     0.128577
3353     0.041585
3354    -0.618053
3355     0.040932
3356     1.165568
3357     0.960331
3358    -0.928633
3359     0.965607
3360    -0.421551
3361    -0.888824
3362    -0.249235
3363    -1.004728
3364    -0.592122
3365    -0.542584
3366    -1.106177
3367    -0.083806
3368    -0.296908
3369    -1.199153
3370     1.573691
3371     0.147977
3372     0.981095
3373    -0.434490
3374    -0.179604
3375    -1.686473
3376    -0.739124
3377     1.244330
3378    -1.266141
3379     0.233221
3380    -0.707448
3381     0.941977
3382     0.399790
3383     1.085740
3384     0.936443
3385    -1.063011
3386    -0.074474
3387    -2.711647
3388     0.541312
3389     2.252611
3390     1.486406
3391     0.174523
3392    -0.983789
3393     1.190610
3394     1.300357
3395    -0.244079
3396     1.655473
3397    -0.356633
3398     0.024674
3399    -0.700605
3400    -0.794862
3401     1.139668
3402     0.994674
3403     1.318238
3404    -0.614208
3405     1.292647
3406    -0.086166
3407    -0.295570
3408    -0.215746
3409    -0.632899
3410     0.119929
3411    -1.301004
3412     0.800549
3413    -0.941697
3414     0.704637
3415    -0.041611
3416     1.177723
3417     0.887411
3418    -0.628132
3419    -2.063056
3420     0.120303
3421    -1.063187
3422     0.419135
3423    -0.503970
3424    -0.967741
3425     0.445772
3426    -1.057801
3427    -0.402816
3428    -0.253603
3429    -2.273894
3430     1.057363
3431     0.897337
3432     2.342597
3433    -0.505131
3434    -0.121027
3435    -1.333289
3436    -0.369232
3437     0.006059
3438    -2.606912
3439     0.037908
3440    -0.742134
3441     0.187301
3442     0.914387
3443    -0.455269
3444     0.736177
3445    -0.402874
3446     0.972169
3447     0.471349
3448     0.723254
3449     0.154827
3450     0.536610
3451     1.385650
3452    -2.166427
3453     0.142374
3454     0.539751
3455     0.026262
3456     1.441405
3457    -1.031391
3458     1.051075
3459    -0.547906
3460    -0.357178
3461     0.087489
3462     0.572316
3463     0.284232
3464    -0.325994
3465     0.065580
3466     1.124818
3467    -1.168298
3468     0.632038
3469    -0.405436
3470     0.849912
3471     0.759875
3472     1.693851
3473    -1.964389
3474     0.323151
3475    -0.955009
3476     2.241247
3477     0.902237
3478    -1.301220
3479     0.045859
3480    -0.789237
3481    -1.393735
3482     0.698504
3483    -1.431944
3484    -1.001555
3485     0.798953
3486    -1.181425
3487     0.530861
3488    -1.272354
3489     0.036966
3490     0.383213
3491    -0.750831
3492     2.235459
3493     1.135115
3494     0.436056
3495    -0.158876
3496    -0.823591
3497    -0.254513
3498    -1.285502
3499     0.239037
3500     0.093225
3501     0.284797
3502    -0.613887
3503    -1.300824
3504     0.358474
3505    -1.051638
3506     0.863254
3507    -0.727268
3508    -0.619812
3509    -0.080596
3510    -0.249970
3511     0.222480
3512    -1.341441
3513     0.246856
3514     1.428156
3515     0.147425
3516     1.637855
3517    -0.097081
3518     1.914762
3519    -1.815326
3520    -0.333755
3521    -0.545443
3522     1.115077
3523     0.771738
3524     0.090314
3525     0.632932
3526     0.084372
3527    -1.478481
3528     0.889077
3529     0.007760
3530     1.546708
3531    -0.435880
3532     0.675256
3533    -2.385849
3534     1.025084
3535     0.386706
3536     2.646808
3537    -1.510890
3538     0.070360
3539     0.174323
3540     0.334502
3541    -0.380424
3542     0.669223
3543    -0.136888
3544     0.232355
3545     0.486823
3546     0.259912
3547     0.669727
3548    -0.828523
3549     0.711093
3550    -0.584311
3551    -0.453119
3552     1.516242
3553    -0.194988
3554     0.701809
3555     0.027402
3556    -0.818206
3557     0.012150
3558    -1.366987
3559    -0.318642
3560     0.108921
3561    -0.592547
3562     0.336605
3563    -1.148207
3564     1.419626
3565     0.637802
3566     0.240149
3567     0.009979
3568    -0.930041
3569     0.035772
3570    -0.857669
3571    -0.955643
3572    -1.062016
3573    -0.345606
3574     0.751978
3575     0.482148
3576     1.259006
3577    -0.082198
3578     1.069147
3579    -3.109315
3580    -0.776384
3581    -0.059241
3582     1.826191
3583     0.704336
3584     0.363021
3585     0.432836
3586     0.916915
3587    -1.223254
3588     1.596446
3589    -0.773017
3590     1.113832
3591    -1.580808
3592     0.915114
3593    -1.793599
3594     1.782489
3595     0.603161
3596     0.793744
3597    -3.228833
3598     0.045861
3599     0.491220
3600     0.377430
3601    -0.245123
3602     0.696878
3603    -0.708369
3604     0.853668
3605     0.483880
3606    -0.118979
3607    -0.195642
3608    -0.275178
3609     1.014064
3610    -0.758167
3611    -1.449636
3612     0.620143
3613    -0.030466
3614    -0.174834
3615    -0.948064
3616    -0.227005
3617    -0.250030
3618    -1.953083
3619     0.665110
3620    -0.736358
3621    -1.285440
3622    -1.107128
3623    -0.686325
3624     1.867780
3625    -0.282367
3626     1.305004
3627     1.458758
3628    -0.859699
3629    -0.448836
3630    -1.699823
3631    -1.796975
3632    -0.814074
3633     0.389578
3634     0.387130
3635     0.245253
3636     0.521970
3637     1.353462
3638     1.131312
3639    -2.032408
3640    -1.205862
3641    -0.526033
3642     1.031496
3643     0.935732
3644     0.472628
3645    -0.040798
3646     0.110767
3647    -0.729576
3648     1.743028
3649     0.310569
3650     1.842546
3651     0.125184
3652    -0.114426
3653    -1.547943
3654     1.798389
3655     1.818001
3656     1.465714
3657    -1.449639
3658     0.388422
3659    -0.004393
3660    -0.333784
3661     1.187001
3662    -0.533445
3663    -1.004443
3664     1.354527
3665    -0.456599
3666    -0.896454
3667     0.132656
3668     0.258564
3669     1.083293
3670    -0.574668
3671    -0.747428
3672     1.240308
3673     0.711198
3674    -0.496895
3675    -1.505254
3676     0.016808
3677    -0.049189
3678     0.379382
3679     0.163894
3680     0.081594
3681     0.187393
3682    -1.092703
3683     0.029560
3684     2.000343
3685    -0.120346
3686     0.276396
3687    -0.327412
3688    -0.033013
3689    -0.270354
3690    -0.128794
3691    -1.070862
3692    -0.400198
3693     0.702837
3694     0.819273
3695    -0.120036
3696    -0.566783
3697    -0.701031
3698     1.655720
3699    -2.660435
3700    -0.510731
3701    -0.253707
3702     0.798006
3703     1.333600
3704    -0.483797
3705    -1.006261
3706     0.443246
3707    -0.268851
3708     1.652385
3709    -2.560883
3710     1.675018
3711     0.969574
3712    -0.301608
3713    -0.772307
3714     1.737614
3715    -0.716723
3716     1.781600
3717    -1.808366
3718     1.520366
3719    -0.905647
3720    -0.846933
3721     1.132126
3722    -0.929557
3723    -1.950484
3724     1.395030
3725    -1.078289
3726    -1.517324
3727    -0.495044
3728     0.330276
3729     1.528303
3730    -0.499542
3731    -0.131429
3732     0.963632
3733     1.283430
3734    -0.903767
3735    -1.958545
3736    -0.516500
3737     0.116752
3738     1.467598
3739    -0.338889
3740     0.303599
3741     0.649796
3742    -1.129813
3743     0.427665
3744     2.113372
3745     0.150143
3746    -0.253528
3747    -0.967683
3748    -0.114932
3749     0.368682
3750     0.648625
3751    -0.863113
3752     0.222798
3753     0.852609
3754     0.076960
3755    -0.157834
3756    -0.718419
3757    -0.850516
3758     0.897756
3759     0.046894
3760    -0.877067
3761    -0.014919
3762     0.640177
3763     1.261365
3764    -1.126252
3765    -1.655337
3766    -0.126407
3767     0.022303
3768     1.268564
3769    -0.875728
3770     1.358923
3771    -0.152257
3772    -0.752625
3773    -0.332977
3774     1.841650
3775     0.710605
3776     1.902831
3777    -1.366545
3778     1.430515
3779    -1.023035
3780    -1.734625
3781     0.494589
3782    -1.219482
3783    -1.459089
3784     0.344875
3785    -1.415322
3786    -1.269658
3787    -0.047879
3788     1.195661
3789     2.304561
3790    -0.210815
3791    -0.514512
3792    -0.527699
3793     0.042852
3794    -1.872240
3795    -0.956191
3796    -0.098759
3797     0.781217
3798     1.992419
3799    -0.294627
3800     1.072713
3801     0.070809
3802    -0.430327
3803    -0.329823
3804     1.357139
3805    -0.650041
3806    -0.334266
3807     0.695731
3808     0.604387
3809     0.810310
3810    -0.259733
3811     0.074218
3812    -0.784027
3813    -0.710475
3814    -0.452293
3815     0.563235
3816    -0.273082
3817    -0.104118
3818     1.540192
3819     1.652787
3820    -0.013720
3821    -0.403289
3822    -0.469148
3823     0.506166
3824    -1.322832
3825    -1.608732
3826    -0.360504
3827    -0.101555
3828    -0.098603
3829     0.218305
3830     2.374497
3831     0.277111
3832    -0.306296
3833    -1.606469
3834     0.587377
3835    -0.242020
3836     2.633309
3837     0.531188
3838     0.926006
3839    -1.067317
3840    -1.836713
3841     0.348704
3842    -0.769393
3843    -0.128870
3844    -0.253567
3845    -0.563092
3846     0.492132
3847    -0.316817
3848     0.645733
3849    -0.068744
3850     0.363845
3851    -1.368835
3852    -1.298829
3853    -0.221407
3854    -2.036609
3855     0.509449
3856     0.331721
3857     0.496540
3858     0.869918
3859    -0.007745
3860     1.102319
3861    -1.073625
3862     0.137705
3863    -1.376418
3864     0.275868
3865    -0.320697
3866     0.198694
3867     0.713519
3868     1.492328
3869    -1.273873
3870    -2.189106
3871     0.464325
3872     0.011879
3873    -0.207735
3874    -0.078682
3875     1.947252
3876    -0.691900
3877    -0.042910
3878     0.780056
3879     1.042407
3880     0.746971
3881    -1.316709
3882    -1.451670
3883    -0.405417
3884    -1.140768
3885     0.259768
3886     0.248438
3887     0.025973
3888    -0.900273
3889    -0.269425
3890     2.020848
3891     0.987462
3892    -0.563594
3893     1.321069
3894     0.453962
3895    -1.536051
3896     2.733873
3897     2.155874
3898    -0.117725
3899    -1.438540
3900     0.250393
3901    -0.558113
3902     1.410406
3903     0.197344
3904    -0.953835
3905     0.403276
3906     0.844674
3907     0.296995
3908    -0.023482
3909     0.112541
3910     0.741810
3911    -1.835305
3912    -1.341894
3913    -1.553436
3914    -1.461595
3915     0.223068
3916     0.785614
3917     0.828607
3918     1.118976
3919     0.565504
3920     1.163575
3921     0.129629
3922    -0.744928
3923     0.012583
3924     0.195315
3925    -0.750497
3926     0.251692
3927    -0.248447
3928     2.459569
3929    -1.532945
3930    -1.631887
3931     0.710537
3932     1.072773
3933     0.286442
3934     0.995595
3935     1.030283
3936    -0.708079
3937     0.379890
3938     0.831406
3939     0.705351
3940     1.188502
3941    -1.385589
3942    -1.545735
3943    -0.989574
3944    -1.316682
3945     0.137785
3946     0.515479
3947     0.834880
3948    -0.083879
3949     0.680126
3950     0.748854
3951     0.918479
3952    -0.383636
3953     0.900788
3954    -0.169001
3955    -2.042845
3956    -1.671072
3957     0.963142
3958    -1.342756
3959    -0.262454
3960    -0.103823
3961    -0.278015
3962     1.016516
3963     1.670179
3964    -0.522047
3965     1.046887
3966     0.361835
3967     0.514088
3968     0.420053
3969     0.909167
3970     0.820701
3971    -2.213536
3972    -1.675627
3973    -0.111059
3974     0.576804
3975     0.232386
3976     0.047771
3977     0.124046
3978     0.667299
3979    -0.306692
3980     0.339362
3981     1.079718
3982    -0.248938
3983     0.560761
3984    -0.462810
3985    -0.210670
3986     0.805907
3987     0.110758
3988     2.647361
3989    -2.088530
3990    -2.458948
3991    -0.036330
3992     0.421514
3993     0.174808
3994    -0.051481
3995     0.024303
3996    -0.195922
3997    -0.101733
3998     0.326236
3999     0.623837
4000     0.691636
4001    -2.346561
4002    -2.121111
4003    -0.101713
4004     0.069270
4005    -0.501517
4006    -0.090318
4007     0.282054
4008     0.101549
4009     0.106073
4010     0.292143
4011     0.361299
4012    -0.626520
4013     0.593174
4014     0.888049
4015    -1.772668
4016    -1.229855
4017    -0.836536
4018    -0.369448
4019     0.979451
4020     1.071586
4021    -0.307748
4022     2.806838
4023     3.011881
4024     0.048435
4025    -0.181619
4026    -0.076851
4027     0.073619
4028     2.289622
4029     2.344854
4030    -0.199116
4031    -0.679335
4032    -0.103467
4033     0.253858
4034     0.494647
4035    -0.547034
4036     0.200581
4037    -0.536066
4038     1.334523
4039     0.070280
4040    -0.270746
4041    -0.216947
4042     0.079053
4043    -0.351219
4044    -0.525156
4045     0.331175
4046    -0.090292
4047    -0.654927
4048     0.461149
4049     0.470322
4050     0.419534
4051     0.161222
4052    -0.471447
4053     0.421697
4054     0.186972
4055    -0.690337
4056    -0.934059
4057     0.223161
4058    -0.161035
4059     0.066382
4060    -0.675168
4061    -0.911394
4062     0.133398
4063     0.162185
4064    -0.704909
4065    -1.267416
4066     0.228221
4067    -0.521818
4068    -0.092708
4069     0.425404
4070    -0.411244
4071     0.200741
4072     0.185755
4073    -0.788132
4074    -0.673373
4075    -2.121753
4076     0.483006
4077    -2.388402
4078     0.212715
4079     0.225154
4080    -0.452669
4081    -1.359695
4082     1.652917
4083     0.904124
4084    -0.052705
4085    -0.640234
4086     0.531136
4087    -1.162273
4088     0.476183
4089     0.977305
4090     0.239744
4091     0.370372
4092     0.159029
4093     0.174551
4094     0.104961
4095    -0.019630
4096     0.149512
4097    -0.412292
4098     0.911865
4099     0.009815
4100    -0.385401
4101     0.097729
4102    -0.050579
4103    -0.991432
4104    -0.411941
4105     0.549860
4106    -0.401432
4107     0.461491
4108     0.152465
4109     0.295351
4110     0.572024
4111     0.267828
4112     0.128694
4113    -0.180693
4114     0.727211
4115     0.038163
4116    -1.139911
4117     0.403095
4118    -0.144767
4119     0.597161
4120    -0.080329
4121     0.513033
4122     0.942451
4123     0.459924
4124    -0.187229
4125    -0.958022
4126     0.093764
4127    -0.704182
4128    -0.328863
4129     0.506175
4130    -0.072219
4131    -0.039967
4132     0.420197
4133    -0.630582
4134     0.058294
4135    -1.467291
4136     1.509602
4137    -3.768285
4138     0.018730
4139    -0.519507
4140     0.634704
4141     0.242244
4142    -0.441174
4143    -0.093592
4144     0.571271
4145     0.295618
4146    -1.052405
4147    -0.294559
4148    -0.179801
4149     0.431280
4150    -0.395560
4151     0.873980
4152     0.661263
4153     0.584775
4154    -0.208355
4155    -0.378644
4156     0.714700
4157    -0.198092
4158    -0.381443
4159    -0.742373
4160     0.197101
4161     0.908345
4162     0.356009
4163    -0.619391
4164    -0.736903
4165     0.613781
4166    -0.046356
4167     0.043005
4168    -0.036484
4169     1.205796
4170    -0.419178
4171    -0.644675
4172     0.761563
4173     0.643329
4174     0.366912
4175    -0.263579
4176    -0.539703
4177     0.794652
4178     0.116539
4179    -0.568431
4180    -0.417411
4181     1.102914
4182     0.989452
4183     0.607667
4184    -0.252688
4185    -1.036219
4186    -0.250639
4187    -0.661377
4188     0.297026
4189     1.335569
4190    -0.780028
4191    -0.780505
4192     0.469209
4193    -0.109396
4194    -0.290065
4195    -4.277471
4196    -0.913226
4197     2.852677
4198     0.402382
4199     0.119952
4200    -0.549286
4201     0.124707
4202     0.150282
4203    -0.995344
4204     0.590048
4205    -0.131642
4206    -0.192759
4207    -0.256884
4208     0.662588
4209    -0.503966
4210    -0.099509
4211    -0.124640
4212     2.283086
4213     0.457687
4214     0.028461
4215    -0.722406
4216    -0.024160
4217    -0.719278
4218    -1.087845
4219    -0.082967
4220     1.006871
4221     1.738755
4222     0.188312
4223    -0.294884
4224    -1.103153
4225     0.036994
4226    -0.652523
4227    -0.263770
4228    -0.289448
4229     0.307025
4230    -0.697995
4231    -0.304899
4232     0.493457
4233     1.561176
4234     0.303665
4235     0.447113
4236    -1.070872
4237     0.016807
4238    -1.026106
4239    -0.761605
4240    -0.241561
4241     0.635129
4242     1.730982
4243     0.652978
4244    -0.309268
4245    -0.720284
4246    -0.155657
4247     0.276601
4248    -0.520415
4249     0.878007
4250    -0.457942
4251    -1.920857
4252     0.443249
4253    -0.018632
4254    -0.418092
4255    -2.751256
4256    -0.139277
4257     3.777466
4258     0.513888
4259    -0.133336
4260    -0.112103
4261    -0.182743
4262    -1.250625
4263    -1.013642
4264    -0.961963
4265     1.219777
4266     1.144628
4267     0.674113
4268     0.121524
4269    -1.065190
4270     0.944549
4271     1.137382
4272     2.043392
4273    -1.571104
4274     0.929332
4275     0.629117
4276    -0.375320
4277    -0.540609
4278    -1.058679
4279     1.270819
4280    -0.240492
4281     0.666088
4282    -0.223400
4283    -0.410987
4284    -0.817811
4285    -0.296716
4286    -0.162109
4287     0.074669
4288     1.051605
4289    -0.559900
4290    -1.623694
4291     1.217076
4292     0.092408
4293     0.392432
4294    -0.740367
4295    -0.471429
4296    -0.613567
4297     0.378362
4298    -0.797145
4299    -1.056518
4300     1.117772
4301     0.234066
4302     0.614530
4303    -1.140327
4304     0.738025
4305     0.586000
4306     0.615641
4307    -0.490292
4308    -0.985922
4309    -0.739460
4310     0.422657
4311    -0.525648
4312    -1.383790
4313     1.278772
4314     1.036501
4315     1.887637
4316    -0.658808
4317     0.137644
4318    -1.542385
4319    -0.591546
4320     1.435670
4321     0.055365
4322    -0.272856
4323     0.125757
4324    -0.761536
4325    -0.354961
4326    -0.011477
4327     0.725788
4328     1.097864
4329    -1.812589
4330     0.117290
4331     0.198866
4332    -1.812753
4333    -0.937566
4334    -0.278156
4335    -0.268133
4336    -0.223084
4337    -0.142087
4338     1.764352
4339     0.846683
4340     0.441953
4341    -1.193993
4342    -0.098443
4343    -0.130263
4344    -0.093944
4345    -0.492478
4346    -0.824324
4347     2.279292
4348     0.764059
4349     0.317857
4350    -2.309370
4351     0.630398
4352     0.024983
4353    -1.000607
4354    -0.185621
4355     0.059128
4356     0.592847
4357    -0.018128
4358    -0.543900
4359     2.030849
4360     0.780127
4361     1.048643
4362    -1.459016
4363    -0.722117
4364    -0.282754
4365    -0.385810
4366     0.709878
4367     0.364847
4368    -1.199015
4369    -0.463684
4370    -0.258042
4371     1.592057
4372    -0.936377
4373    -0.192769
4374    -0.553574
4375     0.842663
4376    -0.183021
4377     3.814160
4378    -0.633217
4379    -0.091007
4380    -0.099032
4381    -0.319454
4382     0.125133
4383     0.474300
4384    -0.424343
4385     0.574781
4386     0.622378
4387     0.823237
4388     0.763750
4389    -1.611668
4390     1.121729
4391     0.406032
4392    -1.630834
4393    -0.369874
4394     0.440397
4395     0.303187
4396    -1.580673
4397    -0.440414
4398     1.343317
4399     1.035515
4400     0.655427
4401    -0.730756
4402     1.251574
4403    -0.239981
4404    -0.527045
4405    -1.354876
4406    -0.659425
4407     1.917444
4408     1.133150
4409    -0.104766
4410    -2.230281
4411     0.787739
4412     0.073177
4413    -0.673262
4414    -0.660021
4415    -0.592102
4416     0.277854
4417    -1.138311
4418    -0.973569
4419     1.342045
4420     1.295480
4421     0.038352
4422    -1.846019
4423    -0.442194
4424     0.293494
4425     0.150304
4426     0.991919
4427     0.040092
4428    -0.884062
4429    -1.826196
4430     0.099126
4431     1.623915
4432     1.212828
4433     0.102043
4434    -0.757430
4435    -1.366278
4436    -0.433521
4437     2.858798
4438    -0.170950
4439    -0.168026
4440    -0.022184
4441    -0.290186
4442    -0.241589
4443     0.538952
4444    -0.618954
4445    -0.156183
4446     0.890917
4447     0.936746
4448     0.236508
4449    -2.442346
4450     1.026681
4451    -0.115120
4452    -2.293640
4453    -0.336167
4454    -0.192346
4455     0.466575
4456    -1.363051
4457     0.035220
4458     1.633787
4459     0.182137
4460    -0.365857
4461    -0.089424
4462     1.253098
4463    -0.170966
4464    -1.170832
4465    -0.536876
4466     0.081668
4467     1.279840
4468     1.179690
4469    -0.179379
4470    -2.644584
4471     0.591255
4472     0.812362
4473    -0.209129
4474    -0.463862
4475     0.017956
4476     0.706456
4477    -1.022394
4478    -0.041377
4479     1.626826
4480     1.207856
4481    -0.177501
4482    -1.919697
4483    -0.635093
4484    -0.173911
4485     0.696814
4486     0.685867
4487    -0.143468
4488    -0.565515
4489    -1.470998
4490    -0.037443
4491     1.654103
4492     1.280720
4493     0.707040
4494    -1.126433
4495    -1.346869
4496     0.367314
4497     2.551706
4498    -0.259602
4499    -0.262927
4500     0.415623
4501     0.778615
4502    -0.258621
4503     0.629942
4504     0.535337
4505    -0.125515
4506     0.976866
4507    -0.806286
4508    -1.470237
4509    -1.993528
4510     0.293870
4511    -1.466577
4512    -1.710325
4513     1.265193
4514    -1.024353
4515     0.919558
4516    -0.692453
4517     0.802656
4518     1.376383
4519     1.064519
4520    -0.066125
4521    -0.247304
4522     0.419977
4523    -0.083946
4524    -1.192042
4525     0.674939
4526     0.500141
4527     1.178957
4528     1.291645
4529    -1.656155
4530    -2.007409
4531    -0.712910
4532    -0.188237
4533     0.423324
4534    -1.072903
4535     0.761343
4536     0.387771
4537    -1.558348
4538     0.727337
4539     1.384989
4540     1.015707
4541    -0.576460
4542    -1.561664
4543    -0.210291
4544    -0.371603
4545     1.080507
4546     0.060723
4547     0.947550
4548    -1.456305
4549    -0.887601
4550     1.007985
4551     0.957425
4552    -0.226694
4553     1.073798
4554    -1.467930
4555    -0.808679
4556     1.539617
4557     1.820724
4558    -0.424359
4559    -0.072600
4560     0.500062
4561    -0.297169
4562     1.355422
4563     0.434506
4564    -0.128132
4565     1.022261
4566     0.400404
4567    -0.118429
4568    -3.951512
4569    -0.186586
4570    -0.209511
4571    -1.380195
4572     0.598971
4573    -0.690938
4574     0.956856
4575     0.792757
4576    -0.436424
4577     0.437810
4578     0.426472
4579     0.661953
4580     1.236091
4581    -0.070312
4582     1.630280
4583    -1.082251
4584    -0.734461
4585     0.428713
4586     1.121131
4587    -0.308119
4588     1.390868
4589    -1.642247
4590    -0.280915
4591    -0.755633
4592     0.086469
4593     1.086344
4594    -0.543499
4595    -0.175910
4596    -0.153463
4597    -1.767025
4598     0.504366
4599     0.519488
4600     1.720912
4601    -0.835605
4602    -0.145292
4603    -0.426169
4604    -0.309671
4605    -0.198203
4606     0.189068
4607     1.774803
4608    -0.724832
4609    -0.379743
4610    -0.546800
4611    -0.575965
4612     0.239889
4613     1.412318
4614    -1.290158
4615    -0.821401
4616     1.720753
4617     0.961314
4618     0.312389
4619    -1.704088
4620    -0.551949
4621    -0.586212
4622    -0.561508
4623     0.334088
4624    -0.632447
4625    -0.792244
4626     0.394139
4627     1.134256
4628     0.137986
4629     1.343349
4630     0.807089
4631     0.622163
4632     0.599736
4633    -0.579787
4634    -0.780899
4635     0.537640
4636    -0.416467
4637    -1.195975
4638     0.202773
4639    -0.541147
4640     0.934021
4641     0.233736
4642     2.392738
4643     0.396872
4644    -1.055014
4645    -0.521489
4646    -0.895656
4647    -0.014188
4648     1.913760
4649     0.464244
4650    -0.158114
4651     0.316933
4652     1.396463
4653     0.701610
4654    -0.406287
4655    -0.930416
4656    -0.537778
4657    -1.468190
4658    -0.412597
4659     0.123275
4660     1.955922
4661     1.104328
4662     0.078327
4663    -0.742642
4664    -1.141708
4665    -0.494848
4666     0.660194
4667     2.048053
4668    -1.293540
4669    -1.549583
4670    -1.177629
4671    -0.288364
4672     0.544379
4673     2.558110
4674    -1.728793
4675    -1.602249
4676    -0.593460
4677     1.205349
4678    -0.678770
4679    -1.180148
4680    -0.183382
4681    -0.735759
4682    -0.523067
4683     0.702026
4684    -0.495850
4685    -0.179993
4686     0.823748
4687     1.720330
4688     1.238451
4689    -0.004052
4690     0.648085
4691     0.356943
4692    -0.401289
4693    -0.708074
4694    -0.670404
4695     1.027676
4696    -0.466301
4697    -0.805080
4698     0.122340
4699    -0.587075
4700     1.898327
4701    -0.519391
4702     2.523504
4703    -1.054980
4704    -1.337513
4705    -0.569672
4706    -0.775582
4707     0.714717
4708     2.055612
4709    -0.001477
4710    -0.851025
4711    -0.029593
4712     1.339098
4713    -0.449573
4714    -0.223582
4715    -0.404453
4716    -0.576126
4717    -1.343361
4718     0.690736
4719     0.438915
4720     1.828720
4721    -0.410308
4722    -0.874264
4723    -0.052259
4724    -0.340368
4725     0.950721
4726     0.244711
4727     0.935920
4728    -2.038092
4729    -1.383457
4730    -0.549466
4731     0.735643
4732     0.365474
4733     1.160255
4734    -1.060762
4735    -2.095885
4736    -0.729204
4737     1.764595
4738    -0.695570
4739    -1.175349
4740     0.831706
4741    -0.233199
4742    -0.767340
4743     0.714174
4744     0.505429
4745    -0.377260
4746     0.767506
4747     1.640529
4748     2.435010
4749    -1.109836
4750    -0.135025
4751     1.321993
4752    -1.312959
4753    -0.199882
4754    -0.591821
4755     0.407471
4756     0.745382
4757    -1.279385
4758    -0.141625
4759    -0.822351
4760     1.993835
4761     0.457514
4762     0.253359
4763    -1.096846
4764    -0.973572
4765     0.848890
4766    -1.185423
4767     0.342509
4768     1.264508
4769     0.916659
4770    -1.840594
4771    -1.665632
4772     1.845170
4773     0.328649
4774     0.562488
4775    -0.588580
4776    -0.945644
4777    -0.294804
4778     0.647302
4779     0.241740
4780    -0.245681
4781    -0.912786
4782     0.439217
4783     2.162780
4784    -0.700867
4785     0.033634
4786    -1.099456
4787     0.139628
4788    -0.195854
4789    -0.881824
4790    -0.534399
4791     0.150776
4792    -0.105131
4793     0.911390
4794     0.036508
4795    -1.447666
4796    -0.988490
4797     1.939782
4798    -0.852713
4799    -1.187791
4800     0.660605
4801    -0.504555
4802    -0.794047
4803     0.317171
4804    -0.587312
4805    -1.374678
4806     0.126780
4807     1.127825
4808     2.103380
4809    -0.897904
4810     1.426562
4811     1.804013
4812    -0.155156
4813    -0.669786
4814    -1.641352
4815    -0.068016
4816    -0.140760
4817    -1.428376
4818    -0.539845
4819     0.541403
4820     2.008267
4821     0.866108
4822    -0.635889
4823     0.116234
4824    -0.876702
4825    -0.310175
4826    -1.998503
4827    -0.260491
4828     1.208854
4829     1.481821
4830    -1.181940
4831     0.347703
4832     1.933076
4833     1.007335
4834     0.624091
4835    -0.697582
4836    -0.807389
4837    -0.446151
4838    -0.326686
4839    -0.081754
4840     0.469027
4841     1.142085
4842     1.092858
4843    -0.004517
4844    -1.837253
4845    -0.709154
4846     0.113720
4847     1.204679
4848     0.336032
4849    -0.835552
4850    -1.050819
4851    -0.135523
4852     0.514361
4853     1.239617
4854     0.269402
4855    -1.648230
4856    -0.558637
4857     1.318672
4858    -0.590618
4859    -1.325238
4860     0.379517
4861    -0.805522
4862     0.224457
4863     0.091343
4864    -0.817836
4865    -0.977474
4866    -0.032367
4867     0.980853
4868    -0.619076
4869     0.045050
4870     1.864416
4871    -0.120845
4872    -0.069990
4873    -1.164579
4874     0.109312
4875    -0.104900
4876    -0.897422
4877     0.140598
4878    -0.391865
4879     2.468636
4880     0.096020
4881    -0.144693
4882    -1.072388
4883    -1.266893
4884     0.064539
4885    -0.994523
4886     0.016060
4887    -0.230368
4888     1.267209
4889    -0.635161
4890    -0.511686
4891     2.641644
4892    -0.301272
4893    -0.043787
4894    -0.810439
4895    -1.152899
4896     0.427273
4897    -0.935386
4898     0.434605
4899    -0.127495
4900     3.016086
4901    -0.131711
4902    -0.414779
4903    -0.935313
4904    -0.705504
4905    -0.170452
4906     0.168429
4907     1.194813
4908     0.129425
4909    -1.093863
4910     0.658048
4911    -0.332992
4912     0.589923
4913     1.968676
4914    -0.159875
4915    -2.624871
4916     0.823620
4917     1.833367
4918    -0.845056
4919     0.244626
4920     0.144251
4921    -1.355046
4922     1.231996
4923     0.273912
4924     1.425837
4925    -0.313086
4926    -0.667846
4927     1.809624
4928     0.386920
4929     0.327115
4930    -0.146613
4931    -0.809312
4932     0.507112
4933    -1.375277
4934     3.266431
4935     0.995617
4936    -0.650979
4937     0.618539
4938    -1.017620
4939     0.352885
4940     0.089536
4941     0.504752
4942     0.462497
4943    -0.252135
4944    -0.215936
4945    -0.528349
4946     0.515763
4947    -0.634571
4948     0.299923
4949    -0.761368
4950    -0.478342
4951     0.631912
4952    -0.680203
4953     0.443632
4954     0.774892
4955     0.198681
4956     0.529852
4957    -0.914413
4958     0.136614
4959    -0.582675
4960     0.568261
4961    -0.457213
4962     0.475671
4963    -0.552365
4964    -0.760494
4965    -0.575918
4966    -0.346040
4967    -1.389141
4968    -0.313689
4969    -0.935869
4970     1.139951
4971    -0.725340
4972     0.358584
4973    -1.589193
4974    -0.264947
4975    -1.040185
4976    -3.149734
4977     1.168603
4978     1.160722
4979     2.577448
4980     0.250615
4981    -0.629785
4982     1.681397
4983     0.457218
4984     2.382790
4985    -0.126876
4986     0.528031
4987    -0.528264
4988    -0.959202
4989    -0.676671
4990    -0.180314
4991    -0.905724
4992    -0.197348
4993     0.116764
4994     1.619184
4995     0.593768
4996    -0.782486
4997     2.125938
4998     0.104747
4999     0.665853
5000    -0.983556
5001     0.099289
5002     0.164983
5003    -1.661681
5004    -0.756699
5005    -0.752428
5006     2.183702
5007     0.414898
5008    -0.295285
5009    -1.199970
5010    -0.924341
5011     0.735891
5012    -1.482090
5013     0.006335
5014     0.020593
5015    -1.312781
5016    -0.454065
5017    -1.178063
5018     1.607264
5019     0.089300
5020    -0.091679
5021    -1.188131
5022    -0.434523
5023     1.046910
5024    -1.231692
5025     0.209833
5026     0.576720
5027    -0.523127
5028     0.352510
5029    -0.912241
5030     2.385023
5031     0.227086
5032    -0.168929
5033    -1.071251
5034    -0.641122
5035    -1.372932
5036    -0.830170
5037     0.571782
5038     1.181903
5039     1.873743
5040     0.429973
5041    -1.609966
5042    -1.099001
5043    -0.454411
5044     2.148688
5045     0.758143
5046    -0.012144
5047     0.887843
5048     0.560471
5049     0.190489
5050     1.089389
5051     0.668334
5052     0.601808
5053    -1.664246
5054    -1.140910
5055    -0.377726
5056    -1.857106
5057    -0.482963
5058    -0.857720
5059     0.622559
5060     0.902629
5061     0.281751
5062     1.060198
5063     0.633362
5064     0.415998
5065    -2.360959
5066    -0.399562
5067    -0.651030
5068     1.070352
5069     0.548643
5070     0.222634
5071     1.062096
5072     0.415984
5073     0.351547
5074     1.295550
5075     0.858075
5076     1.095418
5077    -1.718253
5078    -1.290136
5079    -0.706010
5080     1.139798
5081     0.709448
5082     0.570777
5083     0.983784
5084     0.942605
5085     0.664075
5086     0.757526
5087     0.564153
5088     0.155874
5089    -1.696758
5090    -0.412606
5091    -0.710653
5092     1.239954
5093     0.464923
5094     0.235554
5095    -1.961069
5096    -2.101529
5097    -0.576471
5098    -0.489379
5099    -1.100064
5100    -0.439757
5101    -0.904507
5102    -0.438213
5103    -1.092800
5104     0.629952
5105    -0.339500
5106    -1.075896
5107     0.653327
5108    -0.033134
5109     1.795468
5110     0.561533
5111    -0.195118
5112     1.968363
5113    -0.805106
5114     0.046087
5115    -1.393453
5116    -1.652088
5117     0.320382
5118    -2.666365
5119     0.887915
5120     0.780006
5121     1.170270
5122     0.710581
5123    -0.118715
5124     1.129980
5125    -1.570746
5126     0.924207
5127    -1.649321
5128     0.555934
5129    -0.310036
5130     1.561164
5131     0.287765
5132    -0.595068
5133     1.072126
5134     0.813235
5135     0.060036
5136     1.155032
5137    -0.670029
5138    -0.424859
5139    -1.050047
5140     0.669481
5141    -0.135847
5142     1.896203
5143     0.762356
5144     0.493017
5145     0.178573
5146     0.063381
5147    -0.385519
5148     1.082568
5149    -1.134199
5150     0.188685
5151    -1.771173
5152     0.635774
5153    -0.487465
5154     1.045627
5155    -0.710821
5156     0.883189
5157    -1.473074
5158     0.216262
5159    -0.232134
5160    -1.883247
5161    -0.166736
5162    -0.078459
5163    -0.439249
5164     1.082559
5165    -0.434978
5166    -0.284911
5167     0.791606
5168    -0.630145
5169     1.569290
5170     0.853317
5171    -0.781558
5172     1.835909
5173    -0.906828
5174     0.772498
5175    -1.365351
5176    -2.021791
5177     0.429299
5178    -2.596850
5179     0.417751
5180     0.207550
5181     0.691780
5182     0.358141
5183    -0.639434
5184     0.728974
5185    -1.646657
5186     0.568061
5187    -1.658625
5188     0.810241
5189    -0.608370
5190     1.427138
5191     0.482101
5192    -0.792342
5193     0.972582
5194     0.513236
5195     0.144779
5196     0.663393
5197    -0.649198
5198     0.246358
5199    -1.084743
5200     0.975788
5201    -0.633269
5202     1.797013
5203     0.871307
5204     0.379813
5205     0.258708
5206     0.340979
5207    -0.419002
5208     1.013132
5209    -0.977286
5210     0.109076
5211    -1.613049
5212     0.042868
5213    -0.310859
5214     0.880118
5215    -1.228642
5216     2.629186
5217    -1.149632
5218     0.057244
5219    -0.158203
5220    -1.645629
5221     0.039457
5222     0.193650
5223    -0.766573
5224     1.439560
5225    -0.550448
5226    -0.267893
5227     0.490684
5228    -0.560119
5229     1.499730
5230     0.452021
5231    -0.594928
5232     1.681945
5233    -0.309238
5234     0.333292
5235    -1.023715
5236    -1.601146
5237     0.197389
5238    -2.399632
5239    -0.029872
5240    -0.188623
5241     1.355385
5242     0.077903
5243    -0.678314
5244     0.776312
5245    -1.774308
5246     0.185995
5247    -1.116608
5248     0.896628
5249    -0.617785
5250     1.288698
5251     0.258818
5252    -0.365325
5253     0.593224
5254     0.906526
5255     0.255317
5256     0.359152
5257    -0.522860
5258     0.301885
5259    -1.208746
5260     0.806018
5261    -0.652507
5262     1.755750
5263     0.723505
5264     0.759163
5265    -0.134643
5266    -0.034942
5267    -0.311571
5268     1.036765
5269    -0.476370
5270    -0.276136
5271    -1.322862
5272     0.164123
5273    -0.658818
5274     1.086440
5275    -1.418899
5276     3.579451
5277    -1.814045
5278    -0.087607
5279    -0.351569
5280    -1.378681
5281    -0.236926
5282    -0.401209
5283    -0.629003
5284     1.550970
5285    -0.540841
5286    -1.146399
5287     1.005072
5288     0.322461
5289     1.308258
5290     1.066047
5291     0.378809
5292     1.571209
5293    -0.692373
5294    -0.582950
5295    -1.069209
5296    -2.167076
5297    -0.627488
5298    -2.335789
5299     0.193739
5300     0.468261
5301     1.257071
5302     0.210536
5303    -0.488790
5304     0.988997
5305    -2.053690
5306     0.373756
5307    -1.229206
5308     1.007646
5309    -0.447702
5310     1.186853
5311     0.495758
5312     0.074013
5313     0.831225
5314     0.803817
5315    -0.316373
5316     0.522097
5317    -0.785332
5318    -0.074364
5319    -1.086992
5320     1.228078
5321    -0.007379
5322     1.424100
5323     0.820509
5324     0.974103
5325     0.025875
5326     0.029583
5327     0.104370
5328     1.058439
5329    -0.830621
5330    -1.009396
5331    -1.316956
5332     0.297875
5333    -0.424313
5334     0.989875
5335    -1.768942
5336     2.558449
5337    -0.971588
5338    -0.174671
5339    -0.333415
5340    -1.378858
5341    -0.799829
5342    -0.052153
5343    -0.200905
5344     1.542731
5345    -0.271115
5346    -0.646129
5347     1.677850
5348    -0.015877
5349     0.769192
5350     1.660144
5351     0.152137
5352     1.152710
5353    -1.831761
5354    -0.368067
5355    -0.777182
5356    -2.429131
5357    -0.912218
5358    -2.911764
5359     0.360238
5360     0.060020
5361     0.368565
5362     0.341549
5363    -0.436416
5364     0.433868
5365    -1.564957
5366     0.307735
5367    -1.401166
5368     1.081568
5369    -0.336455
5370     0.798557
5371     1.083761
5372     0.000814
5373     0.841414
5374     0.030508
5375    -0.032021
5376     0.502007
5377    -0.958505
5378     0.318783
5379    -0.056256
5380     1.774974
5381    -0.200655
5382     0.779274
5383     0.730776
5384     1.061463
5385     0.505226
5386     0.231672
5387    -0.234600
5388     0.222754
5389    -1.490878
5390    -0.664427
5391    -1.086689
5392     0.291605
5393    -0.573756
5394     0.085147
5395    -2.127113
5396     2.288654
5397     1.266644
5398     0.394798
5399    -0.091845
5400    -0.645267
5401    -0.436473
5402     0.422349
5403    -0.447838
5404     1.175732
5405    -0.269126
5406    -0.763608
5407     0.853379
5408    -0.623733
5409     0.946176
5410     1.117917
5411    -0.285459
5412     1.178810
5413    -0.789705
5414    -0.116387
5415    -0.576988
5416    -1.969382
5417    -1.364186
5418    -2.452244
5419     0.009718
5420    -0.220680
5421     0.308901
5422     0.466358
5423    -0.947272
5424     0.662875
5425    -0.998799
5426    -0.002148
5427    -1.080044
5428     0.371148
5429    -0.565712
5430     0.717350
5431     0.924237
5432     0.420099
5433     0.401338
5434    -0.314662
5435    -0.121181
5436     0.367123
5437    -0.311679
5438     1.090941
5439    -0.294022
5440     1.202586
5441    -0.874640
5442     1.039314
5443     0.756019
5444     1.371766
5445     0.241294
5446     0.047461
5447    -0.589531
5448     0.244906
5449    -1.134073
5450    -0.772765
5451    -1.001550
5452     0.310696
5453    -1.309052
5454     0.530275
5455    -1.524804
5456     4.423890
5457     0.953137
5458     0.244326
5459     0.332830
5460    -0.975206
5461    -0.128235
5462    -0.228170
5463    -0.917672
5464     0.905724
5465     0.145872
5466    -0.523033
5467     0.540762
5468    -0.046427
5469     1.172526
5470     0.853704
5471    -0.011961
5472     1.223852
5473    -0.019356
5474    -1.192703
5475    -0.875039
5476    -1.467617
5477    -1.844891
5478    -1.629011
5479     0.022657
5480    -0.065938
5481     1.122423
5482     0.195324
5483    -0.578059
5484     0.599468
5485    -1.092377
5486    -0.022505
5487    -1.406402
5488     0.237006
5489    -0.134433
5490     1.471892
5491     0.600427
5492     0.934224
5493     0.588410
5494    -0.414241
5495     0.006371
5496     0.828189
5497     0.115385
5498     0.382516
5499    -1.181815
5500     0.987852
5501    -0.638716
5502     1.275562
5503     0.643278
5504     1.277870
5505     0.093161
5506     0.042799
5507    -0.606644
5508     0.693838
5509    -0.740031
5510    -1.477447
5511    -1.272765
5512     0.085127
5513    -0.910292
5514     0.904351
5515    -1.290473
5516     4.225854
5517    -0.496655
5518    -0.077714
5519     0.785478
5520    -1.671279
5521    -0.727589
5522    -0.843388
5523    -0.940860
5524     0.921681
5525     0.163515
5526     0.099554
5527     1.025376
5528     0.662544
5529     0.868791
5530     1.649743
5531     0.864063
5532     1.091122
5533    -0.615025
5534    -1.712846
5535    -0.672596
5536    -1.964336
5537    -2.525767
5538    -2.069956
5539     0.693231
5540     0.735145
5541     0.404756
5542     0.174314
5543    -0.304020
5544     0.521077
5545    -1.401622
5546    -0.735198
5547    -0.813795
5548     0.120433
5549     0.050397
5550     0.918983
5551     0.978952
5552     1.093004
5553     1.183881
5554    -0.395414
5555     0.181037
5556     0.694196
5557    -0.478166
5558    -0.286496
5559    -1.105509
5560     1.686039
5561     0.318521
5562     0.781954
5563     0.332002
5564     0.709659
5565     0.684142
5566     0.114078
5567    -0.284099
5568    -0.241198
5569    -0.865915
5570    -1.336180
5571    -1.108561
5572     0.527976
5573    -0.231513
5574     0.592839
5575    -1.282370
5576     3.279189
5577     0.260127
5578    -0.493388
5579     0.202433
5580    -1.148947
5581    -0.983757
5582    -1.283399
5583    -1.773916
5584     0.270458
5585     0.345550
5586     0.604554
5587     0.507440
5588     0.432692
5589     1.241736
5590     0.700851
5591     0.521614
5592     1.264475
5593    -0.989543
5594    -1.397676
5595    -1.744316
5596    -0.950708
5597    -0.234558
5598    -1.121482
5599     0.510172
5600     0.221312
5601     1.091793
5602     0.561195
5603     0.229518
5604     1.139153
5605    -1.294581
5606    -1.252115
5607    -1.785625
5608     0.764477
5609     0.613576
5610     1.283372
5611     1.195301
5612     0.718957
5613     1.591487
5614     0.553606
5615     0.335362
5616     1.295556
5617    -0.897064
5618    -0.860137
5619    -1.832964
5620     0.729617
5621     0.512648
5622     1.042442
5623     0.806246
5624     0.871830
5625     1.226970
5626     0.738403
5627     0.898557
5628     0.241114
5629    -1.132407
5630    -1.468431
5631    -1.754393
5632     0.596298
5633     0.711131
5634     0.842794
5635    -0.611350
5636     0.495527
5637    -1.198155
5638    -1.074654
5639    -0.411956
5640    -1.654596
5641    -0.902762
5642    -0.867701
5643    -1.526590
5644     0.217950
5645     0.585044
5646     0.695465
5647     0.225863
5648    -0.157496
5649     0.559096
5650     0.352331
5651    -0.611237
5652     0.813307
5653    -0.972319
5654    -1.057668
5655    -1.617318
5656    -0.909279
5657    -0.263926
5658    -1.614321
5659     0.065344
5660    -0.368822
5661     1.270485
5662     0.684862
5663     0.481582
5664     0.517660
5665    -1.238357
5666    -0.918252
5667    -1.531536
5668     1.571173
5669     1.136908
5670     1.829952
5671     1.828955
5672     1.279940
5673     1.911292
5674     0.797449
5675     0.806502
5676     1.647568
5677    -1.076190
5678    -0.862874
5679    -1.570884
5680     0.340616
5681     0.059091
5682     0.581132
5683     0.585591
5684     0.796373
5685     1.648606
5686     0.739440
5687     0.697926
5688    -0.558964
5689    -1.047728
5690    -1.049016
5691    -1.401473
5692     0.851180
5693     1.123866
5694     0.498507
5695    -0.910185
5696    -0.283645
5697    -1.241822
5698    -1.203936
5699    -0.526597
5700    -0.910165
5701    -0.729603
5702    -1.693301
5703    -1.237837
5704     0.108716
5705     0.253210
5706    -0.037413
5707     0.182008
5708     0.868713
5709     0.384004
5710     0.517219
5711     0.608613
5712     0.558571
5713    -0.800819
5714    -1.840055
5715    -1.287985
5716    -0.541222
5717    -1.228031
5718    -1.475057
5719     0.355044
5720     0.881448
5721     1.302182
5722     0.407426
5723     0.257566
5724    -0.149684
5725    -1.463452
5726    -1.182705
5727    -1.298720
5728     1.037719
5729     1.666157
5730     1.996057
5731     1.562426
5732     2.087741
5733     1.455080
5734     0.667541
5735     0.877085
5736     0.653270
5737    -1.150738
5738    -1.335489
5739    -1.524829
5740     0.516287
5741     0.748558
5742     1.675234
5743     0.359433
5744     0.882575
5745     0.771557
5746     0.419784
5747    -0.041966
5748     0.129039
5749    -0.922556
5750    -1.761453
5751    -1.245847
5752     0.564349
5753     0.446625
5754     0.014657
5755    -1.024704
5756    -0.942881
5757    -0.964882
5758    -0.064859
5759     0.447589
5760     0.282604
5761    -0.791532
5762    -1.661103
5763    -0.787917
5764    -0.502569
5765    -0.179207
5766    -0.569341
5767     1.295783
5768     0.715933
5769     0.618598
5770     1.259478
5771     0.392785
5772     1.004787
5773    -0.772131
5774    -1.788603
5775    -0.779672
5776    -0.887592
5777    -1.574931
5778    -1.187345
5779     0.198679
5780     1.151137
5781     0.999779
5782    -0.051576
5783     0.144344
5784    -0.128401
5785    -1.190490
5786    -0.717756
5787    -1.063860
5788     1.051252
5789     1.984971
5790     1.634927
5791     2.237177
5792     1.988012
5793     1.695333
5794     0.299151
5795     1.051382
5796     0.072143
5797    -1.167619
5798    -1.428123
5799    -1.009057
5800     1.596770
5801     0.999914
5802     0.854728
5803    -0.044948
5804     0.979416
5805     0.334776
5806     0.112452
5807     0.103655
5808     0.124883
5809    -0.940757
5810    -1.888843
5811    -0.720128
5812     0.000373
5813     0.053486
5814    -0.064951
5815    -1.108099
5816    -0.581538
5817    -0.981703
5818    -0.593800
5819     0.255070
5820    -0.047581
5821    -0.628112
5822    -1.127678
5823    -0.420257
5824    -0.794201
5825    -0.812315
5826    -0.375467
5827     0.817527
5828     1.571000
5829     0.341231
5830     1.147401
5831     1.357769
5832     0.743437
5833    -0.626058
5834    -1.148431
5835    -0.463600
5836    -0.582992
5837    -1.016047
5838    -0.856590
5839     1.076628
5840     1.207337
5841     0.980185
5842    -0.465228
5843    -0.752722
5844    -0.392591
5845    -0.669523
5846    -1.041751
5847    -0.716198
5848     1.268976
5849     2.779282
5850     1.570021
5851     2.515413
5852     1.643067
5853     2.032407
5854    -0.454042
5855     0.284170
5856    -0.546766
5857    -0.745179
5858    -0.977679
5859    -0.665609
5860     1.963466
5861     1.811960
5862     0.703957
5863    -0.805534
5864     0.236634
5865    -0.384907
5866    -0.441748
5867    -0.621090
5868     0.046712
5869    -0.715415
5870    -1.136035
5871    -0.516302
5872    -0.474454
5873    -0.732821
5874    -0.161218
5875    -0.498939
5876    -0.835554
5877    -0.673933
5878    -0.887987
5879    -0.689095
5880    -0.244513
5881    -0.304934
5882    -0.840019
5883    -0.843191
5884    -0.678375
5885    -1.047095
5886    -0.280125
5887     0.596128
5888     1.634427
5889     0.841986
5890     1.277954
5891     1.601265
5892     1.066196
5893    -0.322758
5894    -0.836798
5895    -0.854531
5896    -0.333998
5897    -0.904240
5898    -1.008709
5899     0.365121
5900     2.116061
5901     1.104404
5902    -0.243374
5903    -0.892089
5904    -0.371266
5905    -0.429078
5906    -0.806426
5907    -0.889092
5908     0.606722
5909     2.460097
5910     2.111958
5911     1.204417
5912     2.103051
5913     2.202511
5914    -0.504007
5915    -0.464907
5916    -0.527617
5917    -0.403004
5918    -0.861971
5919    -1.012333
5920     1.649794
5921     1.664250
5922     1.230867
5923    -0.816351
5924    -0.627152
5925    -0.606284
5926    -0.131647
5927    -0.954348
5928    -0.004547
5929    -0.439746
5930    -0.812909
5931    -0.885346
5932    -0.182081
5933    -0.886519
5934    -0.192873
5935    -0.231865
5936    -0.616641
5937    -0.821104
5938    -0.678919
5939    -1.028037
5940    -0.260902
5941    -0.467432
5942    -1.341688
5943    -0.708987
5944    -0.625893
5945    -0.983277
5946    -0.045322
5947     0.387139
5948     2.007029
5949     1.315283
5950     0.459409
5951     1.840832
5952     1.377509
5953    -0.602707
5954    -1.296746
5955    -0.743985
5956    -0.623007
5957    -1.117052
5958    -0.855190
5959     0.965065
5960     1.901627
5961     1.392801
5962    -0.028018
5963    -0.006825
5964    -1.115501
5965    -0.431814
5966    -1.265360
5967    -0.600312
5968     1.650318
5969     1.841006
5970     1.521833
5971     0.684814
5972     1.959098
5973     0.863741
5974    -0.334894
5975    -0.561769
5976    -0.248771
5977    -0.617555
5978    -1.124640
5979    -0.833166
5980     1.395093
5981     2.209797
5982     1.609269
5983    -0.671463
5984    -0.672118
5985    -0.408091
5986     0.357926
5987    -0.165772
5988    -0.548275
5989    -0.545646
5990    -1.247397
5991    -0.596489
5992    -0.031600
5993    -0.018319
5994    -0.672244
5995    -0.294780
5996    -0.953670
5997    -0.715601
5998    -0.624955
5999    -1.004757
6000     0.011500
6001    -0.649135
6002    -0.928761
6003    -1.150131
6004    -0.861399
6005    -0.132466
6006    -0.319695
6007    -0.317925
6008     0.169489
6009     1.802100
6010     0.455770
6011     0.298829
6012     2.583598
6013    -0.809908
6014    -0.999907
6015    -0.788415
6016    -0.561609
6017    -0.846586
6018    -1.181129
6019     0.417270
6020    -0.165628
6021     2.614329
6022     1.488130
6023     0.887124
6024    -0.876189
6025    -0.805317
6026    -1.095488
6027    -1.527603
6028     1.395404
6029     0.270270
6030     2.590572
6031     0.666780
6032     0.260471
6033     0.356776
6034     0.163358
6035     0.657468
6036    -0.089038
6037    -0.771854
6038    -0.797560
6039    -1.120107
6040     1.298503
6041     1.473092
6042     1.507781
6043    -0.635661
6044     0.371706
6045    -0.189503
6046     0.367061
6047     1.039150
6048    -0.114754
6049    -0.865134
6050    -1.058885
6051    -1.637573
6052     0.631998
6053     0.905430
6054    -0.593852
6055     0.162726
6056    -0.117080
6057    -1.413407
6058    -0.769059
6059    -0.190668
6060    -0.453761
6061    -0.601411
6062    -0.225011
6063    -0.989302
6064    -0.707726
6065     1.100085
6066    -0.312105
6067     0.239562
6068    -0.480814
6069     0.260885
6070     0.717073
6071    -0.067275
6072    -0.769934
6073    -1.245477
6074    -0.719673
6075     0.265119
6076    -0.109151
6077    -0.183897
6078    -1.541992
6079     1.302149
6080    -0.424282
6081    -0.159961
6082    -0.960247
6083     0.421987
6084     1.961426
6085    -1.059841
6086    -0.534548
6087    -1.436656
6088     2.277572
6089    -2.237282
6090     1.652523
6091     2.241526
6092    -0.726854
6093    -0.262298
6094     0.121836
6095     1.210062
6096     1.394865
6097    -1.126578
6098    -0.093905
6099    -0.734863
6100     1.199776
6101    -0.286246
6102     0.151221
6103    -1.336625
6104     0.675779
6105     1.182034
6106    -0.054112
6107     0.946521
6108     1.594248
6109    -1.088935
6110    -0.160083
6111    -1.837998
6112     1.086827
6113     1.118985
6114     0.218113
6115    -0.065300
6116    -0.296326
6117    -0.874252
6118    -0.830920
6119     0.962778
6120     0.238926
6121     0.918527
6122    -0.953448
6123     0.651738
6124     0.217837
6125     1.826458
6126    -1.675416
6127    -0.162824
6128    -0.176122
6129    -1.638542
6130    -0.339522
6131    -0.663072
6132     0.506566
6133     0.479344
6134    -0.746606
6135    -0.731552
6136    -0.925186
6137    -1.003933
6138    -0.390780
6139     0.102342
6140    -0.451940
6141    -0.826148
6142     1.178268
6143     0.893611
6144     1.688352
6145    -0.059177
6146    -1.471807
6147     0.444686
6148    -0.713684
6149    -0.404128
6150    -1.670132
6151    -0.424283
6152    -0.858538
6153    -0.056489
6154     0.476140
6155     1.107069
6156     2.632019
6157    -0.988502
6158    -0.788099
6159    -0.151539
6160    -0.988632
6161     0.202055
6162    -1.057426
6163     1.300318
6164     1.347959
6165     0.813069
6166     0.935783
6167     1.670574
6168     0.683297
6169    -0.872515
6170    -0.900698
6171    -0.110920
6172     0.463676
6173     0.917149
6174     1.965675
6175    -0.478705
6176    -1.036058
6177     0.280197
6178    -0.119203
6179     1.489576
6180    -1.356655
6181     0.304974
6182    -0.513686
6183    -0.437883
6184    -0.284846
6185     1.456298
6186     0.527905
6187    -1.086481
6188    -0.806958
6189     0.964357
6190    -0.311123
6191    -0.550217
6192    -0.625391
6193     0.053846
6194    -0.991662
6195    -0.724127
6196     0.248565
6197    -1.127507
6198    -1.463876
6199    -0.334561
6200    -1.095225
6201     0.534114
6202    -0.344521
6203     1.395917
6204     1.313195
6205     0.173475
6206    -0.967579
6207    -1.306569
6208    -0.764843
6209    -0.886334
6210    -0.559541
6211     0.071953
6212    -0.774808
6213    -0.781388
6214    -0.140959
6215     2.061681
6216     1.208483
6217     1.318933
6218    -0.903572
6219    -1.128079
6220    -0.418015
6221    -0.359724
6222     0.253368
6223     0.021310
6224     1.273574
6225     2.261372
6226    -0.253736
6227     1.612490
6228     2.119120
6229     0.141239
6230    -0.976702
6231    -0.953666
6232    -0.159578
6233     1.618222
6234     0.862672
6235     1.838089
6236    -0.786473
6237    -1.218937
6238    -0.073723
6239     1.322266
6240    -0.845128
6241     1.201559
6242    -2.109166
6243     0.393609
6244     0.505027
6245    -0.056165
6246     0.908499
6247    -1.389710
6248    -1.014994
6249     0.744149
6250    -1.256010
6251     1.453598
6252    -1.147554
6253     0.411796
6254    -1.660583
6255     1.081217
6256     0.246920
6257    -1.428687
6258     0.632324
6259    -1.088920
6260     1.418510
6261    -1.574407
6262     0.131911
6263     0.882336
6264    -0.190754
6265     0.267685
6266    -1.382237
6267     1.060745
6268    -1.594692
6269     0.914466
6270    -1.824679
6271    -0.793806
6272     0.889872
6273    -1.602529
6274     0.479232
6275     1.008797
6276    -0.202690
6277     0.762911
6278    -0.949446
6279     0.485338
6280    -0.947244
6281     0.871540
6282    -1.467374
6283     0.520325
6284     0.835185
6285    -0.032619
6286     0.357409
6287     0.932766
6288     0.449221
6289     0.209402
6290    -1.379924
6291     0.454541
6292     0.470364
6293     0.472604
6294     0.116609
6295     1.285141
6296    -0.609280
6297     0.227292
6298     0.220700
6299     0.910809
6300     1.489064
6301     1.749436
6302    -1.122884
6303     0.414605
6304     1.326297
6305     0.678355
6306     0.173738
6307    -0.438197
6308     0.074657
6309     0.192099
6310    -2.269053
6311     0.525880
6312    -0.300638
6313     1.784135
6314     0.067873
6315     0.103458
6316     1.461425
6317     0.318564
6318    -0.091855
6319    -2.445108
6320     0.057044
6321    -0.276022
6322    -0.578132
6323    -0.977562
6324     0.048474
6325     1.606730
6326     0.182756
6327     0.055783
6328    -2.700748
6329     0.094849
6330    -0.855884
6331    -2.530756
6332    -0.176902
6333     0.193324
6334    -0.240767
6335     0.218132
6336     0.093926
6337     1.570154
6338     0.472627
6339    -0.177741
6340    -2.378645
6341     0.333973
6342     0.119815
6343    -0.532772
6344    -0.375205
6345     0.608964
6346     0.199179
6347    -0.413266
6348     0.035650
6349     1.295294
6350     0.452690
6351    -0.160704
6352     0.067830
6353    -0.500843
6354     0.039149
6355     1.508022
6356    -0.312004
6357     0.016086
6358     1.545676
6359     0.401265
6360    -0.232227
6361     1.162209
6362    -0.216505
6363     0.736533
6364     1.351326
6365    -0.197688
6366     0.941617
6367    -0.706445
6368     0.664660
6369    -1.499692
6370    -1.718712
6371     0.054215
6372    -1.137716
6373     1.651299
6374    -0.523016
6375     0.748513
6376     1.358434
6377    -0.135770
6378     0.748986
6379    -1.605484
6380    -0.196303
6381     0.094091
6382    -0.765545
6383    -0.380901
6384     0.338992
6385     1.559726
6386    -0.272957
6387     1.152528
6388    -1.414544
6389    -0.833035
6390    -0.184762
6391    -1.403291
6392    -0.985408
6393     0.305371
6394    -0.865066
6395     1.269623
6396    -1.777862
6397     1.389025
6398     0.090978
6399     1.009377
6400    -1.505282
6401    -0.522161
6402    -0.810442
6403    -0.591348
6404    -0.494032
6405     0.163963
6406    -0.771629
6407     1.482685
6408    -1.532892
6409     1.200620
6410    -0.046162
6411     0.919432
6412    -0.876889
6413     1.430992
6414    -1.463637
6415     1.008484
6416     0.089602
6417     0.345373
6418     1.543115
6419    -0.278816
6420     0.902228
6421     0.203165
6422     0.272213
6423     1.028821
6424     0.292787
6425    -0.138558
6426     1.208769
6427    -0.263878
6428    -0.767315
6429    -1.142938
6430    -0.291503
6431    -1.066225
6432    -1.387390
6433     0.498626
6434     0.477893
6435     0.953521
6436     1.988637
6437     0.582987
6438    -0.456163
6439     0.670238
6440    -1.003091
6441    -1.046023
6442    -0.654470
6443     1.011464
6444    -0.123341
6445     0.317853
6446    -0.384304
6447     1.653197
6448    -1.591466
6449    -2.288863
6450     0.981300
6451     1.001865
6452    -0.624518
6453    -1.308728
6454    -1.262973
6455     2.219796
6456    -1.294961
6457     0.239071
6458    -0.064153
6459     1.410555
6460     0.564192
6461    -0.808393
6462    -1.668698
6463    -0.825998
6464    -0.152368
6465     0.100155
6466    -0.986670
6467     2.059404
6468    -1.271460
6469    -0.091180
6470    -0.257815
6471     1.559157
6472    -0.757256
6473    -0.676026
6474    -0.412557
6475     0.463579
6476     1.373933
6477     0.206079
6478     0.485381
6479     0.233939
6480     1.010706
6481     0.077874
6482     0.106364
6483     0.681361
6484    -0.159697
6485     0.370876
6486     0.718308
6487     0.545834
6488    -1.753050
6489     0.219169
6490     0.183622
6491    -1.355853
6492    -1.248769
6493     0.191127
6494     0.561765
6495     0.376560
6496     0.914367
6497     1.380676
6498     0.008942
6499     0.774193
6500    -1.272718
6501    -0.967533
6502    -0.189688
6503     0.351392
6504    -0.183977
6505    -0.218152
6506     0.087183
6507     1.261668
6508    -1.861966
6509    -1.310065
6510     0.588721
6511     1.571134
6512    -1.320140
6513    -2.222809
6514    -0.177865
6515     1.033633
6516     2.091027
6517    -0.440034
6518     0.942465
6519     0.650590
6520     0.762561
6521    -0.254944
6522    -3.785340
6523    -0.825099
6524     0.069902
6525     0.465932
6526    -0.366358
6527     0.915920
6528     0.958057
6529    -0.709922
6530     0.355608
6531     1.251212
6532    -1.211935
6533     0.128787
6534    -0.607026
6535     0.980262
6536     0.522060
6537    -0.683406
6538     0.159742
6539     0.440138
6540     0.427312
6541     0.827986
6542    -0.168425
6543    -1.044427
6544     1.414061
6545     0.952506
6546    -1.574998
6547    -0.196104
6548    -1.179763
6549     0.955529
6550    -0.747126
6551    -0.384695
6552     1.102719
6553     1.707449
6554     1.317729
6555    -1.766177
6556     0.382367
6557     0.585662
6558    -0.025820
6559    -0.566615
6560    -1.350737
6561     2.731967
6562     0.877523
6563     0.731411
6564    -1.882165
6565     0.358675
6566    -0.299130
6567    -0.245197
6568    -1.194944
6569     0.497823
6570     0.246494
6571     0.070709
6572    -1.846927
6573     2.009876
6574    -0.292711
6575    -1.158707
6576     0.878949
6577    -0.608809
6578    -0.071157
6579    -0.075390
6580    -0.593110
6581    -0.141857
6582     0.495426
6583    -0.728613
6584     0.059587
6585    -0.442996
6586    -1.353738
6587     0.010393
6588     1.535826
6589    -0.692099
6590    -0.255896
6591     0.214583
6592    -0.396116
6593     1.418033
6594    -1.241565
6595     0.279659
6596     0.408938
6597    -0.203318
6598     1.451556
6599     0.875213
6600    -1.669316
6601     0.976109
6602     0.644250
6603    -2.225194
6604     0.176798
6605     0.022462
6606     0.124934
6607    -0.046246
6608    -1.214246
6609     1.256740
6610    -0.250322
6611    -0.850603
6612     2.469351
6613     0.754715
6614     0.500450
6615    -0.179087
6616     0.249601
6617     0.510407
6618     0.822345
6619    -0.438589
6620    -0.697412
6621     1.806592
6622     0.910792
6623    -0.053783
6624    -0.555951
6625     0.459768
6626     0.078057
6627    -0.913160
6628    -0.789512
6629     0.835532
6630    -0.015713
6631     0.446626
6632    -1.396314
6633     0.979212
6634    -2.274063
6635     0.436271
6636    -2.566657
6637    -1.825432
6638     0.023535
6639     0.163243
6640     0.880751
6641    -0.966927
6642     1.421104
6643    -0.048281
6644    -0.071685
6645    -0.401332
6646     0.578896
6647     0.902920
6648    -1.936747
6649    -1.997517
6650     0.040530
6651     0.115524
6652     1.582250
6653     0.825721
6654    -0.703017
6655     0.552486
6656     0.275015
6657     0.565104
6658     0.101171
6659     0.155821
6660    -0.227289
6661    -0.447683
6662    -0.263741
6663     0.682173
6664    -1.151527
6665     0.108798
6666     0.008080
6667     1.469558
6668    -0.310732
6669    -0.202916
6670     2.290524
6671    -0.345988
6672    -1.020559
6673    -0.878301
6674     0.470349
6675    -0.149191
6676    -1.489540
6677     0.300004
6678     0.703639
6679     1.251583
6680    -0.002150
6681    -0.330446
6682    -1.014879
6683    -0.048844
6684    -0.007160
6685    -0.947049
6686    -0.141171
6687     0.443997
6688     3.720578
6689     0.217623
6690    -0.951808
6691     3.655462
6692    -1.146320
6693    -2.133691
6694    -0.538140
6695    -0.038918
6696     0.249498
6697    -1.040509
6698     0.265228
6699     0.676811
6700     0.701039
6701    -0.123983
6702     0.155691
6703    -0.536639
6704     0.150117
6705    -0.187404
6706    -0.664973
6707    -0.048620
6708     0.756190
6709    -1.132901
6710     0.281585
6711     0.645426
6712    -1.113163
6713     0.105317
6714     0.357914
6715    -1.214919
6716     0.212467
6717     0.412001
6718    -0.918520
6719     0.358981
6720    -0.108246
6721    -0.811204
6722     1.103932
6723     0.203258
6724    -0.508539
6725    -0.289878
6726    -0.223713
6727     1.843668
6728    -1.747152
6729    -0.375787
6730     1.946869
6731    -1.004432
6732     0.110813
6733    -0.425907
6734    -0.194811
6735    -0.032603
6736    -1.422457
6737     1.242545
6738     0.382196
6739     1.554282
6740    -1.007787
6741    -0.448686
6742    -0.922190
6743     0.813601
6744    -0.359842
6745    -1.100742
6746     1.037651
6747     0.019993
6748     2.677253
6749    -0.786126
6750     0.446014
6751     2.656549
6752    -1.886853
6753    -0.390097
6754    -0.428674
6755     0.294603
6756    -0.265300
6757    -0.759801
6758     0.575119
6759    -0.055414
6760     1.133131
6761    -1.907500
6762     0.046868
6763    -0.354481
6764    -0.324723
6765    -0.033021
6766    -0.825946
6767     1.214064
6768     0.104818
6769    -0.953939
6770     0.685833
6771     0.043175
6772    -1.727195
6773     1.336598
6774     0.878793
6775    -1.250475
6776     1.044989
6777     0.187626
6778    -0.320202
6779    -0.199677
6780    -0.239089
6781     0.493441
6782    -0.676945
6783     0.948771
6784    -1.294434
6785     1.022624
6786    -0.201153
6787    -0.356357
6788     0.929989
6789    -0.948184
6790     0.016308
6791     1.864094
6792     0.864165
6793    -0.658424
6794     1.172422
6795    -0.027618
6796     0.572927
6797    -2.092509
6798     0.051570
6799     0.071312
6800     0.328717
6801     0.478040
6802     1.030196
6803    -1.751345
6804    -0.858091
6805     0.727497
6806    -0.965877
6807    -0.320632
6808     0.633823
6809     2.466475
6810     1.535075
6811    -0.753985
6812     0.551451
6813    -1.053782
6814     0.405178
6815    -0.169844
6816    -0.262267
6817    -0.305994
6818    -0.243317
6819     0.635858
6820    -1.766751
6821     0.471302
6822    -0.274154
6823    -0.906497
6824     1.460447
6825    -0.184385
6826     1.388698
6827    -1.129437
6828     0.125587
6829    -0.449140
6830    -0.205247
6831     0.678308
6832     1.663988
6833    -2.369106
6834    -1.623306
6835     0.227603
6836    -1.326390
6837     0.325663
6838    -0.739388
6839     0.662494
6840     0.110534
6841     0.435993
6842     0.419467
6843    -0.457176
6844    -0.919215
6845    -0.799947
6846    -0.305807
6847     1.094611
6848    -1.434775
6849    -3.134023
6850     0.250813
6851     2.300426
6852     0.931219
6853    -0.300928
6854    -1.179719
6855     0.181027
6856     0.193668
6857    -0.816697
6858    -0.259853
6859     0.334133
6860    -0.300664
6861     1.634365
6862     0.225366
6863    -0.541346
6864     0.414256
6865     0.395968
6866     0.057269
6867    -0.252589
6868     0.459006
6869     2.397540
6870     3.397202
6871    -1.197484
6872    -0.461546
6873     0.578980
6874     0.315162
6875     0.085893
6876    -0.571801
6877    -0.370994
6878     0.572661
6879     0.120175
6880    -1.186813
6881    -0.019506
6882    -1.125074
6883    -0.608963
6884     0.094029
6885     0.055046
6886     1.176039
6887    -0.150917
6888     0.442906
6889    -0.901044
6890     1.639956
6891    -0.476019
6892     0.950592
6893    -1.305739
6894    -0.551249
6895    -0.007792
6896    -0.154794
6897    -0.250693
6898    -0.338118
6899    -0.401592
6900    -0.370895
6901     1.361079
6902    -0.095087
6903    -0.286375
6904     0.615861
6905     0.304231
6906    -0.960629
6907    -1.425604
6908     0.130281
6909    -2.059790
6910    -1.282907
6911     1.496185
6912     0.995208
6913     1.120618
6914     0.464237
6915    -0.941033
6916     0.451292
6917     0.044310
6918    -0.518914
6919    -0.408955
6920    -0.422126
6921     1.673127
6922     0.201692
6923    -0.158917
6924     0.398237
6925     0.990386
6926    -0.280733
6927    -0.135328
6928    -1.002442
6929     1.369533
6930     2.774689
6931    -3.627220
6932    -0.259863
6933     0.742812
6934     1.387801
6935    -0.075633
6936    -0.603189
6937     0.877787
6938    -0.561542
6939     0.084454
6940    -1.921968
6941    -0.514460
6942    -0.004594
6943     0.077403
6944     0.195318
6945     0.079759
6946    -0.400717
6947    -0.859378
6948     0.927558
6949     0.844836
6950    -1.352552
6951    -0.091774
6952     0.681033
6953     0.209300
6954    -0.861144
6955     0.453954
6956     0.647601
6957    -0.640789
6958     1.006069
6959    -0.280707
6960    -0.572285
6961     1.592502
6962     0.318008
6963    -0.556742
6964     0.236668
6965     0.047148
6966    -0.367613
6967    -2.604696
6968    -0.510150
6969    -0.451391
6970    -1.664226
6971     1.412569
6972     1.412174
6973     1.083107
6974    -0.536420
6975    -0.159560
6976     0.598192
6977     0.097765
6978    -0.724107
6979    -0.603668
6980     1.609208
6981     0.605318
6982     0.893710
6983    -0.248734
6984    -0.284546
6985     1.233095
6986    -0.136165
6987    -0.265086
6988    -1.584398
6989     1.503164
6990     3.344316
6991    -2.370005
6992    -1.601883
6993    -0.757438
6994     1.326616
6995    -0.517867
6996    -0.099776
6997     0.661174
6998    -0.453942
6999     0.249136
7000    -1.846824
7001    -0.291949
7002     0.094651
7003     0.704635
7004    -0.401592
7005    -0.121327
7006    -0.136518
7007     0.433242
7008    -0.312397
7009     0.357910
7010     0.427451
7011    -0.948858
7012     0.991798
7013    -0.212380
7014    -0.778673
7015     0.268175
7016    -0.149660
7017     0.060398
7018     0.862754
7019    -0.787814
7020     0.061520
7021     0.247543
7022     0.029652
7023    -0.689037
7024    -0.385473
7025    -0.792502
7026    -0.452565
7027    -1.912111
7028    -1.807359
7029    -0.502471
7030    -0.493438
7031    -1.285893
7032     0.926871
7033     0.801696
7034     0.605747
7035     0.057033
7036     0.353730
7037     1.757433
7038    -0.558535
7039    -1.742968
7040     0.962336
7041     0.476097
7042     1.103748
7043     1.046698
7044    -0.052346
7045    -0.585614
7046     1.468690
7047    -0.558219
7048    -0.354498
7049    -1.288018
7050     2.756329
7051    -0.577071
7052    -0.059850
7053    -0.426919
7054     0.844236
7055    -0.397484
7056     0.000642
7057    -0.002797
7058     1.343592
7059     0.243059
7060    -0.452689
7061    -1.252165
7062     0.302495
7063     1.287370
7064     0.036692
7065     0.275848
7066     0.812717
7067    -1.123604
7068    -0.161548
7069     1.171280
7070     1.847484
7071    -0.575940
7072     1.637955
7073    -0.572803
7074    -0.542497
7075    -2.278923
7076     1.147015
7077    -0.559721
7078     0.525307
7079    -1.665660
7080     0.041424
7081    -0.244762
7082     0.928503
7083    -1.316855
7084     0.120329
7085    -0.548115
7086    -0.391759
7087    -1.353409
7088    -1.250241
7089     0.218464
7090    -0.984839
7091    -1.359410
7092     2.157032
7093    -0.508321
7094     0.721034
7095     1.167230
7096     0.989489
7097     0.864019
7098    -1.342672
7099    -0.327455
7100    -0.545975
7101     1.092872
7102     0.600104
7103     0.375218
7104     0.944705
7105    -0.162246
7106     0.561987
7107     0.118280
7108     0.121216
7109    -1.530031
7110     2.446154
7111     0.076058
7112     0.004819
7113    -1.175136
7114     0.248878
7115    -1.130427
7116     1.788627
7117     0.154850
7118     1.364444
7119    -1.315523
7120     0.046396
7121    -1.450210
7122     0.850531
7123     0.809608
7124     0.191913
7125     0.622663
7126     0.730229
7127    -0.418821
7128    -0.420527
7129     0.369701
7130     2.138136
7131    -2.400647
7132     0.707909
7133     0.493179
7134    -1.543160
7135    -0.764876
7136     0.721668
7137    -1.263378
7138    -0.628859
7139    -0.131690
7140    -0.236901
7141    -1.028124
7142     1.085864
7143    -0.694975
7144    -0.790652
7145    -0.837252
7146    -0.047600
7147     0.462091
7148    -1.936065
7149    -0.045099
7150     1.859719
7151    -0.165519
7152     0.258339
7153    -1.288279
7154    -0.631300
7155     0.885059
7156    -0.192083
7157     1.912123
7158    -1.131815
7159     0.064990
7160    -0.931929
7161     0.896887
7162     0.492350
7163     0.660559
7164     0.801626
7165    -0.188280
7166     0.525608
7167     0.231710
7168     0.998085
7169    -1.946272
7170     1.584741
7171     1.369892
7172     1.941071
7173    -1.717006
7174    -1.164138
7175    -2.315574
7176     1.073103
7177     0.214160
7178     1.088205
7179    -0.633263
7180     0.742364
7181    -0.661743
7182     0.579107
7183     0.434651
7184    -0.301308
7185     0.714583
7186     0.085454
7187    -0.639466
7188     0.031012
7189     0.089407
7190     2.356649
7191    -1.495319
7192    -0.086911
7193     0.395392
7194    -0.795693
7195    -1.219956
7196     0.844263
7197    -0.618910
7198    -0.854740
7199    -0.443307
7200     0.123512
7201    -0.800723
7202     0.632262
7203     0.356616
7204     0.132038
7205    -0.183636
7206     0.880402
7207     1.313974
7208     0.656565
7209    -1.067030
7210     2.059348
7211     1.038988
7212    -1.508084
7213    -1.471933
7214    -1.429613
7215     0.901051
7216     0.673769
7217     2.398689
7218    -0.041941
7219     0.962484
7220     0.462292
7221    -0.142056
7222    -0.824356
7223    -0.633868
7224     0.619508
7225     0.652463
7226     1.139179
7227    -0.341426
7228     1.587691
7229     0.564537
7230    -0.010543
7231     0.691184
7232     0.787363
7233    -1.034883
7234    -1.468724
7235    -2.970060
7236     0.804217
7237    -0.203579
7238     0.133624
7239     0.042900
7240     1.390821
7241     0.773075
7242    -0.861591
7243    -0.815031
7244    -1.569397
7245     0.952277
7246    -0.599782
7247    -1.602445
7248     0.031953
7249    -0.453332
7250     1.390626
7251    -0.044114
7252    -0.863181
7253    -0.722716
7254    -0.357461
7255    -0.997702
7256     0.306851
7257     0.278472
7258    -0.965430
7259    -1.172316
7260     0.541731
7261    -0.268467
7262     0.687085
7263     0.797368
7264    -0.814596
7265    -0.088429
7266     0.847082
7267    -0.093854
7268     0.928924
7269    -2.330190
7270     0.236907
7271     1.215793
7272    -2.817310
7273    -0.473609
7274    -1.331606
7275     1.962442
7276     0.222883
7277     1.534135
7278     0.968211
7279     0.419010
7280     0.524167
7281    -0.765340
7282    -0.589175
7283    -1.510868
7284     1.136858
7285     0.940227
7286     0.543539
7287    -0.506934
7288     0.142989
7289     0.646095
7290    -0.359767
7291     0.486631
7292    -0.199407
7293    -1.558944
7294    -0.668433
7295    -2.262116
7296     1.897602
7297     0.398636
7298     0.534307
7299    -0.211776
7300     0.480591
7301     0.892747
7302    -1.996716
7303    -0.218080
7304    -1.942541
7305     1.544335
7306     0.305795
7307    -1.093744
7308    -0.141403
7309    -0.160122
7310     0.794099
7311     0.493771
7312     0.327523
7313    -0.034161
7314    -0.502432
7315    -0.312610
7316     0.484681
7317     0.722500
7318    -0.362247
7319    -0.322699
7320     0.820645
7321    -0.280391
7322     0.374555
7323     1.894298
7324    -0.178756
7325    -0.359019
7326     0.059859
7327    -0.489126
7328     0.688529
7329    -1.119288
7330    -0.111971
7331     0.994257
7332    -1.074455
7333    -0.474977
7334    -0.187951
7335    -0.087951
7336     0.081343
7337     1.889319
7338     1.563121
7339    -1.300131
7340     0.905462
7341     1.923508
7342     0.080819
7343    -1.450398
7344    -0.951851
7345     0.449934
7346     0.472207
7347     0.944660
7348    -0.217365
7349     0.524625
7350     0.367364
7351    -0.111608
7352    -0.577266
7353    -1.215845
7354     0.398780
7355    -1.466123
7356    -1.076691
7357     0.503689
7358     0.213238
7359     0.791983
7360    -0.149006
7361     0.924522
7362    -0.856615
7363     0.053976
7364    -1.419044
7365    -0.889374
7366     1.356470
7367    -1.508624
7368    -2.035356
7369    -0.264985
7370     0.491601
7371     1.740817
7372     1.750714
7373    -0.468906
7374    -2.189355
7375    -1.028763
7376     0.351195
7377     2.138428
7378    -0.068646
7379    -0.392179
7380     0.072743
7381    -0.343239
7382    -0.215611
7383     2.277196
7384     0.625220
7385    -0.784902
7386    -0.026164
7387    -0.241970
7388     0.542576
7389    -1.574543
7390    -0.502081
7391     0.675766
7392    -1.200054
7393     1.129692
7394    -1.656557
7395    -0.201704
7396    -0.370628
7397     0.576863
7398     2.088535
7399    -0.138530
7400     0.708091
7401     1.738642
7402     0.056488
7403    -0.115419
7404    -1.355890
7405    -0.125528
7406    -0.043719
7407     1.595105
7408    -0.253367
7409     0.562958
7410     0.279773
7411     0.101177
7412     0.045430
7413    -1.792620
7414    -0.049616
7415     0.213729
7416    -1.418528
7417     0.103660
7418    -0.033481
7419     1.277669
7420    -0.045524
7421     0.622442
7422    -1.198702
7423     0.232830
7424    -0.465275
7425    -1.537155
7426    -0.196504
7427     0.277864
7428    -1.848935
7429    -0.393191
7430     0.348072
7431     1.979475
7432    -0.343890
7433     0.568327
7434    -1.594708
7435    -0.261143
7436    -0.001654
7437     2.429584
7438     1.016143
7439    -1.825498
7440     0.083023
7441     0.634957
7442    -0.459274
7443    -0.337747
7444     0.233509
7445    -0.011377
7446    -0.415397
7447    -0.989738
7448     0.537592
7449     0.035090
7450    -1.388100
7451     0.312385
7452     0.322346
7453     0.365187
7454     0.919710
7455    -0.218713
7456     0.334133
7457    -0.684826
7458     0.980304
7459     4.106090
7460    -1.994901
7461    -2.389288
7462    -0.767361
7463     0.716067
7464    -0.437894
7465     0.069361
7466    -0.444225
7467     0.705449
7468    -0.919597
7469     0.885018
7470     1.877004
7471    -0.526897
7472     0.418880
7473    -0.291295
7474    -0.904357
7475     0.749900
7476    -0.227847
7477    -0.004184
7478     0.235014
7479     1.169214
7480    -0.236729
7481     0.025884
7482     0.624893
7483    -0.792716
7484     0.587650
7485    -0.683735
7486    -0.507936
7487    -1.026554
7488     0.113844
7489     0.562047
7490    -0.447026
7491    -0.160987
7492    -0.139155
7493    -1.319529
7494    -0.126677
7495     0.491268
7496     0.209054
7497     0.098057
7498     0.380217
7499     0.790556
7500    -0.636622
7501    -0.016456
7502     0.323031
7503    -0.463908
7504    -0.101849
7505    -0.195751
7506    -0.388392
7507     0.130099
7508    -0.510905
7509    -0.031735
7510    -0.503786
7511    -0.250703
7512    -0.177481
7513    -0.641668
7514     0.876997
7515     0.086859
7516    -0.214599
7517     1.146503
7518     0.602344
7519     0.514147
7520    -0.313616
7521    -0.874665
7522     0.364118
7523    -0.842244
7524    -0.465393
7525     0.074085
7526     0.818253
7527     0.045079
7528     0.650163
7529    -0.046930
7530     3.264342
7531     0.545252
7532    -1.591392
7533    -0.221430
7534    -0.145870
7535     0.286736
7536    -0.669200
7537    -0.249323
7538     0.278206
7539     1.600765
7540     0.634968
7541    -0.439290
7542     0.672800
7543     0.172712
7544    -0.567562
7545    -1.196867
7546    -0.145295
7547    -0.390414
7548    -0.722482
7549    -0.345540
7550    -0.380098
7551     0.294737
7552     0.339448
7553    -0.728219
7554    -0.922909
7555     0.141740
7556     1.720261
7557    -0.289174
7558    -1.202344
7559     0.807136
7560    -0.143291
7561    -0.000292
7562    -0.897040
7563    -0.525534
7564    -0.006813
7565    -0.622793
7566    -0.740863
7567     0.498238
7568     4.124849
7569     0.396137
7570    -0.665954
7571     1.605320
7572    -0.175769
7573    -0.662329
7574    -0.254317
7575    -0.304216
7576     0.067153
7577    -0.086291
7578     1.930841
7579     0.433281
7580    -0.887421
7581    -0.339386
7582     0.419311
7583    -0.835939
7584    -0.779255
7585    -0.114097
7586    -0.131382
7587    -0.084240
7588     0.705507
7589    -0.317208
7590     1.261838
7591     0.350287
7592     1.240307
7593     0.181040
7594    -0.067906
7595    -1.641482
7596    -0.025021
7597    -0.611661
7598    -0.119495
7599     0.633021
7600     0.678909
7601     1.011520
7602     1.290572
7603     0.124597
7604    -0.755159
7605    -0.896964
7606    -0.063121
7607    -1.427351
7608    -0.321093
7609    -0.282195
7610    -0.744744
7611     0.284484
7612     0.247819
7613     0.850867
7614     0.178416
7615     0.098274
7616    -0.245226
7617    -0.775777
7618    -1.149007
7619     0.132984
7620    -1.188230
7621    -0.248439
7622    -1.301617
7623    -0.082680
7624    -0.508689
7625    -0.383787
7626    -0.178209
7627     2.057141
7628     1.047775
7629     0.294054
7630     1.977590
7631    -0.774349
7632    -1.262804
7633    -0.109287
7634    -1.306767
7635    -0.675308
7636    -0.422955
7637     1.106032
7638     1.289921
7639    -1.307085
7640     2.326026
7641    -0.073783
7642     0.197790
7643    -0.980479
7644    -0.242516
7645    -0.604485
7646     0.441479
7647     0.372472
7648     2.045091
7649     0.664657
7650    -0.704569
7651     1.234689
7652     0.256297
7653    -0.176154
7654    -0.861176
7655    -0.589274
7656     0.357926
7657    -1.269852
7658     0.895753
7659     0.059916
7660     1.971748
7661     0.210336
7662     0.444026
7663    -0.754676
7664     1.119992
7665    -0.854694
7666    -0.936491
7667    -0.193691
7668     0.190269
7669    -0.826695
7670    -1.066249
7671     1.303781
7672    -0.222681
7673    -0.201740
7674     1.144959
7675    -0.756058
7676    -0.345753
7677     0.247462
7678    -0.655480
7679    -0.924640
7680    -1.454069
7681    -0.604436
7682    -0.096177
7683     0.120300
7684    -0.779604
7685    -0.164907
7686     0.208779
7687     0.367861
7688    -2.165718
7689    -0.229207
7690     2.170753
7691    -1.676265
7692     0.901046
7693     1.002259
7694     0.146430
7695     0.039739
7696    -0.909180
7697    -0.185821
7698     0.701889
7699     0.888363
7700     2.665361
7701     0.837260
7702    -0.141358
7703     0.049425
7704     0.013277
7705    -1.001031
7706    -0.526309
7707    -0.564135
7708     0.710125
7709    -0.336295
7710    -0.309018
7711     2.969214
7712     3.169030
7713     1.436835
7714    -0.967627
7715     0.352437
7716    -1.096796
7717     0.021483
7718    -0.643810
7719     0.493261
7720     0.684231
7721     0.108406
7722    -0.806276
7723    -1.253825
7724     0.022699
7725    -0.576483
7726    -1.254107
7727    -0.475990
7728    -0.449754
7729    -0.768523
7730     0.139757
7731    -0.103556
7732    -0.600136
7733     0.164865
7734    -0.503778
7735    -1.186768
7736    -0.124642
7737    -0.136805
7738     0.652307
7739    -0.422476
7740     0.023420
7741    -0.593019
7742     1.520128
7743    -1.488485
7744    -1.554305
7745     0.629096
7746     0.073742
7747     0.864618
7748    -1.096524
7749    -0.770906
7750     2.326914
7751    -1.981472
7752     0.445179
7753    -1.209933
7754     1.061930
7755     0.381240
7756    -0.211351
7757     0.299336
7758    -0.142662
7759     0.695613
7760     0.801363
7761     1.895593
7762    -0.521948
7763     1.378443
7764    -1.215115
7765    -0.363750
7766    -0.259162
7767    -0.614132
7768     2.056269
7769    -1.609046
7770     0.330142
7771     1.299209
7772     1.008462
7773     2.902746
7774    -0.264211
7775    -0.603803
7776    -0.016558
7777    -0.819196
7778    -0.152578
7779     0.407357
7780     1.124886
7781    -1.065382
7782     0.667681
7783    -0.289279
7784    -0.217604
7785    -0.809197
7786     0.222144
7787    -0.954147
7788    -0.888523
7789    -1.446804
7790     0.919430
7791    -0.198076
7792    -0.417935
7793     0.148686
7794    -0.170927
7795     0.050896
7796    -0.534897
7797    -0.575509
7798    -0.948819
7799     0.707741
7800    -0.213592
7801     0.566714
7802    -0.843568
7803    -0.313478
7804     1.388908
7805    -1.196705
7806    -1.028820
7807     0.237180
7808     0.344648
7809    -1.257233
7810     0.843401
7811    -0.249491
7812     0.071861
7813     1.414045
7814    -0.830549
7815    -0.921991
7816    -0.166541
7817     0.189680
7818    -0.553146
7819    -0.713076
7820     0.870144
7821     3.233369
7822     0.123603
7823    -0.812813
7824     0.309998
7825    -0.204331
7826    -0.542260
7827    -0.825514
7828     0.073884
7829     0.565410
7830     0.413436
7831    -0.292374
7832     1.265364
7833     3.431157
7834    -1.102951
7835     0.853096
7836    -0.430162
7837     0.562645
7838    -0.408748
7839    -1.322588
7840     0.084540
7841     0.062466
7842     0.184600
7843    -1.113758
7844     0.832519
7845    -0.699220
7846    -1.257110
7847     0.090636
7848     0.837834
7849    -0.117931
7850    -1.015708
7851     0.269408
7852    -0.586824
7853     1.404248
7854    -1.251521
7855    -1.371474
7856     0.615615
7857     1.009487
7858     1.631450
7859    -1.193986
7860    -1.157475
7861     1.825227
7862     0.091746
7863    -1.016606
7864     0.969450
7865     0.038343
7866    -1.241690
7867    -0.365491
7868     0.085927
7869     1.240938
7870    -0.702232
7871    -0.493113
7872     1.165411
7873     1.095794
7874     0.244250
7875    -1.434813
7876     0.436617
7877    -0.012012
7878    -0.427453
7879    -1.090131
7880     0.107510
7881     2.752096
7882     0.943407
7883    -0.118811
7884    -1.011900
7885     1.002334
7886    -0.080502
7887    -1.191173
7888    -0.165878
7889     0.012514
7890     0.336417
7891    -1.291098
7892     0.300657
7893     2.608655
7894    -1.260056
7895     0.048540
7896    -0.866459
7897     0.330634
7898    -0.573748
7899    -0.767274
7900    -0.784339
7901    -0.429454
7902     0.601762
7903    -0.049668
7904     0.258081
7905    -0.726930
7906    -1.712385
7907    -0.110870
7908     2.407941
7909     1.036111
7910    -0.144354
7911    -0.970425
7912     0.650365
7913     0.890111
7914    -1.524215
7915    -1.778317
7916    -0.134738
7917     1.286839
7918     0.909654
7919     0.019922
7920    -1.221120
7921     0.481957
7922    -0.356191
7923     0.292630
7924     1.430677
7925    -0.506952
7926     0.119547
7927     1.546046
7928     0.580515
7929    -0.158969
7930     1.791995
7931    -0.282007
7932    -0.951593
7933     1.369734
7934    -0.084142
7935    -0.000082
7936     0.691642
7937    -0.681326
7938     0.442366
7939    -1.310632
7940     0.460818
7941     0.913354
7942    -0.794811
7943     0.523664
7944     0.391964
7945    -0.254624
7946    -0.029320
7947    -0.400900
7948     0.718989
7949    -0.301394
7950    -1.542548
7951    -0.328006
7952     0.578025
7953     0.744452
7954    -4.289297
7955     0.383777
7956     0.326363
7957    -0.344335
7958    -1.076949
7959    -0.203187
7960     1.796674
7961    -0.558715
7962    -1.242537
7963    -2.509311
7964     0.514904
7965     1.494937
7966    -1.127871
7967    -0.283384
7968     0.722474
7969    -0.461001
7970     0.264886
7971     0.009143
7972    -0.781507
7973     0.681487
7974    -0.066704
7975     0.921826
7976     0.745479
7977    -0.956466
7978     1.451853
7979    -0.573174
7980     0.065756
7981     0.880125
7982    -0.650284
7983     0.924791
7984     0.177155
7985    -0.348335
7986     1.248118
7987     0.227477
7988     0.573530
7989     0.049454
7990     1.388995
7991    -0.123971
7992     0.349624
7993     0.158815
7994    -0.112930
7995     0.443122
7996     1.793773
7997    -0.505498
7998    -2.840248
7999    -2.008040
8000     0.392812
8001     1.448240
8002    -0.338921
8003     0.150415
8004     0.494807
8005     1.340812
8006    -0.342307
8007    -0.704452
8008     1.116312
8009     0.025835
8010     0.309222
8011    -3.421167
8012     1.686345
8013    -0.886751
8014    -1.397951
8015     0.846061
8016    -0.314045
8017     1.668867
8018    -1.343597
8019    -0.329967
8020     1.062993
8021    -0.288672
8022     0.105258
8023    -1.548954
8024     0.187010
8025     0.880739
8026    -1.268167
8027    -0.703882
8028     0.277983
8029    -0.404975
8030    -0.126801
8031    -0.871402
8032     0.176962
8033     0.470367
8034    -0.524307
8035     0.083914
8036     0.748893
8037    -1.094490
8038     0.311976
8039    -0.534991
8040     1.034303
8041     0.079191
8042    -0.348191
8043     0.058373
8044    -0.592229
8045     0.268943
8046     0.762375
8047    -1.011724
8048     2.908885
8049    -0.292961
8050     0.699291
8051    -0.022044
8052    -0.176858
8053    -0.945300
8054     1.501184
8055     0.396419
8056     0.866476
8057    -0.273877
8058    -2.849116
8059    -2.262207
8060     0.693155
8061     0.903563
8062     0.131098
8063    -0.929519
8064    -0.140112
8065     2.178192
8066    -1.512842
8067     0.166147
8068     0.318306
8069     0.299938
8070     0.167121
8071     1.806088
8072    -0.311072
8073    -0.268540
8074     0.282888
8075    -0.445435
8076     0.964666
8077     1.615908
8078    -1.735419
8079     0.200928
8080     0.074106
8081     0.365592
8082    -0.355977
8083    -1.608757
8084     0.588971
8085     1.813469
8086    -0.949285
8087    -0.864425
8088     1.042976
8089    -0.717463
8090    -0.213103
8091    -1.013633
8092     0.751091
8093    -0.763923
8094    -1.170626
8095    -0.203786
8096     0.781059
8097    -0.243454
8098    -0.511885
8099     0.012123
8100     0.035238
8101     1.015274
8102    -0.238861
8103     0.156381
8104    -1.542230
8105     0.440386
8106     1.163940
8107    -1.687887
8108     2.001728
8109    -0.825888
8110    -0.128384
8111    -0.036758
8112     0.085179
8113    -0.557839
8114     0.805501
8115    -0.408916
8116     2.180139
8117    -0.296654
8118    -3.654108
8119    -2.496626
8120     0.445147
8121     0.804990
8122    -0.227333
8123    -0.450795
8124     0.674844
8125     2.009463
8126    -1.388752
8127     0.217879
8128    -0.288646
8129     0.214386
8130     0.406500
8131    -0.315428
8132     0.102367
8133    -0.006215
8134     1.871021
8135    -0.165276
8136     0.457562
8137     1.327845
8138    -1.669590
8139     0.034764
8140     1.115536
8141     0.410946
8142    -0.128238
8143    -0.526840
8144     0.126980
8145     0.757242
8146    -0.735218
8147    -0.639832
8148     1.345131
8149    -0.745820
8150    -0.073676
8151    -0.349058
8152     0.357397
8153     0.263485
8154     0.401896
8155    -0.825682
8156     0.195249
8157    -1.223414
8158     0.201260
8159    -0.045982
8160     0.089529
8161     0.123912
8162     0.251693
8163     0.564070
8164    -0.154660
8165    -0.100253
8166     0.346971
8167    -2.244469
8168     1.394213
8169    -0.184075
8170    -0.404020
8171     0.431887
8172     0.271005
8173    -0.243126
8174     0.461197
8175    -0.246510
8176     3.222293
8177    -2.046807
8178    -3.895405
8179    -1.487124
8180     0.389446
8181     0.219717
8182    -0.660623
8183     0.456766
8184     0.631804
8185    -0.102248
8186    -0.734658
8187     0.516916
8188     0.490404
8189     0.715168
8190    -0.164346
8191    -0.428501
8192     0.182012
8193     0.346232
8194    -0.062399
8195     0.207849
8196     0.992885
8197     1.565146
8198    -1.279043
8199    -0.022415
8200     0.575693
8201     0.861307
8202     0.240338
8203    -0.282385
8204     0.020682
8205     1.004168
8206    -0.481532
8207     0.304807
8208     0.892869
8209     0.209014
8210    -1.482188
8211    -0.448945
8212    -0.728957
8213     0.266447
8214     1.114358
8215     0.756972
8216    -0.595152
8217    -2.322461
8218     0.336609
8219     0.294627
8220     0.142824
8221    -0.327142
8222     0.505877
8223     0.085642
8224    -0.422924
8225     0.059405
8226    -0.550229
8227    -0.998639
8228     1.749258
8229     0.351359
8230    -0.422781
8231     0.659198
8232     0.612433
8233    -0.071171
8234     0.740912
8235    -0.010038
8236     2.440566
8237    -3.862429
8238    -3.208070
8239    -0.425490
8240     0.605634
8241     0.738108
8242    -0.230475
8243     0.837753
8244     0.671477
8245     0.550830
8246    -0.621582
8247    -0.435581
8248    -0.371928
8249     0.598208
8250     0.440176
8251    -0.445023
8252     0.474355
8253     0.355706
8254    -0.226462
8255     0.453394
8256     1.111650
8257     1.092545
8258    -1.591783
8259    -0.722367
8260    -0.634170
8261     0.823755
8262     0.162833
8263    -0.113196
8264     0.337019
8265     0.974292
8266    -0.348495
8267     0.687376
8268     0.815343
8269     0.631960
8270    -1.473347
8271    -1.380641
8272    -0.469000
8273     0.683740
8274     0.337203
8275     1.205535
8276    -2.002211
8277    -0.451294
8278    -0.414541
8279     0.335467
8280     0.101999
8281    -0.262689
8282     0.552509
8283     0.257642
8284    -0.813420
8285     1.125387
8286     1.086318
8287    -0.712865
8288     0.520481
8289     0.209086
8290    -0.491927
8291     0.585349
8292     0.512721
8293     0.155661
8294     0.638822
8295     0.251034
8296     2.434056
8297    -3.350769
8298    -2.564846
8299    -0.560610
8300     0.597546
8301     0.503809
8302    -0.273569
8303     0.473611
8304     0.078571
8305     0.903371
8306    -1.564723
8307    -1.309214
8308    -0.602206
8309     1.174545
8310     0.859286
8311    -0.440703
8312     0.485689
8313     0.465374
8314    -0.426049
8315     0.272246
8316     0.463554
8317     0.936773
8318    -0.802991
8319    -0.678657
8320    -0.761311
8321     1.226138
8322     0.655804
8323    -0.252757
8324     0.158177
8325     0.305602
8326    -0.444881
8327     0.750564
8328     0.582895
8329     0.973373
8330    -1.615115
8331    -1.492805
8332    -0.370114
8333     0.444139
8334     0.226927
8335     1.579617
8336    -2.452010
8337    -1.073793
8338    -0.569750
8339     0.780405
8340     0.660693
8341     0.154323
8342     0.855049
8343     0.220428
8344    -0.240514
8345    -0.204320
8346     0.379328
8347     0.382611
8348     0.139618
8349     1.092444
8350    -0.109176
8351     1.189202
8352     1.853746
8353     0.554864
8354     1.688458
8355     0.076040
8356     0.675693
8357    -3.973288
8358    -1.722120
8359    -0.595656
8360     0.196505
8361    -0.360774
8362     0.258036
8363     1.146337
8364     1.033604
8365     0.353722
8366    -0.827802
8367     0.313148
8368    -0.153467
8369     1.134218
8370     0.714416
8371    -0.415171
8372     0.558660
8373     0.551315
8374    -0.016300
8375    -0.114365
8376     0.732936
8377     0.221830
8378     0.020692
8379    -1.843012
8380    -0.380945
8381     0.813357
8382    -0.055250
8383    -0.162034
8384     0.235319
8385     0.344715
8386    -0.534193
8387     0.123374
8388    -0.895526
8389     0.317846
8390    -1.049225
8391    -1.623069
8392    -0.104130
8393     0.732616
8394     0.280041
8395    -0.004516
8396    -2.912042
8397    -1.193841
8398    -0.202823
8399     0.247636
8400     0.101433
8401     0.241258
8402    -0.268030
8403     0.617412
8404    -0.140049
8405    -0.786028
8406     0.539280
8407     0.662029
8408     0.961009
8409     1.113487
8410    -0.260739
8411     1.345736
8412     1.604673
8413     1.414369
8414    -0.039520
8415     1.321794
8416    -0.403796
8417     0.451682
8418    -3.490499
8419    -0.446921
8420     0.457549
8421    -0.209480
8422    -0.665481
8423     0.508473
8424     0.121622
8425    -0.073730
8426     0.272130
8427    -0.498413
8428    -0.651951
8429    -0.994712
8430     0.442895
8431    -0.447124
8432     0.222346
8433     0.729256
8434    -0.280334
8435    -0.603926
8436     0.269932
8437     0.411199
8438     0.263539
8439    -2.099439
8440     0.773570
8441     0.606054
8442     1.858570
8443    -0.211535
8444    -0.439979
8445     0.322999
8446     0.059307
8447    -0.338333
8448     0.140130
8449     0.687654
8450    -1.957419
8451    -1.589436
8452    -0.088566
8453     0.754258
8454     0.398513
8455    -0.765660
8456     0.056134
8457    -2.433188
8458     0.186501
8459    -0.470966
8460     0.839895
8461    -0.068715
8462     0.347478
8463    -0.181729
8464    -0.725212
8465     0.136963
8466     0.231002
8467     1.523026
8468    -0.470331
8469     2.125161
8470     1.297762
8471    -0.126371
8472     0.144490
8473     0.315195
8474     0.643881
8475    -0.127583
8476    -0.593032
8477     0.653621
8478    -2.450842
8479    -0.439303
8480     0.443426
8481     0.083500
8482    -0.426816
8483     0.409974
8484    -0.798055
8485    -0.493655
8486     0.581121
8487    -0.389065
8488     1.656680
8489    -4.322416
8490     1.807910
8491    -0.205468
8492     0.252091
8493     0.005047
8494    -0.168180
8495    -0.276874
8496    -0.263729
8497    -0.385618
8498     0.471336
8499     0.054138
8500     1.269560
8501    -0.217579
8502     2.395859
8503    -0.371776
8504     0.146664
8505    -0.527929
8506    -0.337363
8507     0.215970
8508    -0.184552
8509    -0.911456
8510     0.213945
8511    -0.510283
8512     0.034266
8513     0.473674
8514    -0.244109
8515    -0.937045
8516     0.543568
8517    -1.903070
8518    -0.032849
8519    -0.120142
8520     0.733839
8521     1.101026
8522    -0.364447
8523     1.289450
8524    -0.835083
8525    -0.074145
8526     0.385202
8527     0.030380
8528    -0.118151
8529     0.672329
8530     0.153607
8531     0.017291
8532    -2.065071
8533     0.740057
8534    -0.722744
8535    -0.092670
8536    -0.153379
8537     0.554901
8538    -3.007555
8539    -0.371977
8540     0.148480
8541     0.355233
8542     0.710489
8543    -0.123992
8544     0.450715
8545    -0.167715
8546     0.831972
8547    -0.070454
8548     0.436368
8549    -3.440595
8550     1.028887
8551     0.850842
8552    -0.278062
8553     1.313265
8554    -1.675460
8555     0.808899
8556    -2.265955
8557    -0.471051
8558     0.849351
8559     0.115332
8560    -0.756269
8561    -0.172626
8562     0.724051
8563     0.469380
8564    -0.306193
8565     0.365592
8566     0.409496
8567     0.396782
8568     0.683777
8569    -0.707422
8570     1.398794
8571    -0.357608
8572     0.465996
8573     0.731811
8574    -0.090929
8575    -0.024656
8576     0.280667
8577    -0.478930
8578    -0.204629
8579    -0.417990
8580     1.045341
8581     0.528994
8582     0.967951
8583    -0.497575
8584    -0.600006
8585     0.197795
8586    -0.233376
8587     0.578768
8588    -0.492372
8589    -0.181684
8590     0.258717
8591     0.460907
8592    -2.795926
8593     0.023693
8594     0.758210
8595    -1.139892
8596    -0.176566
8597    -0.514529
8598    -0.601210
8599    -0.017063
8600    -0.250993
8601    -0.365647
8602     0.685264
8603    -0.920899
8604     2.361823
8605     0.289982
8606    -0.144807
8607     0.036768
8608    -0.229912
8609     0.005772
8610    -0.750676
8611     0.642871
8612     0.759893
8613    -0.159820
8614    -1.455696
8615    -0.680827
8616     1.360798
8617     0.289323
8618    -0.155818
8619    -0.478350
8620    -0.069320
8621    -0.145111
8622    -2.580315
8623    -0.730054
8624     0.527422
8625     1.990066
8626    -0.087496
8627    -0.499947
8628     2.959229
8629     0.269410
8630     0.180656
8631    -0.634960
8632     0.348116
8633    -0.803880
8634     2.515673
8635     0.140227
8636     0.286570
8637    -0.394173
8638    -0.689254
8639     0.464009
8640    -0.410752
8641     0.323497
8642    -0.576659
8643    -1.267220
8644    -0.285968
8645    -0.642388
8646    -0.370784
8647     0.885402
8648     0.571724
8649     0.387047
8650     0.258601
8651     0.855516
8652    -2.069154
8653     0.614713
8654    -0.002911
8655    -0.767192
8656    -0.860144
8657    -0.155978
8658    -1.253385
8659     0.066056
8660     0.096938
8661     0.172359
8662    -0.140919
8663    -0.016762
8664     1.348598
8665    -0.293740
8666    -0.068657
8667    -0.684116
8668    -0.527190
8669     0.135000
8670    -1.383985
8671     0.769399
8672    -0.789002
8673    -0.763400
8674    -0.044104
8675    -0.024193
8676     3.003912
8677    -0.581519
8678     0.036379
8679    -1.332868
8680     0.478347
8681     0.476713
8682    -0.512498
8683     0.077954
8684    -0.445959
8685     2.382528
8686     0.007860
8687     0.103675
8688     3.219044
8689    -0.562305
8690     0.613953
8691    -1.467063
8692     0.012608
8693    -0.319145
8694     1.764424
8695    -0.629497
8696     0.060294
8697    -1.524760
8698     0.430949
8699     0.091461
8700     1.118512
8701     0.216925
8702    -1.342549
8703    -0.837964
8704    -0.321375
8705    -1.066528
8706    -0.183010
8707     1.153414
8708     1.065781
8709     0.130845
8710    -0.299709
8711     1.392158
8712    -0.588007
8713     0.265150
8714    -1.607817
8715    -0.206140
8716    -0.665527
8717    -1.478387
8718    -0.887167
8719     0.206392
8720     1.132113
8721    -0.663729
8722    -0.177721
8723     0.803122
8724     1.674413
8725    -0.356639
8726    -1.382363
8727    -0.299008
8728    -0.459774
8729     0.949142
8730    -0.668713
8731     0.272737
8732     1.854002
8733    -0.260296
8734     0.164072
8735     0.996040
8736     1.805932
8737    -0.699769
8738    -1.137594
8739    -0.686121
8740     0.356590
8741     1.142453
8742    -0.696550
8743    -0.059555
8744     1.120665
8745     1.493088
8746     0.418279
8747     0.553103
8748     1.737990
8749    -0.529878
8750    -1.133990
8751    -0.897972
8752    -0.272757
8753     0.937486
8754     2.157873
8755    -0.430596
8756    -0.868675
8757    -0.966265
8758     1.219742
8759    -1.928164
8760    -1.159200
8761     0.452278
8762    -1.535775
8763    -1.103902
8764    -0.279935
8765    -0.827451
8766     0.162289
8767     0.542254
8768     0.690397
8769    -2.345505
8770    -0.024484
8771     0.232227
8772    -1.526595
8773     0.106186
8774    -0.822640
8775     0.214722
8776    -0.523743
8777    -1.277181
8778    -0.640898
8779    -0.003507
8780     1.485824
8781     0.227193
8782    -0.460424
8783     0.998727
8784     1.171928
8785    -0.825178
8786    -0.629765
8787    -0.560302
8788     1.228950
8789    -1.258547
8790    -0.214093
8791     0.650174
8792    -0.194954
8793    -1.748355
8794    -0.168681
8795     1.507184
8796     2.291740
8797    -0.410949
8798    -0.870341
8799    -0.084651
8800     0.417794
8801     1.279636
8802     0.306885
8803     0.023444
8804     1.100640
8805     1.899717
8806    -0.028007
8807     1.381468
8808     2.143703
8809     0.000127
8810    -1.047007
8811     0.056699
8812    -0.107986
8813     0.633678
8814     1.723077
8815    -0.710065
8816    -0.890432
8817    -1.865697
8818     0.121751
8819     0.044312
8820    -0.107955
8821     0.642002
8822    -0.292968
8823    -0.674121
8824    -0.099284
8825     0.813882
8826     0.826581
8827    -0.645699
8828     0.591547
8829    -0.379486
8830    -0.046350
8831     0.436579
8832    -1.159309
8833     0.014576
8834     0.208713
8835     1.356846
8836    -0.354467
8837    -1.962738
8838    -1.410190
8839     0.230221
8840     0.428623
8841    -0.720208
8842    -0.481338
8843     0.803444
8844     1.278716
8845     0.049579
8846    -0.177153
8847    -3.227015
8848     1.115478
8849     0.395251
8850     1.226996
8851    -0.015872
8852    -0.113039
8853    -0.318297
8854    -0.104657
8855     1.179642
8856     2.034645
8857    -0.574095
8858    -1.497834
8859     0.148843
8860     0.611521
8861     0.269316
8862    -0.545006
8863    -0.251570
8864     0.048727
8865     1.779650
8866     0.684361
8867     0.209230
8868    -0.779423
8869    -0.196025
8870    -1.278439
8871     0.919973
8872    -0.025612
8873    -0.142030
8874     1.480003
8875    -0.157788
8876    -0.143771
8877    -3.211114
8878    -0.394982
8879     0.223018
8880     1.371916
8881     0.406782
8882     0.010653
8883    -0.742362
8884     0.487044
8885    -0.091513
8886     2.375451
8887    -0.031173
8888     0.054712
8889     0.312528
8890     0.712624
8891     0.091734
8892     0.568947
8893    -0.331136
8894    -0.036682
8895     0.092401
8896    -1.767221
8897    -1.319135
8898    -1.932260
8899    -0.343713
8900    -0.124946
8901    -0.765677
8902    -0.488988
8903    -0.132640
8904     0.952441
8905    -0.690167
8906     0.988696
8907    -3.390570
8908     0.628903
8909     1.001217
8910    -0.426696
8911     0.019006
8912    -0.253251
8913    -0.009725
8914     0.886658
8915     1.022135
8916     2.116593
8917    -0.264536
8918    -1.065669
8919     0.491845
8920    -0.351112
8921    -0.043504
8922    -1.212437
8923     0.986787
8924     0.546952
8925     2.123065
8926     0.377511
8927     0.144484
8928    -0.719952
8929    -0.575939
8930    -1.251934
8931     0.614923
8932     0.032479
8933    -0.415726
8934     0.840282
8935    -0.262229
8936     0.802732
8937    -2.722606
8938     0.568419
8939     0.071684
8940     1.433808
8941    -0.488419
8942     0.424939
8943     0.421107
8944    -0.806953
8945    -0.311935
8946     2.211806
8947    -0.639807
8948    -0.345175
8949     0.673113
8950    -0.958015
8951     0.366092
8952     1.428292
8953    -0.621838
8954    -0.409515
8955     0.446581
8956     0.324198
8957    -0.188258
8958    -2.375631
8959    -0.330590
8960     0.720072
8961     0.310596
8962     0.174673
8963     0.254569
8964     0.691374
8965    -0.403522
8966     0.762849
8967    -1.818607
8968    -0.166257
8969     0.530157
8970     0.326824
8971     0.481240
8972     0.157536
8973     0.042565
8974     0.365424
8975    -0.237428
8976     1.082064
8977     0.892680
8978    -1.545317
8979    -1.656565
8980    -0.563926
8981     0.508922
8982     0.008093
8983     0.106408
8984    -0.456112
8985     1.455424
8986     0.283044
8987     0.302119
8988    -0.108933
8989     1.005285
8990    -1.148652
8991    -1.380940
8992    -0.053566
8993     0.621223
8994     1.350352
8995     1.398988
8996     0.337946
8997    -4.378290
8998     0.000951
8999    -0.344033
9000     1.270776
9001    -0.235070
9002    -0.407113
9003     1.068301
9004    -0.551903
9005    -0.750013
9006     1.528905
9007    -0.301034
9008     0.098008
9009     1.191499
9010    -0.645682
9011    -0.499196
9012     1.379723
9013    -0.667813
9014    -0.997656
9015    -0.714298
9016     0.312238
9017     0.014860
9018    -2.356584
9019    -0.074310
9020     0.357660
9021     1.580690
9022     0.327819
9023    -0.199258
9024     0.415862
9025    -0.427280
9026     1.509649
9027    -2.083594
9028    -0.061570
9029    -0.587260
9030     1.376801
9031     0.563450
9032     0.625610
9033     0.517668
9034     0.500998
9035    -0.111112
9036     1.003122
9037    -0.042512
9038     0.312926
9039    -2.623025
9040    -0.331868
9041    -0.229966
9042     1.270111
9043     0.154506
9044    -0.230716
9045     0.680063
9046     0.427642
9047    -0.127347
9048     0.488355
9049     0.839397
9050    -0.277817
9051    -1.543694
9052    -0.156167
9053    -0.124284
9054     0.119513
9055     0.428743
9056     2.510843
9057    -3.466119
9058    -0.059586
9059    -0.887818
9060     0.166701
9061     0.096867
9062    -0.150871
9063    -0.836746
9064    -0.265800
9065    -0.503655
9066     0.163096
9067     0.115664
9068     0.007165
9069     2.297001
9070     0.025033
9071    -0.523076
9072     2.234412
9073     0.091898
9074    -0.844836
9075    -1.441666
9076    -0.067475
9077    -0.044696
9078    -2.434248
9079     0.024159
9080     0.622675
9081     1.964810
9082     0.369360
9083     0.055278
9084     0.190492
9085    -1.068222
9086     1.686867
9087    -1.813453
9088     0.305772
9089    -0.418058
9090     1.588852
9091     0.194615
9092     0.598738
9093     1.279745
9094     0.123053
9095     0.052182
9096     0.928216
9097    -0.161315
9098    -0.506533
9099    -1.434987
9100     0.148039
9101    -0.240584
9102     2.089256
9103     0.214393
9104     0.098158
9105     0.160357
9106     0.384761
9107     0.038218
9108     0.596930
9109    -0.174677
9110    -0.572431
9111    -1.993939
9112     0.245788
9113     0.061202
9114     0.444457
9115    -1.247129
9116     1.287916
9117    -2.644779
9118     0.645217
9119    -0.703659
9120    -1.337805
9121    -1.250931
9122    -0.051561
9123    -0.357474
9124     0.799455
9125     0.301004
9126    -0.734043
9127     0.597453
9128     0.178841
9129     1.815178
9130     0.635139
9131    -0.216668
9132     1.707186
9133     0.040516
9134    -0.786018
9135    -0.942430
9136    -1.306731
9137    -0.337365
9138    -1.546260
9139     0.427061
9140     0.671754
9141     1.653428
9142     0.720213
9143     0.314405
9144     0.058128
9145    -0.542059
9146     1.276173
9147    -1.382765
9148     0.257621
9149    -0.193651
9150     1.479272
9151     0.551159
9152     0.575131
9153     1.161728
9154     0.978301
9155     1.306461
9156    -0.539412
9157    -1.312249
9158    -2.723800
9159    -0.514101
9160     0.656176
9161    -0.192334
9162     1.790628
9163     0.791928
9164     0.532663
9165    -0.165302
9166     0.697010
9167     0.404043
9168     0.357914
9169    -1.138074
9170    -0.533086
9171    -1.256616
9172     0.648293
9173     0.142831
9174     0.395692
9175    -2.814097
9176    -0.823596
9177    -1.614307
9178     0.563814
9179     0.154775
9180    -1.366445
9181    -0.692756
9182    -0.432452
9183     0.139215
9184     0.967785
9185     0.747095
9186    -1.679474
9187     0.312671
9188     0.297286
9189     1.729431
9190    -0.198765
9191     0.068528
9192     1.717839
9193    -0.658749
9194    -0.174316
9195    -0.808189
9196    -0.606324
9197    -0.412307
9198    -1.308831
9199     0.055449
9200     0.905754
9201     1.372222
9202     0.146513
9203     0.505486
9204     0.304433
9205    -0.002043
9206     1.238855
9207    -1.608595
9208     0.256423
9209    -0.029199
9210     1.339023
9211     0.262206
9212     0.764928
9213     0.977918
9214    -0.099969
9215     1.131895
9216     0.154903
9217    -0.320055
9218    -3.472561
9219     0.171448
9220     0.460902
9221     0.072995
9222     1.573034
9223     0.245652
9224     0.973956
9225    -0.356834
9226     0.118390
9227     0.760804
9228     0.270551
9229     0.172163
9230    -1.043809
9231    -1.321118
9232     0.084955
9233     0.553747
9234     0.271710
9235    -1.150592
9236    -3.076458
9237    -0.991784
9238     0.646144
9239     0.619774
9240    -1.946902
9241    -0.649399
9242     0.962359
9243    -1.845617
9244     0.983438
9245     1.270983
9246    -1.358934
9247    -0.085497
9248    -0.556022
9249     2.153286
9250    -0.412255
9251    -0.369642
9252     2.651172
9253    -0.644427
9254     1.368892
9255    -1.946130
9256     0.139332
9257     0.645014
9258    -0.272384
9259    -0.394351
9260    -0.012616
9261     1.717712
9262    -0.419567
9263    -0.361929
9264     0.160173
9265    -0.324893
9266     1.413815
9267    -1.572877
9268    -0.099338
9269    -0.816620
9270     1.865638
9271    -0.291512
9272     0.172953
9273     0.923992
9274    -0.114263
9275    -0.870438
9276     0.579656
9277     1.320761
9278    -1.284303
9279    -1.613516
9280     0.133709
9281    -1.007504
9282     2.056477
9283    -0.237963
9284     0.149697
9285    -0.354645
9286    -0.232179
9287    -0.526561
9288     0.606059
9289     0.348545
9290     0.066679
9291    -1.339906
9292    -0.431387
9293    -0.301601
9294     0.287286
9295     0.687191
9296    -0.803629
9297    -1.294495
9298     0.724053
9299     0.860475
9300    -1.402949
9301    -1.599796
9302     2.283892
9303    -1.402445
9304     0.684213
9305     2.279520
9306    -1.498185
9307    -0.005365
9308    -0.856425
9309     1.238442
9310     0.196777
9311    -0.860371
9312     1.168084
9313    -1.370904
9314     2.335899
9315    -1.562988
9316     0.065346
9317     0.695440
9318    -1.080998
9319    -0.204451
9320    -0.643323
9321     2.047791
9322    -0.025476
9323    -1.262749
9324     0.366299
9325     0.771830
9326     1.094044
9327    -0.740864
9328    -0.045298
9329    -1.232779
9330     0.839339
9331     0.016460
9332    -0.369579
9333     1.545730
9334    -0.192426
9335    -1.415858
9336    -0.063572
9337     0.964056
9338    -0.438255
9339    -0.823971
9340    -0.109307
9341    -1.127054
9342     1.217733
9343     0.256143
9344    -0.548661
9345    -0.278267
9346    -0.186004
9347    -1.199456
9348     0.493902
9349    -0.150700
9350     0.908033
9351    -0.746007
9352    -0.059938
9353    -1.142772
9354     0.492158
9355     0.273353
9356     0.204235
9357     0.039411
9358     0.721488
9359     1.296218
9360    -1.251593
9361    -1.333790
9362     2.308130
9363    -0.044427
9364     0.044519
9365     1.968183
9366    -0.122261
9367     0.591735
9368    -0.823288
9369    -0.389432
9370     0.545000
9371    -0.963298
9372    -0.326371
9373    -1.252046
9374     2.256749
9375    -0.224312
9376    -0.622598
9377     0.618586
9378     0.407898
9379     0.676370
9380    -0.497145
9381     1.285593
9382     0.099697
9383    -1.472258
9384    -0.992196
9385     0.187866
9386     0.738227
9387     0.337560
9388     0.139498
9389    -1.325806
9390    -1.073667
9391     0.321851
9392    -0.560577
9393     0.865956
9394    -0.550135
9395    -1.474393
9396    -2.247113
9397    -0.404915
9398     0.087686
9399     1.692750
9400     0.706705
9401    -0.937180
9402    -0.423184
9403     0.531698
9404    -0.701558
9405    -1.499880
9406     0.744424
9407    -1.024494
9408    -0.304326
9409    -0.474678
9410     0.933719
9411     0.730436
9412    -0.022266
9413    -1.367488
9414    -0.703761
9415    -0.477967
9416     0.894132
9417     2.660281
9418     0.549032
9419     1.342072
9420     0.370456
9421     0.027905
9422     1.550992
9423     0.321443
9424     0.855318
9425     1.684794
9426     0.428976
9427    -0.194298
9428    -0.043168
9429    -0.045735
9430    -0.127495
9431    -0.449072
9432     0.045687
9433     0.080235
9434     1.512598
9435     0.036474
9436     1.885185
9437    -1.237366
9438    -0.434499
9439     0.234725
9440    -0.039981
9441    -0.459962
9442    -1.166581
9443    -0.527638
9444    -0.372255
9445    -0.288388
9446     1.110721
9447    -0.885582
9448    -0.833572
9449    -0.839053
9450    -2.776534
9451     0.217142
9452    -0.907172
9453    -0.168701
9454    -0.934036
9455    -1.591355
9456    -0.602431
9457    -0.718985
9458    -0.235665
9459     1.089383
9460    -0.185133
9461    -0.073871
9462    -0.382464
9463    -0.052730
9464     0.210155
9465    -0.385271
9466    -0.103081
9467    -0.349483
9468    -0.554174
9469     1.203034
9470    -0.379855
9471     1.110484
9472    -1.164905
9473    -0.723584
9474    -0.464523
9475     1.073617
9476    -0.595460
9477     4.174408
9478     0.192043
9479     1.923461
9480     0.325275
9481     0.277595
9482     1.177154
9483    -0.070432
9484     0.057305
9485     1.221771
9486     0.001635
9487     0.267140
9488    -0.094322
9489    -0.191899
9490     0.134827
9491    -0.418636
9492     0.001741
9493     0.118840
9494     1.304331
9495     0.195201
9496     0.219558
9497    -0.907133
9498    -0.183528
9499    -0.185198
9500     0.184240
9501     0.294240
9502    -0.231086
9503    -0.532532
9504    -0.626186
9505     0.003162
9506     1.213717
9507    -0.064640
9508    -1.182568
9509    -1.412465
9510    -4.642396
9511    -0.422307
9512    -0.399064
9513     0.791479
9514    -0.442720
9515    -0.907458
9516     0.440384
9517     0.301395
9518    -0.392309
9519     0.128474
9520     0.049951
9521    -0.349148
9522    -0.766463
9523     0.430220
9524    -0.001388
9525    -0.693092
9526    -0.171734
9527    -0.506397
9528    -0.612896
9529     0.360589
9530     0.307921
9531     2.091464
9532    -0.371241
9533    -0.522088
9534    -0.292566
9535     0.591720
9536    -0.503154
9537     4.077400
9538     0.194551
9539     1.536958
9540     0.122080
9541    -0.151487
9542    -0.748682
9543    -0.811079
9544    -0.427222
9545    -0.154709
9546     0.699569
9547    -0.258465
9548     0.364237
9549     0.256910
9550    -0.774645
9551     0.644629
9552    -0.986222
9553    -0.278248
9554     0.029193
9555    -0.170108
9556    -0.486305
9557    -0.758109
9558    -1.667572
9559     0.380633
9560     0.523212
9561    -1.567026
9562    -0.680238
9563     0.244219
9564     0.185553
9565     0.317713
9566    -0.493142
9567     1.910329
9568     1.857371
9569     1.174325
9570    -3.216352
9571     0.090557
9572    -0.079414
9573    -1.288385
9574     0.332274
9575     0.097432
9576     0.048073
9577    -0.247623
9578    -0.410588
9579     0.692070
9580    -0.390968
9581     0.201519
9582    -1.110866
9583     0.295104
9584     0.565384
9585    -0.060303
9586    -0.593966
9587     0.014607
9588     0.297871
9589    -0.150907
9590    -0.697768
9591     2.359092
9592    -0.919203
9593    -0.221029
9594     1.061058
9595     2.251475
9596    -0.452359
9597     3.484819
9598    -0.165851
9599     0.157044
9600    -0.117431
9601     0.477616
9602     0.041442
9603    -1.405292
9604     0.046267
9605     0.659127
9606     0.923469
9607    -0.119760
9608     0.067841
9609    -1.658315
9610    -0.950101
9611     0.950649
9612    -2.005186
9613    -0.199949
9614     0.467023
9615     0.288105
9616     0.399898
9617     0.351017
9618    -0.624873
9619     0.090999
9620     0.792887
9621    -1.402717
9622    -0.526433
9623     0.562082
9624     0.513957
9625    -0.366691
9626    -1.751739
9627     2.359577
9628    -0.669479
9629    -1.055002
9630    -0.683549
9631     0.124419
9632     0.372024
9633    -1.132183
9634     0.020570
9635     0.183666
9636     0.336161
9637     0.369019
9638    -0.010011
9639    -0.133890
9640    -0.236962
9641     0.517819
9642    -1.472369
9643    -0.464324
9644     0.104574
9645     0.195558
9646    -0.747422
9647     0.280281
9648     0.566054
9649     0.682275
9650    -1.034849
9651     2.024129
9652    -0.474684
9653     0.407462
9654     0.692837
9655     3.266456
9656    -1.940094
9657     2.155076
9658    -0.721715
9659     0.033801
9660     0.463452
9661     0.436960
9662    -0.528012
9663    -2.130059
9664    -0.372011
9665     0.276586
9666     0.865265
9667     0.407197
9668     0.579322
9669    -0.907510
9670     0.225971
9671    -0.586793
9672    -0.128436
9673    -0.108131
9674     0.531732
9675     0.721639
9676     0.459331
9677     0.201746
9678    -1.204394
9679     0.219660
9680     0.355101
9681    -1.554098
9682    -0.476302
9683     0.310193
9684     1.458005
9685    -0.993304
9686    -0.794900
9687     2.066529
9688    -0.901727
9689     0.040704
9690    -1.521920
9691     0.027520
9692     0.121928
9693    -1.517946
9694    -0.099863
9695    -0.086545
9696     0.528654
9697     0.098687
9698    -0.182803
9699    -0.246357
9700     0.153358
9701     1.067342
9702    -1.050797
9703    -0.491584
9704    -0.042618
9705     0.497653
9706    -0.751686
9707     0.041067
9708     1.467222
9709    -0.337238
9710    -0.836716
9711    -1.188804
9712    -0.701974
9713     0.005233
9714     1.003551
9715     3.785385
9716    -0.462007
9717     1.292254
9718    -0.580248
9719    -0.010561
9720     1.549550
9721    -0.183049
9722    -0.087935
9723    -0.549017
9724    -0.269732
9725    -0.177955
9726     0.050569
9727    -0.679066
9728    -0.178153
9729     0.696544
9730     0.536518
9731     0.293334
9732    -0.495519
9733     0.203322
9734     0.292016
9735    -0.236594
9736    -0.109812
9737    -0.437226
9738    -0.595164
9739    -0.798406
9740     0.757549
9741     0.361490
9742    -0.068565
9743     0.276375
9744     0.304421
9745     0.257842
9746    -0.760057
9747    -0.009889
9748    -1.801333
9749     0.408023
9750    -0.478307
9751    -0.609642
9752     0.892325
9753     0.102204
9754     0.137023
9755    -0.089246
9756     0.085504
9757    -0.015035
9758    -0.562798
9759    -0.588217
9760    -0.422548
9761     0.788243
9762    -0.286720
9763    -0.097246
9764     0.017644
9765    -0.393346
9766    -0.430643
9767    -0.666576
9768    -0.004517
9769     0.107162
9770     0.342729
9771    -1.013693
9772    -0.641793
9773    -0.567434
9774     0.024914
9775     5.019334
9776    -0.236228
9777     2.937287
9778    -0.134332
9779    -0.304629
9780     0.088051
9781     0.106273
9782     0.157879
9783    -0.259663
9784    -0.371832
9785     1.340080
9786    -0.475073
9787    -0.757963
9788    -3.049891
9789     1.188289
9790     0.323511
9791    -2.585562
9792     0.305722
9793     0.115395
9794     1.039546
9795    -0.404543
9796     0.488088
9797     0.146172
9798    -0.024795
9799    -0.735654
9800     1.397537
9801     0.170528
9802    -0.398266
9803     0.306945
9804    -0.104768
9805     0.341680
9806    -0.274689
9807    -0.018268
9808     0.035382
9809     1.109440
9810     1.352367
9811    -0.372610
9812     1.167425
9813     0.083138
9814     0.192922
9815     0.896765
9816    -0.278494
9817     0.440853
9818     0.727719
9819    -0.423182
9820    -0.387169
9821    -2.337473
9822     0.564996
9823    -0.057867
9824     0.335764
9825    -0.519428
9826    -0.364118
9827     0.348678
9828    -0.317603
9829     0.592835
9830     0.369332
9831    -0.290240
9832    -0.511095
9833     0.613224
9834    -0.271005
9835     1.397167
9836    -2.865562
9837    -0.178662
9838    -0.077532
9839     1.156671
9840    -0.099317
9841    -0.137854
9842    -0.253948
9843     0.272262
9844    -0.721270
9845    -0.308765
9846     0.123733
9847    -0.117103
9848     0.781447
9849    -0.351543
9850     0.212700
9851     0.601366
9852     0.345847
9853     0.163902
9854     0.756869
9855    -0.647040
9856     0.502351
9857    -0.070046
9858     0.959449
9859    -0.785302
9860    -0.880629
9861     0.102879
9862    -0.255420
9863    -0.012694
9864    -0.683118
9865     0.599112
9866     0.214728
9867    -0.842331
9868     0.453273
9869     2.216432
9870    -0.538584
9871    -0.474634
9872    -0.232238
9873     0.955332
9874     0.513496
9875     0.390534
9876    -0.613452
9877     0.048623
9878    -0.642011
9879     0.995326
9880    -0.761784
9881     0.566343
9882     0.675414
9883     0.183421
9884     0.208381
9885    -1.140475
9886    -0.474049
9887    -0.465209
9888    -0.526142
9889     0.842905
9890    -0.334063
9891    -0.170458
9892    -1.028524
9893    -2.232291
9894     0.850664
9895     1.696262
9896    -0.828449
9897    -0.379720
9898    -0.460106
9899     0.524244
9900     0.611955
9901    -0.721578
9902     0.023511
9903    -0.506647
9904    -0.103845
9905    -0.364963
9906     0.627377
9907    -0.376948
9908    -1.123380
9909     0.974349
9910     0.639906
9911     1.077227
9912     0.772167
9913     0.230480
9914     0.241392
9915     0.080426
9916     0.119481
9917    -1.570132
9918     1.444325
9919    -1.088999
9920    -0.647369
9921    -0.598621
9922    -0.562223
9923     0.614640
9924    -1.179859
9925     0.018761
9926    -1.227764
9927    -0.554519
9928    -0.417187
9929     0.900955
9930    -0.063784
9931    -0.106711
9932     1.036825
9933     0.000643
9934     0.140076
9935    -0.190244
9936    -0.732159
9937     0.177792
9938     0.341167
9939     0.657457
9940    -0.429025
9941     1.028331
9942     0.861137
9943     0.246701
9944     0.033585
9945    -1.258167
9946    -0.570270
9947    -0.589014
9948    -0.699229
9949     0.961068
9950    -0.582874
9951     0.133685
9952    -0.299578
9953     0.074797
9954    -0.898250
9955     2.509660
9956    -0.003067
9957     0.454271
9958    -0.367563
9959     0.926377
9960     0.485397
9961    -0.785028
9962    -0.332286
9963     0.189189
9964     0.052944
9965     1.603427
9966     0.859151
9967     0.046053
9968     0.966265
9969     0.121250
9970     0.189605
9971     0.485337
9972     1.147313
9973     0.085561
9974     0.687452
9975     0.581215
9976     0.046032
9977    -0.598895
9978     1.099662
9979    -0.740830
9980     0.698732
9981    -0.496431
9982    -0.915686
9983    -1.608302
9984    -0.045146
9985     0.279827
9986     0.235257
9987    -1.405921
9988     0.706342
9989     0.058386
9990    -4.019889
9991    -0.174532
9992    -0.200682
9993     0.234123
9994     0.044231
9995    -1.277363
9996    -0.251031
9997    -0.278625
9998    -1.180953
9999     0.841584
10000    -0.017265
10001    -1.402540
10002    -0.093404
10003     0.125633
10004    -0.264357
10005    -0.573280
10006    -0.177102
10007     0.135413
10008    -0.875686
10009     0.718752
10010    -0.600227
10011     0.207405
10012    -0.392973
10013     0.185342
10014     0.543892
10015     1.410764
10016     1.051490
10017     1.863785
10018    -0.223703
10019     1.358502
10020     0.072221
10021    -2.113798
10022    -0.952133
10023    -0.036268
10024     0.666269
10025     1.187238
10026     0.763459
10027     0.656741
10028     1.175121
10029    -0.412688
10030    -1.178093
10031    -0.413822
10032     0.620101
10033     0.140746
10034     0.722707
10035     0.011084
10036     0.818140
10037     0.124432
10038     0.677674
10039    -0.394763
10040     0.759306
10041    -0.602044
10042     1.505684
10043     0.427205
10044    -0.010408
10045     0.868709
10046     0.297698
10047    -0.269532
10048    -2.083396
10049    -2.597554
10050    -0.763470
10051    -1.245659
10052    -0.967846
10053     0.727955
10054    -1.493141
10055    -1.503101
10056    -0.333938
10057     2.009539
10058     0.478931
10059     0.525668
10060    -1.661309
10061    -1.737318
10062    -1.002555
10063    -0.624869
10064    -0.978666
10065     0.340597
10066     0.852517
10067     0.494652
10068    -0.495545
10069     1.639430
10070     0.423351
10071    -0.065320
10072     0.588569
10073     0.766925
10074     0.254514
10075     1.090261
10076     1.191136
10077     0.271061
10078    -0.041577
10079     1.101737
10080    -0.200346
10081    -1.143044
10082    -1.447254
10083     0.917107
10084     0.214052
10085     0.869053
10086     0.173994
10087     0.344970
10088     1.379044
10089    -0.302518
10090    -0.530191
10091     0.710343
10092    -1.039078
10093     0.182138
10094    -1.830214
10095     1.524080
10096     0.536726
10097     1.289344
10098     0.249409
10099    -0.560081
10100    -0.632154
10101    -1.548015
10102     0.291569
10103    -0.569409
10104    -0.649710
10105     0.676680
10106     0.779499
10107     1.260003
10108    -0.796761
10109     0.257665
10110    -0.133148
10111    -0.670656
10112     0.180220
10113    -0.631927
10114    -1.017720
10115    -1.865910
10116    -1.087106
10117     1.032522
10118     1.122481
10119     0.692099
10120    -0.952118
10121    -0.726800
10122    -1.158065
10123     0.031219
10124     1.140780
10125    -0.248808
10126     0.617959
10127     1.534219
10128    -0.026604
10129     1.016911
10130    -0.108872
10131     1.542971
10132    -0.023817
10133    -2.492474
10134    -1.240534
10135     1.137491
10136     0.523108
10137     2.777178
10138    -0.387850
10139    -0.112671
10140    -1.071329
10141    -0.188954
10142    -0.399249
10143    -0.495380
10144    -0.146680
10145     0.427720
10146     0.529961
10147     1.031640
10148     0.837506
10149     0.822177
10150    -0.693754
10151     0.435871
10152    -0.514991
10153    -0.287549
10154    -0.915085
10155     0.022377
10156     0.882134
10157     1.058615
10158     0.454546
10159    -2.463359
10160    -1.344181
10161    -1.458564
10162    -0.579818
10163    -0.392683
10164    -2.835186
10165     0.888431
10166     0.992547
10167     0.276744
10168     1.263438
10169    -0.155072
10170     1.455322
10171    -1.230135
10172    -0.625197
10173     0.791426
10174    -1.171555
10175    -1.150895
10176    -0.830468
10177     0.422965
10178     0.499307
10179     1.286961
10180    -0.735672
10181    -0.165848
10182    -1.297598
10183     1.583835
10184     0.574280
10185     1.063825
10186     1.101754
10187     1.165701
10188     0.451630
10189     0.814764
10190    -0.018159
10191     1.468838
10192    -0.529813
10193    -1.611536
10194    -0.642691
10195     1.303461
10196     0.803892
10197     1.138204
10198    -1.265131
10199    -0.017534
10200    -1.687132
10201     0.000222
10202    -0.077550
10203     0.293857
10204    -0.055108
10205     0.000408
10206     0.987731
10207    -0.145773
10208     0.747049
10209    -1.392871
10210    -0.419009
10211     0.258482
10212     0.259568
10213     0.535152
10214    -0.907725
10215     1.181682
10216     0.989422
10217     1.288454
10218     1.197127
10219    -0.231074
10220    -2.634720
10221     0.024640
10222     1.494712
10223     0.990417
10224    -0.809313
10225     0.489526
10226     0.617319
10227     0.505646
10228     0.195323
10229     0.890203
10230    -0.027266
10231    -1.756400
10232    -1.285290
10233    -2.256898
10234    -1.153684
10235     0.684306
10236    -0.950814
10237     0.137419
10238     0.486651
10239     1.339511
10240    -1.220796
10241    -0.726787
10242    -1.665419
10243     0.607988
10244     0.456329
10245     0.218171
10246     0.399096
10247     0.178951
10248    -0.015364
10249     0.460287
10250     0.415536
10251     1.444135
10252    -1.314383
10253    -1.229143
10254    -1.596201
10255     1.976887
10256     0.488811
10257     2.200808
10258    -0.989808
10259    -0.641701
10260    -0.938727
10261     0.535297
10262     0.234814
10263     0.393522
10264    -0.374689
10265     0.466256
10266     1.237251
10267    -1.827580
10268    -0.014120
10269    -0.851580
10270    -0.334310
10271     0.344948
10272     0.577066
10273     1.529872
10274     0.405015
10275     0.487743
10276     0.483412
10277     0.272865
10278     0.997790
10279     0.108075
10280     0.622156
10281    -0.470032
10282     0.635754
10283     0.251975
10284    -0.277075
10285     1.006355
10286     0.339219
10287     0.338127
10288    -0.727920
10289    -0.938279
10290    -0.601345
10291    -2.777992
10292    -2.174116
10293    -1.921358
10294    -0.151220
10295     0.801420
10296    -0.634766
10297     0.998331
10298     0.493255
10299     0.809335
10300    -1.573472
10301    -0.902183
10302    -0.832103
10303    -0.062897
10304    -0.186548
10305     0.478556
10306     0.798952
10307     0.551345
10308     0.201560
10309     1.306438
10310     0.397597
10311     0.828843
10312    -2.130886
10313    -2.181165
10314    -1.413893
10315     2.557895
10316     0.879611
10317     1.278461
10318     0.000586
10319     0.335935
10320    -0.626098
10321     0.607988
10322     0.976673
10323    -0.691366
10324    -0.457000
10325     0.333025
10326     0.359772
10327    -1.746838
10328    -0.490524
10329    -0.225280
10330    -0.157378
10331     0.695640
10332    -0.199599
10333     1.852402
10334     0.948291
10335    -0.096523
10336     0.620055
10337     0.524512
10338     0.245038
10339     0.304259
10340     1.064302
10341    -1.099881
10342    -0.729124
10343    -1.583992
10344     0.307340
10345     1.384726
10346     0.654675
10347     0.179793
10348    -0.736258
10349    -1.150220
10350     1.092301
10351    -2.587738
10352    -1.855785
10353    -0.534199
10354     0.144213
10355     0.704937
10356    -0.438890
10357     1.072400
10358     0.107226
10359     0.520417
10360    -1.273783
10361    -0.360552
10362     0.424199
10363     0.314209
10364     0.473692
10365     0.068821
10366    -1.275631
10367    -1.377795
10368     0.272703
10369     1.610172
10370     0.588359
10371     0.366591
10372    -2.012331
10373    -2.305700
10374    -0.195335
10375     2.621644
10376     1.293158
10377     0.250853
10378     0.444013
10379     0.760077
10380    -0.606755
10381     0.574811
10382     0.856267
10383     1.068560
10384    -0.439314
10385     0.348376
10386    -0.053025
10387    -0.957439
10388    -0.281497
10389    -0.740295
10390    -1.518865
10391     0.342273
10392    -0.137109
10393     1.385761
10394     0.620565
10395     1.062056
10396    -0.115616
10397     0.108446
10398     0.414917
10399    -0.512342
10400     0.794587
10401    -0.693942
10402    -0.270013
10403    -1.822829
10404    -0.996246
10405     0.405769
10406     0.312395
10407     0.658222
10408     1.645938
10409     0.471072
10410     0.952626
10411    -1.511268
10412    -1.102364
10413    -1.478069
10414    -0.403769
10415     0.311390
10416     0.206098
10417    -0.350458
10418    -0.271840
10419     0.613347
10420    -1.027164
10421    -0.429401
10422     0.142956
10423    -0.670890
10424     0.148940
10425     0.039709
10426    -0.545279
10427    -1.283669
10428    -0.872392
10429     1.162256
10430     0.097880
10431     1.147208
10432    -0.392272
10433    -1.699655
10434    -0.615038
10435     4.385191
10436     2.132539
10437    -0.747871
10438    -0.845036
10439     0.346527
10440     0.028288
10441     0.374120
10442     0.918662
10443    -1.025520
10444     0.128567
10445     0.069966
10446     0.792607
10447    -0.684029
10448    -0.249523
10449    -0.446420
10450    -1.714657
10451     0.460531
10452    -0.118094
10453     2.518015
10454     0.971613
10455    -0.476106
10456     0.866308
10457     0.689854
10458     0.032554
10459    -0.768074
10460    -0.326499
10461    -1.243382
10462     0.533093
10463     0.536262
10464     0.584275
10465     1.333673
10466     1.105423
10467    -0.649239
10468    -0.575787
10469    -2.047026
10470    -2.089576
10471    -1.694276
10472    -1.194159
10473    -0.224419
10474    -0.340111
10475    -0.101145
10476    -0.775261
10477     0.344307
10478    -0.248935
10479     0.564610
10480    -1.431269
10481    -1.772813
10482    -0.063899
10483    -0.343098
10484     0.118557
10485    -0.295319
10486     0.123585
10487     1.173055
10488     1.127546
10489     2.758421
10490    -0.321320
10491     0.874148
10492     0.367493
10493     1.046532
10494     0.847684
10495    -1.316532
10496    -1.246508
10497     1.506574
10498    -0.479750
10499     0.417472
10500     1.077237
10501    -0.247338
10502     0.531628
10503    -0.072823
10504     1.181299
10505     0.560416
10506    -0.038330
10507    -0.046444
10508    -0.170271
10509    -1.310006
10510    -0.398363
10511     1.339824
10512    -1.245839
10513    -0.047438
10514     0.588388
10515     0.530840
10516    -1.789054
10517     0.286078
10518     0.594526
10519     0.032974
10520    -0.576652
10521    -1.292899
10522    -0.110920
10523     0.515391
10524     0.123527
10525    -0.438274
10526     0.696361
10527    -0.026090
10528    -0.539148
10529    -2.863749
10530    -2.426717
10531    -0.339182
10532    -0.801334
10533    -1.412014
10534     1.390918
10535     0.005758
10536    -0.143357
10537    -1.426540
10538    -1.004622
10539     0.776464
10540     0.997381
10541    -1.426087
10542     0.107094
10543     1.422431
10544     0.462229
10545    -0.181945
10546     0.498097
10547     1.570589
10548     1.243127
10549    -0.847929
10550    -0.619629
10551     0.984084
10552     0.627381
10553     1.008516
10554     1.972684
10555    -1.178430
10556    -1.068527
10557     0.547116
10558     1.258577
10559     0.965693
10560     1.270557
10561    -0.270893
10562    -0.292582
10563     0.701862
10564     1.464401
10565     0.212930
10566     0.148420
10567     0.577318
10568     0.797803
10569     0.892755
10570    -0.319591
10571     1.170228
10572     0.636468
10573    -0.466429
10574    -0.587979
10575    -0.603127
10576    -2.260842
10577    -0.844915
10578     0.220718
10579     0.612915
10580     0.496777
10581     0.525615
10582    -0.112062
10583     0.676280
10584    -0.602833
10585    -0.539342
10586    -0.372035
10587    -0.178820
10588    -0.270369
10589    -0.386829
10590    -1.077850
10591    -0.038585
10592     0.368657
10593     0.010984
10594     1.862650
10595     0.437639
10596    -0.079853
10597    -1.950165
10598    -2.417112
10599    -0.822694
10600     1.447198
10601     1.417514
10602     0.635158
10603     1.808288
10604     0.247800
10605    -0.161192
10606     0.167747
10607     0.886114
10608     0.018896
10609    -1.964905
10610    -2.637422
10611    -1.492291
10612    -0.105583
10613     0.550835
10614    -0.522352
10615    -1.215136
10616    -0.754125
10617     0.723566
10618     1.573384
10619     1.030422
10620     1.026571
10621     0.688389
10622     0.526071
10623     0.907663
10624     0.398189
10625    -0.742898
10626    -0.565041
10627    -1.480879
10628     0.194535
10629    -0.450184
10630    -1.134962
10631     1.003949
10632     0.003247
10633     1.540926
10634     0.242321
10635     2.450805
10636    -1.328940
10637    -0.458490
10638     1.633957
10639     0.486065
10640     1.003588
10641    -0.739874
10642     0.605060
10643     0.748316
10644    -0.486040
10645     0.652134
10646     0.010101
10647     1.563698
10648     0.323862
10649    -1.098280
10650     1.993618
10651     0.599134
10652     0.768594
10653    -0.197662
10654     0.889737
10655    -0.470811
10656    -0.815846
10657    -1.455250
10658    -2.277876
10659    -0.774799
10660    -1.133456
10661     0.519718
10662    -0.689514
10663     0.737266
10664    -0.749493
10665    -0.948608
10666     0.279702
10667     0.814005
10668    -0.309665
10669    -1.094888
10670    -2.443355
10671    -0.776494
10672     0.304730
10673     0.520045
10674    -0.425855
10675    -0.616710
10676     0.455561
10677    -0.406947
10678     0.739893
10679     1.434400
10680    -0.966460
10681     0.585700
10682     0.398242
10683    -0.240575
10684     0.531402
10685     0.512318
10686    -0.116763
10687    -1.975510
10688    -1.455434
10689    -1.457261
10690    -1.199412
10691     1.045797
10692     0.461168
10693     1.110319
10694     0.532036
10695    -0.105168
10696    -1.553422
10697    -1.330286
10698     0.826427
10699     0.553357
10700     0.793752
10701    -0.461029
10702     0.719626
10703     0.907290
10704    -0.784517
10705     0.847431
10706     0.308128
10707     2.267546
10708     0.488490
10709     0.699605
10710     2.679323
10711     0.697865
10712     0.659414
10713    -0.192612
10714     1.025153
10715     0.374789
10716    -0.629183
10717    -1.233855
10718    -2.090608
10719     0.764907
10720    -1.294630
10721    -0.943668
10722    -0.157594
10723     0.980194
10724    -0.264719
10725    -0.119971
10726     0.354743
10727     0.551383
10728    -0.667154
10729    -0.923468
10730    -1.971751
10731     0.656936
10732     0.360814
10733     0.323238
10734    -0.621989
10735    -0.796958
10736     0.423369
10737    -1.643114
10738     0.722159
10739     0.527106
10740    -0.459376
10741    -0.018408
10742     0.384212
10743    -0.839066
10744     0.137594
10745    -0.121793
10746    -0.235031
10747     0.182669
10748    -0.231122
10749    -0.692226
10750    -0.086513
10751     0.498439
10752     2.011460
10753    -0.233369
10754     0.297392
10755    -1.021316
10756     0.406874
10757    -0.283878
10758     2.082121
10759     0.113601
10760     0.122668
10761    -0.765411
10762    -0.228123
10763     0.269689
10764    -1.546065
10765     0.225429
10766    -0.073136
10767     2.537454
10768    -0.455874
10769     0.821120
10770     2.934184
10771     0.105643
10772     0.660578
10773    -0.814909
10774    -0.130827
10775    -1.004734
10776    -1.011915
10777    -0.057317
10778     0.780957
10779     1.075075
10780     0.115847
10781     0.515043
10782    -0.083754
10783    -0.011947
10784     0.230541
10785    -1.195502
10786    -0.109445
10787     0.042151
10788    -1.204931
10789     0.432325
10790     0.482143
10791     1.122548
10792     0.485341
10793     0.350259
10794    -1.058340
10795    -1.037530
10796    -3.460673
10797    -0.611834
10798     0.164030
10799    -0.279858
10800    -0.682542
10801    -0.132254
10802    -0.874975
10803     0.265095
10804    -0.180730
10805    -0.109151
10806     0.137114
10807     0.339269
10808    -0.467189
10809     1.254502
10810     0.027404
10811     0.103081
10812     1.056226
10813    -0.490333
10814    -0.729235
10815     0.596127
10816     0.463990
10817     0.469707
10818    -0.418115
10819     0.456148
10820     2.183007
10821    -0.992337
10822    -0.328965
10823    -0.168343
10824     0.860778
10825    -0.035693
10826    -1.528856
10827     0.391248
10828    -1.085376
10829     0.677422
10830     0.907022
10831     0.216303
10832     1.326547
10833    -0.538382
10834     0.094364
10835     0.313717
10836    -0.148715
10837    -0.310571
10838    -0.323667
10839    -1.235093
10840     0.551261
10841     2.078371
10842    -1.235444
10843    -0.115396
10844    -0.006273
10845     0.254043
10846    -0.230932
10847    -1.248252
10848     1.077291
10849     0.704199
10850    -0.040377
10851     0.360176
10852     0.309084
10853    -1.300778
10854     0.445332
10855    -0.422438
10856     0.044929
10857    -3.570356
10858     0.170665
10859    -0.399685
10860     0.533486
10861    -0.292748
10862    -0.423806
10863     0.036132
10864    -0.458580
10865    -0.265707
10866     0.272298
10867     1.341951
10868    -0.122728
10869     1.581938
10870     0.730291
10871    -0.686604
10872     0.878696
10873    -0.430478
10874     0.617090
10875     0.604481
10876     0.260887
10877    -0.239268
10878    -0.217911
10879     0.603191
10880    -0.936688
10881    -1.426190
10882    -0.115444
10883    -0.778703
10884     0.580497
10885    -0.356870
10886     0.118874
10887     0.393074
10888    -3.291620
10889     3.185910
10890     0.248997
10891     0.468177
10892    -1.361685
10893    -1.125501
10894     0.109143
10895    -0.226919
10896     0.113348
10897     0.147724
10898     0.793021
10899    -0.435726
10900     1.113883
10901    -0.067129
10902    -1.282122
10903    -0.461369
10904    -0.890384
10905     0.150049
10906     0.027616
10907    -0.321090
10908     0.892413
10909     0.185662
10910    -0.196028
10911     0.370889
10912     0.524487
10913     0.032072
10914     0.926265
10915     0.279457
10916     1.509246
10917    -2.808319
10918    -0.385357
10919     0.260525
10920     0.246692
10921    -0.131502
10922     0.222131
10923    -0.127789
10924    -0.501603
10925     0.341330
10926     0.102681
10927     1.241641
10928    -0.859163
10929     1.228852
10930     0.982111
10931    -1.802775
10932     0.888306
10933    -0.662632
10934     0.182035
10935    -0.095609
10936    -0.327140
10937     0.583677
10938    -0.876237
10939     1.587527
10940    -1.329987
10941     0.430560
10942    -0.330327
10943     1.300102
10944    -0.047091
10945    -0.502357
10946    -0.253611
10947    -0.020971
10948    -2.293692
10949     3.348344
10950     0.130912
10951     1.569297
10952    -1.651307
10953     1.009218
10954    -0.107571
10955     0.915328
10956    -0.297436
10957    -0.226240
10958    -0.012868
10959    -0.573745
10960     1.833359
10961    -1.072852
10962     0.567125
10963    -0.523598
10964     0.607358
10965    -0.133547
10966    -0.705591
10967     0.953857
10968    -0.416697
10969    -0.236054
10970     0.437312
10971    -0.124416
10972    -0.494644
10973     0.366145
10974    -0.453410
10975     0.706597
10976    -2.533907
10977    -0.570991
10978    -0.877580
10979     0.258850
10980    -0.619715
10981     1.041827
10982     1.209358
10983     0.728054
10984    -0.498740
10985     1.013799
10986     0.520279
10987    -0.059061
10988    -0.627508
10989     0.744661
10990    -0.635777
10991    -1.074525
10992     0.641603
10993     0.457144
10994     1.236836
10995     0.761320
10996     0.026446
10997     1.319449
10998    -0.134439
10999     0.202930
11000    -1.175462
11001     0.066315
11002    -0.883907
11003     1.098398
11004    -0.209157
11005     0.303217
11006    -0.709541
11007    -0.135021
11008    -2.285338
11009     1.382043
11010    -0.705625
11011    -0.016604
11012    -1.285337
11013     0.569904
11014    -0.066870
11015     0.878049
11016    -0.239205
11017     0.131971
11018    -0.597873
11019    -0.685297
11020     0.725163
11021    -1.021577
11022     0.235599
11023    -0.094653
11024     0.949176
11025     0.177413
11026    -1.277019
11027    -1.676388
11028    -1.974164
11029     0.036203
11030    -0.275126
11031    -0.326273
11032    -0.468619
11033     1.030171
11034     0.033951
11035     3.196161
11036    -2.919775
11037    -0.406798
11038     0.165529
11039     1.245836
11040     0.336880
11041    -0.006440
11042     0.480657
11043     0.125304
11044    -0.426338
11045     0.816722
11046     0.434343
11047     0.009410
11048     1.228025
11049    -0.226526
11050    -0.407150
11051     1.250713
11052    -0.283771
11053    -0.299221
11054     0.834709
11055     0.144083
11056    -0.292774
11057     1.040736
11058    -0.431617
11059    -0.259204
11060    -0.401393
11061    -1.180987
11062     0.037813
11063     1.023377
11064     0.693809
11065    -0.007532
11066    -0.698627
11067    -0.612748
11068    -0.913216
11069     1.107351
11070     0.539640
11071     0.205557
11072     0.993539
11073    -0.410972
11074     0.440784
11075     1.101018
11076    -0.110330
11077     0.092450
11078    -0.670179
11079    -0.665099
11080     1.185628
11081    -2.122597
11082     1.199931
11083    -0.268245
11084     0.431644
11085     0.103013
11086     0.876715
11087    -2.426311
11088     0.856082
11089    -0.115245
11090    -0.573469
11091    -0.271635
11092     0.202892
11093     0.800675
11094     0.789622
11095     0.070098
11096    -5.057465
11097    -0.883333
11098    -0.125983
11099     0.840877
11100     0.191191
11101     1.692702
11102     0.702675
11103     1.261204
11104    -0.157184
11105     1.078432
11106     0.170247
11107    -1.034908
11108     0.830064
11109    -0.678263
11110    -1.199918
11111     0.400862
11112    -0.704667
11113     1.081059
11114     0.814073
11115     0.833972
11116    -0.044465
11117    -0.395658
11118    -0.342212
11119    -2.091777
11120    -0.102571
11121    -1.545615
11122     0.438304
11123     0.418248
11124     0.511207
11125    -0.326329
11126     1.212921
11127    -0.445042
11128     0.496515
11129     0.465517
11130     0.706219
11131    -1.042528
11132     0.720845
11133    -0.809836
11134    -0.172078
11135    -0.297933
11136    -0.588725
11137    -0.632707
11138    -1.743394
11139    -0.800906
11140    -0.973497
11141     0.486926
11142     0.160360
11143     0.468172
11144     0.194450
11145     0.161393
11146     0.158388
11147    -0.291306
11148     0.171700
11149    -0.119212
11150    -0.533598
11151    -0.490075
11152     1.364185
11153     0.549410
11154     1.100993
11155     1.767937
11156    -4.666434
11157     1.229709
11158     0.327343
11159     0.156468
11160     0.098336
11161     0.043966
11162     1.123809
11163     0.478524
11164     1.249111
11165     0.050630
11166     1.379972
11167    -0.990997
11168     0.455634
11169    -0.963803
11170     0.425918
11171    -0.096062
11172    -0.844576
11173    -1.113098
11174     1.870910
11175    -0.151822
11176     1.940407
11177    -0.790664
11178     2.786717
11179    -0.741444
11180    -0.437502
11181    -1.866923
11182    -0.794277
11183     1.021786
11184    -0.839429
11185    -0.306813
11186     0.626114
11187    -0.004441
11188     0.524268
11189    -0.129302
11190     1.056500
11191    -0.905843
11192     0.405202
11193    -1.141869
11194     0.893060
11195    -0.942890
11196     0.538893
11197    -0.084792
11198    -1.727527
11199    -1.208339
11200    -0.464941
11201     0.137508
11202    -0.296663
11203    -0.728548
11204     0.200317
11205     0.208648
11206     1.324563
11207    -0.823122
11208     0.367553
11209     1.853407
11210    -1.133182
11211     1.742804
11212    -0.792843
11213     1.678583
11214    -0.125009
11215    -0.416654
11216    -1.965981
11217    -0.570975
11218    -0.914451
11219     0.475740
11220    -0.545762
11221     0.491312
11222     0.135148
11223    -0.708065
11224     0.403397
11225     0.393178
11226     1.251540
11227    -0.733475
11228     2.132087
11229     0.745637
11230     0.848191
11231     0.553342
11232    -0.287378
11233     0.815240
11234     1.129297
11235    -0.441496
11236     0.069209
11237     0.838738
11238     1.321486
11239     0.711031
11240    -0.199911
11241    -0.961694
11242     1.235962
11243     0.157390
11244    -1.084271
11245     0.013033
11246    -0.047531
11247    -0.266010
11248    -1.053364
11249     0.181853
11250     1.144273
11251     0.678405
11252     0.546475
11253    -0.220932
11254    -0.952625
11255    -0.502036
11256    -0.519316
11257    -1.351638
11258    -1.577341
11259    -1.150637
11260     0.156324
11261    -1.168844
11262    -0.250703
11263    -0.189556
11264    -1.644562
11265     0.742934
11266     0.787044
11267     0.060109
11268     0.772626
11269     0.206440
11270     0.538689
11271     1.855997
11272     1.145309
11273     0.813497
11274    -0.481576
11275    -3.598914
11276    -2.087185
11277    -1.591857
11278     0.318675
11279    -0.252393
11280     0.129443
11281    -0.049626
11282    -0.025330
11283    -0.662198
11284     3.176791
11285     0.918105
11286    -0.591012
11287     0.104063
11288     1.522006
11289    -0.296717
11290    -1.057525
11291     0.320415
11292     0.562673
11293     1.085420
11294     0.704574
11295    -0.617694
11296     0.156253
11297     0.241280
11298     1.150580
11299    -0.291985
11300    -0.526196
11301     0.732727
11302     1.145769
11303    -0.146816
11304    -0.453943
11305     0.006201
11306    -0.459752
11307     0.620254
11308     0.277144
11309     0.085495
11310     0.527564
11311    -0.158003
11312     0.168059
11313     0.222587
11314    -0.374362
11315    -0.385982
11316    -0.769615
11317    -3.137092
11318    -1.084578
11319     1.856223
11320    -0.023080
11321    -1.001140
11322     0.264564
11323     1.185433
11324    -0.155965
11325    -1.775898
11326    -0.980861
11327     0.405343
11328    -0.103832
11329     0.280716
11330     0.691653
11331    -0.143313
11332     0.724208
11333     0.359100
11334    -0.265482
11335    -2.888125
11336    -1.783893
11337     1.212314
11338     0.818660
11339     0.153623
11340    -1.469779
11341    -0.173214
11342    -0.282203
11343    -0.205981
11344     1.630527
11345    -1.166047
11346     0.704196
11347    -0.623902
11348    -0.143187
11349    -0.656212
11350    -0.639089
11351     0.444675
11352    -0.284709
11353    -0.298795
11354    -1.508379
11355    -0.417106
11356     0.293977
11357     0.833565
11358     2.313980
11359     0.485634
11360     0.503629
11361    -0.352043
11362     1.728239
11363     0.427411
11364    -0.343556
11365    -0.176529
11366    -0.359660
11367     1.655433
11368     0.973498
11369     0.612975
11370    -0.427028
11371     0.519316
11372     0.648305
11373    -0.748563
11374    -0.455835
11375    -1.098841
11376    -0.858863
11377    -2.699303
11378    -0.427485
11379     0.404633
11380     0.684088
11381     0.455528
11382     0.361132
11383    -0.072987
11384    -2.019631
11385    -0.988267
11386    -0.548726
11387     0.425695
11388    -1.301651
11389    -0.521441
11390     0.636303
11391     1.829013
11392     1.399437
11393     0.948070
11394    -0.726981
11395    -2.257304
11396     1.497449
11397     1.411331
11398     0.752407
11399    -0.428172
11400    -1.368760
11401    -1.069780
11402    -0.193429
11403    -0.311911
11404    -0.499682
11405    -1.028482
11406    -0.008737
11407     0.379733
11408     0.101129
11409    -0.596615
11410    -0.096103
11411    -0.363372
11412     0.293069
11413     1.093517
11414    -1.569231
11415    -0.435621
11416    -1.320917
11417     1.565750
11418     2.467036
11419     0.752438
11420    -0.617048
11421     0.227943
11422     0.389567
11423     0.215864
11424    -0.699951
11425    -1.661950
11426     1.348866
11427     0.835282
11428     0.972519
11429     0.167798
11430    -0.173491
11431     0.688889
11432    -0.296923
11433    -0.370184
11434     1.036102
11435    -0.766341
11436    -0.967658
11437     0.244699
11438     1.135624
11439    -0.000116
11440    -0.476241
11441     0.064934
11442     0.331071
11443     0.899904
11444    -0.725207
11445    -1.886777
11446     0.408284
11447    -0.491097
11448    -0.954412
11449    -1.689588
11450     0.417008
11451     2.448913
11452     0.960895
11453    -0.351331
11454    -0.382756
11455    -1.357941
11456     1.557002
11457     2.254767
11458     0.345654
11459    -0.171515
11460    -2.069852
11461    -1.528244
11462     1.078771
11463    -0.950167
11464    -0.431452
11465    -1.014040
11466    -1.189003
11467     0.534459
11468    -0.493678
11469    -0.297650
11470    -0.134496
11471    -0.320817
11472     0.123786
11473     0.344659
11474    -0.251185
11475    -0.440856
11476    -1.080362
11477     1.152114
11478     0.839936
11479     0.602977
11480    -0.608452
11481    -0.123785
11482     0.655023
11483    -0.554168
11484    -1.212180
11485    -1.654911
11486     1.440665
11487     0.032996
11488     0.741960
11489     0.027410
11490    -0.427152
11491     0.421470
11492    -0.219227
11493    -0.377420
11494     0.420960
11495     0.325222
11496    -0.131843
11497     1.027211
11498     0.364373
11499     3.601374
11500    -0.096664
11501    -0.650608
11502    -0.418440
11503     0.553091
11504    -0.334331
11505    -0.311534
11506     0.228992
11507    -0.352639
11508    -0.839401
11509    -1.876043
11510     1.659386
11511     0.406912
11512     0.724828
11513    -0.215261
11514    -0.834948
11515     0.354845
11516    -0.624293
11517     3.804554
11518     0.191695
11519    -0.409241
11520    -1.255178
11521    -2.175134
11522     0.310634
11523    -0.442656
11524    -0.869076
11525    -1.159201
11526    -0.923199
11527     1.234905
11528     0.061367
11529    -0.151870
11530     0.390829
11531     0.015585
11532    -0.220259
11533    -1.289709
11534    -0.941601
11535    -0.220128
11536    -0.710584
11537     0.690572
11538     2.037930
11539     0.960868
11540    -0.119778
11541    -0.766344
11542     1.356865
11543    -0.002451
11544    -0.943558
11545    -1.391685
11546     0.787063
11547     1.067949
11548     1.421610
11549     0.412779
11550    -0.198519
11551     0.731771
11552     0.086110
11553    -0.808405
11554    -0.462255
11555    -0.150499
11556     0.031595
11557     0.160738
11558     0.039101
11559     2.299527
11560     0.962365
11561     0.161738
11562    -0.747006
11563    -0.151205
11564    -0.544703
11565    -0.134068
11566     0.450824
11567    -0.156568
11568    -0.869799
11569    -2.681722
11570     0.803006
11571     0.675567
11572     0.840864
11573     0.069690
11574    -1.374286
11575     1.598810
11576     0.283336
11577     2.975373
11578    -0.379079
11579    -0.646181
11580    -1.287845
11581    -2.161257
11582    -0.256085
11583    -0.088499
11584    -0.719783
11585    -1.489357
11586    -0.805361
11587     0.759888
11588     0.782475
11589     0.013537
11590    -0.052480
11591    -0.197404
11592     0.176003
11593    -0.127675
11594    -1.664199
11595    -0.916204
11596    -1.544524
11597     1.351938
11598     2.317419
11599     0.427115
11600    -0.599572
11601    -0.255865
11602     0.947977
11603     0.160646
11604    -0.571496
11605    -1.756652
11606     0.970738
11607     1.363123
11608     1.025057
11609     0.861200
11610    -0.025150
11611     0.677674
11612     0.457315
11613    -0.726817
11614     0.137423
11615    -0.248912
11616    -0.329799
11617     0.896532
11618    -0.433465
11619     1.495462
11620     0.494845
11621     0.205803
11622    -0.363305
11623     0.331464
11624    -0.139024
11625    -0.493280
11626     0.518894
11627     0.111679
11628    -0.856453
11629    -2.688258
11630    -0.240168
11631     0.993265
11632     0.506844
11633    -0.439528
11634    -0.877095
11635     2.400826
11636     1.959978
11637     1.209319
11638    -0.073911
11639    -1.154056
11640    -1.258804
11641    -1.453773
11642     1.230927
11643    -0.225339
11644    -0.474652
11645    -0.940311
11646    -0.565859
11647     0.096344
11648    -0.611275
11649    -0.373610
11650    -0.490002
11651    -1.161737
11652    -0.088559
11653     0.879839
11654    -0.061035
11655    -0.328919
11656    -2.070160
11657     1.762485
11658     0.567510
11659    -0.022735
11660    -1.319434
11661    -0.386679
11662     0.440405
11663    -0.521750
11664    -0.691390
11665    -1.950802
11666     1.471246
11667     0.424028
11668     0.463135
11669    -0.299726
11670    -0.198655
11671     0.483948
11672    -0.651330
11673    -0.292312
11674     0.322481
11675     0.469250
11676    -0.206515
11677     1.325725
11678     0.139313
11679     1.999255
11680     0.136303
11681    -0.793697
11682    -0.263644
11683     0.538139
11684     0.508033
11685    -0.262179
11686     0.378295
11687    -0.547445
11688    -0.449543
11689    -2.129390
11690     0.987307
11691     0.614871
11692     0.001786
11693    -0.801200
11694    -1.117545
11695     3.185721
11696     1.808372
11697     2.466152
11698     0.339394
11699    -0.667991
11700    -0.621067
11701    -2.022600
11702     1.356577
11703    -0.051944
11704    -0.735867
11705    -0.505982
11706    -0.631623
11707     1.369744
11708    -0.865638
11709    -0.549626
11710     0.419889
11711    -1.090441
11712    -0.519386
11713    -0.459458
11714     0.432760
11715     0.341758
11716    -1.274851
11717     0.981689
11718     0.753102
11719     0.436936
11720    -0.986656
11721    -1.003063
11722     1.017068
11723    -0.696898
11724    -0.856834
11725    -1.539920
11726     1.164814
11727    -0.119188
11728     1.465530
11729    -0.618894
11730    -0.429115
11731     1.219963
11732    -0.877853
11733    -0.306632
11734    -0.161854
11735     0.303720
11736     0.443942
11737    -0.505822
11738     0.878641
11739     1.866874
11740     0.868344
11741    -0.927947
11742    -0.454459
11743     0.290620
11744     0.063790
11745     1.022317
11746     0.626343
11747    -0.658352
11748    -0.464754
11749    -2.833870
11750     1.631396
11751     0.248288
11752     0.707345
11753    -0.820217
11754    -1.272517
11755     1.584136
11756     1.351087
11757     2.590150
11758    -0.471677
11759    -0.115595
11760    -0.607289
11761    -1.924069
11762     0.458781
11763    -0.467970
11764    -0.576641
11765    -0.692361
11766    -0.669023
11767     1.498390
11768     0.225540
11769     0.022247
11770     0.746756
11771    -0.864307
11772    -1.006145
11773    -0.504477
11774    -0.332909
11775    -0.470294
11776    -1.506630
11777     1.559062
11778     2.018280
11779     0.259165
11780    -1.309826
11781    -1.006435
11782     1.173271
11783    -0.205015
11784    -0.591287
11785    -1.930832
11786     1.349220
11787     1.242066
11788     1.676727
11789     0.272360
11790    -0.143358
11791     1.590127
11792    -0.070202
11793    -0.481731
11794    -0.363814
11795     0.010280
11796     0.818763
11797    -0.779372
11798    -0.170544
11799     0.416520
11800     1.169532
11801    -0.344600
11802    -0.561197
11803     0.378075
11804     0.277705
11805     1.187979
11806     0.922212
11807    -0.523128
11808    -1.085156
11809    -3.240486
11810     0.635551
11811     0.590997
11812     0.576708
11813    -0.230688
11814    -0.376861
11815     1.492346
11816     0.780312
11817     1.461502
11818    -0.656987
11819    -0.825231
11820    -0.898897
11821    -1.503800
11822     0.297972
11823    -0.037381
11824    -0.842155
11825    -0.475624
11826    -0.212256
11827     0.119680
11828     0.146851
11829     0.128129
11830     3.247339
11831    -2.019692
11832    -4.043149
11833     0.007592
11834    -0.425476
11835    -0.023728
11836    -1.157337
11837     1.452442
11838     1.486828
11839     0.276979
11840    -0.823146
11841    -0.439021
11842     0.177687
11843    -0.233482
11844    -0.115102
11845    -1.551675
11846     1.103089
11847     1.077143
11848     0.360679
11849     0.143990
11850     0.078385
11851     0.391903
11852    -0.322994
11853    -0.034255
11854    -0.259509
11855     0.864855
11856     0.281411
11857     0.328640
11858    -0.391171
11859     0.521291
11860     0.385825
11861    -0.205068
11862    -0.133611
11863     0.371511
11864     1.133872
11865     0.449352
11866     0.960017
11867    -0.231605
11868    -0.542570
11869    -2.305442
11870     0.949884
11871     0.414663
11872     0.105663
11873    -0.872529
11874     0.207760
11875     1.412145
11876     0.512270
11877     1.287774
11878    -0.525740
11879    -0.604435
11880    -0.351663
11881    -1.105097
11882    -0.821979
11883    -0.514962
11884    -0.827446
11885    -0.081133
11886     0.308847
11887     0.014013
11888    -0.737342
11889    -0.520343
11890     5.095940
11891    -0.222134
11892    -1.836092
11893    -0.076307
11894     0.010954
11895     0.603434
11896    -1.121056
11897     0.526045
11898     0.623724
11899    -0.130617
11900    -0.745249
11901    -0.423684
11902     0.003837
11903    -0.955151
11904    -0.707387
11905    -1.359906
11906     0.166335
11907     0.609299
11908     0.089512
11909    -0.520236
11910    -0.533361
11911     0.093770
11912    -0.854272
11913    -0.804829
11914    -0.577624
11915     0.591443
11916     0.032920
11917     0.468832
11918     1.067908
11919     1.090826
11920     0.118899
11921    -0.825587
11922    -0.667468
11923     0.388030
11924     1.615701
11925     1.194555
11926     1.178796
11927     0.431322
11928     0.765169
11929    -1.934135
11930     1.141334
11931     0.905476
11932    -0.239104
11933    -1.015652
11934    -0.660043
11935     0.700264
11936     1.057164
11937     0.816776
11938    -0.780604
11939     0.170528
11940    -0.282859

